doc_id,case_number,doc_type,publication_date,source_url,file_path,pages,printed_total_by_class,status,strategy,layout_id,notes,extracted_at,extracted_by
462c279a5c5eeaf4bb4c22769b2ec486754c6a9e,3309791-31.2005.8.21.0001,AJ_LIST,2013-09-17,"https://scalzilliaj.com.br/sgc/download.php?file=files/processo_documento/falencia_documento11134908072022_1_.pdf&nome=05 - Edital do art. 7º, §2º da Lei 11.101/2005 (segunda lista de credores)",/home/user/Anteparo/data/pdfs/scalzilliaj.com.br/462c279a5c5eeaf4.pdf,1,[],OK_NO_TOTALS,PROSE,PROSE,prose_signal=0; fell back to PROSE; classIII=NO_ROWS,2026-09-03T23:18:38Z,ingest
b64759742011b8ac40d16ac7b6f332b337514ee6,0011283-80.2023.8.17.2001,UNKNOWN,2025-01-14,https://recuperacaojudicial.squarespace.com/s/0011283-8020238172001-1736865367684-401832-pub-edital-152739742.pdf,/home/user/Anteparo/data/pdfs/recuperacaojudicial.squarespace.com/b64759742011b8ac.pdf,5,[],OK_NO_TOTALS,TABLE,TABLE_BANDS,prose_signal=0; classIII=NO_ROWS,2026-09-03T23:18:38Z,ingest
787c09c8ff84c5c9aa94565be954172ecf5a9ee5,0720801-53.2008.8.21.0001,QGC,,https://scalzilliaj.com.br/sgc/download.php?file=files/processo_documento/falencia_documento11171208072022_1_.pdf&nome=10 - Edital do art. 18 da Lei 11.101/2005 (quadro geral de credores),/home/user/Anteparo/data/pdfs/scalzilliaj.com.br/787c09c8ff84c5c9.pdf,1,[],OK_NO_TOTALS,TABLE,TABLE_BANDS,prose_signal=0; classIII=NO_ROWS,2026-09-03T23:18:38Z,ingest
8874249418db7b6ad423fb2c384819f58b084aa8,0011283-80.2023.8.17.2001,UNKNOWN,2025-12-15,https://recuperacaojudicial.squarespace.com/s/RJ-Clube-Nautico-Lista-de-Credores-Consolidada-em-10122025.pdf,/home/user/Anteparo/data/pdfs/recuperacaojudicial.squarespace.com/8874249418db7b6a.pdf,23,"[{""class"": null, ""currency"": ""BRL"", ""total"": ""172532257.10"", ""count"": null, ""page"": 7, ""section"": 0}, {""class"": null, ""currency"": ""BRL"", ""total"": ""95163734.52"", ""count"": null, ""page"": 7, ""section"": 1}, {""class"": ""I"", ""currency"": ""BRL"", ""total"": ""138462621.12"", ""count"": null, ""page"": 8, ""section"": -1}, {""class"": ""I"", ""currency"": ""BRL"", ""total"": ""138462621.12"", ""count"": null, ""page"": 9, ""section"": -1}, {""class"": ""I"", ""currency"": ""BRL"", ""total"": ""138462621.12"", ""count"": null, ""page"": 10, ""section"": -1}, {""class"": ""I"", ""currency"": ""BRL"", ""total"": ""138462621.12"", ""count"": null, ""page"": 11, ""section"": -1}, {""class"": ""I"", ""currency"": ""BRL"", ""total"": ""138462621.12"", ""count"": null, ""page"": 12, ""section"": -1}, {""class"": ""I"", ""currency"": ""BRL"", ""total"": ""138462621.12"", ""count"": null, ""page"": 13, ""section"": -1}, {""class"": ""I"", ""currency"": ""BRL"", ""total"": ""138462621.12"", ""count"": null, ""page"": 14, ""section"": -1}, {""class"": ""I"", ""currency"": ""BRL"", ""total"": ""138462621.12"", ""count"": null, ""page"": 15, ""section"": -1}, {""class"": ""I"", ""currency"": ""BRL"", ""total"": ""138462621.12"", ""count"": null, ""page"": 16, ""section"": -1}, {""class"": ""I"", ""currency"": ""BRL"", ""total"": ""138462621.12"", ""count"": null, ""page"": 17, ""section"": -1}, {""class"": ""I"", ""currency"": ""BRL"", ""total"": ""138462621.12"", ""count"": null, ""page"": 18, ""section"": -1}, {""class"": ""I"", ""currency"": ""BRL"", ""total"": ""138462621.12"", ""count"": null, ""page"": 19, ""section"": -1}, {""class"": ""III"", ""currency"": ""BRL"", ""total"": ""31847055.04"", ""count"": null, ""page"": 20, ""section"": -1}, {""class"": ""III"", ""currency"": ""BRL"", ""total"": ""31847055.04"", ""count"": null, ""page"": 21, ""section"": -1}, {""class"": ""IV"", ""currency"": ""BRL"", ""total"": ""2222580.94"", ""count"": null, ""page"": 22, ""section"": -1}, {""class"": null, ""currency"": ""BRL"", ""total"": ""95163734.52"", ""count"": null, ""page"": 23, ""section"": -1}]",OK,TABLE,TABLE_RULED,prose_signal=0; classIII=PASS,2026-09-03T23:19:23Z,ingest
05170e9cb468466bb613995f17c936e27d80b41c,0600328-51.2014.8.24.0031,DEBTOR_LIST,2016-02-01,https://administradorajudicialgs.com.br/wp-content/uploads/2023/08/doc-05-publicacao-relacao-credores-22-04-16.pdf,/home/user/Anteparo/data/pdfs/administradorajudicialgs.com.br/05170e9cb468466b.pdf,4,"[{""class"": ""I"", ""currency"": ""BRL"", ""total"": null, ""count"": null, ""page"": 3, ""section"": 2}, {""class"": ""III"", ""currency"": ""BRL"", ""total"": null, ""count"": null, ""page"": 3, ""section"": 3}]",OK_NO_TOTALS,PROSE,PROSE,prose_signal=0; fell back to PROSE; classIII=NO_TOTAL,2026-09-03T23:19:23Z,ingest
d7b9727595c449a73c25d87042c59949a93438e4,5031539-94.2025.8.21.0022,UNKNOWN,,"https://scalzilliaj.com.br/sgc/download.php?file=files/processo_documento/processo_documento17400412062026_1_.pdf&nome=06. Relação de credores do art. 7, § 2",/home/user/Anteparo/data/pdfs/scalzilliaj.com.br/d7b9727595c449a7.pdf,1,[],NO_TEXT_LAYER,NONE,,NO_TEXT_LAYER: needs OCR; CASE_FROM_PAGE; classIII=NO_ROWS,2026-09-03T23:19:23Z,ingest
5e274422f357dd0f379911316ae57f39a8baebb4,0007565-40.2020.8.17.2370,QGC,2016-04-13,https://recuperacaojudicial.squarespace.com/s/RJ-Credimoveis-Publicaco-Edital-art-52-1-1-Lista-de-Credores.pdf,/home/user/Anteparo/data/pdfs/recuperacaojudicial.squarespace.com/5e274422f357dd0f.pdf,6,"[{""class"": ""I"", ""currency"": ""BRL"", ""total"": null, ""count"": 537, ""page"": 3, ""section"": 1}, {""class"": ""III"", ""currency"": ""BRL"", ""total"": null, ""count"": 110, ""page"": 3, ""section"": 2}, {""class"": ""IV"", ""currency"": ""BRL"", ""total"": null, ""count"": 12, ""page"": 3, ""section"": 3}, {""class"": ""I"", ""currency"": ""BRL"", ""total"": null, ""count"": 537, ""page"": 3, ""section"": 4}, {""class"": ""III"", ""currency"": ""BRL"", ""total"": null, ""count"": 110, ""page"": 5, ""section"": 5}, {""class"": ""IV"", ""currency"": ""BRL"", ""total"": null, ""count"": 12, ""page"": 6, ""section"": 6}]",OK,PROSE,PROSE,prose_signal=0; fell back to PROSE; classIII=PASS,2026-09-03T23:19:23Z,ingest
ad3f7bb689f88ceff66ba58589c4fab64693de84,5000298-02.2017.8.21.0049,AJ_LIST,,https://scalzilliaj.com.br/sgc/download.php?file=files/processo_documento/processo_documento15521717062026_1_.pdf&nome=07 - Segunda Lista de Credores,/home/user/Anteparo/data/pdfs/scalzilliaj.com.br/ad3f7bb689f88cef.pdf,1,[],OK_NO_TOTALS,PROSE,PROSE,prose_signal=0; fell back to PROSE; classIII=NO_ROWS,2026-09-03T23:19:23Z,ingest
9b7c6076f0b43c8e27042dfd21d3161fa3c7b35b,0311937-30.2016.8.24.0033,UNKNOWN,,https://administradorajudicialgs.com.br/wp-content/uploads/2023/08/doc-02-relacao-de-credores-1.pdf,/home/user/Anteparo/data/pdfs/administradorajudicialgs.com.br/9b7c6076f0b43c8e.pdf,53,[],OK_NO_TOTALS,TABLE,TABLE_RULED,prose_signal=0; CASE_FROM_PAGE; classIII=NO_ROWS,2026-09-03T23:19:23Z,ingest
1cc45d7d75e9a257a40003ed1cc459f38f0fe067,0000010-28.1988.8.24.0032,QGC,2020-10-14,https://scalzilliaj.com.br/sgc/download.php?file=files/processo_documento/processo_documento15570910062026_1_.pdf&nome=04. Quadro Geral de Credores provisório (29.04.2026),/home/user/Anteparo/data/pdfs/scalzilliaj.com.br/1cc45d7d75e9a257.pdf,13,[],OK_NO_TOTALS,TABLE,TABLE_RULED,prose_signal=0; CASE_FROM_PAGE; classIII=NO_ROWS,2026-09-03T23:19:43Z,ingest
c178292f19b3134a2eb16bff9088e00f111d4b72,0302174-63.2015.8.24.0025,UNKNOWN,,https://administradorajudicialgs.com.br/wp-content/uploads/2023/08/doc-02-relacao-de-credores-2.pdf,/home/user/Anteparo/data/pdfs/administradorajudicialgs.com.br/c178292f19b3134a.pdf,4,[],OK_NO_TOTALS,TABLE,TABLE_RULED,prose_signal=0; CASE_FROM_PAGE; classIII=NO_TOTAL,2026-09-03T23:19:43Z,ingest
849d4fe5adce792f073eb0cbe52a2f1d8075a473,0007565-40.2020.8.17.2370,QGC,2026-01-28,https://recuperacaojudicial.squarespace.com/s/RJ-Credimoveis-QGC-01082025.pdf,/home/user/Anteparo/data/pdfs/recuperacaojudicial.squarespace.com/849d4fe5adce792f.pdf,20,"[{""class"": ""I"", ""currency"": ""BRL"", ""total"": ""2541232.83"", ""count"": null, ""page"": 5, ""section"": 1}, {""class"": ""III"", ""currency"": ""BRL"", ""total"": ""39286305.82"", ""count"": null, ""page"": 5, ""section"": 2}, {""class"": ""IV"", ""currency"": ""BRL"", ""total"": ""1613545.09"", ""count"": null, ""page"": 5, ""section"": 3}, {""class"": ""IV"", ""currency"": ""BRL"", ""total"": ""43441083.74"", ""count"": null, ""page"": 5, ""section"": 3}, {""class"": null, ""currency"": ""BRL"", ""total"": ""36037683.22"", ""count"": null, ""page"": 5, ""section"": 4}, {""class"": ""I"", ""currency"": ""BRL"", ""total"": ""2541232.83"", ""count"": null, ""page"": 6, ""section"": -1}, {""class"": ""I"", ""currency"": ""BRL"", ""total"": ""2541232.83"", ""count"": null, ""page"": 7, ""section"": -1}, {""class"": ""I"", ""currency"": ""BRL"", ""total"": ""2541232.83"", ""count"": null, ""page"": 8, ""section"": -1}, {""class"": ""I"", ""currency"": ""BRL"", ""total"": ""2541232.83"", ""count"": null, ""page"": 9, ""section"": -1}, {""class"": ""I"", ""currency"": ""BRL"", ""total"": ""2541232.83"", ""count"": null, ""page"": 10, ""section"": -1}, {""class"": ""I"", ""currency"": ""BRL"", ""total"": ""2541232.83"", ""count"": null, ""page"": 11, ""section"": -1}, {""class"": ""I"", ""currency"": ""BRL"", ""total"": ""2541232.83"", ""count"": null, ""page"": 12, ""section"": -1}, {""class"": ""I"", ""currency"": ""BRL"", ""total"": ""2541232.83"", ""count"": null, ""page"": 13, ""section"": -1}, {""class"": ""I"", ""currency"": ""BRL"", ""total"": ""2541232.83"", ""count"": null, ""page"": 14, ""section"": -1}, {""class"": ""III"", ""currency"": ""BRL"", ""total"": ""39286305.82"", ""count"": null, ""page"": 15, ""section"": -1}, {""class"": ""III"", ""currency"": ""BRL"", ""total"": ""39286305.82"", ""count"": null, ""page"": 16, ""section"": -1}, {""class"": ""III"", ""currency"": ""BRL"", ""total"": ""39286305.82"", ""count"": null, ""page"": 17, ""section"": -1}, {""class"": ""IV"", ""currency"": ""BRL"", ""total"": ""1613545.09"", ""count"": null, ""page"": 18, ""section"": -1}, {""class"": null, ""currency"": ""BRL"", ""total"": ""21045440.30"", ""count"": null, ""page"": 19, ""section"": -1}, {""class"": null, ""currency"": ""BRL"", ""total"": ""14992242.92"", ""count"": null, ""page"": 20, ""section"": -1}]",OK,TABLE,TABLE_RULED,prose_signal=0; classIII=PASS,2026-09-03T23:19:43Z,ingest
206dfa70c8876fa9990d96bb18923b0ca6fd754d,0077403-37.2025.8.17.2001,AJ_LIST,2026-07-22,https://diligence.adm.br/wp-content/plugins/download-attachments/includes/download.php?id=6284,/home/user/Anteparo/data/pdfs/diligence.adm.br/206dfa70c8876fa9.pdf,5,"[{""class"": ""II"", ""currency"": ""BRL"", ""total"": ""5243244.64"", ""count"": 1, ""page"": 3, ""section"": 1}, {""class"": ""I"", ""currency"": ""BRL"", ""total"": ""73953.93"", ""count"": 3, ""page"": 3, ""section"": 2}, {""class"": ""I"", ""currency"": ""BRL"", ""total"": ""182674.62"", ""count"": 7, ""page"": 4, ""section"": 3}, {""class"": ""III"", ""currency"": ""BRL"", ""total"": ""119786.74"", ""count"": 2, ""page"": 4, ""section"": 4}, {""class"": ""I"", ""currency"": ""BRL"", ""total"": ""2032295.65"", ""count"": 44, ""page"": 4, ""section"": 5}, {""class"": ""III"", ""currency"": ""BRL"", ""total"": ""1159834.67"", ""count"": 5, ""page"": 5, ""section"": 6}]",OK,PROSE,PROSE,prose_signal=53; classIII=PASS,2026-09-03T23:19:43Z,ingest
514a4c8b84cc912139f36acd95cc98182f3c363c,0300471-34.2014.8.24.0025,DEBTOR_LIST,,https://administradorajudicialgs.com.br/wp-content/uploads/2023/08/doc-04-publicacao-da-decisao-e-da-relacao-de-credores-11-12-15.pdf,/home/user/Anteparo/data/pdfs/administradorajudicialgs.com.br/514a4c8b84cc9121.pdf,3,[],OK_NO_TOTALS,TABLE,TABLE_BANDS,prose_signal=0; classIII=NO_ROWS,2026-09-03T23:19:43Z,ingest
0e76d2c8292e4e6c32311e6848dc3c8ca589e845,0089327-55.2019.8.17.2001,QGC,,https://diligence.adm.br/wp-content/uploads/2024/05/Relacao-de-Credores-Classe-I-1.pdf,/home/user/Anteparo/data/pdfs/diligence.adm.br/0e76d2c8292e4e6c.pdf,5,[],OK_NO_TOTALS,TABLE,TABLE_BANDS,prose_signal=0; classIII=NO_ROWS,2026-09-03T23:19:43Z,ingest
7dd3b1fd77656ced4a300182dd404d61afe55ecf,0807101-83.2016.8.12.0002,DEBTOR_LIST,2021-10-07,https://www.vcpericia.com.br/wp-content/uploads/2024/07/DJ_2022.01.10_Edital-venda-Grupo-Sao-Fernando.pdf,/home/user/Anteparo/data/pdfs/vcpericia.com.br/7dd3b1fd77656ced.pdf,3,[],OK_NO_TOTALS,TABLE,TABLE_BANDS,prose_signal=0; classIII=NO_ROWS,2026-09-03T23:19:43Z,ingest
c18c13f512bba1402a6e899cddd20a5bb3b7a94e,0089327-55.2019.8.17.2001,QGC,,https://diligence.adm.br/wp-content/uploads/2024/05/Relacao-de-Credores-Classe-III-1.pdf,/home/user/Anteparo/data/pdfs/diligence.adm.br/c18c13f512bba140.pdf,5,[],OK_NO_TOTALS,TABLE,TABLE_RULED,prose_signal=0; classIII=NO_TOTAL,2026-09-03T23:19:43Z,ingest
14021b3f119c0d4b352bdf4b93f853bd877d9ed3,0023643-13.2006.8.24.0008,QGC,,https://administradorajudicialgs.com.br/wp-content/uploads/2023/08/doc-05-edital-de-publicacao-relacao-de-credores-24-06-16.pdf,/home/user/Anteparo/data/pdfs/administradorajudicialgs.com.br/14021b3f119c0d4b.pdf,8,[],OK_NO_TOTALS,TABLE,TABLE_BANDS,prose_signal=0; classIII=NO_ROWS,2026-09-03T23:19:46Z,ingest
672cbd66be819f4cdf6ab38ec237ee11d4811c18,0843102-61.2020.8.15.2001,UNKNOWN,2021-09-30,https://lrflideres.com.br/wp-content/plugins/download-attachments/includes/download.php?id=3977,/home/user/Anteparo/data/pdfs/lrflideres.com.br/672cbd66be819f4c.pdf,2,[],OK_NO_TOTALS,TABLE,TABLE_BANDS,prose_signal=0; classIII=NO_ROWS,2026-09-03T23:20:01Z,ingest
e00c60a5d7eca8daad7c793202009fb887dccc37,0089327-55.2019.8.17.2001,QGC,,https://diligence.adm.br/wp-content/uploads/2024/05/Relacao-de-Credores-Classe-IV-1.pdf,/home/user/Anteparo/data/pdfs/diligence.adm.br/e00c60a5d7eca8da.pdf,3,[],OK_NO_TOTALS,TABLE,TABLE_RULED,prose_signal=0; classIII=NO_ROWS,2026-09-03T23:20:01Z,ingest
71e80c900039bc4df9da64f36defd77962bc86a8,0089327-55.2019.8.17.2001,UNKNOWN,2024-05-31,https://diligence.adm.br/wp-content/plugins/download-attachments/includes/download.php?id=4538,/home/user/Anteparo/data/pdfs/diligence.adm.br/71e80c900039bc4d.pdf,133,"[{""class"": null, ""currency"": ""BRL"", ""total"": ""125570.72"", ""count"": null, ""page"": 71, ""section"": 0}]",OK_NO_TOTALS,TABLE,TABLE_RULED,prose_signal=0; classIII=NO_TOTAL,2026-09-03T23:20:01Z,ingest
8390315c70a8822e0fe92083efdeaa5c253a2110,0002141-48.2013.8.24.0048,UNKNOWN,,https://administradorajudicialgs.com.br/wp-content/uploads/2023/08/relacao-de-credores-recuperanda.pdf,/home/user/Anteparo/data/pdfs/administradorajudicialgs.com.br/8390315c70a8822e.pdf,17,[],NO_TEXT_LAYER,NONE,,NO_TEXT_LAYER: needs OCR; CASE_FROM_PAGE; classIII=NO_ROWS,2026-09-03T23:20:01Z,ingest
2addeeb30162fa2dd6a0c91d0d72cc6acc709196,5007759-79.2016.8.21.0010,UNKNOWN,,https://scalzilliaj.com.br/sgc/download.php?file=files/processo_documento/processo_documento11070607012022_1_.pdf&nome=05 - Plano de recuperação judicial,/home/user/Anteparo/data/pdfs/scalzilliaj.com.br/2addeeb30162fa2d.pdf,86,[],NO_TEXT_LAYER,NONE,,NO_TEXT_LAYER: needs OCR; CASE_FROM_PAGE; classIII=NO_ROWS,2026-09-03T23:20:01Z,ingest
d311233c3d3faa0dfb32fe5495386cca1a884cf7,0002141-48.2013.8.24.0048,UNKNOWN,,https://administradorajudicialgs.com.br/wp-content/uploads/2023/08/relacao-de-credores-recuperanda-2.pdf,/home/user/Anteparo/data/pdfs/administradorajudicialgs.com.br/d311233c3d3faa0d.pdf,18,[],NO_TEXT_LAYER,NONE,,NO_TEXT_LAYER: needs OCR; CASE_FROM_PAGE; classIII=NO_ROWS,2026-09-03T23:20:01Z,ingest
da02945cb2e80fb37f627535bbfd02e4826993d4,0002141-48.2013.8.24.0048,UNKNOWN,,https://administradorajudicialgs.com.br/wp-content/uploads/2023/08/relacao-de-credores-adm-jud-1.pdf,/home/user/Anteparo/data/pdfs/administradorajudicialgs.com.br/da02945cb2e80fb3.pdf,7,[],NO_TEXT_LAYER,NONE,,NO_TEXT_LAYER: needs OCR; CASE_FROM_PAGE; classIII=NO_ROWS,2026-09-03T23:20:01Z,ingest
a461d54c1840408e156bd63ff7204e2efd5d802c,0022845-08.2013.8.24.0008,UNKNOWN,,https://administradorajudicialgs.com.br/wp-content/uploads/2023/08/relacao-de-credores-da-recuperanda-1.pdf,/home/user/Anteparo/data/pdfs/administradorajudicialgs.com.br/a461d54c1840408e.pdf,43,[],NO_TEXT_LAYER,NONE,,NO_TEXT_LAYER: needs OCR; CASE_FROM_PAGE; classIII=NO_ROWS,2026-09-03T23:20:43Z,ingest
e8d238b5c9cef705fe14fe12acb5758eb6efbe0a,5007759-79.2016.8.21.0010,UNKNOWN,,https://scalzilliaj.com.br/sgc/download.php?file=files/processo_documento/processo_documento11260207012022_1_.pdf&nome=09 - Modificativo do plano de recuperação judicial,/home/user/Anteparo/data/pdfs/scalzilliaj.com.br/e8d238b5c9cef705.pdf,11,[],NO_TEXT_LAYER,NONE,,NO_TEXT_LAYER: needs OCR; CASE_FROM_PAGE; classIII=NO_ROWS,2026-09-03T23:20:43Z,ingest
cd4d5c0f8200bcf0abbbf8c65b8b5b21ba54e9f3,0022845-08.2013.8.24.0008,UNKNOWN,,https://administradorajudicialgs.com.br/wp-content/uploads/2023/08/advogados-sgrott-relacao-credores-aj-trabalhista.pdf,/home/user/Anteparo/data/pdfs/administradorajudicialgs.com.br/cd4d5c0f8200bcf0.pdf,1,"[{""class"": ""I"", ""currency"": ""BRL"", ""total"": ""3874.67"", ""count"": null, ""page"": 1, ""section"": 1}]",OK,TABLE,TABLE_RULED,prose_signal=0; CASE_FROM_PAGE; classIII=NO_ROWS,2026-09-03T23:20:43Z,ingest
22ac347cfe4f3e48e90db5c47651fa72cb987cca,0022845-08.2013.8.24.0008,UNKNOWN,,https://administradorajudicialgs.com.br/wp-content/uploads/2023/08/advogados-sgrott-doc-22-relacao-de-credores-do-administrador-judicial-classe-iii-05-02-14.pdf,/home/user/Anteparo/data/pdfs/administradorajudicialgs.com.br/22ac347cfe4f3e48.pdf,6,"[{""class"": ""III"", ""currency"": ""BRL"", ""total"": ""15198808.49"", ""count"": null, ""page"": 6, ""section"": 1}]",OK,TABLE,TABLE_RULED,prose_signal=0; CASE_FROM_PAGE; classIII=PASS,2026-09-03T23:20:50Z,ingest
7868fd92fff709cd5a3526ece106a362024999ea,5009856-38.2024.8.21.0021,HOMOLOG,2024-08-22,https://scalzilliaj.com.br/sgc/download.php?file=files/processo_documento/processo_documento11023922082024_1_.pdf&nome=09 - Plano de recuperação judicial,/home/user/Anteparo/data/pdfs/scalzilliaj.com.br/7868fd92fff709cd.pdf,85,[],OK_NO_TOTALS,TABLE,TABLE_RULED,prose_signal=1; classIII=NO_ROWS,2026-09-03T23:20:50Z,ingest
7dc4b6cc0e2b2d02cbb2a4b33ae8dfdb3bfe783c,0022845-08.2013.8.24.0008,UNKNOWN,,https://administradorajudicialgs.com.br/wp-content/uploads/2023/08/advogados-sgrott-relacao-credores-aj-garantia-real.pdf,/home/user/Anteparo/data/pdfs/administradorajudicialgs.com.br/7dc4b6cc0e2b2d02.pdf,1,"[{""class"": ""II"", ""currency"": ""BRL"", ""total"": ""1721891.13"", ""count"": null, ""page"": 1, ""section"": 1}]",OK,TABLE,TABLE_RULED,prose_signal=0; CASE_FROM_PAGE; classIII=NO_ROWS,2026-09-03T23:20:50Z,ingest
e92da88430b1d2f7fa1f0344db1903471bec057e,0089327-55.2019.8.17.2001,UNKNOWN,2024-05-31,https://diligence.adm.br/wp-content/plugins/download-attachments/includes/download.php?id=4554,/home/user/Anteparo/data/pdfs/diligence.adm.br/e92da88430b1d2f7.pdf,14,"[{""class"": ""I"", ""currency"": ""BRL"", ""total"": null, ""count"": null, ""page"": 9, ""section"": 1}, {""class"": ""III"", ""currency"": ""BRL"", ""total"": null, ""count"": null, ""page"": 11, ""section"": 2}, {""class"": ""IV"", ""currency"": ""BRL"", ""total"": null, ""count"": null, ""page"": 12, ""section"": 3}]",OK_NO_TOTALS,PROSE,PROSE,prose_signal=0; fell back to PROSE; classIII=NO_TOTAL,2026-09-03T23:20:50Z,ingest
d249243f41b50109545e812acd359c56bd0f45dc,0000357-47.2014.8.24.0033,AJ_LIST,,https://administradorajudicialgs.com.br/wp-content/uploads/2023/07/doc-07-relacao-de-credores-do-administrador-judicial.pdf,/home/user/Anteparo/data/pdfs/administradorajudicialgs.com.br/d249243f41b50109.pdf,4,"[{""class"": null, ""currency"": ""BRL"", ""total"": ""35447883.44"", ""count"": null, ""page"": 4, ""section"": 0}]",OK_NO_TOTALS,TABLE,TABLE_RULED,prose_signal=0; CASE_FROM_PAGE; classIII=NO_ROWS,2026-09-03T23:20:50Z,ingest
4031ec133da006fe79aeaed70384107f3aa16a58,0000357-47.2014.8.24.0033,DEBTOR_LIST,2014-02-27,https://administradorajudicialgs.com.br/wp-content/uploads/2023/07/doc-08-publicacao-do-recebimento-do-plano-e-da-relacao-de-credores-do-administrador-23-06-14.pdf,/home/user/Anteparo/data/pdfs/administradorajudicialgs.com.br/4031ec133da006fe.pdf,5,[],OK_NO_TOTALS,PROSE,PROSE,prose_signal=0; fell back to PROSE; CASE_FROM_PAGE; classIII=NO_ROWS,2026-09-03T23:20:55Z,ingest
a15d1025d8323510fff232706ec0f616c2d96203,0011441-85.2025.8.17.2480,UNKNOWN,,https://diligence.adm.br/wp-content/plugins/download-attachments/includes/download.php?id=5613,/home/user/Anteparo/data/pdfs/diligence.adm.br/a15d1025d8323510.pdf,4,[],NO_TEXT_LAYER,NONE,,NO_TEXT_LAYER: needs OCR; CASE_FROM_PAGE; classIII=NO_ROWS,2026-09-03T23:21:06Z,ingest
0330e72a6dfd789bb5351e4941fe4d7673b209e0,0005010-50.2013.8.24.0026,UNKNOWN,,https://administradorajudicialgs.com.br/wp-content/uploads/2024/12/4-relacao-de-credores-recuperanda.pdf,/home/user/Anteparo/data/pdfs/administradorajudicialgs.com.br/0330e72a6dfd789b.pdf,180,[],NO_TEXT_LAYER,NONE,,NO_TEXT_LAYER: needs OCR; CASE_FROM_PAGE; classIII=NO_ROWS,2026-09-03T23:21:06Z,ingest
ecb9e93b23ac14bcd5cecbddbfe8211087026e05,0005010-50.2013.8.24.0026,UNKNOWN,,https://administradorajudicialgs.com.br/wp-content/uploads/2024/12/5-relacao-de-credores-adm-jud.pdf,/home/user/Anteparo/data/pdfs/administradorajudicialgs.com.br/ecb9e93b23ac14bc.pdf,27,[],NO_TEXT_LAYER,NONE,,NO_TEXT_LAYER: needs OCR; CASE_FROM_PAGE; classIII=NO_ROWS,2026-09-03T23:21:06Z,ingest
0a597f6ae3241d2120ccfacdae66d4dea83d8a8b,0276159-86.2022.8.06.0001,UNKNOWN,,https://bugarimecoelho.com.br/ws/media-library/acb4bec624ec4fc7b485528b26bad747/3.-relacao-credores-1.pdf,/home/user/Anteparo/data/pdfs/bugarimecoelho.com.br/0a597f6ae3241d21.pdf,2,"[{""class"": ""I"", ""currency"": ""BRL"", ""total"": ""174887.48"", ""count"": null, ""page"": 1, ""section"": 1}, {""class"": ""II"", ""currency"": ""BRL"", ""total"": ""5421173.64"", ""count"": null, ""page"": 1, ""section"": 3}, {""class"": ""III"", ""currency"": ""BRL"", ""total"": ""17546379.23"", ""count"": null, ""page"": 2, ""section"": 5}, {""class"": ""IV"", ""currency"": ""BRL"", ""total"": ""245686.31"", ""count"": null, ""page"": 2, ""section"": 7}]",OK,TABLE,TABLE_BANDS,prose_signal=0; classIII=PASS,2026-09-03T23:21:06Z,ingest
ea17ba43b2611e60da78d77cd10f534a8d7ffa56,0005010-50.2013.8.24.0026,UNKNOWN,2025-03-25,https://administradorajudicialgs.com.br/wp-content/uploads/2024/12/relacao-de-credores-da-falida.pdf,/home/user/Anteparo/data/pdfs/administradorajudicialgs.com.br/ea17ba43b2611e60.pdf,20,"[{""class"": null, ""currency"": ""BRL"", ""total"": ""15244549.16"", ""count"": null, ""page"": 12, ""section"": 0}, {""class"": null, ""currency"": ""BRL"", ""total"": ""129410755.13"", ""count"": null, ""page"": 12, ""section"": 1}, {""class"": null, ""currency"": ""BRL"", ""total"": ""76821984.08"", ""count"": null, ""page"": 19, ""section"": 2}, {""class"": null, ""currency"": ""BRL"", ""total"": ""7007699.39"", ""count"": null, ""page"": 19, ""section"": 3}, {""class"": null, ""currency"": ""BRL"", ""total"": ""415936.61"", ""count"": null, ""page"": 20, ""section"": 4}]",OK_NO_TOTALS,TABLE,TABLE_RULED,prose_signal=0; classIII=NO_TOTAL,2026-09-03T23:21:06Z,ingest
355910f41079f720c7a03e87cc35697bfa43cd6f,0276159-86.2022.8.06.0001,AJ_LIST,,https://bugarimecoelho.com.br/ws/media-library/9dd3a0ca6a154326944a0ffe0980e0ac/4.-retificacao-da-relacao-de-credores-1.pdf,/home/user/Anteparo/data/pdfs/bugarimecoelho.com.br/355910f41079f720.pdf,1,[],OK_NO_TOTALS,TABLE,TABLE_BANDS,prose_signal=0; classIII=NO_ROWS,2026-09-03T23:21:06Z,ingest
9ce2feaa45a9b508cf3f7631d7c52b015813337c,5100227-29.2022.8.24.0023,UNKNOWN,2018-11-26,https://administradorajudicialgs.com.br/wp-content/uploads/2024/10/relacao-de-credores-da-recuperanda.pdf,/home/user/Anteparo/data/pdfs/administradorajudicialgs.com.br/9ce2feaa45a9b508.pdf,1,[],OK_NO_TOTALS,TABLE,TABLE_RULED,prose_signal=0; CASE_FROM_PAGE; classIII=NO_TOTAL,2026-09-03T23:21:06Z,ingest
738ade85e1859539b32564431c42cf6a90b70be2,0276159-86.2022.8.06.0001,AJ_LIST,2022-10-14,https://bugarimecoelho.com.br/ws/media-library/5baa1c5c93e64fcbabcdb61e722bd8d0/5.-relacao-de-credores---manifestacoes-administrativas.pdf,/home/user/Anteparo/data/pdfs/bugarimecoelho.com.br/738ade85e1859539.pdf,6,[],OK_NO_TOTALS,TABLE,TABLE_BANDS,prose_signal=0; classIII=NO_ROWS,2026-09-03T23:21:33Z,ingest
cdf27c40296fdb382d71fa4f129447a98b3e4b69,5100227-29.2022.8.24.0023,DEBTOR_LIST,2025-02-28,https://administradorajudicialgs.com.br/wp-content/uploads/2024/10/edital-falencia-e-relacao-de-credores.pdf,/home/user/Anteparo/data/pdfs/administradorajudicialgs.com.br/cdf27c40296fdb38.pdf,5,[],OK_NO_TOTALS,TABLE,TABLE_BANDS,prose_signal=1; classIII=NO_ROWS,2026-09-03T23:21:33Z,ingest
037f293e4309750059ef5a2df2866074fae81bbd,0276159-86.2022.8.06.0001,AJ_LIST,,https://bugarimecoelho.com.br/ws/media-library/3abd0f61bee74e12a13024632a2994ec/5.1-edital---relacao-de-credores-1.pdf,/home/user/Anteparo/data/pdfs/bugarimecoelho.com.br/037f293e43097500.pdf,5,"[{""class"": ""IV"", ""currency"": ""BRL"", ""total"": ""245686.31"", ""count"": null, ""page"": 4, ""section"": 4}]",OK,TABLE,TABLE_BANDS,prose_signal=0; classIII=NO_TOTAL,2026-09-03T23:21:33Z,ingest
0e98068b87bd9301a44b322d50dacac7fd565704,5100227-29.2022.8.24.0023,AJ_LIST,2025-04-24,https://administradorajudicialgs.com.br/wp-content/uploads/2024/10/relacao-de-credores-e-verificacao-de-credito-2025.pdf,/home/user/Anteparo/data/pdfs/administradorajudicialgs.com.br/0e98068b87bd9301.pdf,21,"[{""class"": null, ""currency"": ""BRL"", ""total"": ""11769512.55"", ""count"": null, ""page"": 6, ""section"": 4}]",OK_NO_TOTALS,TABLE,TABLE_RULED,prose_signal=0; classIII=NO_TOTAL,2026-09-03T23:21:33Z,ingest
19126614a4ce3c48146795fd6aa2e8dff9d5e94a,0000377-15.2000.8.24.0070,UNKNOWN,2018-06-30,https://administradorajudicialgs.com.br/wp-content/uploads/2024/06/relacao-de-credores.pdf,/home/user/Anteparo/data/pdfs/administradorajudicialgs.com.br/19126614a4ce3c48.pdf,4,"[{""class"": ""I"", ""currency"": ""BRL"", ""total"": ""253989.65"", ""count"": null, ""page"": 1, ""section"": 1}]",OK,TABLE,TABLE_RULED,prose_signal=0; classIII=NO_TOTAL,2026-09-03T23:21:33Z,ingest
595e69e0fcce6f335afa90f3d9c621ef7c12cdb5,0000377-15.2000.8.24.0070,QGC,2022-02-14,https://administradorajudicialgs.com.br/wp-content/uploads/2024/06/edital-relacao-de-credores.pdf,/home/user/Anteparo/data/pdfs/administradorajudicialgs.com.br/595e69e0fcce6f33.pdf,3,[],OK_NO_TOTALS,TABLE,TABLE_BANDS,prose_signal=0; classIII=NO_ROWS,2026-09-03T23:21:33Z,ingest
102b04dc13b84d35a3ab4ffd3c50dede27cc5d6f,5003439-20.2020.8.24.0282,UNKNOWN,2019-11-11,https://administradorajudicialgs.com.br/wp-content/uploads/2023/08/relacao-de-credores-da-recuperanda-2.pdf,/home/user/Anteparo/data/pdfs/administradorajudicialgs.com.br/102b04dc13b84d35.pdf,5,[],OK_NO_TOTALS,TABLE,TABLE_RULED,prose_signal=0; classIII=NO_TOTAL,2026-09-03T23:21:33Z,ingest
6232303ad9277ada518006d9b88c6d147c5ab658,0000721-61.2024.8.17.2620,DEBTOR_LIST,2024-08-30,https://lrflideres.com.br/wp-content/plugins/download-attachments/includes/download.php?id=6104,/home/user/Anteparo/data/pdfs/lrflideres.com.br/6232303ad9277ada.pdf,6,"[{""class"": ""I"", ""currency"": ""BRL"", ""total"": ""723799.95"", ""count"": 8, ""page"": 4, ""section"": 4}, {""class"": ""II"", ""currency"": ""BRL"", ""total"": ""2181673.24"", ""count"": 2, ""page"": 4, ""section"": 5}, {""class"": ""III"", ""currency"": ""BRL"", ""total"": ""48727671.21"", ""count"": 84, ""page"": 4, ""section"": 6}, {""class"": ""IV"", ""currency"": ""BRL"", ""total"": ""929222.48"", ""count"": 29, ""page"": 6, ""section"": 7}]",OK,PROSE,PROSE,prose_signal=120; classIII=PASS,2026-09-03T23:21:33Z,ingest
a228ba15e8ae6fae858f39bd6768514867658c3c,5003439-20.2020.8.24.0282,UNKNOWN,,https://administradorajudicialgs.com.br/wp-content/uploads/2023/08/albertina-relacao-de-credores.pdf,/home/user/Anteparo/data/pdfs/administradorajudicialgs.com.br/a228ba15e8ae6fae.pdf,1,"[{""class"": null, ""currency"": ""BRL"", ""total"": ""36815.75"", ""count"": null, ""page"": 1, ""section"": 0}, {""class"": null, ""currency"": ""BRL"", ""total"": ""281573.48"", ""count"": null, ""page"": 1, ""section"": 1}]",OK_NO_TOTALS,TABLE,TABLE_RULED,prose_signal=0; CASE_FROM_PAGE; classIII=NO_TOTAL,2026-09-03T23:21:33Z,ingest
82c3a1a860e42f85a25f9b4acb4c07056b4318ab,5003439-20.2020.8.24.0282,UNKNOWN,,https://administradorajudicialgs.com.br/wp-content/uploads/2023/08/roberto-relacao-credores.pdf,/home/user/Anteparo/data/pdfs/administradorajudicialgs.com.br/82c3a1a860e42f85.pdf,1,"[{""class"": null, ""currency"": ""BRL"", ""total"": ""80163.11"", ""count"": null, ""page"": 1, ""section"": 0}, {""class"": null, ""currency"": ""BRL"", ""total"": ""1209882.61"", ""count"": null, ""page"": 1, ""section"": 1}]",OK_NO_TOTALS,TABLE,TABLE_RULED,prose_signal=0; CASE_FROM_PAGE; classIII=NO_TOTAL,2026-09-03T23:21:33Z,ingest
2902e68ee64845be3923cff42fe763ea1d5d47db,0214287-36.2023.8.06.0001,QGC,,https://bugarimecoelho.com.br/ws/media-library/6dc4bc2c988846629882c8d3713c7921/34.-edital-04o-aditivo-relacao-de-credores-2024.pdf,/home/user/Anteparo/data/pdfs/bugarimecoelho.com.br/2902e68ee64845be.pdf,2,"[{""class"": ""I"", ""currency"": ""BRL"", ""total"": ""117726.97"", ""count"": null, ""page"": 1, ""section"": 1}]",OK,TABLE,TABLE_BANDS,prose_signal=0; classIII=NO_ROWS,2026-09-03T23:21:33Z,ingest
15ce847bc5774fec03edc08782b688cce15aef9c,0074500-63.2024.8.17.2001,UNKNOWN,2024-07-22,https://lrflideres.com.br/wp-content/plugins/download-attachments/includes/download.php?id=6018,/home/user/Anteparo/data/pdfs/lrflideres.com.br/15ce847bc5774fec.pdf,221,"[{""class"": ""I"", ""currency"": ""BRL"", ""total"": null, ""count"": null, ""page"": 1, ""section"": 1}, {""class"": ""III"", ""currency"": ""BRL"", ""total"": null, ""count"": null, ""page"": 1, ""section"": 2}, {""class"": ""IV"", ""currency"": ""BRL"", ""total"": null, ""count"": null, ""page"": 1, ""section"": 3}, {""class"": ""I"", ""currency"": ""BRL"", ""total"": null, ""count"": null, ""page"": 3, ""section"": 7}, {""class"": ""III"", ""currency"": ""BRL"", ""total"": null, ""count"": null, ""page"": 3, ""section"": 8}, {""class"": ""I"", ""currency"": ""BRL"", ""total"": null, ""count"": null, ""page"": 4, ""section"": 11}, {""class"": ""III"", ""currency"": ""BRL"", ""total"": null, ""count"": null, ""page"": 4, ""section"": 12}, {""class"": ""IV"", ""currency"": ""BRL"", ""total"": null, ""count"": null, ""page"": 4, ""section"": 13}, {""class"": ""I"", ""currency"": ""BRL"", ""total"": null, ""count"": null, ""page"": 5, ""section"": 15}, {""class"": ""III"", ""currency"": ""BRL"", ""total"": null, ""count"": null, ""page"": 5, ""section"": 16}, {""class"": ""III"", ""currency"": ""BRL"", ""total"": null, ""count"": null, ""page"": 6, ""section"": 18}, {""class"": ""I"", ""currency"": ""BRL"", ""total"": null, ""count"": null, ""page"": 7, ""section"": 20}, {""class"": ""III"", ""currency"": ""BRL"", ""total"": null, ""count"": null, ""page"": 7, ""section"": 21}, {""class"": ""IV"", ""currency"": ""BRL"", ""total"": null, ""count"": null, ""page"": 7, ""section"": 22}, {""class"": ""III"", ""currency"": ""BRL"", ""total"": null, ""count"": null, ""page"": 8, ""section"": 24}, {""class"": ""IV"", ""currency"": ""BRL"", ""total"": null, ""count"": null, ""page"": 8, ""section"": 25}, {""class"": ""I"", ""currency"": ""BRL"", ""total"": null, ""count"": null, ""page"": 10, ""section"": 29}, {""class"": ""III"", ""currency"": ""BRL"", ""total"": null, ""count"": null, ""page"": 15, ""section"": 30}, {""class"": ""IV"", ""currency"": ""BRL"", ""total"": null, ""count"": null, ""page"": 21, ""section"": 31}, {""class"": ""I"", ""currency"": ""BRL"", ""total"": null, ""count"": null, ""page"": 28, ""section"": 32}, {""class"": ""III"", ""currency"": ""BRL"", ""total"": null, ""count"": null, ""page"": 28, ""section"": 33}, {""class"": ""I"", ""currency"": ""BRL"", ""total"": null, ""count"": null, ""page"": 31, ""section"": 34}, {""class"": ""III"", ""currency"": ""BRL"", ""total"": null, ""count"": null, ""page"": 54, ""section"": 35}, {""class"": ""IV"", ""currency"": ""BRL"", ""total"": null, ""count"": null, ""page"": 124, ""section"": 36}, {""class"": ""I"", ""currency"": ""BRL"", ""total"": null, ""count"": null, ""page"": 154, ""section"": 37}, {""class"": ""III"", ""currency"": ""BRL"", ""total"": null, ""count"": null, ""page"": 154, ""section"": 38}, {""class"": ""III"", ""currency"": ""BRL"", ""total"": null, ""count"": null, ""page"": 157, ""section"": 39}, {""class"": ""I"", ""currency"": ""BRL"", ""total"": null, ""count"": null, ""page"": 165, ""section"": 40}, {""class"": ""III"", ""currency"": ""BRL"", ""total"": null, ""count"": null, ""page"": 169, ""section"": 41}, {""class"": ""IV"", ""currency"": ""BRL"", ""total"": null, ""count"": null, ""page"": 182, ""section"": 42}, {""class"": ""III"", ""currency"": ""BRL"", ""total"": null, ""count"": null, ""page"": 190, ""section"": 43}, {""class"": ""IV"", ""currency"": ""BRL"", ""total"": null, ""count"": null, ""page"": 195, ""section"": 44}, {""class"": null, ""currency"": ""BRL"", ""total"": ""63986073.00"", ""count"": null, ""page"": 200, ""section"": 45}, {""class"": ""I"", ""currency"": ""BRL"", ""total"": null, ""count"": null, ""page"": 201, ""section"": 46}, {""class"": ""III"", ""currency"": ""BRL"", ""total"": null, ""count"": null, ""page"": 201, ""section"": 47}, {""class"": ""IV"", ""currency"": ""BRL"", ""total"": null, ""count"": null, ""page"": 202, ""section"": 48}, {""class"": ""I"", ""currency"": ""BRL"", ""total"": null, ""count"": null, ""page"": 204, ""section"": 51}, {""class"": ""III"", ""currency"": ""BRL"", ""total"": null, ""count"": null, ""page"": 204, ""section"": 52}, {""class"": ""I"", ""currency"": ""BRL"", ""total"": null, ""count"": null, ""page"": 205, ""section"": 54}, {""class"": ""I"", ""currency"": ""BRL"", ""total"": null, ""count"": null, ""page"": 206, ""section"": 55}, {""class"": ""III"", ""currency"": ""BRL"", ""total"": null, ""count"": null, ""page"": 206, ""section"": 56}, {""class"": ""III"", ""currency"": ""BRL"", ""total"": null, ""count"": null, ""page"": 207, ""section"": 57}, {""class"": ""III"", ""currency"": ""BRL"", ""total"": null, ""count"": null, ""page"": 208, ""section"": 58}, {""class"": ""III"", ""currency"": ""BRL"", ""total"": null, ""count"": null, ""page"": 209, ""section"": 59}, {""class"": ""III"", ""currency"": ""BRL"", ""total"": null, ""count"": null, ""page"": 210, ""section"": 60}, {""class"": ""III"", ""currency"": ""BRL"", ""total"": null, ""count"": null, ""page"": 211, ""section"": 61}, {""class"": ""III"", ""currency"": ""BRL"", ""total"": null, ""count"": null, ""page"": 212, ""section"": 62}, {""class"": ""IV"", ""currency"": ""BRL"", ""total"": null, ""count"": null, ""page"": 212, ""section"": 63}, {""class"": ""IV"", ""currency"": ""BRL"", ""total"": null, ""count"": null, ""page"": 213, ""section"": 64}, {""class"": ""IV"", ""currency"": ""BRL"", ""total"": null, ""count"": null, ""page"": 214, ""section"": 65}, {""class"": ""I"", ""currency"": ""BRL"", ""total"": null, ""count"": null, ""page"": 215, ""section"": 67}, {""class"": ""III"", ""currency"": ""BRL"", ""total"": null, ""count"": null, ""page"": 215, ""section"": 68}, {""class"": ""III"", ""currency"": ""BRL"", ""total"": null, ""count"": null, ""page"": 216, ""section"": 70}, {""class"": ""I"", ""currency"": ""BRL"", ""total"": null, ""count"": null, ""page"": 217, ""section"": 72}, {""class"": ""III"", ""currency"": ""BRL"", ""total"": null, ""count"": null, ""page"": 217, ""section"": 73}, {""class"": ""III"", ""currency"": ""BRL"", ""total"": null, ""count"": null, ""page"": 218, ""section"": 74}, {""class"": ""IV"", ""currency"": ""BRL"", ""total"": null, ""count"": null, ""page"": 218, ""section"": 75}, {""class"": ""III"", ""currency"": ""BRL"", ""total"": null, ""count"": null, ""page"": 220, ""section"": 77}, {""class"": ""IV"", ""currency"": ""BRL"", ""total"": null, ""count"": null, ""page"": 220, ""section"": 78}]",OK_NO_TOTALS,PROSE,PROSE,prose_signal=489; CASE_FROM_PAGE; classIII=NO_TOTAL,2026-09-03T23:21:33Z,ingest
1b5dd024ca799c063d382c1232edb1db765e4615,0214287-36.2023.8.06.0001,UNKNOWN,,https://bugarimecoelho.com.br/ws/media-library/2764952506de59f305f9610dc83d6dbe/43---05o-aditivo-qgc.2.pdf,/home/user/Anteparo/data/pdfs/bugarimecoelho.com.br/1b5dd024ca799c06.pdf,1,"[{""class"": ""I"", ""currency"": ""BRL"", ""total"": ""57153.03"", ""count"": null, ""page"": 1, ""section"": 1}, {""class"": ""IV"", ""currency"": ""BRL"", ""total"": ""315915.04"", ""count"": null, ""page"": 1, ""section"": 5}]",OK,TABLE,TABLE_BANDS,prose_signal=0; classIII=NO_TOTAL,2026-09-03T23:21:33Z,ingest
e4d939cdc44677f03bd45b38241b929e9d731dcc,0000707-30.2008.8.02.0042,UNKNOWN,,https://vivanteaj.com.br/wp-content/uploads/2024/11/11.06.2024-QGC-Laginha-1.pdf,/home/user/Anteparo/data/pdfs/vivanteaj.com.br/e4d939cdc44677f0.pdf,35,"[{""class"": null, ""currency"": ""BRL"", ""total"": ""1908583278.51"", ""count"": null, ""page"": 2, ""section"": 0}]",OK_NO_TOTALS,TABLE,TABLE_RULED,prose_signal=0; CASE_FROM_PAGE; classIII=NO_ROWS,2026-09-03T23:22:35Z,ingest
7e14d03c26b346fbbc22d970f50ba771d83a8081,0214287-36.2023.8.06.0001,UNKNOWN,,https://bugarimecoelho.com.br/ws/media-library/b1fffc6d065f5fc1f6df17b6fb5b8f89/50---06o-aditivo-qgc.2.pdf,/home/user/Anteparo/data/pdfs/bugarimecoelho.com.br/7e14d03c26b346fb.pdf,1,"[{""class"": ""I"", ""currency"": ""BRL"", ""total"": ""64130.66"", ""count"": null, ""page"": 1, ""section"": 1}, {""class"": ""III"", ""currency"": ""BRL"", ""total"": ""18638.90"", ""count"": null, ""page"": 1, ""section"": 4}, {""class"": ""IV"", ""currency"": ""BRL"", ""total"": ""14717.03"", ""count"": null, ""page"": 1, ""section"": 6}]",OK,TABLE,TABLE_BANDS,prose_signal=0; classIII=PASS,2026-09-03T23:22:35Z,ingest
710a314c1bca9ce84d2a6e1d5729e179669324c9,1003322-70.2024.8.26.0260,UNKNOWN,,https://vivanteaj.com.br/wp-content/uploads/2025/02/2a-lista-de-credores-Agro-Safra-e-outros.pdf,/home/user/Anteparo/data/pdfs/vivanteaj.com.br/710a314c1bca9ce8.pdf,3,"[{""class"": ""I"", ""currency"": ""BRL"", ""total"": null, ""count"": null, ""page"": 1, ""section"": 1}, {""class"": ""III"", ""currency"": ""BRL"", ""total"": null, ""count"": null, ""page"": 1, ""section"": 2}, {""class"": ""IV"", ""currency"": ""BRL"", ""total"": null, ""count"": null, ""page"": 1, ""section"": 3}, {""class"": ""II"", ""currency"": ""BRL"", ""total"": null, ""count"": null, ""page"": 2, ""section"": 4}, {""class"": ""III"", ""currency"": ""BRL"", ""total"": null, ""count"": null, ""page"": 2, ""section"": 5}, {""class"": ""II"", ""currency"": ""BRL"", ""total"": null, ""count"": null, ""page"": 3, ""section"": 6}, {""class"": ""III"", ""currency"": ""BRL"", ""total"": null, ""count"": null, ""page"": 3, ""section"": 7}]",OK_NO_TOTALS,PROSE,PROSE,prose_signal=7; CASE_FROM_PAGE; classIII=NO_TOTAL,2026-09-03T23:22:35Z,ingest
795d57c3b1a6263f35fd080afd0a6ea1ad727ea3,0074500-63.2024.8.17.2001,AJ_LIST,2024-11-14,https://lrflideres.com.br/wp-content/plugins/download-attachments/includes/download.php?id=6273,/home/user/Anteparo/data/pdfs/lrflideres.com.br/795d57c3b1a6263f.pdf,8,"[{""class"": ""I"", ""currency"": ""BRL"", ""total"": null, ""count"": 114, ""page"": 2, ""section"": 1}, {""class"": ""II"", ""currency"": ""BRL"", ""total"": ""495000.00"", ""count"": 1, ""page"": 3, ""section"": 2}, {""class"": ""III"", ""currency"": ""BRL"", ""total"": ""49604365.59"", ""count"": 290, ""page"": 3, ""section"": 3}, {""class"": ""IV"", ""currency"": ""BRL"", ""total"": ""2103407.56"", ""count"": 84, ""page"": 6, ""section"": 4}]",OK,PROSE,PROSE,prose_signal=158; classIII=PASS,2026-09-03T23:22:35Z,ingest
e031cd7844640e5a17c409af44beaabec5ff4865,0270804-61.2023.8.06.0001,UNKNOWN,,https://bugarimecoelho.com.br/ws/media-library/fe15ea79292d4e3cb7ce97d21dd1f6cc/10.-relacao-de-credores-aj.pdf,/home/user/Anteparo/data/pdfs/bugarimecoelho.com.br/e031cd7844640e5a.pdf,3,"[{""class"": ""III"", ""currency"": ""BRL"", ""total"": ""17550942.65"", ""count"": null, ""page"": 2, ""section"": 3}, {""class"": ""IV"", ""currency"": ""BRL"", ""total"": ""71114.71"", ""count"": null, ""page"": 3, ""section"": 5}]",OK,TABLE,TABLE_BANDS,prose_signal=0; classIII=PASS,2026-09-03T23:22:35Z,ingest
b2155b7f5f30e6ee5db8494fa2ad651361fd7227,0270804-61.2023.8.06.0001,AJ_LIST,,https://bugarimecoelho.com.br/ws/media-library/8f7dbe28cfa44738bc17a4b8e8e8a759/12.-edital-relacao-de-credores-aj.pdf,/home/user/Anteparo/data/pdfs/bugarimecoelho.com.br/b2155b7f5f30e6ee.pdf,5,"[{""class"": ""IV"", ""currency"": ""BRL"", ""total"": ""71114.71"", ""count"": null, ""page"": 4, ""section"": 7}]",OK,TABLE,TABLE_BANDS,prose_signal=0; classIII=NO_TOTAL,2026-09-03T23:22:35Z,ingest
ddbb311fb5c15c6e72b16e94565482a07b524f30,1111148-53.2024.8.26.0100,UNKNOWN,,https://vivanteaj.com.br/wp-content/uploads/2024/11/1a-lista-de-credores-metalloys.pdf,/home/user/Anteparo/data/pdfs/vivanteaj.com.br/ddbb311fb5c15c6e.pdf,18,[],OK_NO_TOTALS,TABLE,TABLE_RULED,prose_signal=0; CASE_FROM_PAGE; classIII=NO_ROWS,2026-09-03T23:22:35Z,ingest
edafa342503f79d0e8d3cd461fc9c83e7f2ad915,0270804-61.2023.8.06.0001,UNKNOWN,,https://bugarimecoelho.com.br/ws/media-library/23a62c69fad196160f743ef6fa48b4f1/27---01o-aditivo-a-qgc.2.pdf,/home/user/Anteparo/data/pdfs/bugarimecoelho.com.br/edafa342503f79d0.pdf,1,"[{""class"": ""III"", ""currency"": ""BRL"", ""total"": ""2539921.25"", ""count"": null, ""page"": 1, ""section"": 3}]",OK,TABLE,TABLE_BANDS,prose_signal=0; classIII=PASS,2026-09-03T23:22:35Z,ingest
c4d4505b946af97d0f72ef67fe1681cc70d1fdc7,1003919-39.2024.8.26.0260,UNKNOWN,,https://vivanteaj.com.br/wp-content/uploads/2025/02/1a-lista-de-credores-MFC.pdf,/home/user/Anteparo/data/pdfs/vivanteaj.com.br/c4d4505b946af97d.pdf,6,[],NO_TEXT_LAYER,NONE,,NO_TEXT_LAYER: needs OCR; CASE_FROM_PAGE; classIII=NO_ROWS,2026-09-03T23:22:35Z,ingest
08701b535019c3655ca782882e51612028b2a497,1003919-39.2024.8.26.0260,UNKNOWN,,https://vivanteaj.com.br/wp-content/uploads/2025/02/2a-lista-de-credores-MFC-Industria.pdf,/home/user/Anteparo/data/pdfs/vivanteaj.com.br/08701b535019c365.pdf,1,[],OK_NO_TOTALS,TABLE,TABLE_BANDS,prose_signal=3; CASE_FROM_PAGE; classIII=NO_TOTAL,2026-09-03T23:22:35Z,ingest
e6f7840898dd61cf4b6e8699f469240c8816f981,3000117-40.2025.8.06.0512,UNKNOWN,,https://bugarimecoelho.com.br/ws/media-library/fcc045082b2058d33121dc5c3776994e/06---relacao-de-credores-veneza.pdf,/home/user/Anteparo/data/pdfs/bugarimecoelho.com.br/e6f7840898dd61cf.pdf,5,"[{""class"": ""III"", ""currency"": ""BRL"", ""total"": ""12156746.87"", ""count"": null, ""page"": 5, ""section"": 3}]",OK,TABLE,TABLE_RULED,prose_signal=0; classIII=PASS,2026-09-03T23:22:35Z,ingest
033d29144f63ddddfb2c802c22d6db8f5f1079d8,1018313-46.2024.8.26.0100,UNKNOWN,2022-11-02,https://vivanteaj.com.br/wp-content/uploads/2024/11/1a-lista-de-credores-JA-Santos.pdf,/home/user/Anteparo/data/pdfs/vivanteaj.com.br/033d29144f63dddd.pdf,1,"[{""class"": ""I"", ""currency"": ""BRL"", ""total"": ""12500.00"", ""count"": null, ""page"": 1, ""section"": 1}, {""class"": ""II"", ""currency"": ""BRL"", ""total"": ""165000.00"", ""count"": null, ""page"": 1, ""section"": 3}, {""class"": ""III"", ""currency"": ""BRL"", ""total"": ""12621368.00"", ""count"": null, ""page"": 1, ""section"": 5}, {""class"": ""IV"", ""currency"": ""BRL"", ""total"": ""7100.00"", ""count"": null, ""page"": 1, ""section"": 7}, {""class"": ""IV"", ""currency"": ""BRL"", ""total"": ""12805968.00"", ""count"": null, ""page"": 1, ""section"": 8}]",OK,TABLE,TABLE_RULED,prose_signal=0; CASE_FROM_PAGE; classIII=PASS,2026-09-03T23:22:35Z,ingest
1d5a86f7f971f25a6319eab00f399c5093ee10c2,1018313-46.2024.8.26.0100,UNKNOWN,,https://vivanteaj.com.br/wp-content/uploads/2024/11/2a-lista-de-credores-JA-Santos.pdf,/home/user/Anteparo/data/pdfs/vivanteaj.com.br/1d5a86f7f971f25a.pdf,1,[],OK_NO_TOTALS,TABLE,TABLE_BANDS,prose_signal=3; CASE_FROM_PAGE; classIII=NO_TOTAL,2026-09-03T23:22:35Z,ingest
d9ab54fe1ab07fae49d0a867e58dbcb1102594ce,0214287-36.2023.8.06.0001,UNKNOWN,,https://bugarimecoelho.com.br/ws/media-library/71722120c8b4f03400841fd0bc4312f7/42---02deg-aditivo-ao-plano-de-recuperacao-judicial-1-12.pdf,/home/user/Anteparo/data/pdfs/bugarimecoelho.com.br/d9ab54fe1ab07fae.pdf,12,"[{""class"": ""II"", ""currency"": ""BRL"", ""total"": ""1.82"", ""count"": null, ""page"": 12, ""section"": 1}, {""class"": ""II"", ""currency"": ""BRL"", ""total"": ""53.59"", ""count"": null, ""page"": 12, ""section"": 2}]",OK,TABLE,TABLE_BANDS,prose_signal=1; CASE_FROM_PAGE; classIII=NO_ROWS,2026-09-03T23:22:35Z,ingest
9b3333651bdbb8dfbe7400def191ee73b8f7cd69,0214287-36.2023.8.06.0001,PLAN,,https://bugarimecoelho.com.br/ws/media-library/392cdc7b5c3a452b9252bb0e7627fa63/08---plano-de-recuperacao-judicial.pdf,/home/user/Anteparo/data/pdfs/bugarimecoelho.com.br/9b3333651bdbb8df.pdf,18,[],OK_NO_TOTALS,TABLE,TABLE_BANDS,prose_signal=0; classIII=NO_ROWS,2026-09-03T23:22:45Z,ingest
7dbc762f31fb510dce5cd9ad9a93740f96778434,0270804-61.2023.8.06.0001,PLAN,,https://bugarimecoelho.com.br/ws/media-library/9875146249984188852cdf88ef3deb6f/4-plano-de-recuperacao-2.pdf,/home/user/Anteparo/data/pdfs/bugarimecoelho.com.br/7dbc762f31fb510d.pdf,28,[],OK_NO_TOTALS,TABLE,TABLE_BANDS,prose_signal=0; classIII=NO_ROWS,2026-09-03T23:22:45Z,ingest
5ee14ba3a40f97bcbb84773e7112bb242fde2ab4,0700434-14.2025.8.02.0042,AJ_LIST,2026-02-28,https://vivanteaj.com.br/wp-content/uploads/2024/11/Sentenca-Prest.-Contas-Vivante.pdf,/home/user/Anteparo/data/pdfs/vivanteaj.com.br/5ee14ba3a40f97bc.pdf,15,[],OK_NO_TOTALS,TABLE,TABLE_BANDS,prose_signal=0; classIII=NO_ROWS,2026-09-03T23:22:45Z,ingest
42c47b3394b49b81b6a05ce95da770b7967d1e87,0000707-30.2008.8.02.0042,UNKNOWN,,https://vivanteaj.com.br/wp-content/uploads/2024/11/20.08.2013-Sentenca-Decretacao-da-Falencia-Laginha-1.pdf,/home/user/Anteparo/data/pdfs/vivanteaj.com.br/42c47b3394b49b81.pdf,24,[],NO_TEXT_LAYER,NONE,,NO_TEXT_LAYER: needs OCR; CASE_FROM_PAGE; classIII=NO_ROWS,2026-09-03T23:22:45Z,ingest
1e8e27e13f99399e394c07db0990a29cd74fc928,3000117-40.2025.8.06.0512,UNKNOWN,2026-07-09,https://bugarimecoelho.com.br/ws/media-library/38bfb264f2d01233d1cc8db0ec27f7b2/15---sentenca-de-extincao-da-recuperacao.pdf,/home/user/Anteparo/data/pdfs/bugarimecoelho.com.br/1e8e27e13f99399e.pdf,15,[],OK_NO_TOTALS,TABLE,TABLE_BANDS,prose_signal=0; classIII=NO_ROWS,2026-09-03T23:22:45Z,ingest
3c2c8c48199e054e5e0d782d413f22754f5729a0,0700116-36.2022.8.02.0042,AJ_LIST,,https://vivanteaj.com.br/wp-content/uploads/2024/11/Contrato-Arrendamento-Copervales-Homologado.pdf,/home/user/Anteparo/data/pdfs/vivanteaj.com.br/3c2c8c48199e054e.pdf,135,[],OK_NO_TOTALS,PROSE,PROSE,prose_signal=5; classIII=NO_ROWS,2026-09-03T23:22:57Z,ingest
9365ea27c7f326cd9205729bbd8d502da304e5bf,0000707-30.2008.8.02.0042,AJ_LIST,,https://vivanteaj.com.br/wp-content/uploads/2024/11/Contrato-Arrendamento-Utinga-Homologado.pdf,/home/user/Anteparo/data/pdfs/vivanteaj.com.br/9365ea27c7f326cd.pdf,48,"[{""class"": null, ""currency"": ""BRL"", ""total"": ""1077.92"", ""count"": null, ""page"": 32, ""section"": 0}, {""class"": null, ""currency"": ""BRL"", ""total"": ""6294.30"", ""count"": null, ""page"": 32, ""section"": 1}, {""class"": null, ""currency"": ""BRL"", ""total"": ""1077.92"", ""count"": null, ""page"": 33, ""section"": 2}, {""class"": null, ""currency"": ""BRL"", ""total"": ""6294.30"", ""count"": null, ""page"": 33, ""section"": 3}]",OK_NO_TOTALS,TABLE,TABLE_RULED,prose_signal=0; CASE_FROM_PAGE; classIII=NO_ROWS,2026-09-03T23:22:57Z,ingest
9054c39b449aa0bd3d922f9e261bb1053f6aad59,0214287-36.2023.8.06.0001,DEBTOR_LIST,2023-03-10,https://bugarimecoelho.com.br/ws/media-library/6bcbc667cb054f0197873f522bb076de/02---edital-do-processamento.pdf,/home/user/Anteparo/data/pdfs/bugarimecoelho.com.br/9054c39b449aa0bd.pdf,79,"[{""class"": ""I"", ""currency"": ""BRL"", ""total"": null, ""count"": null, ""page"": 2, ""section"": 1}, {""class"": ""II"", ""currency"": ""BRL"", ""total"": null, ""count"": null, ""page"": 5, ""section"": 2}, {""class"": ""III"", ""currency"": ""BRL"", ""total"": null, ""count"": null, ""page"": 5, ""section"": 3}, {""class"": ""IV"", ""currency"": ""BRL"", ""total"": null, ""count"": null, ""page"": 7, ""section"": 4}, {""class"": ""I"", ""currency"": ""BRL"", ""total"": null, ""count"": null, ""page"": 9, ""section"": 5}, {""class"": ""II"", ""currency"": ""BRL"", ""total"": null, ""count"": null, ""page"": 34, ""section"": 6}, {""class"": ""III"", ""currency"": ""BRL"", ""total"": null, ""count"": null, ""page"": 34, ""section"": 7}, {""class"": ""IV"", ""currency"": ""BRL"", ""total"": null, ""count"": null, ""page"": 52, ""section"": 8}]",OK_NO_TOTALS,PROSE,PROSE,prose_signal=291; classIII=NO_TOTAL,2026-09-03T23:22:57Z,ingest
6e1de5dc2c644df6ef236dde2e8ade0fa3614085,0137354-93.2024.8.17.2001,AJ_LIST,2026-04-06,https://vivanteaj.com.br/wp-content/uploads/2024/12/Modificativo-ao-PRJ-Grupo-Procenge.pdf,/home/user/Anteparo/data/pdfs/vivanteaj.com.br/6e1de5dc2c644df6.pdf,28,[],OK_NO_TOTALS,TABLE,TABLE_RULED,prose_signal=0; classIII=NO_TOTAL,2026-09-03T23:22:57Z,ingest
6398fe1f30068d96a76e4449c7dae71b8364a491,0214287-36.2023.8.06.0001,UNKNOWN,2026-07-09,https://bugarimecoelho.com.br/ws/media-library/6c628fe11ba9764cefa3c40adaef0fb6/57---edital-de-extincao-da-rj.pdf,/home/user/Anteparo/data/pdfs/bugarimecoelho.com.br/6398fe1f30068d96.pdf,17,"[{""class"": null, ""currency"": ""BRL"", ""total"": ""3008806.84"", ""count"": null, ""page"": 13, ""section"": 0}]",OK_NO_TOTALS,TABLE,TABLE_BANDS,prose_signal=1; classIII=NO_ROWS,2026-09-03T23:22:57Z,ingest
5e92e3edcc85b40ed18b4a8ec42256f4a2642c19,1003322-70.2024.8.26.0260,PLAN,,https://vivanteaj.com.br/wp-content/uploads/2025/02/PRJ-AGRO-SAFRA.pdf,/home/user/Anteparo/data/pdfs/vivanteaj.com.br/5e92e3edcc85b40e.pdf,123,"[{""class"": ""I"", ""currency"": ""BRL"", ""total"": null, ""count"": null, ""page"": 80, ""section"": 13}, {""class"": ""IV"", ""currency"": ""BRL"", ""total"": null, ""count"": null, ""page"": 80, ""section"": 14}, {""class"": ""III"", ""currency"": ""BRL"", ""total"": null, ""count"": null, ""page"": 80, ""section"": 15}, {""class"": ""III"", ""currency"": ""BRL"", ""total"": null, ""count"": null, ""page"": 81, ""section"": 16}]",OK_NO_TOTALS,PROSE,PROSE,prose_signal=6; classIII=NO_TOTAL,2026-09-03T23:23:03Z,ingest
6da849833e6135aa3a5945bb7d3e5288f49cf349,0001324-92.2023.8.17.2710,UNKNOWN,2025-02-12,https://vivanteaj.com.br/wp-content/uploads/2024/11/plano-de-recuperacao.pdf,/home/user/Anteparo/data/pdfs/vivanteaj.com.br/6da849833e6135aa.pdf,43,[],OK_NO_TOTALS,TABLE,TABLE_BANDS,prose_signal=0; classIII=NO_ROWS,2026-09-03T23:23:03Z,ingest
e8716be9e9fb0aa25cfd6fc3c7b386411456b034,0270804-61.2023.8.06.0001,DEBTOR_LIST,,https://bugarimecoelho.com.br/ws/media-library/2b30262273a9470bbddc334b564f1a0e/1.-processamento-da-recuperacao.pdf,/home/user/Anteparo/data/pdfs/bugarimecoelho.com.br/e8716be9e9fb0aa2.pdf,10,[],OK_NO_TOTALS,TABLE,TABLE_BANDS,prose_signal=0; classIII=NO_ROWS,2026-09-03T23:23:03Z,ingest
ec39faeb6c83e9893002ca34668ca6396a5734ec,0001324-92.2023.8.17.2710,UNKNOWN,2025-02-12,https://vivanteaj.com.br/wp-content/uploads/2024/11/1-aditivo-prj.pdf,/home/user/Anteparo/data/pdfs/vivanteaj.com.br/ec39faeb6c83e989.pdf,43,[],OK_NO_TOTALS,TABLE,TABLE_BANDS,prose_signal=0; classIII=NO_ROWS,2026-09-03T23:23:04Z,ingest
73b45cbf1779afc0265bba96895afb5cec00f12c,3000117-40.2025.8.06.0512,UNKNOWN,2026-07-09,https://bugarimecoelho.com.br/ws/media-library/b6b7ea42b9fa2afe30bc728fe00cd5c6/07---edital-do-processamento-da-recuperacao-judicial.pdf,/home/user/Anteparo/data/pdfs/bugarimecoelho.com.br/73b45cbf1779afc0.pdf,17,"[{""class"": ""I"", ""currency"": ""BRL"", ""total"": ""837302.41"", ""count"": null, ""page"": 15, ""section"": 1}, {""class"": ""III"", ""currency"": ""BRL"", ""total"": ""12156746.87"", ""count"": null, ""page"": 16, ""section"": 4}, {""class"": ""IV"", ""currency"": ""BRL"", ""total"": ""25909.84"", ""count"": null, ""page"": 17, ""section"": 6}]",OK,TABLE,TABLE_RULED,prose_signal=0; classIII=PASS,2026-09-03T23:23:04Z,ingest
165832408a80a2198fad924c643a079d12d4c599,0001324-92.2023.8.17.2710,UNKNOWN,2025-02-12,https://vivanteaj.com.br/wp-content/uploads/2024/11/2-aitivo-prj.pdf,/home/user/Anteparo/data/pdfs/vivanteaj.com.br/165832408a80a219.pdf,42,[],OK_NO_TOTALS,TABLE,TABLE_BANDS,prose_signal=0; classIII=NO_ROWS,2026-09-03T23:23:05Z,ingest
7429ed3948415105a3fae18df99e120abe0424d1,0001324-92.2023.8.17.2710,UNKNOWN,2026-05-12,https://vivanteaj.com.br/wp-content/uploads/2024/11/Analise-do-PRJ-ONDUNORTE.pdf,/home/user/Anteparo/data/pdfs/vivanteaj.com.br/7429ed3948415105.pdf,18,[],OK_NO_TOTALS,TABLE,TABLE_BANDS,prose_signal=1; classIII=NO_ROWS,2026-09-03T23:23:05Z,ingest
ea63dbf6e884cf429e48a4a41c21450d98fc799b,1111148-53.2024.8.26.0100,PLAN,,https://vivanteaj.com.br/wp-content/uploads/2024/11/plano-mettaloys.pdf,/home/user/Anteparo/data/pdfs/vivanteaj.com.br/ea63dbf6e884cf42.pdf,39,"[{""class"": ""I"", ""currency"": ""BRL"", ""total"": ""222048791.58"", ""count"": null, ""page"": 29, ""section"": 13}]",OK,TABLE,TABLE_BANDS,prose_signal=0; classIII=NO_ROWS,2026-09-03T23:23:07Z,ingest
5a97531f74f2bd1c56d0ff05f12a24e3d0980f85,0035526-54.2024.8.17.2001,UNKNOWN,2024-12-06,https://vivanteaj.com.br/wp-content/uploads/2024/11/Plano-de-Recuperacao-Judicial-.pdf,/home/user/Anteparo/data/pdfs/vivanteaj.com.br/5a97531f74f2bd1c.pdf,23,[],OK_NO_TOTALS,TABLE,TABLE_BANDS,prose_signal=4; classIII=NO_ROWS,2026-09-03T23:23:10Z,ingest
f5dac366e07f2dc4995b7cff5edb248a765a259a,0035526-54.2024.8.17.2001,UNKNOWN,2025-09-01,https://vivanteaj.com.br/wp-content/uploads/2024/11/Sentenca-de-decretacao-da-flaencia.pdf,/home/user/Anteparo/data/pdfs/vivanteaj.com.br/f5dac366e07f2dc4.pdf,16,[],OK_NO_TOTALS,TABLE,TABLE_BANDS,prose_signal=0; classIII=NO_ROWS,2026-09-03T23:23:10Z,ingest
426de92c73a68c31946800e3b5d71c4b363fd2ce,0810226-31.2023.8.20.5001,UNKNOWN,2023-06-02,https://vivanteaj.com.br/wp-content/uploads/2023/06/Plano-de-Recuperacao-Judicial.pdf,/home/user/Anteparo/data/pdfs/vivanteaj.com.br/426de92c73a68c31.pdf,18,[],OK_NO_TOTALS,TABLE,TABLE_BANDS,prose_signal=0; classIII=NO_TOTAL,2026-09-03T23:23:10Z,ingest
f0da96f309ed0093c18ddeb7bebf328a72c2f55d,0810226-31.2023.8.20.5001,UNKNOWN,2023-08-30,https://vivanteaj.com.br/wp-content/uploads/2023/06/1o-Aditivo-ao-Plano-de-Recuperacao-Judicial.pdf,/home/user/Anteparo/data/pdfs/vivanteaj.com.br/f0da96f309ed0093.pdf,15,[],OK_NO_TOTALS,TABLE,TABLE_BANDS,prose_signal=0; classIII=NO_TOTAL,2026-09-03T23:23:10Z,ingest
2ac823d92eb7f868895072ff208832e3af9b2702,0810226-31.2023.8.20.5001,QGC,,https://vivanteaj.com.br/wp-content/uploads/2023/06/2o-Aditivo-ao-Plano-de-Recuperacao-Judicial.pdf,/home/user/Anteparo/data/pdfs/vivanteaj.com.br/2ac823d92eb7f868.pdf,6,[],OK_NO_TOTALS,TABLE,TABLE_BANDS,prose_signal=0; CASE_FROM_PAGE; classIII=NO_TOTAL,2026-09-03T23:23:10Z,ingest
311d772b176425b52cdc1e8ceefcae4b40879620,0810226-31.2023.8.20.5001,UNKNOWN,2024-03-26,https://vivanteaj.com.br/wp-content/uploads/2023/06/3o-Aditivo-ao-Plano-de-Recuperacao-Judicial.pdf,/home/user/Anteparo/data/pdfs/vivanteaj.com.br/311d772b176425b5.pdf,11,[],OK_NO_TOTALS,TABLE,TABLE_BANDS,prose_signal=0; classIII=NO_TOTAL,2026-09-03T23:23:11Z,ingest
53201976136be2add896e67dd4ecd695d747febd,8041832-19.2024.8.05.0001,AJ_LIST,2025-08-18,https://vivanteaj.com.br/wp-content/uploads/2026/07/Sentenca-que-decretou-a-falencia-da-Ert-2.pdf,/home/user/Anteparo/data/pdfs/vivanteaj.com.br/53201976136be2ad.pdf,11,[],OK_NO_TOTALS,TABLE,TABLE_BANDS,prose_signal=0; classIII=NO_ROWS,2026-09-03T23:23:11Z,ingest
c3f733246f5b20a6dbfbcfcf0dc01db55377f045,8041832-19.2024.8.05.0001,UNKNOWN,,https://vivanteaj.com.br/wp-content/uploads/2026/07/Sentenca-que-encerrou-a-Falencia.pdf,/home/user/Anteparo/data/pdfs/vivanteaj.com.br/c3f733246f5b20a6.pdf,6,[],NO_TEXT_LAYER,NONE,,NO_TEXT_LAYER: needs OCR; CASE_FROM_PAGE; classIII=NO_ROWS,2026-09-03T23:23:19Z,ingest
60159d3fb21399aa5228b101e4e6c3ea0d75d2f7,0124413-63.2006.8.05.0001,UNKNOWN,,https://vivanteaj.com.br/wp-content/uploads/2024/11/Sentenca-que-encerrou-a-falencia-da-Agenda.pdf,/home/user/Anteparo/data/pdfs/vivanteaj.com.br/60159d3fb21399aa.pdf,2,[],NO_TEXT_LAYER,NONE,,NO_TEXT_LAYER: needs OCR; CASE_FROM_PAGE; classIII=NO_ROWS,2026-09-03T23:23:19Z,ingest
eb8469488f861f3a5a9e4b605c1f589989c296de,8041832-19.2024.8.05.0001,UNKNOWN,,https://vivanteaj.com.br/wp-content/uploads/2026/07/Edital-do-art.-114-A.pdf,/home/user/Anteparo/data/pdfs/vivanteaj.com.br/eb8469488f861f3a.pdf,3,[],NO_TEXT_LAYER,NONE,,NO_TEXT_LAYER: needs OCR; CASE_FROM_PAGE; classIII=NO_ROWS,2026-09-03T23:23:20Z,ingest
6546778b06cca578e10b2c5fcfe9a33af3351bb0,0004984-95.2024.8.16.0153,UNKNOWN,,https://vtladm.com.br/wp-content/uploads/2025/05/02-Relacao-de-Credores-Agile-Equipamentos-Odontologicos-Ltda.pdf,/home/user/Anteparo/data/pdfs/vtladm.com.br/6546778b06cca578.pdf,4,[],NO_TEXT_LAYER,NONE,,NO_TEXT_LAYER: needs OCR; CASE_FROM_PAGE; classIII=NO_ROWS,2026-09-03T23:23:29Z,ingest
e9004acac74c550943e5a1518e566ee51be5b369,0004984-95.2024.8.16.0153,AJ_LIST,2025-08-17,https://vtladm.com.br/wp-content/uploads/2025/05/06_Primeiro_Edital_Convocacao_Credores_Agile_Equipamentos_Odontologicos.pdf,/home/user/Anteparo/data/pdfs/vtladm.com.br/e9004acac74c5509.pdf,2,"[{""class"": ""I"", ""currency"": ""BRL"", ""total"": null, ""count"": null, ""page"": 2, ""section"": 1}, {""class"": ""III"", ""currency"": ""BRL"", ""total"": null, ""count"": null, ""page"": 2, ""section"": 2}, {""class"": ""IV"", ""currency"": ""BRL"", ""total"": null, ""count"": null, ""page"": 2, ""section"": 3}]",OK_NO_TOTALS,PROSE,PROSE,prose_signal=0; fell back to PROSE; classIII=NO_TOTAL,2026-09-03T23:23:29Z,ingest
076655377ea71ba960489be908611ab17d7184b2,1005755-09.2025.8.26.0132,UNKNOWN,,https://vtladm.com.br/wp-content/uploads/2025/08/02-–-Primeira-Relacao-de-Credores-–-Distribuidora-de-Frutas-Rumo-Novo-Ltda.-EPP-e-outros.pdf,/home/user/Anteparo/data/pdfs/vtladm.com.br/076655377ea71ba9.pdf,8,"[{""class"": null, ""currency"": ""BRL"", ""total"": ""26360964.87"", ""count"": null, ""page"": 8, ""section"": 14}]",OK_NO_TOTALS,TABLE,TABLE_RULED,prose_signal=0; CASE_FROM_PAGE; classIII=NO_TOTAL,2026-09-03T23:23:29Z,ingest
55c560845fb46547db5897005968a7b08c4133c5,0804994-81.2024.8.07.0016,UNKNOWN,2023-01-18,https://vtladm.com.br/wp-content/uploads/2026/01/02-Relacao-de-Credores-Ellite-Consultoria-E-Assessoria-Ltda.pdf,/home/user/Anteparo/data/pdfs/vtladm.com.br/55c560845fb46547.pdf,3,[],OK_NO_TOTALS,TABLE,TABLE_RULED,prose_signal=0; classIII=NO_ROWS,2026-09-03T23:23:29Z,ingest
f7130b327cf528cc41841222ca9caf3aa10b6c8b,0804994-81.2024.8.07.0016,QGC,2024-11-18,https://vtladm.com.br/wp-content/uploads/2026/01/14-Primeiro-Edital-de-Credores-Ellite-Consultoria-E-Assessoria-Ltda.pdf,/home/user/Anteparo/data/pdfs/vtladm.com.br/f7130b327cf528cc.pdf,11,[],OK_NO_TOTALS,TABLE,TABLE_RULED,prose_signal=2; classIII=NO_TOTAL,2026-09-03T23:23:29Z,ingest
30c9c08af726b77eeb4d3ef1299ef2125085d98c,1009827-02.2024.8.26.0576,UNKNOWN,2023-06-27,https://vtladm.com.br/wp-content/uploads/2024/04/02.-Relacao-de-Credores.pdf,/home/user/Anteparo/data/pdfs/vtladm.com.br/30c9c08af726b77e.pdf,7,"[{""class"": null, ""currency"": ""BRL"", ""total"": ""796775.65"", ""count"": null, ""page"": 1, ""section"": 0}, {""class"": null, ""currency"": ""BRL"", ""total"": ""18383.34"", ""count"": null, ""page"": 1, ""section"": 1}, {""class"": null, ""currency"": ""BRL"", ""total"": ""240234.00"", ""count"": null, ""page"": 1, ""section"": 2}, {""class"": null, ""currency"": ""BRL"", ""total"": ""75150.26"", ""count"": null, ""page"": 1, ""section"": 3}, {""class"": null, ""currency"": ""BRL"", ""total"": ""1104150.99"", ""count"": null, ""page"": 2, ""section"": 4}, {""class"": null, ""currency"": ""BRL"", ""total"": ""80040.16"", ""count"": null, ""page"": 2, ""section"": 5}, {""class"": null, ""currency"": ""BRL"", ""total"": ""368663.75"", ""count"": null, ""page"": 2, ""section"": 6}, {""class"": null, ""currency"": ""BRL"", ""total"": ""172494.15"", ""count"": null, ""page"": 2, ""section"": 7}, {""class"": null, ""currency"": ""BRL"", ""total"": ""52568.50"", ""count"": null, ""page"": 2, ""section"": 8}, {""class"": null, ""currency"": ""BRL"", ""total"": ""32438.00"", ""count"": null, ""page"": 2, ""section"": 9}, {""class"": null, ""currency"": ""BRL"", ""total"": ""80184.14"", ""count"": null, ""page"": 2, ""section"": 10}, {""class"": null, ""currency"": ""BRL"", ""total"": ""175081.33"", ""count"": null, ""page"": 2, ""section"": 11}, {""class"": null, ""currency"": ""BRL"", ""total"": ""32816.66"", ""count"": null, ""page"": 2, ""section"": 12}, {""class"": null, ""currency"": ""BRL"", ""total"": ""148586.67"", ""count"": null, ""page"": 2, ""section"": 13}, {""class"": null, ""currency"": ""BRL"", ""total"": ""428034.09"", ""count"": null, ""page"": 2, ""section"": 14}, {""class"": null, ""currency"": ""BRL"", ""total"": ""354127.86"", ""count"": null, ""page"": 2, ""section"": 15}, {""class"": null, ""currency"": ""BRL"", ""total"": ""2169341.45"", ""count"": null, ""page"": 2, ""section"": 18}, {""class"": null, ""currency"": ""BRL"", ""total"": ""325000.00"", ""count"": null, ""page"": 2, ""section"": 18}, {""class"": null, ""currency"": ""BRL"", ""total"": ""41847.50"", ""count"": null, ""page"": 2, ""section"": 19}, {""class"": null, ""currency"": ""BRL"", ""total"": ""30494.43"", ""count"": null, ""page"": 3, ""section"": 20}, {""class"": null, ""currency"": ""BRL"", ""total"": ""31658.34"", ""count"": null, ""page"": 3, ""section"": 21}, {""class"": null, ""currency"": ""BRL"", ""total"": ""17000.00"", ""count"": null, ""page"": 3, ""section"": 22}, {""class"": null, ""currency"": ""BRL"", ""total"": ""16374.16"", ""count"": null, ""page"": 3, ""section"": 23}, {""class"": null, ""currency"": ""BRL"", ""total"": ""55313.67"", ""count"": null, ""page"": 3, ""section"": 24}, {""class"": null, ""currency"": ""BRL"", ""total"": ""67208.00"", ""count"": null, ""page"": 3, ""section"": 25}, {""class"": null, ""currency"": ""BRL"", ""total"": ""60815.00"", ""count"": null, ""page"": 3, ""section"": 26}, {""class"": null, ""currency"": ""BRL"", ""total"": ""25000.00"", ""count"": null, ""page"": 3, ""section"": 27}, {""class"": null, ""currency"": ""BRL"", ""total"": ""45400.00"", ""count"": null, ""page"": 3, ""section"": 28}, {""class"": null, ""currency"": ""BRL"", ""total"": ""127800.00"", ""count"": null, ""page"": 3, ""section"": 29}, {""class"": null, ""currency"": ""BRL"", ""total"": ""12949.00"", ""count"": null, ""page"": 3, ""section"": 30}, {""class"": null, ""currency"": ""BRL"", ""total"": ""95058.00"", ""count"": null, ""page"": 3, ""section"": 31}, {""class"": null, ""currency"": ""BRL"", ""total"": ""33042.33"", ""count"": null, ""page"": 3, ""section"": 32}, {""class"": null, ""currency"": ""BRL"", ""total"": ""6800.00"", ""count"": null, ""page"": 3, ""section"": 33}, {""class"": null, ""currency"": ""BRL"", ""total"": ""31486.66"", ""count"": null, ""page"": 3, ""section"": 34}, {""class"": null, ""currency"": ""BRL"", ""total"": ""74333.32"", ""count"": null, ""page"": 3, ""section"": 35}, {""class"": null, ""currency"": ""BRL"", ""total"": ""40000.00"", ""count"": null, ""page"": 3, ""section"": 36}, {""class"": null, ""currency"": ""BRL"", ""total"": ""38793.33"", ""count"": null, ""page"": 3, ""section"": 37}, {""class"": null, ""currency"": ""BRL"", ""total"": ""59514.16"", ""count"": null, ""page"": 3, ""section"": 38}, {""class"": null, ""currency"": ""BRL"", ""total"": ""2382.23"", ""count"": null, ""page"": 3, ""section"": 39}, {""class"": null, ""currency"": ""BRL"", ""total"": ""6071.92"", ""count"": null, ""page"": 3, ""section"": 40}, {""class"": null, ""currency"": ""BRL"", ""total"": ""1326.60"", ""count"": null, ""page"": 3, ""section"": 41}, {""class"": null, ""currency"": ""BRL"", ""total"": ""846.70"", ""count"": null, ""page"": 3, ""section"": 42}, {""class"": null, ""currency"": ""BRL"", ""total"": ""3584.58"", ""count"": null, ""page"": 4, ""section"": -1}, {""class"": null, ""currency"": ""BRL"", ""total"": ""1202.25"", ""count"": null, ""page"": 4, ""section"": -1}, {""class"": null, ""currency"": ""BRL"", ""total"": ""530.94"", ""count"": null, ""page"": 4, ""section"": -1}, {""class"": null, ""currency"": ""BRL"", ""total"": ""1475.75"", ""count"": null, ""page"": 4, ""section"": -1}, {""class"": null, ""currency"": ""BRL"", ""total"": ""970.73"", ""count"": null, ""page"": 4, ""section"": -1}, {""class"": null, ""currency"": ""BRL"", ""total"": ""8890.00"", ""count"": null, ""page"": 4, ""section"": -1}, {""class"": null, ""currency"": ""BRL"", ""total"": ""3017.80"", ""count"": null, ""page"": 4, ""section"": -1}, {""class"": null, ""currency"": ""BRL"", ""total"": ""895.60"", ""count"": null, ""page"": 4, ""section"": -1}, {""class"": null, ""currency"": ""BRL"", ""total"": ""4199.33"", ""count"": null, ""page"": 4, ""section"": -1}, {""class"": null, ""currency"": ""BRL"", ""total"": ""135.00"", ""count"": null, ""page"": 4, ""section"": -1}, {""class"": null, ""currency"": ""BRL"", ""total"": ""130905.74"", ""count"": null, ""page"": 4, ""section"": -1}, {""class"": null, ""currency"": ""BRL"", ""total"": ""31284.50"", ""count"": null, ""page"": 4, ""section"": -1}, {""class"": null, ""currency"": ""BRL"", ""total"": ""70254.82"", ""count"": null, ""page"": 4, ""section"": -1}, {""class"": null, ""currency"": ""BRL"", ""total"": ""390793.75"", ""count"": null, ""page"": 4, ""section"": -1}, {""class"": null, ""currency"": ""BRL"", ""total"": ""802157.46"", ""count"": null, ""page"": 4, ""section"": -1}, {""class"": null, ""currency"": ""BRL"", ""total"": ""310918.57"", ""count"": null, ""page"": 4, ""section"": -1}, {""class"": null, ""currency"": ""BRL"", ""total"": ""30593.97"", ""count"": null, ""page"": 4, ""section"": -1}, {""class"": null, ""currency"": ""BRL"", ""total"": ""29483.42"", ""count"": null, ""page"": 4, ""section"": -1}, {""class"": null, ""currency"": ""BRL"", ""total"": ""26920.54"", ""count"": null, ""page"": 4, ""section"": -1}, {""class"": null, ""currency"": ""BRL"", ""total"": ""28113.65"", ""count"": null, ""page"": 4, ""section"": -1}, {""class"": null, ""currency"": ""BRL"", ""total"": ""11760.04"", ""count"": null, ""page"": 4, ""section"": -1}, {""class"": null, ""currency"": ""BRL"", ""total"": ""17838.53"", ""count"": null, ""page"": 5, ""section"": 43}, {""class"": null, ""currency"": ""BRL"", ""total"": ""13766.19"", ""count"": null, ""page"": 5, ""section"": 44}, {""class"": null, ""currency"": ""BRL"", ""total"": ""12573.12"", ""count"": null, ""page"": 5, ""section"": 45}, {""class"": null, ""currency"": ""BRL"", ""total"": ""9055.09"", ""count"": null, ""page"": 5, ""section"": 46}, {""class"": null, ""currency"": ""BRL"", ""total"": ""9605.13"", ""count"": null, ""page"": 5, ""section"": 47}, {""class"": null, ""currency"": ""BRL"", ""total"": ""7512.67"", ""count"": null, ""page"": 5, ""section"": 48}, {""class"": null, ""currency"": ""BRL"", ""total"": ""4708.04"", ""count"": null, ""page"": 5, ""section"": 49}, {""class"": null, ""currency"": ""BRL"", ""total"": ""36848.71"", ""count"": null, ""page"": 5, ""section"": 50}, {""class"": null, ""currency"": ""BRL"", ""total"": ""38880.66"", ""count"": null, ""page"": 5, ""section"": 51}, {""class"": null, ""currency"": ""BRL"", ""total"": ""3670.98"", ""count"": null, ""page"": 5, ""section"": 52}, {""class"": null, ""currency"": ""BRL"", ""total"": ""21504.90"", ""count"": null, ""page"": 5, ""section"": 53}, {""class"": null, ""currency"": ""BRL"", ""total"": ""16428.66"", ""count"": null, ""page"": 5, ""section"": 54}, {""class"": null, ""currency"": ""BRL"", ""total"": ""28660.10"", ""count"": null, ""page"": 5, ""section"": 55}, {""class"": null, ""currency"": ""BRL"", ""total"": ""1576.10"", ""count"": null, ""page"": 5, ""section"": 56}, {""class"": null, ""currency"": ""BRL"", ""total"": ""949.73"", ""count"": null, ""page"": 5, ""section"": 57}, {""class"": null, ""currency"": ""BRL"", ""total"": ""659.51"", ""count"": null, ""page"": 5, ""section"": 58}, {""class"": null, ""currency"": ""BRL"", ""total"": ""1370.00"", ""count"": null, ""page"": 5, ""section"": 59}, {""class"": null, ""currency"": ""BRL"", ""total"": ""1530.00"", ""count"": null, ""page"": 5, ""section"": 60}, {""class"": null, ""currency"": ""BRL"", ""total"": ""5000.00"", ""count"": null, ""page"": 5, ""section"": 61}, {""class"": null, ""currency"": ""BRL"", ""total"": ""4050.00"", ""count"": null, ""page"": 5, ""section"": 62}, {""class"": null, ""currency"": ""BRL"", ""total"": ""3605.00"", ""count"": null, ""page"": 5, ""section"": 63}, {""class"": null, ""currency"": ""BRL"", ""total"": ""480.00"", ""count"": null, ""page"": 5, ""section"": 64}, {""class"": null, ""currency"": ""BRL"", ""total"": ""2120846.00"", ""count"": null, ""page"": 5, ""section"": 65}]",OK_NO_TOTALS,TABLE,TABLE_RULED,prose_signal=0; CASE_FROM_PAGE; classIII=NO_TOTAL,2026-09-03T23:24:31Z,ingest
1ee499984e77401c9159bc6d3f4f4850d6c76b64,0012822-66.2019.8.16.0185,AJ_LIST,2020-09-02,https://marquesadmjudicial.com.br/sgc/download.php?file=files/processo_documento/processo_documento11431807032024_1_.pdf&nome=Relação nominal de credores retificada,/home/user/Anteparo/data/pdfs/marquesadmjudicial.com.br/1ee499984e77401c.pdf,2,[],OK_NO_TOTALS,TABLE,TABLE_BANDS,prose_signal=0; classIII=NO_ROWS,2026-09-03T23:24:31Z,ingest
89671ae49d87f89fdf44efa9c5b9c668ed4162a1,1009827-02.2024.8.26.0576,AJ_LIST,,https://vtladm.com.br/wp-content/uploads/2024/04/09-–-EDITAL-DE-CONVOCACAO-DE-CREDORES-–-Frigorifico-Alfa-Industria-e-Comercio-de-Carnes-e-Derivados-Ltda.-e-Ctx-Logistica-Transporte-E-Locacoes-Ltda.pdf,/home/user/Anteparo/data/pdfs/vtladm.com.br/89671ae49d87f89f.pdf,2,"[{""class"": ""II"", ""currency"": ""BRL"", ""total"": ""2120846.00"", ""count"": null, ""page"": 1, ""section"": 2}, {""class"": ""III"", ""currency"": ""BRL"", ""total"": ""8098853.09"", ""count"": null, ""page"": 2, ""section"": 4}, {""class"": ""IV"", ""currency"": ""BRL"", ""total"": ""25417.92"", ""count"": null, ""page"": 2, ""section"": 6}, {""class"": null, ""currency"": ""BRL"", ""total"": ""1814061.17"", ""count"": null, ""page"": 2, ""section"": 8}]",OK,TABLE,TABLE_RULED,prose_signal=0; CASE_FROM_PAGE; classIII=PASS,2026-09-03T23:24:31Z,ingest
8f0e2375119473a6c65b6f4dda0462b10394e813,0029070-63.2018.8.16.0017,QGC,2019-01-21,https://marquesadmjudicial.com.br/sgc/download.php?file=files/processo_documento/processo_documento14374912112024_1_.pdf&nome=Decisão-Homologação QGC e Encerramento da RJ,/home/user/Anteparo/data/pdfs/marquesadmjudicial.com.br/8f0e2375119473a6.pdf,5,[],OK_NO_TOTALS,PROSE,PROSE,prose_signal=2; fell back to PROSE; classIII=NO_ROWS,2026-09-03T23:24:31Z,ingest
e326b614bb6a2d2ff54a37f386aed5d6d9d79f76,0029070-63.2018.8.16.0017,QGC,2018-12-17,"https://marquesadmjudicial.com.br/sgc/download.php?file=files/processo_documento/processo_documento14370712112024_1_.pdf&nome=Edital Homologação QGC-Art. 18, parágrafo único, Lei 11.101_2005",/home/user/Anteparo/data/pdfs/marquesadmjudicial.com.br/e326b614bb6a2d2f.pdf,1,"[{""class"": ""I"", ""currency"": ""BRL"", ""total"": null, ""count"": null, ""page"": 1, ""section"": 1}, {""class"": ""II"", ""currency"": ""BRL"", ""total"": null, ""count"": null, ""page"": 1, ""section"": 2}, {""class"": ""III"", ""currency"": ""BRL"", ""total"": null, ""count"": null, ""page"": 1, ""section"": 3}, {""class"": ""IV"", ""currency"": ""BRL"", ""total"": null, ""count"": null, ""page"": 1, ""section"": 4}]",OK_NO_TOTALS,PROSE,PROSE,prose_signal=0; fell back to PROSE; classIII=NO_TOTAL,2026-09-03T23:24:31Z,ingest
5bdc973c1f3ad0def26f23a38bbc7202b57b06e3,1001190-70.2020.8.26.0069,QGC,2020-08-14,https://marquesadmjudicial.com.br/sgc/download.php?file=files/processo_documento/processo_documento14014312022025_1_.pdf&nome=Edital - Homologação do Quadro Geral de Credores,/home/user/Anteparo/data/pdfs/marquesadmjudicial.com.br/5bdc973c1f3ad0de.pdf,1,[],OK_NO_TOTALS,TABLE,TABLE_BANDS,prose_signal=0; classIII=NO_ROWS,2026-09-03T23:24:31Z,ingest
9c6ed1c6cb6bff35a65e26eb97a462be84eef4f1,0031120-52.2024.8.16.0017,AJ_LIST,,https://marquesadmjudicial.com.br/sgc/download.php?file=files/processo_documento/processo_documento11241027032026_1_.pdf&nome=2° Edital - Relação de Credores AJ e PRJ,/home/user/Anteparo/data/pdfs/marquesadmjudicial.com.br/9c6ed1c6cb6bff35.pdf,1,"[{""class"": ""I"", ""currency"": ""BRL"", ""total"": null, ""count"": null, ""page"": 1, ""section"": 1}, {""class"": ""I"", ""currency"": ""BRL"", ""total"": null, ""count"": null, ""page"": 1, ""section"": 2}, {""class"": ""II"", ""currency"": ""BRL"", ""total"": null, ""count"": null, ""page"": 1, ""section"": 3}, {""class"": ""III"", ""currency"": ""BRL"", ""total"": null, ""count"": null, ""page"": 1, ""section"": 4}, {""class"": ""III"", ""currency"": ""BRL"", ""total"": null, ""count"": null, ""page"": 1, ""section"": 5}, {""class"": ""IV"", ""currency"": ""BRL"", ""total"": null, ""count"": null, ""page"": 1, ""section"": 6}, {""class"": ""IV"", ""currency"": ""BRL"", ""total"": null, ""count"": null, ""page"": 1, ""section"": 7}, {""class"": null, ""currency"": ""BRL"", ""total"": ""2992957.49"", ""count"": null, ""page"": 1, ""section"": 8}]",OK_NO_TOTALS,PROSE,PROSE,prose_signal=0; fell back to PROSE; classIII=NO_TOTAL,2026-09-03T23:24:31Z,ingest
640f9f90349c65b6b12e351e9184f3a9bffb1fe6,0012043-76.2016.8.16.0069,AJ_LIST,2017-03-31,"https://marquesadmjudicial.com.br/sgc/download.php?file=files/processo_documento/processo_documento16092407032024_1_.pdf&nome=Relação Nominal de Credores da AJ - art. 7º, §2º",/home/user/Anteparo/data/pdfs/marquesadmjudicial.com.br/640f9f90349c65b6.pdf,16,"[{""class"": ""I"", ""currency"": ""BRL"", ""total"": ""1202832.75"", ""count"": null, ""page"": 8, ""section"": 1}, {""class"": ""III"", ""currency"": ""BRL"", ""total"": ""65545459.42"", ""count"": null, ""page"": 14, ""section"": 3}, {""class"": ""IV"", ""currency"": ""BRL"", ""total"": ""3775483.40"", ""count"": null, ""page"": 16, ""section"": 5}]",OK,TABLE,TABLE_BANDS,prose_signal=0; classIII=PASS,2026-09-03T23:24:31Z,ingest
abf6f46571cf6e72ecac4025383c82de99ef2939,4000807-49.2026.8.26.0354,UNKNOWN,,https://vtladm.com.br/wp-content/uploads/2026/06/02-–-Relacao-de-Credores-–-NAIR-AKICO-KAWAKAMI-MORIOKA-E-OUTROS.pdf,/home/user/Anteparo/data/pdfs/vtladm.com.br/abf6f46571cf6e72.pdf,5,"[{""class"": ""I"", ""currency"": ""BRL"", ""total"": null, ""count"": null, ""page"": 2, ""section"": 1}, {""class"": ""I"", ""currency"": ""BRL"", ""total"": null, ""count"": null, ""page"": 2, ""section"": 2}, {""class"": ""II"", ""currency"": ""BRL"", ""total"": null, ""count"": null, ""page"": 3, ""section"": 3}, {""class"": ""II"", ""currency"": ""BRL"", ""total"": null, ""count"": null, ""page"": 3, ""section"": 4}, {""class"": ""III"", ""currency"": ""BRL"", ""total"": null, ""count"": null, ""page"": 4, ""section"": 5}, {""class"": ""III"", ""currency"": ""BRL"", ""total"": null, ""count"": null, ""page"": 4, ""section"": 6}]",OK_NO_TOTALS,PROSE,PROSE,prose_signal=12; CASE_FROM_PAGE; classIII=NO_TOTAL,2026-09-03T23:24:36Z,ingest
ea574e1d75aac9bbc36b2681a486d65a9b2891f8,0012043-76.2016.8.16.0069,UNKNOWN,2017-09-19,https://marquesadmjudicial.com.br/sgc/download.php?file=files/processo_documento/processo_documento16122407032024_1_.pdf&nome=Relação Nominal de Credores da AJ Retificada - Classe I,/home/user/Anteparo/data/pdfs/marquesadmjudicial.com.br/ea574e1d75aac9bb.pdf,7,"[{""class"": ""I"", ""currency"": ""BRL"", ""total"": ""1397167.52"", ""count"": null, ""page"": 7, ""section"": 1}]",OK,TABLE,TABLE_BANDS,prose_signal=0; classIII=NO_ROWS,2026-09-03T23:24:36Z,ingest
3cf351396c7846d50e8240816dbdf760351221bf,1057555-04.2023.8.26.0114,UNKNOWN,,https://vtladm.com.br/wp-content/uploads/2024/02/02-–-Relacao-de-Credores-–-WWS-Services-e-Worldwide.pdf,/home/user/Anteparo/data/pdfs/vtladm.com.br/3cf351396c7846d5.pdf,41,"[{""class"": ""I"", ""currency"": ""BRL"", ""total"": null, ""count"": null, ""page"": 1, ""section"": 1}, {""class"": ""III"", ""currency"": ""BRL"", ""total"": null, ""count"": null, ""page"": 14, ""section"": 2}, {""class"": ""IV"", ""currency"": ""BRL"", ""total"": null, ""count"": null, ""page"": 18, ""section"": 4}, {""class"": ""I"", ""currency"": ""BRL"", ""total"": null, ""count"": null, ""page"": 25, ""section"": 5}, {""class"": ""III"", ""currency"": ""BRL"", ""total"": null, ""count"": null, ""page"": 36, ""section"": 6}, {""class"": ""IV"", ""currency"": ""BRL"", ""total"": null, ""count"": null, ""page"": 39, ""section"": 7}]",OK_NO_TOTALS,PROSE,PROSE,prose_signal=6; CASE_FROM_PAGE; classIII=NO_TOTAL,2026-09-03T23:24:36Z,ingest
d6f7a8653e64f84185a85621bbe176690617993e,0012043-76.2016.8.16.0069,AJ_LIST,2017-09-19,https://marquesadmjudicial.com.br/sgc/download.php?file=files/processo_documento/processo_documento16120907032024_1_.pdf&nome=Relação Nominal de Credores da AJ Retificada - Classe III,/home/user/Anteparo/data/pdfs/marquesadmjudicial.com.br/d6f7a8653e64f841.pdf,5,"[{""class"": ""III"", ""currency"": ""BRL"", ""total"": ""46015096.86"", ""count"": null, ""page"": 5, ""section"": 1}]",OK,TABLE,TABLE_BANDS,prose_signal=0; classIII=PASS,2026-09-03T23:24:36Z,ingest
01ec96f91175032eb830465116342c1b016bab5d,0012043-76.2016.8.16.0069,UNKNOWN,2017-09-19,https://marquesadmjudicial.com.br/sgc/download.php?file=files/processo_documento/processo_documento16115007032024_1_.pdf&nome=Relação Nominal de Credores da AJ Retificada - Classe IV,/home/user/Anteparo/data/pdfs/marquesadmjudicial.com.br/01ec96f91175032e.pdf,2,[],OK_NO_TOTALS,TABLE,TABLE_BANDS,prose_signal=0; classIII=NO_ROWS,2026-09-03T23:24:36Z,ingest
dd976bf4a75f9cb9277528b66403b87d0c918dd0,0701237-50.2019.8.07.0015,UNKNOWN,2025-09-12,https://vtladm.com.br/wp-content/uploads/2025/06/06-–-Manifestacao-do-Administrador-Judicial-–-Insolvencia-Civil-de-Ambrosino-de-Serpa-Coutinho.pdf,/home/user/Anteparo/data/pdfs/vtladm.com.br/dd976bf4a75f9cb9.pdf,21,[],OK_NO_TOTALS,TABLE,TABLE_RULED,prose_signal=0; classIII=NO_TOTAL,2026-09-03T23:24:36Z,ingest
4dd6cfab37008eaf2d95c59fd9b94aabca512712,0701237-50.2019.8.07.0015,AJ_LIST,2026-02-23,https://vtladm.com.br/wp-content/uploads/2024/07/07_Edital_Publicacao_Segunda_Relacao_Credores_Insolvencia_Civil_Ambrosino_Serpa_Coutinho.pdf,/home/user/Anteparo/data/pdfs/vtladm.com.br/4dd6cfab37008eaf.pdf,3,[],OK_NO_TOTALS,TABLE,TABLE_BANDS,prose_signal=2; classIII=NO_ROWS,2026-09-03T23:24:36Z,ingest
492eb783da5b43a2ce2c2c7e541e91a8431fb46c,1000831-12.2024.8.26.0286,AJ_LIST,,https://vtladm.com.br/wp-content/uploads/2024/11/03-Edital-Decretacao-de-Falencia-e-Convocacao-de-Credores-Massa-Falida-de-Blue-Sol-Energia-Solar-Ltda-e-Outros.pdf,/home/user/Anteparo/data/pdfs/vtladm.com.br/492eb783da5b43a2.pdf,7,[],OK_NO_TOTALS,TABLE,TABLE_BANDS,prose_signal=0; classIII=NO_TOTAL,2026-09-03T23:24:36Z,ingest
5fa919099e880891712216cb3c3ff12674efdce9,1094652-46.2024.8.26.0100,AJ_LIST,,https://vtladm.com.br/wp-content/uploads/2024/09/05-–-Segunda-Lista-de-Credores-–-Massa-Falida-de-Blue-Sol-Energia-Solar-Ltda-e-Outros.pdf,/home/user/Anteparo/data/pdfs/vtladm.com.br/5fa919099e880891.pdf,26,[],OK_NO_TOTALS,TABLE,TABLE_RULED,prose_signal=0; CASE_FROM_PAGE; classIII=NO_TOTAL,2026-09-03T23:24:36Z,ingest
9846e4c0bb373e6d20054e1b22855355a6383506,0043030-30.2025.8.16.0021,AJ_LIST,2025-09-12,https://marquesadmjudicial.com.br/sgc/download.php?file=files/processo_documento/processo_documento18581929042026_1_.pdf&nome=3º Edital - Relação de Credores e PRJ,/home/user/Anteparo/data/pdfs/marquesadmjudicial.com.br/9846e4c0bb373e6d.pdf,1,"[{""class"": ""IV"", ""currency"": ""BRL"", ""total"": null, ""count"": null, ""page"": 1, ""section"": 1}, {""class"": ""I"", ""currency"": ""BRL"", ""total"": null, ""count"": null, ""page"": 1, ""section"": 2}, {""class"": ""II"", ""currency"": ""BRL"", ""total"": null, ""count"": null, ""page"": 1, ""section"": 3}, {""class"": ""III"", ""currency"": ""BRL"", ""total"": null, ""count"": null, ""page"": 1, ""section"": 4}]",OK_NO_TOTALS,PROSE,PROSE,prose_signal=0; fell back to PROSE; classIII=NO_TOTAL,2026-09-03T23:24:36Z,ingest
047d9ccddeb69efb9a0d86ea1839af7b25ff1d28,0740910-30.1997.8.26.0100,QGC,,https://vtladm.com.br/wp-content/uploads/2024/07/03-–-Manifestacao-do-Sindico-–-Sintese-do-Processo-e-Quadro-Geral-de-Credores-–-Massa-Falida-de-Francismar-Comercio-Importacao-e-Exportacao-Ltda.-e-outros.pdf,/home/user/Anteparo/data/pdfs/vtladm.com.br/047d9ccddeb69efb.pdf,12,[],OK_NO_TOTALS,TABLE,TABLE_RULED,prose_signal=0; classIII=NO_TOTAL,2026-09-03T23:24:36Z,ingest
a8e829e4f0246eb715c9bff47aedc8b3214651bd,0005910-33.2023.8.16.0017,AJ_LIST,2023-10-24,https://marquesadmjudicial.com.br/sgc/download.php?file=files/processo_documento/processo_documento16444407032024_1_.pdf&nome=2° Edital - Relação de Credores AJ e Recebimento do PRJ,/home/user/Anteparo/data/pdfs/marquesadmjudicial.com.br/a8e829e4f0246eb7.pdf,3,"[{""class"": ""I"", ""currency"": ""BRL"", ""total"": null, ""count"": null, ""page"": 2, ""section"": 3}, {""class"": ""II"", ""currency"": ""BRL"", ""total"": null, ""count"": null, ""page"": 2, ""section"": 4}, {""class"": ""III"", ""currency"": ""BRL"", ""total"": null, ""count"": null, ""page"": 2, ""section"": 5}, {""class"": ""IV"", ""currency"": ""BRL"", ""total"": null, ""count"": null, ""page"": 3, ""section"": 6}]",OK_NO_TOTALS,PROSE,PROSE,prose_signal=0; fell back to PROSE; classIII=NO_TOTAL,2026-09-03T23:24:36Z,ingest
d4746f2cf5299d1105890707acd9666f51e676c8,0740910-30.1997.8.26.0100,QGC,,https://vtladm.com.br/wp-content/uploads/2024/07/07-–-Manifestacao-do-Sindico-–-Quadro-Geral-de-Credores-e-Ativos-–-Massa-Falida-de-Francismar-Comercio-Importacao-e-Exportacao-Ltda.-e-outros.pdf,/home/user/Anteparo/data/pdfs/vtladm.com.br/d4746f2cf5299d11.pdf,11,"[{""class"": null, ""currency"": ""BRL"", ""total"": ""268773.11"", ""count"": null, ""page"": 5, ""section"": 3}]",OK_NO_TOTALS,TABLE,TABLE_RULED,prose_signal=0; classIII=NO_TOTAL,2026-09-03T23:24:36Z,ingest
6b3e5c13e21bbe01145358f4d4d641efb8001f7c,0740910-30.1997.8.26.0100,UNKNOWN,,https://vtladm.com.br/wp-content/uploads/2024/07/08-–-Manifestacao-do-Sindico-–-Quadro-Geral-de-Credores-e-Ativos-–-Massa-Falida-de-Francismar-Comercio-Importacao-e-Exportacao-Ltda.-e-outros.pdf,/home/user/Anteparo/data/pdfs/vtladm.com.br/6b3e5c13e21bbe01.pdf,5,[],NO_TEXT_LAYER,NONE,,NO_TEXT_LAYER: needs OCR; CASE_FROM_PAGE; classIII=NO_ROWS,2026-09-03T23:24:36Z,ingest
437e79745649ebc229e33ceff1017c077113003a,0037411-27.2022.8.16.0021,AJ_LIST,2022-11-17,"https://marquesadmjudicial.com.br/sgc/download.php?file=files/processo_documento/processo_documento16562707032024_1_.pdf&nome=2º Edital-Relação de Credores do art. 7, §2 da LREF e do Plano de Recuperação Judicial",/home/user/Anteparo/data/pdfs/marquesadmjudicial.com.br/437e79745649ebc2.pdf,3,"[{""class"": ""I"", ""currency"": ""BRL"", ""total"": null, ""count"": null, ""page"": 1, ""section"": 1}, {""class"": ""II"", ""currency"": ""BRL"", ""total"": null, ""count"": null, ""page"": 1, ""section"": 2}, {""class"": ""III"", ""currency"": ""BRL"", ""total"": null, ""count"": null, ""page"": 1, ""section"": 3}, {""class"": ""IV"", ""currency"": ""BRL"", ""total"": null, ""count"": null, ""page"": 1, ""section"": 4}]",OK_NO_TOTALS,PROSE,PROSE,prose_signal=1; fell back to PROSE; classIII=NO_TOTAL,2026-09-03T23:24:36Z,ingest
246b1b49f233c2eda22335bd5f6b8bc05bcc8455,0740910-30.1997.8.26.0100,QGC,2025-11-07,https://vtladm.com.br/wp-content/uploads/2024/07/09-–-Edital-do-Quadro-Geral-de-Credores-–-Massa-Falida-de-Francismar-Comercio-Importacao-e-Exportacao-Ltda.-e-outros.pdf,/home/user/Anteparo/data/pdfs/vtladm.com.br/246b1b49f233c2ed.pdf,5,"[{""class"": null, ""currency"": ""BRL"", ""total"": ""324576.20"", ""count"": null, ""page"": 1, ""section"": 0}]",OK_NO_TOTALS,TABLE,TABLE_RULED,prose_signal=0; classIII=NO_ROWS,2026-09-03T23:24:36Z,ingest
9cfadfdd93110c240d2383bb3abaddb5c228c50c,0704506-58.2023.8.07.0015,QGC,,https://vtladm.com.br/wp-content/uploads/2024/07/09-–-Arrecadacao-e-Quadro-Geral-de-Credores-–-Massa-Falida-de-Xadi-Servicos-de-Odontologia-Ltda-1.pdf,/home/user/Anteparo/data/pdfs/vtladm.com.br/9cfadfdd93110c24.pdf,13,"[{""class"": null, ""currency"": ""BRL"", ""total"": ""11020.00"", ""count"": null, ""page"": 5, ""section"": 0}, {""class"": null, ""currency"": ""BRL"", ""total"": ""939.00"", ""count"": null, ""page"": 6, ""section"": 1}, {""class"": null, ""currency"": ""BRL"", ""total"": ""16839.90"", ""count"": null, ""page"": 7, ""section"": 2}, {""class"": null, ""currency"": ""BRL"", ""total"": ""16624.00"", ""count"": null, ""page"": 7, ""section"": 3}, {""class"": null, ""currency"": ""BRL"", ""total"": ""1218127.44"", ""count"": null, ""page"": 9, ""section"": 4}]",OK_NO_TOTALS,TABLE,TABLE_RULED,prose_signal=0; classIII=NO_TOTAL,2026-09-03T23:24:36Z,ingest
f3cc2594600ba52cf309cd3ca9c5b58ada39864a,0001943-40.2024.8.16.0115,DEBTOR_LIST,2024-06-17,"https://marquesadmjudicial.com.br/sgc/download.php?file=files/processo_documento/processo_documento16040221112024_1_.pdf&nome=1º Edital - Art.52, § 1º - Intimação de Credores e Terceiros - Deferimento de Processamento",/home/user/Anteparo/data/pdfs/marquesadmjudicial.com.br/f3cc2594600ba52c.pdf,2,"[{""class"": ""I"", ""currency"": ""BRL"", ""total"": null, ""count"": null, ""page"": 1, ""section"": 1}, {""class"": ""III"", ""currency"": ""BRL"", ""total"": null, ""count"": null, ""page"": 1, ""section"": 2}, {""class"": ""IV"", ""currency"": ""BRL"", ""total"": null, ""count"": null, ""page"": 2, ""section"": 3}]",OK_NO_TOTALS,PROSE,PROSE,prose_signal=0; fell back to PROSE; classIII=NO_TOTAL,2026-09-03T23:24:36Z,ingest
59edede5a45f10dec005fc884cb316f1591e9710,0001943-40.2024.8.16.0115,AJ_LIST,2024-06-17,"https://marquesadmjudicial.com.br/sgc/download.php?file=files/processo_documento/processo_documento16013521112024_1_.pdf&nome=4º Edital - Art. 7º, § 2º - Aviso de Apresentação da Relação de Credores",/home/user/Anteparo/data/pdfs/marquesadmjudicial.com.br/59edede5a45f10de.pdf,1,"[{""class"": ""IV"", ""currency"": ""BRL"", ""total"": null, ""count"": null, ""page"": 1, ""section"": 1}, {""class"": ""I"", ""currency"": ""BRL"", ""total"": null, ""count"": null, ""page"": 1, ""section"": 2}, {""class"": ""III"", ""currency"": ""BRL"", ""total"": null, ""count"": null, ""page"": 1, ""section"": 3}]",OK_NO_TOTALS,PROSE,PROSE,prose_signal=0; fell back to PROSE; classIII=NO_TOTAL,2026-09-03T23:24:36Z,ingest
101325714c397cfea3e6a98353b4c6afafd70102,0004984-95.2024.8.16.0153,PLAN,,https://vtladm.com.br/wp-content/uploads/2025/05/07_Plano_Recuperacao_Judicial_Agile_Equipamentos_Odontologicos.pdf,/home/user/Anteparo/data/pdfs/vtladm.com.br/101325714c397cfe.pdf,34,[],OK_NO_TOTALS,TABLE,TABLE_BANDS,prose_signal=0; classIII=NO_TOTAL,2026-09-03T23:24:52Z,ingest
3b41e1096ace3bb40afc92d035ed2a21ac894d15,1005755-09.2025.8.26.0132,AJ_LIST,,https://vtladm.com.br/wp-content/uploads/2025/08/09_Plano_Recuperacao_Judicial_Distribuidora_Frutas_Rumo_Novo.pdf,/home/user/Anteparo/data/pdfs/vtladm.com.br/3b41e1096ace3bb4.pdf,29,[],OK_NO_TOTALS,TABLE,TABLE_RULED,prose_signal=2; classIII=NO_TOTAL,2026-09-03T23:24:52Z,ingest
8968c57cedaa34c913a638253bc73c823f4133aa,0000410-68.2021.8.16.0174,DEBTOR_LIST,2021-09-10,"https://marquesadmjudicial.com.br/sgc/download.php?file=files/processo_documento/processo_documento16353121112024_1_.pdf&nome=1º Edital - Art.52, § 1º - Intimação de Credores e Terceiros - Deferimento de Processamento - Retificação",/home/user/Anteparo/data/pdfs/marquesadmjudicial.com.br/8968c57cedaa34c9.pdf,1,"[{""class"": ""I"", ""currency"": ""BRL"", ""total"": null, ""count"": null, ""page"": 1, ""section"": 1}, {""class"": ""II"", ""currency"": ""BRL"", ""total"": null, ""count"": null, ""page"": 1, ""section"": 2}, {""class"": ""III"", ""currency"": ""BRL"", ""total"": null, ""count"": null, ""page"": 1, ""section"": 3}, {""class"": ""IV"", ""currency"": ""BRL"", ""total"": null, ""count"": null, ""page"": 1, ""section"": 4}]",OK_NO_TOTALS,PROSE,PROSE,prose_signal=0; fell back to PROSE; classIII=NO_ROWS,2026-09-03T23:24:52Z,ingest
b6332d5cbdbfa406aef8e3e6beb94237491028c5,0000410-68.2021.8.16.0174,DEBTOR_LIST,2021-01-22,"https://marquesadmjudicial.com.br/sgc/download.php?file=files/processo_documento/processo_documento16335821112024_1_.pdf&nome=2º Edital - Art.52, § 1º - Intimação de Credores e Terceiros - Deferimento de Processamento",/home/user/Anteparo/data/pdfs/marquesadmjudicial.com.br/b6332d5cbdbfa406.pdf,3,"[{""class"": ""I"", ""currency"": ""BRL"", ""total"": null, ""count"": null, ""page"": 1, ""section"": 1}, {""class"": ""II"", ""currency"": ""BRL"", ""total"": null, ""count"": null, ""page"": 2, ""section"": 2}, {""class"": ""III"", ""currency"": ""BRL"", ""total"": null, ""count"": null, ""page"": 2, ""section"": 3}, {""class"": ""IV"", ""currency"": ""BRL"", ""total"": null, ""count"": null, ""page"": 3, ""section"": 4}]",OK_NO_TOTALS,PROSE,PROSE,prose_signal=0; fell back to PROSE; classIII=NO_TOTAL,2026-09-03T23:24:52Z,ingest
c720f6bdb4f772d7ba9b60626d05ad1e49fc5070,0000410-68.2021.8.16.0174,AJ_LIST,,"https://marquesadmjudicial.com.br/sgc/download.php?file=files/processo_documento/processo_documento14290608032024_1_.pdf&nome=3º Edital - Art. 7º, § 2º - Aviso de Apresentação da Relação de Credores",/home/user/Anteparo/data/pdfs/marquesadmjudicial.com.br/c720f6bdb4f772d7.pdf,2,"[{""class"": ""I"", ""currency"": ""BRL"", ""total"": null, ""count"": null, ""page"": 1, ""section"": 1}, {""class"": ""II"", ""currency"": ""BRL"", ""total"": null, ""count"": null, ""page"": 1, ""section"": 2}, {""class"": ""III"", ""currency"": ""BRL"", ""total"": null, ""count"": null, ""page"": 1, ""section"": 3}, {""class"": ""IV"", ""currency"": ""BRL"", ""total"": null, ""count"": null, ""page"": 2, ""section"": 4}]",OK_NO_TOTALS,PROSE,PROSE,prose_signal=0; fell back to PROSE; classIII=NO_TOTAL,2026-09-03T23:24:52Z,ingest
a3afeb0f9549b99330f76b25a2881fdeec099eb9,0016858-63.2025.8.16.0017,AJ_LIST,2025-10-06,https://marquesadmjudicial.com.br/sgc/download.php?file=files/processo_documento/processo_documento10384806112025_1_.pdf&nome=Relação Nominal de Credores da AJ-Sintética,/home/user/Anteparo/data/pdfs/marquesadmjudicial.com.br/a3afeb0f9549b993.pdf,5,"[{""class"": ""III"", ""currency"": ""BRL"", ""total"": ""214565.76"", ""count"": null, ""page"": 1, ""section"": 3}, {""class"": ""IV"", ""currency"": ""BRL"", ""total"": ""885296.28"", ""count"": null, ""page"": 1, ""section"": 4}, {""class"": ""III"", ""currency"": ""BRL"", ""total"": ""214565.76"", ""count"": null, ""page"": 4, ""section"": 7}, {""class"": ""IV"", ""currency"": ""BRL"", ""total"": ""885296.28"", ""count"": null, ""page"": 5, ""section"": 9}]",OK,TABLE,TABLE_BANDS,prose_signal=0; classIII=PASS,2026-09-03T23:24:52Z,ingest
ce2f12f70e88b7706e5692632255c6478e7680ae,0016858-63.2025.8.16.0017,AJ_LIST,2025-07-02,"https://marquesadmjudicial.com.br/sgc/download.php?file=files/processo_documento/processo_documento09284811112025_1_.pdf&nome=2º Edital - PRJ  e Relação Nominal de Credores art. 7º, § 2º, DA LEI 11.101_2005",/home/user/Anteparo/data/pdfs/marquesadmjudicial.com.br/ce2f12f70e88b770.pdf,1,"[{""class"": ""I"", ""currency"": ""BRL"", ""total"": null, ""count"": null, ""page"": 1, ""section"": 1}, {""class"": ""II"", ""currency"": ""BRL"", ""total"": null, ""count"": null, ""page"": 1, ""section"": 2}, {""class"": ""III"", ""currency"": ""BRL"", ""total"": null, ""count"": null, ""page"": 1, ""section"": 3}, {""class"": ""IV"", ""currency"": ""BRL"", ""total"": null, ""count"": null, ""page"": 1, ""section"": 4}]",OK_NO_TOTALS,PROSE,PROSE,prose_signal=0; fell back to PROSE; classIII=NO_TOTAL,2026-09-03T23:24:52Z,ingest
abd2d5ffdf9df859eaf8c5435a5a591ba21fade5,0804994-81.2024.8.07.0016,AJ_LIST,2026-06-08,https://vtladm.com.br/wp-content/uploads/2026/01/17-–-Plano-de-Recuperacao-Judicial-–-Ellite-Consultoria-E-Assessoria-Ltda.pdf,/home/user/Anteparo/data/pdfs/vtladm.com.br/abd2d5ffdf9df859.pdf,8,[],OK_NO_TOTALS,TABLE,TABLE_BANDS,prose_signal=0; classIII=NO_ROWS,2026-09-03T23:24:52Z,ingest
b10e169cea3ce43ac8d01820ec2df53bb1c0d7ba,0016858-63.2025.8.16.0017,AJ_LIST,2025-07-02,https://marquesadmjudicial.com.br/sgc/download.php?file=files/processo_documento/processo_documento09362812012026_1_.pdf&nome=3° Edital - Intimação de Credores e Terceiros Interessados,/home/user/Anteparo/data/pdfs/marquesadmjudicial.com.br/b10e169cea3ce43a.pdf,1,"[{""class"": ""I"", ""currency"": ""BRL"", ""total"": null, ""count"": null, ""page"": 1, ""section"": 1}, {""class"": ""II"", ""currency"": ""BRL"", ""total"": null, ""count"": null, ""page"": 1, ""section"": 2}, {""class"": ""III"", ""currency"": ""BRL"", ""total"": null, ""count"": null, ""page"": 1, ""section"": 3}, {""class"": ""IV"", ""currency"": ""BRL"", ""total"": null, ""count"": null, ""page"": 1, ""section"": 4}]",OK_NO_TOTALS,PROSE,PROSE,prose_signal=0; fell back to PROSE; classIII=NO_TOTAL,2026-09-03T23:24:52Z,ingest
1b8b44f15e4b1c69fa8a0458cf86664a949ffa7a,0003971-03.2023.8.16.0119,UNKNOWN,,https://marquesadmjudicial.com.br/sgc/download.php?file=files/processo_documento/processo_documento10482924062024_1_.pdf&nome=2º Edital - Relação de credores do AJ e PRJ,/home/user/Anteparo/data/pdfs/marquesadmjudicial.com.br/1b8b44f15e4b1c69.pdf,2,[],NO_TEXT_LAYER,NONE,,NO_TEXT_LAYER: needs OCR; CASE_FROM_PAGE; classIII=NO_ROWS,2026-09-03T23:25:02Z,ingest
7da28c400e52a21116f4be572f0f20b881953061,1009827-02.2024.8.26.0576,UNKNOWN,,https://vtladm.com.br/wp-content/uploads/2024/04/13-1o-Modificativo-ao-Plano-de-Recuperacao-Judicial-–-Frigorifico-Alfa-e-Ctx.pdf,/home/user/Anteparo/data/pdfs/vtladm.com.br/7da28c400e52a211.pdf,21,[],NO_TEXT_LAYER,NONE,,NO_TEXT_LAYER: needs OCR; CASE_FROM_PAGE; classIII=NO_ROWS,2026-09-03T23:25:33Z,ingest
295719aabe027d88053a289cbb86a9d21ab2f4e8,1009827-02.2024.8.26.0576,AJ_LIST,2024-04-05,https://vtladm.com.br/wp-content/uploads/2024/04/15-Homologacao-Do-Plano-De-Recuperacao-Judicial-Frigorifico-Alfa-e-Ctx.pdf,/home/user/Anteparo/data/pdfs/vtladm.com.br/295719aabe027d88.pdf,20,[],OK_NO_TOTALS,TABLE,TABLE_BANDS,prose_signal=0; classIII=NO_TOTAL,2026-09-03T23:25:33Z,ingest
96830f5ef11b636a49c31aae309bc5dce86f8769,0000357-17.2024.8.16.0131,AJ_LIST,2024-01-12,https://marquesadmjudicial.com.br/sgc/download.php?file=files/processo_documento/processo_documento10074612042024_1_.pdf&nome=2º Edital-Relação de Credores AJ e PRJ,/home/user/Anteparo/data/pdfs/marquesadmjudicial.com.br/96830f5ef11b636a.pdf,2,"[{""class"": ""I"", ""currency"": ""BRL"", ""total"": null, ""count"": null, ""page"": 1, ""section"": 1}, {""class"": ""II"", ""currency"": ""BRL"", ""total"": null, ""count"": null, ""page"": 1, ""section"": 2}, {""class"": ""III"", ""currency"": ""BRL"", ""total"": null, ""count"": null, ""page"": 1, ""section"": 3}, {""class"": ""IV"", ""currency"": ""BRL"", ""total"": null, ""count"": null, ""page"": 2, ""section"": 4}]",OK_NO_TOTALS,PROSE,PROSE,prose_signal=1; fell back to PROSE; classIII=NO_TOTAL,2026-09-03T23:25:33Z,ingest
1180d0ff83f8b661ab4fd94fbaaced46755aea7c,0008897-71.2025.8.16.0017,AJ_LIST,2025-04-08,https://marquesadmjudicial.com.br/sgc/download.php?file=files/processo_documento/processo_documento09444722082025_1_.pdf&nome=2° Edital - Relação de Credores AJ e PRJ,/home/user/Anteparo/data/pdfs/marquesadmjudicial.com.br/1180d0ff83f8b661.pdf,2,"[{""class"": ""I"", ""currency"": ""BRL"", ""total"": null, ""count"": null, ""page"": 1, ""section"": 1}, {""class"": ""IV"", ""currency"": ""BRL"", ""total"": null, ""count"": null, ""page"": 2, ""section"": 2}, {""class"": ""II"", ""currency"": ""BRL"", ""total"": null, ""count"": null, ""page"": 2, ""section"": 3}, {""class"": ""III"", ""currency"": ""BRL"", ""total"": null, ""count"": null, ""page"": 2, ""section"": 4}]",OK_NO_TOTALS,PROSE,PROSE,prose_signal=0; fell back to PROSE; classIII=NO_TOTAL,2026-09-03T23:25:33Z,ingest
9cdc12d4347bf3d8a20c9e7dd02f5dddb1df2391,0005010-98.2023.8.16.0001,AJ_LIST,2023-06-07,https://marquesadmjudicial.com.br/sgc/download.php?file=files/processo_documento/processo_documento14474608032024_1_.pdf&nome=3º Edital-Relação de Credores AJ e PRJ,/home/user/Anteparo/data/pdfs/marquesadmjudicial.com.br/9cdc12d4347bf3d8.pdf,4,"[{""class"": ""I"", ""currency"": ""BRL"", ""total"": null, ""count"": null, ""page"": 1, ""section"": 2}, {""class"": ""II"", ""currency"": ""BRL"", ""total"": null, ""count"": null, ""page"": 2, ""section"": 3}, {""class"": ""III"", ""currency"": ""BRL"", ""total"": null, ""count"": null, ""page"": 2, ""section"": 4}, {""class"": ""IV"", ""currency"": ""BRL"", ""total"": null, ""count"": null, ""page"": 3, ""section"": 5}]",OK_NO_TOTALS,PROSE,PROSE,prose_signal=1; fell back to PROSE; classIII=NO_TOTAL,2026-09-03T23:25:33Z,ingest
75957820e78fe14a4ca56c36c318dcdd0243499e,0012245-43.2022.8.16.0069,UNKNOWN,2022-12-06,https://marquesadmjudicial.com.br/sgc/download.php?file=files/processo_documento/processo_documento15422908032024_1_.pdf&nome=Relação de Credores das Recuperandas,/home/user/Anteparo/data/pdfs/marquesadmjudicial.com.br/75957820e78fe14a.pdf,12,"[{""class"": null, ""currency"": ""BRL"", ""total"": ""34381142.40"", ""count"": null, ""page"": 8, ""section"": 0}, {""class"": null, ""currency"": ""BRL"", ""total"": ""141633.50"", ""count"": null, ""page"": 8, ""section"": 1}, {""class"": null, ""currency"": ""BRL"", ""total"": ""79344.25"", ""count"": null, ""page"": 8, ""section"": 2}, {""class"": null, ""currency"": ""BRL"", ""total"": ""55959.85"", ""count"": null, ""page"": 8, ""section"": 3}, {""class"": null, ""currency"": ""BRL"", ""total"": ""440244.49"", ""count"": null, ""page"": 9, ""section"": 4}, {""class"": null, ""currency"": ""BRL"", ""total"": ""245721.93"", ""count"": null, ""page"": 11, ""section"": 5}, {""class"": null, ""currency"": ""BRL"", ""total"": ""9907.17"", ""count"": null, ""page"": 11, ""section"": 6}, {""class"": null, ""currency"": ""BRL"", ""total"": ""3353.34"", ""count"": null, ""page"": 12, ""section"": 7}, {""class"": null, ""currency"": ""BRL"", ""total"": ""147775.50"", ""count"": null, ""page"": 12, ""section"": 8}, {""class"": null, ""currency"": ""BRL"", ""total"": ""406757.94"", ""count"": null, ""page"": 12, ""section"": 9}]",OK_NO_TOTALS,TABLE,TABLE_RULED,prose_signal=9; fell back to TABLE; classIII=NO_ROWS,2026-09-03T23:25:33Z,ingest
2c00af99d308a8ecd52eca290efc77e8883915ed,0044747-14.2024.8.16.0021,UNKNOWN,2025-09-15,https://marquesadmjudicial.com.br/sgc/download.php?file=files/processo_documento/processo_documento09335916012025_1_.pdf&nome=Relação de Credores Recuperandas Classe II - Garantia Real,/home/user/Anteparo/data/pdfs/marquesadmjudicial.com.br/2c00af99d308a8ec.pdf,4,"[{""class"": null, ""currency"": ""BRL"", ""total"": ""82400439.22"", ""count"": null, ""page"": 4, ""section"": 19}]",OK_NO_TOTALS,TABLE,TABLE_BANDS,prose_signal=0; classIII=NO_ROWS,2026-09-03T23:25:33Z,ingest
82275b95fa5bba91709cfccb6d8cd8b813b42d10,0044747-14.2024.8.16.0021,UNKNOWN,2024-02-05,https://marquesadmjudicial.com.br/sgc/download.php?file=files/processo_documento/processo_documento09342616012025_1_.pdf&nome=Relação de Credores Recuperandas Classe III - Quirografário,/home/user/Anteparo/data/pdfs/marquesadmjudicial.com.br/82275b95fa5bba91.pdf,1,"[{""class"": ""III"", ""currency"": ""BRL"", ""total"": ""15765370.81"", ""count"": null, ""page"": 1, ""section"": 1}]",OK,TABLE,TABLE_BANDS,prose_signal=0; classIII=PASS,2026-09-03T23:25:33Z,ingest
9ab32db8c61962717f41121760d29d210689cf5b,0044747-14.2024.8.16.0021,AJ_LIST,2024-11-01,https://marquesadmjudicial.com.br/sgc/download.php?file=files/processo_documento/processo_documento09364127032025_1_.pdf&nome=3º Edital - Relação de Credores AJ e PRJ,/home/user/Anteparo/data/pdfs/marquesadmjudicial.com.br/9ab32db8c6196271.pdf,1,"[{""class"": ""I"", ""currency"": ""BRL"", ""total"": null, ""count"": null, ""page"": 1, ""section"": 1}, {""class"": ""II"", ""currency"": ""BRL"", ""total"": null, ""count"": null, ""page"": 1, ""section"": 2}, {""class"": ""III"", ""currency"": ""BRL"", ""total"": null, ""count"": null, ""page"": 1, ""section"": 3}, {""class"": ""IV"", ""currency"": ""BRL"", ""total"": null, ""count"": null, ""page"": 1, ""section"": 4}]",OK_NO_TOTALS,PROSE,PROSE,prose_signal=0; fell back to PROSE; classIII=NO_TOTAL,2026-09-03T23:25:33Z,ingest
cca2299a595082da695e5ab9bd24485b0b3bc2f1,0004387-24.2024.8.16.0090,UNKNOWN,2026-01-26,https://marquesadmjudicial.com.br/sgc/download.php?file=files/processo_documento/processo_documento09415102042026_1_.pdf&nome=Relação de credores Família - Classe III,/home/user/Anteparo/data/pdfs/marquesadmjudicial.com.br/cca2299a595082da.pdf,2,[],OK_NO_TOTALS,TABLE,TABLE_BANDS,prose_signal=0; classIII=NO_TOTAL,2026-09-03T23:25:33Z,ingest
99cb472df0c2ed713a292d089d8c8fb7737dc78a,0004387-24.2024.8.16.0090,UNKNOWN,2026-01-26,https://marquesadmjudicial.com.br/sgc/download.php?file=files/processo_documento/processo_documento09421602042026_1_.pdf&nome=Relação de credores Golden,/home/user/Anteparo/data/pdfs/marquesadmjudicial.com.br/99cb472df0c2ed71.pdf,1,[],OK_NO_TOTALS,TABLE,TABLE_BANDS,prose_signal=0; classIII=NO_ROWS,2026-09-03T23:25:33Z,ingest
fcb10a251582ff4fff1b8864bf38719cc11c0e03,0016033-22.2025.8.16.0017,AJ_LIST,2025-12-17,https://marquesadmjudicial.com.br/sgc/download.php?file=files/processo_documento/processo_documento19270817122025_1_.pdf&nome=Relação Nominal de Credores AJ,/home/user/Anteparo/data/pdfs/marquesadmjudicial.com.br/fcb10a251582ff4f.pdf,5,"[{""class"": ""I"", ""currency"": ""BRL"", ""total"": ""26703317.08"", ""count"": null, ""page"": 1, ""section"": 1}, {""class"": ""III"", ""currency"": ""BRL"", ""total"": ""184409048.54"", ""count"": null, ""page"": 1, ""section"": 3}, {""class"": ""IV"", ""currency"": ""BRL"", ""total"": ""4457196.80"", ""count"": null, ""page"": 1, ""section"": 4}, {""class"": ""IV"", ""currency"": ""BRL"", ""total"": ""215569562.42"", ""count"": null, ""page"": 1, ""section"": 4}, {""class"": ""I"", ""currency"": ""BRL"", ""total"": ""26703317.08"", ""count"": null, ""page"": 2, ""section"": 5}, {""class"": ""III"", ""currency"": ""BRL"", ""total"": ""184409048.54"", ""count"": null, ""page"": 4, ""section"": 8}, {""class"": ""IV"", ""currency"": ""BRL"", ""total"": ""4457196.80"", ""count"": null, ""page"": 5, ""section"": 10}]",OK,TABLE,TABLE_BANDS,prose_signal=0; classIII=PASS,2026-09-03T23:25:33Z,ingest
f7dea850dbf22b0e94af3d192ddf226828ec54d6,1057555-04.2023.8.26.0114,UNKNOWN,2024-04-15,https://vtladm.com.br/wp-content/uploads/2024/02/07-–-Plano-de-Recuperacao-Judicial-–-WWS-Services-e-Worldwide.pdf,/home/user/Anteparo/data/pdfs/vtladm.com.br/f7dea850dbf22b0e.pdf,114,"[{""class"": ""III"", ""currency"": ""BRL"", ""total"": ""1000.00"", ""count"": null, ""page"": 48, ""section"": 3}, {""class"": ""IV"", ""currency"": ""BRL"", ""total"": ""1000.00"", ""count"": null, ""page"": 50, ""section"": 5}]",OK,TABLE,TABLE_BANDS,prose_signal=3; classIII=PASS,2026-09-03T23:25:33Z,ingest
a36b026d629356e206e9dc2a4609db490eb907e1,0841699-85.2024.8.12.0001,QGC,,https://realbrasil.com.br/wp-content/uploads/2024/10/5.-LISTA-DE-CREDORES-RECUPERANDAS.pdf,/home/user/Anteparo/data/pdfs/realbrasil.com.br/a36b026d629356e2.pdf,1,"[{""class"": null, ""currency"": ""BRL"", ""total"": ""1882539.63"", ""count"": null, ""page"": 1, ""section"": 0}, {""class"": null, ""currency"": ""BRL"", ""total"": ""1109748.46"", ""count"": null, ""page"": 1, ""section"": 1}, {""class"": null, ""currency"": ""BRL"", ""total"": ""2992288.09"", ""count"": null, ""page"": 1, ""section"": 2}]",OK_NO_TOTALS,TABLE,TABLE_RULED,prose_signal=0; CASE_FROM_PAGE; classIII=NO_ROWS,2026-09-03T23:25:33Z,ingest
2b3afeed1492e822c0c2e057d7b71a16ad71e4ad,0016033-22.2025.8.16.0017,AJ_LIST,2025-08-27,https://marquesadmjudicial.com.br/sgc/download.php?file=files/processo_documento/processo_documento15291029012026_1_.pdf&nome=3° Edital de Intimação de Credores e Terceiros Interessados,/home/user/Anteparo/data/pdfs/marquesadmjudicial.com.br/2b3afeed1492e822.pdf,1,"[{""class"": ""IV"", ""currency"": ""BRL"", ""total"": null, ""count"": null, ""page"": 1, ""section"": 1}, {""class"": ""I"", ""currency"": ""BRL"", ""total"": null, ""count"": null, ""page"": 1, ""section"": 2}, {""class"": ""II"", ""currency"": ""BRL"", ""total"": null, ""count"": null, ""page"": 1, ""section"": 3}, {""class"": ""III"", ""currency"": ""BRL"", ""total"": null, ""count"": null, ""page"": 1, ""section"": 4}]",OK_NO_TOTALS,PROSE,PROSE,prose_signal=0; fell back to PROSE; classIII=NO_TOTAL,2026-09-03T23:25:33Z,ingest
b29dafefb0d6d20272f060a87d4a44f0ac3c3208,1000280-56.2023.8.26.0548,UNKNOWN,2024-04-15,https://vtladm.com.br/wp-content/uploads/2024/02/10-–-Plano-de-Recuperacao-Judicial-–-WWS-Services-e-Worldwide.pdf,/home/user/Anteparo/data/pdfs/vtladm.com.br/b29dafefb0d6d202.pdf,63,"[{""class"": ""III"", ""currency"": ""BRL"", ""total"": ""1000.00"", ""count"": null, ""page"": 47, ""section"": 3}, {""class"": ""IV"", ""currency"": ""BRL"", ""total"": ""1000.00"", ""count"": null, ""page"": 49, ""section"": 5}]",OK,TABLE,TABLE_BANDS,prose_signal=1; classIII=PASS,2026-09-03T23:25:33Z,ingest
cbd85648a2f4f7e5082e38e84b12469fb509a13a,1057555-04.2023.8.26.0114,UNKNOWN,,https://vtladm.com.br/wp-content/uploads/2024/02/16-Aditivo-ao-Plano-de-Recuperacao-Judicial-WWS-Services-e-Worldwide.pdf,/home/user/Anteparo/data/pdfs/vtladm.com.br/cbd85648a2f4f7e5.pdf,9,[],NO_TEXT_LAYER,NONE,,NO_TEXT_LAYER: needs OCR; CASE_FROM_PAGE; classIII=NO_ROWS,2026-09-03T23:25:33Z,ingest
39382ddb1e67a5fe99237ee320d90e9e25bce7aa,1057555-04.2023.8.26.0114,UNKNOWN,,https://vtladm.com.br/wp-content/uploads/2024/02/17-–-Sentenca-de-Homologacao-–-WWS-Services-e-Worldwide.pdf,/home/user/Anteparo/data/pdfs/vtladm.com.br/39382ddb1e67a5fe.pdf,13,[],NO_TEXT_LAYER,NONE,,NO_TEXT_LAYER: needs OCR; CASE_FROM_PAGE; classIII=NO_ROWS,2026-09-03T23:26:00Z,ingest
f22deef6e39eaddee6df0bd14ee4e9e6e3065fb6,0708109-34.2026.8.07.0016,AJ_LIST,2026-04-02,https://vtladm.com.br/wp-content/uploads/2026/04/03-–-Sentenca–-Massa-Insolvente-de-Marcelo-Gomes-de-Figueiredo-Mesquita.pdf,/home/user/Anteparo/data/pdfs/vtladm.com.br/f22deef6e39eadde.pdf,6,[],OK_NO_TOTALS,TABLE,TABLE_BANDS,prose_signal=0; classIII=NO_ROWS,2026-09-03T23:26:00Z,ingest
9fefb9d9c43859205912467389f45ddd4951c8ef,0701237-50.2019.8.07.0015,UNKNOWN,,https://vtladm.com.br/wp-content/uploads/2025/06/02-–-Sentenca-–-Declaracao-de-Insolvencia-Civil-–-Massa-Insolvente-de-Ambrosino-de-Serpa-Coutinho.pdf,/home/user/Anteparo/data/pdfs/vtladm.com.br/9fefb9d9c4385920.pdf,3,[],NO_TEXT_LAYER,NONE,,NO_TEXT_LAYER: needs OCR; CASE_FROM_PAGE; classIII=NO_ROWS,2026-09-03T23:26:00Z,ingest
954a0c5b527477d7eec188159b29e86ebcd171c3,0033222-82.2003.8.07.0001,AJ_LIST,2020-07-14,https://vtladm.com.br/wp-content/uploads/2024/11/02-–-Sentenca-–-Declaracao-de-Insolvencia-Civil-–-Massa-Insolvente-de-Augusto-Cesar-Zuqui-Lisboa.pdf,/home/user/Anteparo/data/pdfs/vtladm.com.br/954a0c5b527477d7.pdf,4,"[{""class"": null, ""currency"": ""BRL"", ""total"": ""38712.87"", ""count"": null, ""page"": 1, ""section"": 0}]",OK_NO_TOTALS,TABLE,TABLE_BANDS,prose_signal=0; classIII=NO_ROWS,2026-09-03T23:26:00Z,ingest
b3e3d2a5a80c6e496477a7e01ad811af3f9baba9,0016474-19.2022.8.03.0001,DEBTOR_LIST,2024-06-27,https://realbrasil.com.br/wp-content/uploads/2024/07/7.EDITAL-LISTA-DE-CREDORES-RECUPERANDA_03.07.2024.pdf,/home/user/Anteparo/data/pdfs/realbrasil.com.br/b3e3d2a5a80c6e49.pdf,8,[],OK_NO_TOTALS,TABLE,TABLE_BANDS,prose_signal=2; classIII=NO_TOTAL,2026-09-03T23:26:00Z,ingest
cbabba4972554e156ab08966f4d5ed4334fcbbdb,0873220-82.2023.8.12.0001,UNKNOWN,,https://realbrasil.com.br/wp-content/uploads/2024/05/4.LISTA-DE-CREDORES-DEVEDORA.pdf,/home/user/Anteparo/data/pdfs/realbrasil.com.br/cbabba4972554e15.pdf,2,"[{""class"": null, ""currency"": ""BRL"", ""total"": ""11021374.48"", ""count"": null, ""page"": 2, ""section"": 8}]",OK_NO_TOTALS,TABLE,TABLE_BANDS,prose_signal=0; CASE_FROM_PAGE; classIII=NO_ROWS,2026-09-03T23:26:00Z,ingest
759574e9b873a0015ac05da9ce1e7643913a3765,0712202-53.2020.8.07.0015,UNKNOWN,,https://vtladm.com.br/wp-content/uploads/2024/11/04-Edital-de-Intimacao-de-Possiveis-Interessados-e-Credores-Sobre-a-Adocao-do-Rito-da-Insolvencia-Frustrada-–-Massa-Insolvente-de-Augusto-Cesar-Zuqui-Lisboa.pdf,/home/user/Anteparo/data/pdfs/vtladm.com.br/759574e9b873a001.pdf,2,[],NO_TEXT_LAYER,NONE,,NO_TEXT_LAYER: needs OCR; CASE_FROM_PAGE; classIII=NO_ROWS,2026-09-03T23:26:00Z,ingest
48b1e937b4df6ece7022fa8bcfd5b1f19749c0af,0841183-02.2023.8.12.0001,AJ_LIST,2021-10-20,https://realbrasil.com.br/wp-content/uploads/2024/05/6.EDITAL-PROCESSAMENTO-DA-RJ-E-LISTA-DE-CREDORES_22.03.2024.pdf,/home/user/Anteparo/data/pdfs/realbrasil.com.br/48b1e937b4df6ece.pdf,5,[],OK_NO_TOTALS,PROSE,PROSE,prose_signal=0; fell back to PROSE; classIII=NO_ROWS,2026-09-03T23:26:00Z,ingest
019054905696ff6d183481bdfe123af23d441539,5048671-58.2024.8.08.0024,AJ_LIST,2025-04-07,https://ricardobiancardi.com.br/wp-content/uploads/2025/01/Edital-Credores-prazo_-10-dias-pub.-07.04.25.pdf,/home/user/Anteparo/data/pdfs/ricardobiancardi.com.br/019054905696ff6d.pdf,7,"[{""class"": ""I"", ""currency"": ""BRL"", ""total"": null, ""count"": null, ""page"": 2, ""section"": 1}, {""class"": ""I"", ""currency"": ""BRL"", ""total"": null, ""count"": null, ""page"": 2, ""section"": 2}, {""class"": ""III"", ""currency"": ""BRL"", ""total"": null, ""count"": null, ""page"": 3, ""section"": 3}, {""class"": ""IV"", ""currency"": ""BRL"", ""total"": null, ""count"": null, ""page"": 5, ""section"": 4}]",OK_NO_TOTALS,PROSE,PROSE,prose_signal=7; classIII=NO_TOTAL,2026-09-03T23:26:00Z,ingest
bf96785f7a4e919f76a22ff6fcd899efb24bd2d5,0041309-42.2014.8.08.0024,DEBTOR_LIST,2024-12-02,https://ricardobiancardi.com.br/wp-content/uploads/2024/12/Edital-1-relacao-de-credores-pub.-02.12.24-.pdf,/home/user/Anteparo/data/pdfs/ricardobiancardi.com.br/bf96785f7a4e919f.pdf,9,[],OK_NO_TOTALS,TABLE,TABLE_RULED,prose_signal=11; fell back to TABLE; classIII=NO_TOTAL,2026-09-03T23:26:00Z,ingest
d8a7993706efc76855476a48fd3aaa811593d232,5048671-58.2024.8.08.0024,UNKNOWN,2026-07-03,https://ricardobiancardi.com.br/wp-content/uploads/2026/01/Edital-Intimacao-concessao-da-RJ-HSM-pub.-29.06.26-.pdf,/home/user/Anteparo/data/pdfs/ricardobiancardi.com.br/d8a7993706efc768.pdf,19,[],OK_NO_TOTALS,TABLE,TABLE_BANDS,prose_signal=0; classIII=NO_ROWS,2026-09-03T23:26:00Z,ingest
aae340b28cfcab18b16c721288b2af53ff87a147,0873220-82.2023.8.12.0001,QGC,,https://realbrasil.com.br/wp-content/uploads/2024/05/11.-LISTA-DE-CREDORES-DO-AJ_QGC-.pdf,/home/user/Anteparo/data/pdfs/realbrasil.com.br/aae340b28cfcab18.pdf,46,"[{""class"": null, ""currency"": ""BRL"", ""total"": ""83496.69"", ""count"": null, ""page"": 15, ""section"": 23}]",OK_NO_TOTALS,TABLE,TABLE_RULED,prose_signal=0; classIII=NO_TOTAL,2026-09-03T23:26:00Z,ingest
3fef1f8dc8bf84494b2fa5516daa56a531fc5fa5,5048671-58.2024.8.08.0024,QGC,,https://ricardobiancardi.com.br/wp-content/uploads/2025/04/Analise-PRJ.pdf,/home/user/Anteparo/data/pdfs/ricardobiancardi.com.br/3fef1f8dc8bf8449.pdf,24,[],OK_NO_TOTALS,TABLE,TABLE_BANDS,prose_signal=0; classIII=NO_ROWS,2026-09-03T23:26:00Z,ingest
1a8eb24523009c658642a427f5daa65801a4c186,8054910-22.2020.8.05.0001,UNKNOWN,2025-07-16,https://realbrasil.com.br/wp-content/uploads/2025/07/7.EDITAL-QUADRO-DE-CREDORES-DO-AJ.pdf,/home/user/Anteparo/data/pdfs/realbrasil.com.br/1a8eb24523009c65.pdf,3,[],OK_NO_TOTALS,PROSE,PROSE,prose_signal=0; fell back to PROSE; classIII=NO_ROWS,2026-09-03T23:26:00Z,ingest
e0c76066c6673eabedd7f2848ff107daa101c0fc,8054910-22.2020.8.05.0001,QGC,2025-07-16,https://realbrasil.com.br/wp-content/uploads/2025/07/10.NOVO-QGC_RETIFICADO-DO-AJ.pdf,/home/user/Anteparo/data/pdfs/realbrasil.com.br/e0c76066c6673eab.pdf,14,"[{""class"": ""I"", ""currency"": ""BRL"", ""total"": null, ""count"": null, ""page"": 10, ""section"": 1}, {""class"": ""I"", ""currency"": ""BRL"", ""total"": null, ""count"": null, ""page"": 10, ""section"": 2}, {""class"": ""I"", ""currency"": ""BRL"", ""total"": null, ""count"": null, ""page"": 10, ""section"": 3}, {""class"": ""I"", ""currency"": ""BRL"", ""total"": null, ""count"": null, ""page"": 10, ""section"": 4}, {""class"": ""I"", ""currency"": ""BRL"", ""total"": null, ""count"": null, ""page"": 10, ""section"": 5}, {""class"": ""I"", ""currency"": ""BRL"", ""total"": null, ""count"": null, ""page"": 10, ""section"": 6}, {""class"": ""I"", ""currency"": ""BRL"", ""total"": null, ""count"": null, ""page"": 10, ""section"": 7}, {""class"": ""I"", ""currency"": ""BRL"", ""total"": null, ""count"": null, ""page"": 11, ""section"": 8}, {""class"": ""I"", ""currency"": ""BRL"", ""total"": null, ""count"": null, ""page"": 11, ""section"": 9}, {""class"": ""I"", ""currency"": ""BRL"", ""total"": null, ""count"": null, ""page"": 11, ""section"": 10}, {""class"": ""I"", ""currency"": ""BRL"", ""total"": null, ""count"": null, ""page"": 11, ""section"": 11}, {""class"": ""I"", ""currency"": ""BRL"", ""total"": null, ""count"": null, ""page"": 11, ""section"": 12}, {""class"": ""I"", ""currency"": ""BRL"", ""total"": null, ""count"": null, ""page"": 11, ""section"": 13}, {""class"": ""I"", ""currency"": ""BRL"", ""total"": null, ""count"": null, ""page"": 11, ""section"": 14}, {""class"": ""I"", ""currency"": ""BRL"", ""total"": null, ""count"": null, ""page"": 12, ""section"": 15}, {""class"": ""I"", ""currency"": ""BRL"", ""total"": null, ""count"": null, ""page"": 12, ""section"": 16}, {""class"": ""I"", ""currency"": ""BRL"", ""total"": null, ""count"": null, ""page"": 12, ""section"": 17}, {""class"": ""I"", ""currency"": ""BRL"", ""total"": null, ""count"": null, ""page"": 12, ""section"": 18}, {""class"": ""I"", ""currency"": ""BRL"", ""total"": null, ""count"": null, ""page"": 12, ""section"": 19}, {""class"": ""I"", ""currency"": ""BRL"", ""total"": null, ""count"": null, ""page"": 12, ""section"": 20}, {""class"": ""I"", ""currency"": ""BRL"", ""total"": null, ""count"": null, ""page"": 12, ""section"": 21}, {""class"": ""I"", ""currency"": ""BRL"", ""total"": null, ""count"": null, ""page"": 13, ""section"": 22}, {""class"": ""I"", ""currency"": ""BRL"", ""total"": null, ""count"": null, ""page"": 13, ""section"": 23}, {""class"": ""I"", ""currency"": ""BRL"", ""total"": null, ""count"": null, ""page"": 13, ""section"": 24}, {""class"": ""I"", ""currency"": ""BRL"", ""total"": null, ""count"": null, ""page"": 13, ""section"": 25}, {""class"": ""I"", ""currency"": ""BRL"", ""total"": null, ""count"": null, ""page"": 13, ""section"": 26}, {""class"": ""I"", ""currency"": ""BRL"", ""total"": null, ""count"": null, ""page"": 13, ""section"": 27}, {""class"": ""I"", ""currency"": ""BRL"", ""total"": null, ""count"": null, ""page"": 13, ""section"": 28}, {""class"": ""I"", ""currency"": ""BRL"", ""total"": null, ""count"": null, ""page"": 14, ""section"": 29}, {""class"": ""I"", ""currency"": ""BRL"", ""total"": null, ""count"": null, ""page"": 14, ""section"": 30}, {""class"": ""I"", ""currency"": ""BRL"", ""total"": null, ""count"": null, ""page"": 14, ""section"": 31}, {""class"": ""I"", ""currency"": ""BRL"", ""total"": null, ""count"": null, ""page"": 14, ""section"": 32}, {""class"": ""I"", ""currency"": ""BRL"", ""total"": null, ""count"": null, ""page"": 14, ""section"": 33}, {""class"": ""II"", ""currency"": ""BRL"", ""total"": null, ""count"": null, ""page"": 14, ""section"": 34}]",OK_NO_TOTALS,PROSE,PROSE,prose_signal=0; fell back to PROSE; classIII=NO_ROWS,2026-09-03T23:26:00Z,ingest
836934ea6a14825b06f2b7b6e0858b7792d891ae,1003643-62.2016.8.26.0462,UNKNOWN,,https://realbrasil.com.br/wp-content/uploads/2025/07/LISTA-DE-CREDORES-DO-AJ_NELSON-GAREY_Parte2.pdf,/home/user/Anteparo/data/pdfs/realbrasil.com.br/836934ea6a14825b.pdf,16,[],NO_TEXT_LAYER,NONE,,NO_TEXT_LAYER: needs OCR; CASE_FROM_PAGE; classIII=NO_ROWS,2026-09-03T23:26:00Z,ingest
ea5d9e6ac66280e6b60f70494c66c6057587441c,,UNKNOWN,2011-05-26,https://realbrasil.com.br/wp-content/uploads/2020/10/4.LISTA-DE-RECUPERANDA-CREDORES.pdf,/home/user/Anteparo/data/pdfs/realbrasil.com.br/ea5d9e6ac66280e6.pdf,3,"[{""class"": null, ""currency"": ""BRL"", ""total"": ""1049794.56"", ""count"": null, ""page"": 3, ""section"": 0}, {""class"": null, ""currency"": ""BRL"", ""total"": ""1049794.56"", ""count"": null, ""page"": 3, ""section"": 1}]",OK_NO_TOTALS,TABLE,TABLE_RULED,prose_signal=0; CASE_NUMBER_MISSING; classIII=NO_ROWS,2026-09-03T23:26:00Z,ingest
260b44553e93000a632a4f5d8e0d83adf8d9deba,0800811-68.2020.8.12.0016,DEBTOR_LIST,,https://realbrasil.com.br/wp-content/uploads/2020/10/5.EDITAL-PUBLICADO-LISTA-DE-CREDORES-RECUPERANDA.pdf,/home/user/Anteparo/data/pdfs/realbrasil.com.br/260b44553e93000a.pdf,6,[],OK_NO_TOTALS,TABLE,TABLE_BANDS,prose_signal=2; classIII=NO_ROWS,2026-09-03T23:26:00Z,ingest
65cf7e04be7f18c260990505fc03d22e73d82bcc,,UNKNOWN,,https://realbrasil.com.br/wp-content/uploads/2021/05/LISTA-DE-CREDORES-ALPHATEC.pdf,/home/user/Anteparo/data/pdfs/realbrasil.com.br/65cf7e04be7f18c2.pdf,27,[],OK_NO_TOTALS,PROSE,PROSE,prose_signal=0; fell back to PROSE; CASE_NUMBER_MISSING; classIII=NO_ROWS,2026-09-03T23:26:00Z,ingest
e4925fc39e3a3b2f1f04ed67ac9effdfd4c5570c,5560721-64.2026.8.09.0120,AJ_LIST,2026-07-21,https://stenius.com.br/wp-content/uploads/2026/07/1°-EDITAL-RELACAO-DE-CREDORES-GRUPO-ALMEIDA.pdf,/home/user/Anteparo/data/pdfs/stenius.com.br/e4925fc39e3a3b2f.pdf,6,[],OK_NO_TOTALS,TABLE,TABLE_BANDS,prose_signal=0; classIII=NO_TOTAL,2026-09-03T23:26:00Z,ingest
eeddeca6806517fdad4995b3f1be14d1a5ebac42,5519529-12.2020.8.09.0105,UNKNOWN,,https://stenius.com.br/wp-content/uploads/2026/07/1°-Edital-relacao-de-credores.pdf,/home/user/Anteparo/data/pdfs/stenius.com.br/eeddeca6806517fd.pdf,2,[],NO_TEXT_LAYER,NONE,,NO_TEXT_LAYER: needs OCR; CASE_FROM_PAGE; classIII=NO_ROWS,2026-09-03T23:26:00Z,ingest
c6ce3a11e10cce0ecd933c0b510ff22722d588ba,0010297-16.2019.8.19.0028,AJ_LIST,2020-03-20,https://realbrasil.com.br/wp-content/uploads/2022/09/LISTA-DE-CREDORES-DO-AJ_retificada.pdf,/home/user/Anteparo/data/pdfs/realbrasil.com.br/c6ce3a11e10cce0e.pdf,130,[],OK_NO_TOTALS,TABLE,TABLE_RULED,prose_signal=0; classIII=NO_TOTAL,2026-09-03T23:26:06Z,ingest
9eb5be419208c690ce6c04d698cfa411fba51ded,5164979-18.2026.8.09.0110,DEBTOR_LIST,2026-07-01,https://stenius.com.br/wp-content/uploads/2026/07/EDITAL-1-RELACAO-DE-CREDORES-GRUPO-GE.pdf,/home/user/Anteparo/data/pdfs/stenius.com.br/9eb5be419208c690.pdf,6,[],OK_NO_TOTALS,TABLE,TABLE_BANDS,prose_signal=0; classIII=NO_TOTAL,2026-09-03T23:26:06Z,ingest
29ff4732fc87cfcf59c9c95b09e71fbd03aee609,5341375-33.2026.8.09.0049,UNKNOWN,2026-08-24,https://stenius.com.br/wp-content/uploads/2026/08/Edital-2°-Relacao-de-Credores-e-Aviso-de-Recebumento-do-Plano-de-Reccuperacao-Judicial-do-Grupo-3E-1.pdf,/home/user/Anteparo/data/pdfs/stenius.com.br/29ff4732fc87cfcf.pdf,35,[],OK_NO_TOTALS,TABLE,TABLE_RULED,prose_signal=0; classIII=NO_TOTAL,2026-09-03T23:26:06Z,ingest
c1999368afebc37e51b5f1a193d988840adeffdf,0010193-34.2013.8.19.0028,UNKNOWN,,https://realbrasil.com.br/wp-content/uploads/2019/02/LISTA-DE-CREDORES-DA-RECUPERANDA.pdf,/home/user/Anteparo/data/pdfs/realbrasil.com.br/c1999368afebc37e.pdf,16,"[{""class"": null, ""currency"": ""BRL"", ""total"": ""25181048.22"", ""count"": null, ""page"": 16, ""section"": 9}]",OK_NO_TOTALS,TABLE,TABLE_RULED,prose_signal=0; CASE_FROM_PAGE; classIII=NO_TOTAL,2026-09-03T23:26:06Z,ingest
2807a62d00c25ba85b2d7235d3fd0256d261bf23,0813392-05.2016.8.12.0001,UNKNOWN,2016-10-17,https://realbrasil.com.br/wp-content/uploads/2018/08/1.LISTA-DE-CREDORES-DA-FALIDA.pdf,/home/user/Anteparo/data/pdfs/realbrasil.com.br/2807a62d00c25ba8.pdf,3,[],OK_NO_TOTALS,TABLE,TABLE_BANDS,prose_signal=0; classIII=NO_ROWS,2026-09-03T23:26:06Z,ingest
9ada72c173190bfc491f5bcafd7e5e10195b2cfb,6032681-62.2025.8.09.0051,UNKNOWN,2026-05-04,https://stenius.com.br/wp-content/uploads/2026/05/2-RELACAO-DE-CREDORES-MARGIL.pdf,/home/user/Anteparo/data/pdfs/stenius.com.br/9ada72c173190bfc.pdf,6,[],OK_NO_TOTALS,TABLE,TABLE_RULED,prose_signal=1; classIII=NO_TOTAL,2026-09-03T23:26:06Z,ingest
f3117e5953afc21622b14e73f11533aa783d5e70,0841357-55.2016.8.12.0001,AJ_LIST,,https://realbrasil.com.br/wp-content/uploads/2025/09/3.QUADRO-GERAL-DE-CREDORES-RETIFICADO_RATEIO.pdf,/home/user/Anteparo/data/pdfs/realbrasil.com.br/f3117e5953afc216.pdf,7,"[{""class"": null, ""currency"": ""BRL"", ""total"": ""3362433.22"", ""count"": null, ""page"": 6, ""section"": 8}, {""class"": null, ""currency"": ""BRL"", ""total"": ""48436.10"", ""count"": null, ""page"": 6, ""section"": 10}]",OK_NO_TOTALS,TABLE,TABLE_RULED,prose_signal=0; classIII=NO_TOTAL,2026-09-03T23:26:06Z,ingest
e29b93fc0dd117add1c791509652a9b12ae172a2,5660592-49.2025.8.09.0105,UNKNOWN,2026-05-22,https://stenius.com.br/wp-content/uploads/2026/05/Edital-2-relacao-credores-Dinkoski.pdf,/home/user/Anteparo/data/pdfs/stenius.com.br/e29b93fc0dd117ad.pdf,2,[],OK_NO_TOTALS,TABLE,TABLE_RULED,prose_signal=0; CASE_FROM_PAGE; classIII=NO_ROWS,2026-09-03T23:26:09Z,ingest
54a768bef60f87e3bc4e8b6e307198baa40d92ea,0002888-23.2018.8.19.0028,HOMOLOG,,https://realbrasil.com.br/wp-content/uploads/2018/08/1.LISTA_DE_CREDORES_PARAGON_OFFSHORE_DO_BRASIL_LTDA.pdf,/home/user/Anteparo/data/pdfs/realbrasil.com.br/54a768bef60f87e3.pdf,14,"[{""class"": null, ""currency"": ""BRL"", ""total"": ""99475867.27"", ""count"": null, ""page"": 1, ""section"": 0}]",OK_NO_TOTALS,TABLE,TABLE_RULED,prose_signal=0; CASE_FROM_PAGE; classIII=NO_ROWS,2026-09-03T23:26:11Z,ingest
30aa5a0be31b2b9560968aee90ae8e1e77f66c56,0002888-23.2018.8.19.0028,UNKNOWN,,https://realbrasil.com.br/wp-content/uploads/2018/08/2.LISTA_DE_CREDORES_PARAGON_OFFSHORE_DRILLING_DO_BRASIL_LTDA.pdf,/home/user/Anteparo/data/pdfs/realbrasil.com.br/30aa5a0be31b2b95.pdf,5,"[{""class"": null, ""currency"": ""BRL"", ""total"": ""1044637.28"", ""count"": null, ""page"": 1, ""section"": 0}]",OK_NO_TOTALS,TABLE,TABLE_RULED,prose_signal=0; CASE_FROM_PAGE; classIII=NO_ROWS,2026-09-03T23:26:11Z,ingest
747e62e9d4aac676e9f7ab49c8e5f9117a917b42,6032681-62.2025.8.09.0051,UNKNOWN,2026-04-08,https://stenius.com.br/wp-content/uploads/2026/04/4-Plano-de-RJ-mov.57.pdf,/home/user/Anteparo/data/pdfs/stenius.com.br/747e62e9d4aac676.pdf,34,[],OK_NO_TOTALS,TABLE,TABLE_BANDS,prose_signal=0; classIII=NO_TOTAL,2026-09-03T23:26:13Z,ingest
d85bdfbfbdc814ff10df1dbd8c2e47f1e34386aa,0802426-35.2019.8.10.0000,UNKNOWN,,https://realbrasil.com.br/wp-content/uploads/2018/06/2_LISTA-DE-CREDORES-DA-RECUPERANDA_ROQUE.pdf,/home/user/Anteparo/data/pdfs/realbrasil.com.br/d85bdfbfbdc814ff.pdf,5,"[{""class"": ""I"", ""currency"": ""BRL"", ""total"": ""68376.47"", ""count"": null, ""page"": 1, ""section"": 1}, {""class"": ""III"", ""currency"": ""BRL"", ""total"": ""12559391.05"", ""count"": null, ""page"": 2, ""section"": 4}, {""class"": ""IV"", ""currency"": ""BRL"", ""total"": ""91429.89"", ""count"": null, ""page"": 3, ""section"": 7}, {""class"": null, ""currency"": ""BRL"", ""total"": ""2303866.20"", ""count"": null, ""page"": 4, ""section"": 10}, {""class"": ""I"", ""currency"": ""BRL"", ""total"": ""68376.47"", ""count"": null, ""page"": 5, ""section"": 18}, {""class"": ""III"", ""currency"": ""BRL"", ""total"": ""12559391.05"", ""count"": null, ""page"": 5, ""section"": 20}, {""class"": ""IV"", ""currency"": ""BRL"", ""total"": ""91429.89"", ""count"": null, ""page"": 5, ""section"": 21}, {""class"": null, ""currency"": ""BRL"", ""total"": ""15023063.61"", ""count"": null, ""page"": 5, ""section"": 22}]",OK,TABLE,TABLE_BANDS,prose_signal=0; CASE_FROM_PAGE; classIII=PASS,2026-09-03T23:26:13Z,ingest
cd6821bd57d18b292462babc6874064b6cc64115,1027680-14.2024.8.11.0003,UNKNOWN,,https://mpbadmjudicial.com.br/sgc/download.php?file=files/processo_documento/processo_documento10184213062025_1_.pdf&nome=Anexo ao Plano - Credores e condições de pagamento,/home/user/Anteparo/data/pdfs/mpbadmjudicial.com.br/cd6821bd57d18b29.pdf,2,[],NO_TEXT_LAYER,NONE,,NO_TEXT_LAYER: needs OCR; CASE_FROM_PAGE; classIII=NO_ROWS,2026-09-03T23:26:24Z,ingest
ecd985e12de13ee2b632b73a209c4f9f37fa09f6,0815679-24.2018.8.10.0001,DEBTOR_LIST,2018-07-17,https://realbrasil.com.br/wp-content/uploads/2018/07/EDITAL-LISTA-DA-RECUPERANDA_18.07.2018.pdf,/home/user/Anteparo/data/pdfs/realbrasil.com.br/ecd985e12de13ee2.pdf,2,[],OK_NO_TOTALS,PROSE,PROSE,prose_signal=0; fell back to PROSE; classIII=NO_ROWS,2026-09-03T23:26:24Z,ingest
6403d7a497cb83dac07b45e5f50a47e9dc3f48a5,1027680-14.2024.8.19.0003,AJ_LIST,2024-10-23,https://mpbadmjudicial.com.br/sgc/download.php?file=files/processo_documento/processo_documento10181913062025_1_.pdf&nome=Plano de Recuperação Judicial,/home/user/Anteparo/data/pdfs/mpbadmjudicial.com.br/6403d7a497cb83da.pdf,30,[],OK_NO_TOTALS,TABLE,TABLE_BANDS,prose_signal=0; classIII=NO_TOTAL,2026-09-03T23:26:24Z,ingest
4fb4728807c709a9b6bfa08db7453b597af21fac,0034139-97.2015.8.10.0001,QGC,2018-12-14,https://realbrasil.com.br/wp-content/uploads/2018/12/EDITAL-QGC-DO-AJ_17.12.2018.pdf,/home/user/Anteparo/data/pdfs/realbrasil.com.br/4fb4728807c709a9.pdf,2,[],OK_NO_TOTALS,PROSE,PROSE,prose_signal=0; fell back to PROSE; classIII=NO_ROWS,2026-09-03T23:26:24Z,ingest
ada765f2346b8c4e4892e3fa6a8da3211d8b7b76,5660592-49.2025.8.09.0105,PLAN,2026-04-08,https://stenius.com.br/wp-content/uploads/2026/04/9-Plano-de-RJ-mov.275.pdf,/home/user/Anteparo/data/pdfs/stenius.com.br/ada765f2346b8c4e.pdf,41,[],OK_NO_TOTALS,TABLE,TABLE_BANDS,prose_signal=0; classIII=NO_ROWS,2026-09-03T23:26:24Z,ingest
4702d7201f185502caf15487d50688c404159776,5264228-81.2025.8.09.0172,UNKNOWN,2026-04-08,https://stenius.com.br/wp-content/uploads/2026/04/5-Plano-de-Recuperacao-Judicial-mov.55.pdf,/home/user/Anteparo/data/pdfs/stenius.com.br/4702d7201f185502.pdf,77,"[{""class"": null, ""currency"": ""BRL"", ""total"": ""8257823.53"", ""count"": null, ""page"": 26, ""section"": 0}]",OK_NO_TOTALS,TABLE,TABLE_RULED,prose_signal=0; classIII=NO_ROWS,2026-09-03T23:26:39Z,ingest
031cee8d86dc1a2abb26db33da5b9687963c1787,1033803-55.2025.8.11.0015,UNKNOWN,,https://mpbadmjudicial.com.br/sgc/download.php?file=files/processo_documento/processo_documento11562523022026_1_.pdf&nome=EDITAL de deferimento - publicado no Diário Oficial MT 29172 em 12/02/2026,/home/user/Anteparo/data/pdfs/mpbadmjudicial.com.br/031cee8d86dc1a2a.pdf,3,[],NO_TEXT_LAYER,NONE,,NO_TEXT_LAYER: needs OCR; CASE_FROM_PAGE; classIII=NO_ROWS,2026-09-03T23:27:01Z,ingest
7b7f5a8ac268f2f02d62b88b33c523589fb9be9b,,AJ_LIST,2015-09-16,https://realbrasil.com.br/wp-content/uploads/2018/07/EDITAL-QGC_AJ_03.07.2018.pdf,/home/user/Anteparo/data/pdfs/realbrasil.com.br/7b7f5a8ac268f2f0.pdf,2,[],OK_NO_TOTALS,TABLE,TABLE_BANDS,prose_signal=0; CASE_NUMBER_MISSING; classIII=NO_ROWS,2026-09-03T23:27:01Z,ingest
5cac6a8cb93963b12e48ed925b73e042ea034887,5401053-70.2026.8.09.0051,AJ_LIST,2026-08-13,https://stenius.com.br/wp-content/uploads/2026/08/1°-EDITAL-GRUPO-TENDAS.pdf,/home/user/Anteparo/data/pdfs/stenius.com.br/5cac6a8cb93963b1.pdf,6,[],OK_NO_TOTALS,TABLE,TABLE_RULED,prose_signal=0; classIII=NO_TOTAL,2026-09-03T23:27:01Z,ingest
5ae418852e60e6049dabf65c25d87a16d3b4e9c3,0012812-06.2016.8.19.0068,UNKNOWN,,https://realbrasil.com.br/wp-content/uploads/2017/10/2_RELAÇÃO-NOMINAL-DE-CREDORES-PORPLAN.pdf,/home/user/Anteparo/data/pdfs/realbrasil.com.br/5ae418852e60e604.pdf,1,"[{""class"": null, ""currency"": ""BRL"", ""total"": ""1408495.36"", ""count"": null, ""page"": 1, ""section"": 0}]",OK_NO_TOTALS,TABLE,TABLE_RULED,prose_signal=0; CASE_FROM_PAGE; classIII=NO_TOTAL,2026-09-03T23:27:01Z,ingest
8e8832093a15aa7f9dc936a37e882fe66a1fe43d,5341375-33.2026.8.09.0049,DEBTOR_LIST,2026-06-22,https://stenius.com.br/wp-content/uploads/2026/06/EDITAL-GRUPO-3E.pdf,/home/user/Anteparo/data/pdfs/stenius.com.br/8e8832093a15aa7f.pdf,20,[],OK_NO_TOTALS,TABLE,TABLE_BANDS,prose_signal=0; classIII=NO_TOTAL,2026-09-03T23:27:01Z,ingest
ec141f83234ff68c4269edb8fb6c472737492081,5677250-87.2023.8.09.0051,UNKNOWN,2026-04-08,https://stenius.com.br/wp-content/uploads/2026/04/1-edital.pdf,/home/user/Anteparo/data/pdfs/stenius.com.br/ec141f83234ff68c.pdf,23,[],OK_NO_TOTALS,TABLE,TABLE_BANDS,prose_signal=3; classIII=NO_TOTAL,2026-09-03T23:27:02Z,ingest
62943bec34234d5fa40566fc7c8dd04d2df2139e,5677250-87.2023.8.09.0051,AJ_LIST,2025-03-27,https://stenius.com.br/wp-content/uploads/2026/03/EDITAL-1-UNIBRAS.pdf,/home/user/Anteparo/data/pdfs/stenius.com.br/62943bec34234d5f.pdf,25,[],OK_NO_TOTALS,TABLE,TABLE_RULED,prose_signal=4; classIII=NO_TOTAL,2026-09-03T23:27:02Z,ingest
00172faf7136581f6782050a8a60dd5ebe39c7d0,1001363-82.2017.8.26.0301,QGC,2018-04-13,https://realbrasil.com.br/wp-content/uploads/2018/08/EDITAL-QGC_LISTA-DE-CREDORES-DO-AJ_AÇOCIC.pdf,/home/user/Anteparo/data/pdfs/realbrasil.com.br/00172faf7136581f.pdf,2,"[{""class"": ""I"", ""currency"": ""BRL"", ""total"": null, ""count"": null, ""page"": 1, ""section"": 1}, {""class"": ""I"", ""currency"": ""BRL"", ""total"": null, ""count"": null, ""page"": 1, ""section"": 2}, {""class"": ""I"", ""currency"": ""BRL"", ""total"": null, ""count"": null, ""page"": 1, ""section"": 3}, {""class"": ""I"", ""currency"": ""BRL"", ""total"": null, ""count"": null, ""page"": 1, ""section"": 4}, {""class"": ""I"", ""currency"": ""BRL"", ""total"": null, ""count"": null, ""page"": 1, ""section"": 5}, {""class"": ""III"", ""currency"": ""BRL"", ""total"": null, ""count"": null, ""page"": 1, ""section"": 6}, {""class"": ""III"", ""currency"": ""BRL"", ""total"": null, ""count"": null, ""page"": 1, ""section"": 7}, {""class"": ""III"", ""currency"": ""BRL"", ""total"": null, ""count"": null, ""page"": 2, ""section"": 8}, {""class"": ""III"", ""currency"": ""BRL"", ""total"": null, ""count"": null, ""page"": 2, ""section"": 9}, {""class"": ""III"", ""currency"": ""BRL"", ""total"": null, ""count"": null, ""page"": 2, ""section"": 10}, {""class"": ""III"", ""currency"": ""BRL"", ""total"": null, ""count"": null, ""page"": 2, ""section"": 11}, {""class"": ""III"", ""currency"": ""BRL"", ""total"": null, ""count"": null, ""page"": 2, ""section"": 12}, {""class"": ""III"", ""currency"": ""BRL"", ""total"": null, ""count"": null, ""page"": 2, ""section"": 13}, {""class"": ""III"", ""currency"": ""BRL"", ""total"": null, ""count"": null, ""page"": 2, ""section"": 14}, {""class"": ""III"", ""currency"": ""BRL"", ""total"": null, ""count"": null, ""page"": 2, ""section"": 15}, {""class"": ""III"", ""currency"": ""BRL"", ""total"": null, ""count"": null, ""page"": 2, ""section"": 16}, {""class"": ""III"", ""currency"": ""BRL"", ""total"": null, ""count"": null, ""page"": 2, ""section"": 17}, {""class"": ""III"", ""currency"": ""BRL"", ""total"": null, ""count"": null, ""page"": 2, ""section"": 18}, {""class"": ""III"", ""currency"": ""BRL"", ""total"": null, ""count"": null, ""page"": 2, ""section"": 19}, {""class"": ""III"", ""currency"": ""BRL"", ""total"": null, ""count"": null, ""page"": 2, ""section"": 20}, {""class"": ""IV"", ""currency"": ""BRL"", ""total"": null, ""count"": null, ""page"": 2, ""section"": 21}, {""class"": ""IV"", ""currency"": ""BRL"", ""total"": null, ""count"": null, ""page"": 2, ""section"": 22}, {""class"": ""IV"", ""currency"": ""BRL"", ""total"": null, ""count"": null, ""page"": 2, ""section"": 23}, {""class"": ""IV"", ""currency"": ""BRL"", ""total"": null, ""count"": null, ""page"": 2, ""section"": 24}]",OK_NO_TOTALS,PROSE,PROSE,prose_signal=0; fell back to PROSE; classIII=NO_TOTAL,2026-09-03T23:27:02Z,ingest
da5bbde9a5e3ab43013a74e5534015b6852e0979,6032681-62.2025.8.09.0051,DEBTOR_LIST,2026-02-27,https://stenius.com.br/wp-content/uploads/2026/03/Publicacao-Edital-Margil.pdf,/home/user/Anteparo/data/pdfs/stenius.com.br/da5bbde9a5e3ab43.pdf,14,[],OK_NO_TOTALS,TABLE,TABLE_BANDS,prose_signal=1; classIII=NO_TOTAL,2026-09-03T23:27:02Z,ingest
0fd1c6d21ca8529b1b59ea31e8524fc7b434dff9,5824011-75.2025.8.09.0097,DEBTOR_LIST,2026-01-20,https://stenius.com.br/wp-content/uploads/2026/06/1o-EDITAL-A-S-DIAS-NETO-PRODUTOR-RURAL-1.pdf,/home/user/Anteparo/data/pdfs/stenius.com.br/0fd1c6d21ca8529b.pdf,2,[],OK_NO_TOTALS,PROSE,PROSE,prose_signal=0; fell back to PROSE; classIII=NO_ROWS,2026-09-03T23:27:02Z,ingest
1df74f0010839b10e0767389b8d19dd394791146,5660592-49.2025.8.09.0105,DEBTOR_LIST,2026-03-23,https://stenius.com.br/wp-content/uploads/2026/04/11-1o-Edital-mov.418.pdf,/home/user/Anteparo/data/pdfs/stenius.com.br/1df74f0010839b10.pdf,14,[],OK_NO_TOTALS,PROSE,PROSE,prose_signal=0; fell back to PROSE; classIII=NO_ROWS,2026-09-03T23:27:02Z,ingest
e9312de112d6557d451aa7c881bb43329e33f112,,UNKNOWN,,https://realbrasil.com.br/wp-content/uploads/2017/06/Relação-Nominal-de-Credores-Imperatriz.pdf,/home/user/Anteparo/data/pdfs/realbrasil.com.br/e9312de112d6557d.pdf,3,[],NO_TEXT_LAYER,NONE,,NO_TEXT_LAYER: needs OCR; CASE_NUMBER_MISSING; classIII=NO_ROWS,2026-09-03T23:27:02Z,ingest
301e3cf58b98f2b74920b96d29220c90ddc094e5,5264228-81.2025.8.09.0172,AJ_LIST,2026-06-30,https://stenius.com.br/wp-content/uploads/2026/06/EDITAL-GRUPO-FAEL.pdf,/home/user/Anteparo/data/pdfs/stenius.com.br/301e3cf58b98f2b7.pdf,2,[],OK_NO_TOTALS,TABLE,TABLE_RULED,prose_signal=0; classIII=NO_TOTAL,2026-09-03T23:27:02Z,ingest
7d5b50fa368e8bad6bc742a4cab068b6f047418a,,QGC,,https://realbrasil.com.br/wp-content/uploads/2017/07/QGC-Imperatriz.pdf,/home/user/Anteparo/data/pdfs/realbrasil.com.br/7d5b50fa368e8bad.pdf,2,"[{""class"": ""I"", ""currency"": ""BRL"", ""total"": null, ""count"": null, ""page"": 1, ""section"": 1}, {""class"": ""I"", ""currency"": ""BRL"", ""total"": null, ""count"": null, ""page"": 1, ""section"": 2}, {""class"": ""I"", ""currency"": ""BRL"", ""total"": null, ""count"": null, ""page"": 1, ""section"": 3}, {""class"": ""I"", ""currency"": ""BRL"", ""total"": null, ""count"": null, ""page"": 1, ""section"": 4}, {""class"": ""I"", ""currency"": ""BRL"", ""total"": null, ""count"": null, ""page"": 1, ""section"": 5}, {""class"": ""I"", ""currency"": ""BRL"", ""total"": null, ""count"": null, ""page"": 1, ""section"": 6}, {""class"": ""I"", ""currency"": ""BRL"", ""total"": null, ""count"": null, ""page"": 1, ""section"": 7}, {""class"": ""I"", ""currency"": ""BRL"", ""total"": null, ""count"": null, ""page"": 1, ""section"": 8}, {""class"": ""II"", ""currency"": ""BRL"", ""total"": null, ""count"": null, ""page"": 1, ""section"": 9}, {""class"": ""II"", ""currency"": ""BRL"", ""total"": null, ""count"": null, ""page"": 2, ""section"": 10}, {""class"": ""II"", ""currency"": ""BRL"", ""total"": null, ""count"": null, ""page"": 2, ""section"": 11}, {""class"": ""II"", ""currency"": ""BRL"", ""total"": null, ""count"": null, ""page"": 2, ""section"": 12}, {""class"": ""III"", ""currency"": ""BRL"", ""total"": null, ""count"": null, ""page"": 2, ""section"": 13}, {""class"": ""III"", ""currency"": ""BRL"", ""total"": null, ""count"": null, ""page"": 2, ""section"": 14}, {""class"": ""III"", ""currency"": ""BRL"", ""total"": null, ""count"": null, ""page"": 2, ""section"": 15}, {""class"": ""III"", ""currency"": ""BRL"", ""total"": null, ""count"": null, ""page"": 2, ""section"": 16}, {""class"": ""III"", ""currency"": ""BRL"", ""total"": null, ""count"": null, ""page"": 2, ""section"": 17}, {""class"": ""III"", ""currency"": ""BRL"", ""total"": null, ""count"": null, ""page"": 2, ""section"": 18}, {""class"": ""III"", ""currency"": ""BRL"", ""total"": null, ""count"": null, ""page"": 2, ""section"": 19}]",OK_NO_TOTALS,PROSE,PROSE,prose_signal=0; fell back to PROSE; CASE_NUMBER_MISSING; classIII=NO_TOTAL,2026-09-03T23:27:02Z,ingest
e33f5132f74c9e9b3c17d83ef8599af9846fa3fa,1000201-93.2017.8.11.0002,UNKNOWN,2016-12-30,https://realbrasil.com.br/wp-content/uploads/2017/05/Lista-de-Credores-radar.pdf,/home/user/Anteparo/data/pdfs/realbrasil.com.br/e33f5132f74c9e9b.pdf,2,"[{""class"": null, ""currency"": ""BRL"", ""total"": ""9086439.19"", ""count"": null, ""page"": 2, ""section"": 0}]",OK_NO_TOTALS,TABLE,TABLE_RULED,prose_signal=0; CASE_FROM_PAGE; classIII=NO_TOTAL,2026-09-03T23:27:02Z,ingest
12e37a32132cb45dc518d346f09d039d1e81b6c5,,UNKNOWN,,https://realbrasil.com.br/wp-content/uploads/2017/05/2_Relação-de-Credores-Recuperanda-amigão.pdf,/home/user/Anteparo/data/pdfs/realbrasil.com.br/12e37a32132cb45d.pdf,23,[],NO_TEXT_LAYER,NONE,,NO_TEXT_LAYER: needs OCR; CASE_NUMBER_MISSING; classIII=NO_ROWS,2026-09-03T23:27:02Z,ingest
fc27ba4a02fbc5bf528f9fd1216c9de01dd5862e,,PLAN,,https://realbrasil.com.br/wp-content/uploads/2017/06/EDITAL_19.06.2017_AJ.pdf,/home/user/Anteparo/data/pdfs/realbrasil.com.br/fc27ba4a02fbc5bf.pdf,4,[],OK_NO_TOTALS,PROSE,PROSE,prose_signal=0; fell back to PROSE; CASE_NUMBER_MISSING; classIII=NO_ROWS,2026-09-03T23:27:02Z,ingest
cdf3c4d148612ed9b19eac98db005936ae57d4cb,0801893-91.2016.8.12.0011,DEBTOR_LIST,2016-02-10,https://realbrasil.com.br/wp-content/uploads/2017/05/Relação-de-Credores_-Mastter-1.pdf,/home/user/Anteparo/data/pdfs/realbrasil.com.br/cdf3c4d148612ed9.pdf,27,"[{""class"": null, ""currency"": ""BRL"", ""total"": ""1654530.40"", ""count"": null, ""page"": 5, ""section"": 0}, {""class"": null, ""currency"": ""BRL"", ""total"": ""7852278.92"", ""count"": null, ""page"": 7, ""section"": 1}, {""class"": null, ""currency"": ""BRL"", ""total"": ""7038712.28"", ""count"": null, ""page"": 13, ""section"": 2}, {""class"": null, ""currency"": ""BRL"", ""total"": ""2376847.40"", ""count"": null, ""page"": 25, ""section"": 3}, {""class"": null, ""currency"": ""BRL"", ""total"": ""1033891.92"", ""count"": null, ""page"": 27, ""section"": 4}]",OK_NO_TOTALS,TABLE,TABLE_RULED,prose_signal=0; CASE_FROM_PAGE; classIII=NO_TOTAL,2026-09-03T23:27:02Z,ingest
38d1b4d865c4f80dc20deac999e1fb209631d712,0840917-59.2016.8.12.0001,DEBTOR_LIST,,https://realbrasil.com.br/wp-content/uploads/2017/01/2-Lista-de-Credores-da-Recuperanda-Comafer.pdf,/home/user/Anteparo/data/pdfs/realbrasil.com.br/38d1b4d865c4f80d.pdf,9,"[{""class"": null, ""currency"": ""BRL"", ""total"": ""3667.93"", ""count"": null, ""page"": 2, ""section"": 0}, {""class"": null, ""currency"": ""BRL"", ""total"": ""1831177.61"", ""count"": null, ""page"": 5, ""section"": 1}, {""class"": null, ""currency"": ""BRL"", ""total"": ""265786.96"", ""count"": null, ""page"": 7, ""section"": 2}]",OK_NO_TOTALS,TABLE,TABLE_RULED,prose_signal=1; CASE_FROM_PAGE; classIII=NO_ROWS,2026-09-03T23:27:02Z,ingest
02fe32bc03b69891bf111f8330e0bf1fc2861f0c,0840917-59.2016.8.12.0001,QGC,2009-07-02,https://realbrasil.com.br/wp-content/uploads/2017/05/10-Edital_Lista-de-Credores-do-AJ-Comafer.pdf,/home/user/Anteparo/data/pdfs/realbrasil.com.br/02fe32bc03b69891.pdf,2,[],OK_NO_TOTALS,TABLE,TABLE_BANDS,prose_signal=5; fell back to TABLE; classIII=NO_ROWS,2026-09-03T23:27:02Z,ingest
2ca81d20c8ad5616e6d4feaf78418d00e21040b3,1025706-74.2024.8.26.0309,UNKNOWN,,https://credibilita.com.br/wp-content/uploads/2025/02/6.-Lista-de-credores-05.12.2024.pdf,/home/user/Anteparo/data/pdfs/credibilita.com.br/2ca81d20c8ad5616.pdf,4,"[{""class"": ""I"", ""currency"": ""BRL"", ""total"": ""24599.35"", ""count"": null, ""page"": 1, ""section"": 1}, {""class"": ""III"", ""currency"": ""BRL"", ""total"": ""1564939.00"", ""count"": null, ""page"": 2, ""section"": 3}, {""class"": ""III"", ""currency"": ""BRL"", ""total"": ""27851287.60"", ""count"": null, ""page"": 3, ""section"": 4}, {""class"": ""IV"", ""currency"": ""BRL"", ""total"": ""264343.03"", ""count"": null, ""page"": 4, ""section"": 6}]",OK,TABLE,TABLE_RULED,prose_signal=0; CASE_FROM_PAGE; classIII=PASS,2026-09-03T23:27:02Z,ingest
73081002805c6d191d3a7ec8600bf918e2a481d8,5012487-62.2024.8.24.0023,UNKNOWN,,https://credibilita.com.br/wp-content/uploads/2024/02/Lista-de-credores-Figueirense-Futebol-Clube.pdf,/home/user/Anteparo/data/pdfs/credibilita.com.br/73081002805c6d19.pdf,18,"[{""class"": ""I"", ""currency"": ""BRL"", ""total"": null, ""count"": null, ""page"": 3, ""section"": 1}, {""class"": ""I"", ""currency"": ""BRL"", ""total"": null, ""count"": null, ""page"": 3, ""section"": 2}, {""class"": ""I"", ""currency"": ""BRL"", ""total"": null, ""count"": null, ""page"": 3, ""section"": 3}, {""class"": ""I"", ""currency"": ""BRL"", ""total"": null, ""count"": null, ""page"": 3, ""section"": 4}, {""class"": ""I"", ""currency"": ""BRL"", ""total"": null, ""count"": null, ""page"": 3, ""section"": 5}, {""class"": ""I"", ""currency"": ""BRL"", ""total"": null, ""count"": null, ""page"": 3, ""section"": 6}, {""class"": ""I"", ""currency"": ""BRL"", ""total"": null, ""count"": null, ""page"": 3, ""section"": 7}, {""class"": ""I"", ""currency"": ""BRL"", ""total"": null, ""count"": null, ""page"": 3, ""section"": 8}, {""class"": ""I"", ""currency"": ""BRL"", ""total"": null, ""count"": null, ""page"": 3, ""section"": 9}, {""class"": ""I"", ""currency"": ""BRL"", ""total"": null, ""count"": null, ""page"": 3, ""section"": 10}, {""class"": ""I"", ""currency"": ""BRL"", ""total"": null, ""count"": null, ""page"": 3, ""section"": 11}, {""class"": ""I"", ""currency"": ""BRL"", ""total"": null, ""count"": null, ""page"": 3, ""section"": 12}, {""class"": ""I"", ""currency"": ""BRL"", ""total"": null, ""count"": null, ""page"": 3, ""section"": 13}, {""class"": ""I"", ""currency"": ""BRL"", ""total"": null, ""count"": null, ""page"": 3, ""section"": 14}, {""class"": ""I"", ""currency"": ""BRL"", ""total"": null, ""count"": null, ""page"": 3, ""section"": 15}, {""class"": ""I"", ""currency"": ""BRL"", ""total"": null, ""count"": null, ""page"": 3, ""section"": 16}, {""class"": ""I"", ""currency"": ""BRL"", ""total"": null, ""count"": null, ""page"": 3, ""section"": 17}, {""class"": ""I"", ""currency"": ""BRL"", ""total"": null, ""count"": null, ""page"": 3, ""section"": 18}, {""class"": ""I"", ""currency"": ""BRL"", ""total"": null, ""count"": null, ""page"": 3, ""section"": 19}, {""class"": ""I"", ""currency"": ""BRL"", ""total"": null, ""count"": null, ""page"": 3, ""section"": 20}, {""class"": ""I"", ""currency"": ""BRL"", ""total"": null, ""count"": null, ""page"": 3, ""section"": 21}, {""class"": ""I"", ""currency"": ""BRL"", ""total"": null, ""count"": null, ""page"": 3, ""section"": 22}, {""class"": ""I"", ""currency"": ""BRL"", ""total"": null, ""count"": null, ""page"": 3, ""section"": 23}, {""class"": ""I"", ""currency"": ""BRL"", ""total"": null, ""count"": null, ""page"": 3, ""section"": 24}, {""class"": ""I"", ""currency"": ""BRL"", ""total"": null, ""count"": null, ""page"": 3, ""section"": 25}, {""class"": ""I"", ""currency"": ""BRL"", ""total"": null, ""count"": null, ""page"": 4, ""section"": 26}, {""class"": ""I"", ""currency"": ""BRL"", ""total"": null, ""count"": null, ""page"": 4, ""section"": 27}, {""class"": ""I"", ""currency"": ""BRL"", ""total"": null, ""count"": null, ""page"": 4, ""section"": 28}, {""class"": ""I"", ""currency"": ""BRL"", ""total"": null, ""count"": null, ""page"": 4, ""section"": 29}, {""class"": ""I"", ""currency"": ""BRL"", ""total"": null, ""count"": null, ""page"": 4, ""section"": 30}, {""class"": ""I"", ""currency"": ""BRL"", ""total"": null, ""count"": null, ""page"": 4, ""section"": 31}, {""class"": ""I"", ""currency"": ""BRL"", ""total"": null, ""count"": null, ""page"": 4, ""section"": 32}, {""class"": ""I"", ""currency"": ""BRL"", ""total"": null, ""count"": null, ""page"": 4, ""section"": 33}, {""class"": ""I"", ""currency"": ""BRL"", ""total"": null, ""count"": null, ""page"": 4, ""section"": 34}, {""class"": ""I"", ""currency"": ""BRL"", ""total"": null, ""count"": null, ""page"": 4, ""section"": 35}, {""class"": ""I"", ""currency"": ""BRL"", ""total"": null, ""count"": null, ""page"": 4, ""section"": 36}, {""class"": ""I"", ""currency"": ""BRL"", ""total"": null, ""count"": null, ""page"": 4, ""section"": 37}, {""class"": ""I"", ""currency"": ""BRL"", ""total"": null, ""count"": null, ""page"": 4, ""section"": 38}, {""class"": ""I"", ""currency"": ""BRL"", ""total"": null, ""count"": null, ""page"": 4, ""section"": 39}, {""class"": ""I"", ""currency"": ""BRL"", ""total"": null, ""count"": null, ""page"": 4, ""section"": 40}, {""class"": ""I"", ""currency"": ""BRL"", ""total"": null, ""count"": null, ""page"": 4, ""section"": 41}, {""class"": ""I"", ""currency"": ""BRL"", ""total"": null, ""count"": null, ""page"": 4, ""section"": 42}, {""class"": ""I"", ""currency"": ""BRL"", ""total"": null, ""count"": null, ""page"": 4, ""section"": 43}, {""class"": ""I"", ""currency"": ""BRL"", ""total"": null, ""count"": null, ""page"": 4, ""section"": 44}, {""class"": ""I"", ""currency"": ""BRL"", ""total"": null, ""count"": null, ""page"": 4, ""section"": 45}, {""class"": ""I"", ""currency"": ""BRL"", ""total"": null, ""count"": null, ""page"": 4, ""section"": 46}, {""class"": ""I"", ""currency"": ""BRL"", ""total"": null, ""count"": null, ""page"": 4, ""section"": 47}, {""class"": ""I"", ""currency"": ""BRL"", ""total"": null, ""count"": null, ""page"": 4, ""section"": 48}, {""class"": ""I"", ""currency"": ""BRL"", ""total"": null, ""count"": null, ""page"": 4, ""section"": 49}, {""class"": ""I"", ""currency"": ""BRL"", ""total"": null, ""count"": null, ""page"": 4, ""section"": 50}, {""class"": ""I"", ""currency"": ""BRL"", ""total"": null, ""count"": null, ""page"": 4, ""section"": 51}, {""class"": ""I"", ""currency"": ""BRL"", ""total"": null, ""count"": null, ""page"": 4, ""section"": 52}, {""class"": ""I"", ""currency"": ""BRL"", ""total"": null, ""count"": null, ""page"": 5, ""section"": 53}, {""class"": ""I"", ""currency"": ""BRL"", ""total"": null, ""count"": null, ""page"": 5, ""section"": 54}, {""class"": ""I"", ""currency"": ""BRL"", ""total"": null, ""count"": null, ""page"": 5, ""section"": 55}, {""class"": ""I"", ""currency"": ""BRL"", ""total"": null, ""count"": null, ""page"": 5, ""section"": 56}, {""class"": ""I"", ""currency"": ""BRL"", ""total"": null, ""count"": null, ""page"": 5, ""section"": 57}, {""class"": ""I"", ""currency"": ""BRL"", ""total"": null, ""count"": null, ""page"": 5, ""section"": 58}, {""class"": ""I"", ""currency"": ""BRL"", ""total"": null, ""count"": null, ""page"": 5, ""section"": 59}, {""class"": ""I"", ""currency"": ""BRL"", ""total"": null, ""count"": null, ""page"": 5, ""section"": 60}, {""class"": ""I"", ""currency"": ""BRL"", ""total"": null, ""count"": null, ""page"": 5, ""section"": 61}, {""class"": ""I"", ""currency"": ""BRL"", ""total"": null, ""count"": null, ""page"": 5, ""section"": 62}, {""class"": ""I"", ""currency"": ""BRL"", ""total"": null, ""count"": null, ""page"": 5, ""section"": 63}, {""class"": ""I"", ""currency"": ""BRL"", ""total"": null, ""count"": null, ""page"": 5, ""section"": 64}, {""class"": ""I"", ""currency"": ""BRL"", ""total"": null, ""count"": null, ""page"": 5, ""section"": 65}, {""class"": ""I"", ""currency"": ""BRL"", ""total"": null, ""count"": null, ""page"": 5, ""section"": 66}, {""class"": ""I"", ""currency"": ""BRL"", ""total"": null, ""count"": null, ""page"": 5, ""section"": 67}, {""class"": ""I"", ""currency"": ""BRL"", ""total"": null, ""count"": null, ""page"": 5, ""section"": 68}, {""class"": ""I"", ""currency"": ""BRL"", ""total"": null, ""count"": null, ""page"": 5, ""section"": 69}, {""class"": ""I"", ""currency"": ""BRL"", ""total"": null, ""count"": null, ""page"": 5, ""section"": 70}, {""class"": ""I"", ""currency"": ""BRL"", ""total"": null, ""count"": null, ""page"": 5, ""section"": 71}, {""class"": ""I"", ""currency"": ""BRL"", ""total"": null, ""count"": null, ""page"": 5, ""section"": 72}, {""class"": ""I"", ""currency"": ""BRL"", ""total"": null, ""count"": null, ""page"": 5, ""section"": 73}, {""class"": ""I"", ""currency"": ""BRL"", ""total"": null, ""count"": null, ""page"": 5, ""section"": 74}, {""class"": ""I"", ""currency"": ""BRL"", ""total"": null, ""count"": null, ""page"": 5, ""section"": 75}, {""class"": ""I"", ""currency"": ""BRL"", ""total"": null, ""count"": null, ""page"": 5, ""section"": 76}, {""class"": ""I"", ""currency"": ""BRL"", ""total"": null, ""count"": null, ""page"": 5, ""section"": 77}, {""class"": ""I"", ""currency"": ""BRL"", ""total"": null, ""count"": null, ""page"": 6, ""section"": 78}, {""class"": ""I"", ""currency"": ""BRL"", ""total"": null, ""count"": null, ""page"": 6, ""section"": 79}, {""class"": ""I"", ""currency"": ""BRL"", ""total"": null, ""count"": null, ""page"": 6, ""section"": 80}, {""class"": ""I"", ""currency"": ""BRL"", ""total"": null, ""count"": null, ""page"": 6, ""section"": 81}, {""class"": ""I"", ""currency"": ""BRL"", ""total"": null, ""count"": null, ""page"": 6, ""section"": 82}, {""class"": ""I"", ""currency"": ""BRL"", ""total"": null, ""count"": null, ""page"": 6, ""section"": 83}, {""class"": ""I"", ""currency"": ""BRL"", ""total"": null, ""count"": null, ""page"": 6, ""section"": 84}, {""class"": ""I"", ""currency"": ""BRL"", ""total"": null, ""count"": null, ""page"": 6, ""section"": 85}, {""class"": ""I"", ""currency"": ""BRL"", ""total"": null, ""count"": null, ""page"": 6, ""section"": 86}, {""class"": ""I"", ""currency"": ""BRL"", ""total"": null, ""count"": null, ""page"": 6, ""section"": 87}, {""class"": ""I"", ""currency"": ""BRL"", ""total"": null, ""count"": null, ""page"": 6, ""section"": 88}, {""class"": ""I"", ""currency"": ""BRL"", ""total"": null, ""count"": null, ""page"": 6, ""section"": 89}, {""class"": ""I"", ""currency"": ""BRL"", ""total"": null, ""count"": null, ""page"": 6, ""section"": 90}, {""class"": ""I"", ""currency"": ""BRL"", ""total"": null, ""count"": null, ""page"": 6, ""section"": 91}, {""class"": ""I"", ""currency"": ""BRL"", ""total"": null, ""count"": null, ""page"": 6, ""section"": 92}, {""class"": ""I"", ""currency"": ""BRL"", ""total"": null, ""count"": null, ""page"": 6, ""section"": 93}, {""class"": ""I"", ""currency"": ""BRL"", ""total"": null, ""count"": null, ""page"": 6, ""section"": 94}, {""class"": ""I"", ""currency"": ""BRL"", ""total"": null, ""count"": null, ""page"": 6, ""section"": 95}, {""class"": ""I"", ""currency"": ""BRL"", ""total"": null, ""count"": null, ""page"": 6, ""section"": 96}, {""class"": ""I"", ""currency"": ""BRL"", ""total"": null, ""count"": null, ""page"": 6, ""section"": 97}, {""class"": ""I"", ""currency"": ""BRL"", ""total"": null, ""count"": null, ""page"": 6, ""section"": 98}, {""class"": ""I"", ""currency"": ""BRL"", ""total"": null, ""count"": null, ""page"": 6, ""section"": 99}, {""class"": ""I"", ""currency"": ""BRL"", ""total"": null, ""count"": null, ""page"": 6, ""section"": 100}, {""class"": ""I"", ""currency"": ""BRL"", ""total"": null, ""count"": null, ""page"": 6, ""section"": 101}, {""class"": ""I"", ""currency"": ""BRL"", ""total"": null, ""count"": null, ""page"": 6, ""section"": 102}, {""class"": ""I"", ""currency"": ""BRL"", ""total"": null, ""count"": null, ""page"": 6, ""section"": 103}, {""class"": ""I"", ""currency"": ""BRL"", ""total"": null, ""count"": null, ""page"": 7, ""section"": 104}, {""class"": ""I"", ""currency"": ""BRL"", ""total"": null, ""count"": null, ""page"": 7, ""section"": 105}, {""class"": ""I"", ""currency"": ""BRL"", ""total"": null, ""count"": null, ""page"": 7, ""section"": 106}, {""class"": ""I"", ""currency"": ""BRL"", ""total"": null, ""count"": null, ""page"": 7, ""section"": 107}, {""class"": ""I"", ""currency"": ""BRL"", ""total"": null, ""count"": null, ""page"": 7, ""section"": 108}, {""class"": ""I"", ""currency"": ""BRL"", ""total"": null, ""count"": null, ""page"": 7, ""section"": 109}, {""class"": ""I"", ""currency"": ""BRL"", ""total"": null, ""count"": null, ""page"": 7, ""section"": 110}, {""class"": ""I"", ""currency"": ""BRL"", ""total"": null, ""count"": null, ""page"": 7, ""section"": 111}, {""class"": ""I"", ""currency"": ""BRL"", ""total"": null, ""count"": null, ""page"": 7, ""section"": 112}, {""class"": ""I"", ""currency"": ""BRL"", ""total"": null, ""count"": null, ""page"": 7, ""section"": 113}, {""class"": ""I"", ""currency"": ""BRL"", ""total"": null, ""count"": null, ""page"": 7, ""section"": 114}, {""class"": ""I"", ""currency"": ""BRL"", ""total"": null, ""count"": null, ""page"": 7, ""section"": 115}, {""class"": ""I"", ""currency"": ""BRL"", ""total"": null, ""count"": null, ""page"": 7, ""section"": 116}, {""class"": ""I"", ""currency"": ""BRL"", ""total"": null, ""count"": null, ""page"": 7, ""section"": 117}, {""class"": ""I"", ""currency"": ""BRL"", ""total"": null, ""count"": null, ""page"": 7, ""section"": 118}, {""class"": ""I"", ""currency"": ""BRL"", ""total"": null, ""count"": null, ""page"": 7, ""section"": 119}, {""class"": ""I"", ""currency"": ""BRL"", ""total"": null, ""count"": null, ""page"": 7, ""section"": 120}, {""class"": ""I"", ""currency"": ""BRL"", ""total"": null, ""count"": null, ""page"": 7, ""section"": 121}, {""class"": ""I"", ""currency"": ""BRL"", ""total"": null, ""count"": null, ""page"": 7, ""section"": 122}, {""class"": ""I"", ""currency"": ""BRL"", ""total"": null, ""count"": null, ""page"": 7, ""section"": 123}, {""class"": ""I"", ""currency"": ""BRL"", ""total"": null, ""count"": null, ""page"": 7, ""section"": 124}, {""class"": ""I"", ""currency"": ""BRL"", ""total"": null, ""count"": null, ""page"": 7, ""section"": 125}, {""class"": ""I"", ""currency"": ""BRL"", ""total"": null, ""count"": null, ""page"": 7, ""section"": 126}, {""class"": ""I"", ""currency"": ""BRL"", ""total"": null, ""count"": null, ""page"": 7, ""section"": 127}, {""class"": ""I"", ""currency"": ""BRL"", ""total"": null, ""count"": null, ""page"": 7, ""section"": 128}, {""class"": ""I"", ""currency"": ""BRL"", ""total"": null, ""count"": null, ""page"": 7, ""section"": 129}, {""class"": ""I"", ""currency"": ""BRL"", ""total"": null, ""count"": null, ""page"": 7, ""section"": 130}, {""class"": ""I"", ""currency"": ""BRL"", ""total"": null, ""count"": null, ""page"": 8, ""section"": 131}, {""class"": ""I"", ""currency"": ""BRL"", ""total"": null, ""count"": null, ""page"": 8, ""section"": 132}, {""class"": ""I"", ""currency"": ""BRL"", ""total"": null, ""count"": null, ""page"": 8, ""section"": 133}, {""class"": ""I"", ""currency"": ""BRL"", ""total"": null, ""count"": null, ""page"": 8, ""section"": 134}, {""class"": ""I"", ""currency"": ""BRL"", ""total"": null, ""count"": null, ""page"": 8, ""section"": 135}, {""class"": ""I"", ""currency"": ""BRL"", ""total"": null, ""count"": null, ""page"": 8, ""section"": 136}, {""class"": ""I"", ""currency"": ""BRL"", ""total"": null, ""count"": null, ""page"": 8, ""section"": 137}, {""class"": ""I"", ""currency"": ""BRL"", ""total"": null, ""count"": null, ""page"": 8, ""section"": 138}, {""class"": ""I"", ""currency"": ""BRL"", ""total"": null, ""count"": null, ""page"": 8, ""section"": 139}, {""class"": ""I"", ""currency"": ""BRL"", ""total"": null, ""count"": null, ""page"": 8, ""section"": 140}, {""class"": ""I"", ""currency"": ""BRL"", ""total"": null, ""count"": null, ""page"": 8, ""section"": 141}, {""class"": ""I"", ""currency"": ""BRL"", ""total"": null, ""count"": null, ""page"": 8, ""section"": 142}, {""class"": ""I"", ""currency"": ""BRL"", ""total"": null, ""count"": null, ""page"": 8, ""section"": 143}, {""class"": ""I"", ""currency"": ""BRL"", ""total"": null, ""count"": null, ""page"": 8, ""section"": 144}, {""class"": ""I"", ""currency"": ""BRL"", ""total"": null, ""count"": null, ""page"": 8, ""section"": 145}, {""class"": ""I"", ""currency"": ""BRL"", ""total"": null, ""count"": null, ""page"": 8, ""section"": 146}, {""class"": ""I"", ""currency"": ""BRL"", ""total"": null, ""count"": null, ""page"": 8, ""section"": 147}, {""class"": ""I"", ""currency"": ""BRL"", ""total"": null, ""count"": null, ""page"": 8, ""section"": 148}, {""class"": ""I"", ""currency"": ""BRL"", ""total"": null, ""count"": null, ""page"": 8, ""section"": 149}, {""class"": ""I"", ""currency"": ""BRL"", ""total"": null, ""count"": null, ""page"": 8, ""section"": 150}, {""class"": ""I"", ""currency"": ""BRL"", ""total"": null, ""count"": null, ""page"": 8, ""section"": 151}, {""class"": ""I"", ""currency"": ""BRL"", ""total"": null, ""count"": null, ""page"": 8, ""section"": 152}, {""class"": ""I"", ""currency"": ""BRL"", ""total"": null, ""count"": null, ""page"": 8, ""section"": 153}, {""class"": ""I"", ""currency"": ""BRL"", ""total"": null, ""count"": null, ""page"": 8, ""section"": 154}, {""class"": ""I"", ""currency"": ""BRL"", ""total"": null, ""count"": null, ""page"": 8, ""section"": 155}, {""class"": ""I"", ""currency"": ""BRL"", ""total"": null, ""count"": null, ""page"": 8, ""section"": 156}, {""class"": ""I"", ""currency"": ""BRL"", ""total"": null, ""count"": null, ""page"": 9, ""section"": 157}, {""class"": ""I"", ""currency"": ""BRL"", ""total"": null, ""count"": null, ""page"": 9, ""section"": 158}, {""class"": ""I"", ""currency"": ""BRL"", ""total"": null, ""count"": null, ""page"": 9, ""section"": 159}, {""class"": ""I"", ""currency"": ""BRL"", ""total"": null, ""count"": null, ""page"": 9, ""section"": 160}, {""class"": ""I"", ""currency"": ""BRL"", ""total"": null, ""count"": null, ""page"": 9, ""section"": 161}, {""class"": ""I"", ""currency"": ""BRL"", ""total"": null, ""count"": null, ""page"": 9, ""section"": 162}, {""class"": ""I"", ""currency"": ""BRL"", ""total"": null, ""count"": null, ""page"": 9, ""section"": 163}, {""class"": ""I"", ""currency"": ""BRL"", ""total"": null, ""count"": null, ""page"": 9, ""section"": 164}, {""class"": ""I"", ""currency"": ""BRL"", ""total"": null, ""count"": null, ""page"": 9, ""section"": 165}, {""class"": ""I"", ""currency"": ""BRL"", ""total"": null, ""count"": null, ""page"": 9, ""section"": 166}, {""class"": ""I"", ""currency"": ""BRL"", ""total"": null, ""count"": null, ""page"": 9, ""section"": 167}, {""class"": ""I"", ""currency"": ""BRL"", ""total"": null, ""count"": null, ""page"": 9, ""section"": 168}, {""class"": ""I"", ""currency"": ""BRL"", ""total"": null, ""count"": null, ""page"": 9, ""section"": 169}, {""class"": ""I"", ""currency"": ""BRL"", ""total"": null, ""count"": null, ""page"": 9, ""section"": 170}, {""class"": ""I"", ""currency"": ""BRL"", ""total"": null, ""count"": null, ""page"": 9, ""section"": 171}, {""class"": ""I"", ""currency"": ""BRL"", ""total"": null, ""count"": null, ""page"": 9, ""section"": 172}, {""class"": ""I"", ""currency"": ""BRL"", ""total"": null, ""count"": null, ""page"": 9, ""section"": 173}, {""class"": ""I"", ""currency"": ""BRL"", ""total"": null, ""count"": null, ""page"": 9, ""section"": 174}, {""class"": ""I"", ""currency"": ""BRL"", ""total"": null, ""count"": null, ""page"": 9, ""section"": 175}, {""class"": ""I"", ""currency"": ""BRL"", ""total"": null, ""count"": null, ""page"": 9, ""section"": 176}, {""class"": ""I"", ""currency"": ""BRL"", ""total"": null, ""count"": null, ""page"": 9, ""section"": 177}, {""class"": ""I"", ""currency"": ""BRL"", ""total"": null, ""count"": null, ""page"": 9, ""section"": 178}, {""class"": ""I"", ""currency"": ""BRL"", ""total"": null, ""count"": null, ""page"": 9, ""section"": 179}, {""class"": ""I"", ""currency"": ""BRL"", ""total"": null, ""count"": null, ""page"": 9, ""section"": 180}, {""class"": ""I"", ""currency"": ""BRL"", ""total"": null, ""count"": null, ""page"": 9, ""section"": 181}, {""class"": ""I"", ""currency"": ""BRL"", ""total"": null, ""count"": null, ""page"": 9, ""section"": 182}, {""class"": ""I"", ""currency"": ""BRL"", ""total"": null, ""count"": null, ""page"": 10, ""section"": 183}, {""class"": ""I"", ""currency"": ""BRL"", ""total"": null, ""count"": null, ""page"": 10, ""section"": 184}, {""class"": ""I"", ""currency"": ""BRL"", ""total"": null, ""count"": null, ""page"": 10, ""section"": 185}, {""class"": ""I"", ""currency"": ""BRL"", ""total"": null, ""count"": null, ""page"": 10, ""section"": 186}, {""class"": ""I"", ""currency"": ""BRL"", ""total"": null, ""count"": null, ""page"": 10, ""section"": 187}, {""class"": ""I"", ""currency"": ""BRL"", ""total"": null, ""count"": null, ""page"": 10, ""section"": 188}, {""class"": ""I"", ""currency"": ""BRL"", ""total"": null, ""count"": null, ""page"": 10, ""section"": 189}, {""class"": ""I"", ""currency"": ""BRL"", ""total"": null, ""count"": null, ""page"": 10, ""section"": 190}, {""class"": ""I"", ""currency"": ""BRL"", ""total"": null, ""count"": null, ""page"": 10, ""section"": 191}, {""class"": ""I"", ""currency"": ""BRL"", ""total"": null, ""count"": null, ""page"": 10, ""section"": 192}, {""class"": ""I"", ""currency"": ""BRL"", ""total"": null, ""count"": null, ""page"": 10, ""section"": 193}, {""class"": ""I"", ""currency"": ""BRL"", ""total"": null, ""count"": null, ""page"": 10, ""section"": 194}, {""class"": ""I"", ""currency"": ""BRL"", ""total"": null, ""count"": null, ""page"": 10, ""section"": 195}, {""class"": ""I"", ""currency"": ""BRL"", ""total"": null, ""count"": null, ""page"": 10, ""section"": 196}, {""class"": ""I"", ""currency"": ""BRL"", ""total"": null, ""count"": null, ""page"": 10, ""section"": 197}, {""class"": ""I"", ""currency"": ""BRL"", ""total"": null, ""count"": null, ""page"": 10, ""section"": 198}, {""class"": ""I"", ""currency"": ""BRL"", ""total"": null, ""count"": null, ""page"": 10, ""section"": 199}, {""class"": ""I"", ""currency"": ""BRL"", ""total"": null, ""count"": null, ""page"": 10, ""section"": 200}, {""class"": ""I"", ""currency"": ""BRL"", ""total"": null, ""count"": null, ""page"": 10, ""section"": 201}, {""class"": ""I"", ""currency"": ""BRL"", ""total"": null, ""count"": null, ""page"": 10, ""section"": 202}, {""class"": ""I"", ""currency"": ""BRL"", ""total"": null, ""count"": null, ""page"": 10, ""section"": 203}, {""class"": ""I"", ""currency"": ""BRL"", ""total"": null, ""count"": null, ""page"": 10, ""section"": 204}, {""class"": ""I"", ""currency"": ""BRL"", ""total"": null, ""count"": null, ""page"": 10, ""section"": 205}, {""class"": ""I"", ""currency"": ""BRL"", ""total"": null, ""count"": null, ""page"": 10, ""section"": 206}, {""class"": ""I"", ""currency"": ""BRL"", ""total"": null, ""count"": null, ""page"": 10, ""section"": 207}, {""class"": ""I"", ""currency"": ""BRL"", ""total"": null, ""count"": null, ""page"": 10, ""section"": 208}, {""class"": ""I"", ""currency"": ""BRL"", ""total"": null, ""count"": null, ""page"": 10, ""section"": 209}, {""class"": ""I"", ""currency"": ""BRL"", ""total"": null, ""count"": null, ""page"": 11, ""section"": 210}, {""class"": ""I"", ""currency"": ""BRL"", ""total"": null, ""count"": null, ""page"": 11, ""section"": 211}, {""class"": ""I"", ""currency"": ""BRL"", ""total"": null, ""count"": null, ""page"": 11, ""section"": 212}, {""class"": ""I"", ""currency"": ""BRL"", ""total"": null, ""count"": null, ""page"": 11, ""section"": 213}, {""class"": ""I"", ""currency"": ""BRL"", ""total"": null, ""count"": null, ""page"": 11, ""section"": 214}, {""class"": ""I"", ""currency"": ""BRL"", ""total"": null, ""count"": null, ""page"": 11, ""section"": 215}, {""class"": ""I"", ""currency"": ""BRL"", ""total"": null, ""count"": null, ""page"": 11, ""section"": 216}, {""class"": ""I"", ""currency"": ""BRL"", ""total"": null, ""count"": null, ""page"": 11, ""section"": 217}, {""class"": ""I"", ""currency"": ""BRL"", ""total"": null, ""count"": null, ""page"": 11, ""section"": 218}, {""class"": ""I"", ""currency"": ""BRL"", ""total"": null, ""count"": null, ""page"": 11, ""section"": 219}, {""class"": ""I"", ""currency"": ""BRL"", ""total"": null, ""count"": null, ""page"": 11, ""section"": 220}, {""class"": ""I"", ""currency"": ""BRL"", ""total"": null, ""count"": null, ""page"": 11, ""section"": 221}, {""class"": ""I"", ""currency"": ""BRL"", ""total"": null, ""count"": null, ""page"": 11, ""section"": 222}, {""class"": ""I"", ""currency"": ""BRL"", ""total"": null, ""count"": null, ""page"": 11, ""section"": 223}, {""class"": ""I"", ""currency"": ""BRL"", ""total"": null, ""count"": null, ""page"": 11, ""section"": 224}, {""class"": ""I"", ""currency"": ""BRL"", ""total"": null, ""count"": null, ""page"": 11, ""section"": 225}, {""class"": ""I"", ""currency"": ""BRL"", ""total"": null, ""count"": null, ""page"": 11, ""section"": 226}, {""class"": ""I"", ""currency"": ""BRL"", ""total"": null, ""count"": null, ""page"": 11, ""section"": 227}, {""class"": ""I"", ""currency"": ""BRL"", ""total"": null, ""count"": null, ""page"": 11, ""section"": 228}, {""class"": ""I"", ""currency"": ""BRL"", ""total"": null, ""count"": null, ""page"": 11, ""section"": 229}, {""class"": ""I"", ""currency"": ""BRL"", ""total"": null, ""count"": null, ""page"": 11, ""section"": 230}, {""class"": ""I"", ""currency"": ""BRL"", ""total"": null, ""count"": null, ""page"": 11, ""section"": 231}, {""class"": ""I"", ""currency"": ""BRL"", ""total"": null, ""count"": null, ""page"": 11, ""section"": 232}, {""class"": ""I"", ""currency"": ""BRL"", ""total"": null, ""count"": null, ""page"": 11, ""section"": 233}, {""class"": ""I"", ""currency"": ""BRL"", ""total"": null, ""count"": null, ""page"": 11, ""section"": 234}, {""class"": ""I"", ""currency"": ""BRL"", ""total"": null, ""count"": null, ""page"": 11, ""section"": 235}, {""class"": ""I"", ""currency"": ""BRL"", ""total"": null, ""count"": null, ""page"": 12, ""section"": 236}, {""class"": ""I"", ""currency"": ""BRL"", ""total"": null, ""count"": null, ""page"": 12, ""section"": 237}, {""class"": ""I"", ""currency"": ""BRL"", ""total"": null, ""count"": null, ""page"": 12, ""section"": 238}, {""class"": ""I"", ""currency"": ""BRL"", ""total"": null, ""count"": null, ""page"": 12, ""section"": 239}, {""class"": ""I"", ""currency"": ""BRL"", ""total"": null, ""count"": null, ""page"": 12, ""section"": 240}, {""class"": ""I"", ""currency"": ""BRL"", ""total"": null, ""count"": null, ""page"": 12, ""section"": 241}, {""class"": ""I"", ""currency"": ""BRL"", ""total"": null, ""count"": null, ""page"": 12, ""section"": 242}, {""class"": ""I"", ""currency"": ""BRL"", ""total"": null, ""count"": null, ""page"": 12, ""section"": 243}, {""class"": ""I"", ""currency"": ""BRL"", ""total"": null, ""count"": null, ""page"": 12, ""section"": 244}, {""class"": ""I"", ""currency"": ""BRL"", ""total"": null, ""count"": null, ""page"": 12, ""section"": 245}, {""class"": ""I"", ""currency"": ""BRL"", ""total"": null, ""count"": null, ""page"": 12, ""section"": 246}, {""class"": ""I"", ""currency"": ""BRL"", ""total"": null, ""count"": null, ""page"": 12, ""section"": 247}, {""class"": ""I"", ""currency"": ""BRL"", ""total"": null, ""count"": null, ""page"": 12, ""section"": 248}, {""class"": ""I"", ""currency"": ""BRL"", ""total"": null, ""count"": null, ""page"": 12, ""section"": 249}, {""class"": ""I"", ""currency"": ""BRL"", ""total"": null, ""count"": null, ""page"": 12, ""section"": 250}, {""class"": ""I"", ""currency"": ""BRL"", ""total"": null, ""count"": null, ""page"": 12, ""section"": 251}, {""class"": ""I"", ""currency"": ""BRL"", ""total"": null, ""count"": null, ""page"": 12, ""section"": 252}, {""class"": ""I"", ""currency"": ""BRL"", ""total"": null, ""count"": null, ""page"": 12, ""section"": 253}, {""class"": ""I"", ""currency"": ""BRL"", ""total"": null, ""count"": null, ""page"": 12, ""section"": 254}, {""class"": ""I"", ""currency"": ""BRL"", ""total"": null, ""count"": null, ""page"": 12, ""section"": 255}, {""class"": ""I"", ""currency"": ""BRL"", ""total"": null, ""count"": null, ""page"": 12, ""section"": 256}, {""class"": ""I"", ""currency"": ""BRL"", ""total"": null, ""count"": null, ""page"": 12, ""section"": 257}, {""class"": ""I"", ""currency"": ""BRL"", ""total"": null, ""count"": null, ""page"": 12, ""section"": 258}, {""class"": ""III"", ""currency"": ""BRL"", ""total"": null, ""count"": null, ""page"": 13, ""section"": 259}, {""class"": ""III"", ""currency"": ""BRL"", ""total"": null, ""count"": null, ""page"": 13, ""section"": 260}, {""class"": ""III"", ""currency"": ""BRL"", ""total"": null, ""count"": null, ""page"": 13, ""section"": 261}, {""class"": ""III"", ""currency"": ""BRL"", ""total"": null, ""count"": null, ""page"": 13, ""section"": 262}, {""class"": ""III"", ""currency"": ""BRL"", ""total"": null, ""count"": null, ""page"": 13, ""section"": 263}, {""class"": ""III"", ""currency"": ""BRL"", ""total"": null, ""count"": null, ""page"": 13, ""section"": 264}, {""class"": ""III"", ""currency"": ""BRL"", ""total"": null, ""count"": null, ""page"": 13, ""section"": 265}, {""class"": ""III"", ""currency"": ""BRL"", ""total"": null, ""count"": null, ""page"": 13, ""section"": 266}, {""class"": ""III"", ""currency"": ""BRL"", ""total"": null, ""count"": null, ""page"": 13, ""section"": 267}, {""class"": ""III"", ""currency"": ""BRL"", ""total"": null, ""count"": null, ""page"": 13, ""section"": 268}, {""class"": ""III"", ""currency"": ""BRL"", ""total"": null, ""count"": null, ""page"": 13, ""section"": 269}, {""class"": ""III"", ""currency"": ""BRL"", ""total"": null, ""count"": null, ""page"": 13, ""section"": 270}, {""class"": ""III"", ""currency"": ""BRL"", ""total"": null, ""count"": null, ""page"": 13, ""section"": 271}, {""class"": ""III"", ""currency"": ""BRL"", ""total"": null, ""count"": null, ""page"": 13, ""section"": 272}, {""class"": ""III"", ""currency"": ""BRL"", ""total"": null, ""count"": null, ""page"": 13, ""section"": 273}, {""class"": ""III"", ""currency"": ""BRL"", ""total"": null, ""count"": null, ""page"": 13, ""section"": 274}, {""class"": ""III"", ""currency"": ""BRL"", ""total"": null, ""count"": null, ""page"": 13, ""section"": 275}, {""class"": ""III"", ""currency"": ""BRL"", ""total"": null, ""count"": null, ""page"": 13, ""section"": 276}, {""class"": ""III"", ""currency"": ""BRL"", ""total"": null, ""count"": null, ""page"": 13, ""section"": 277}, {""class"": ""III"", ""currency"": ""BRL"", ""total"": null, ""count"": null, ""page"": 13, ""section"": 278}, {""class"": ""III"", ""currency"": ""BRL"", ""total"": null, ""count"": null, ""page"": 13, ""section"": 279}, {""class"": ""III"", ""currency"": ""BRL"", ""total"": null, ""count"": null, ""page"": 13, ""section"": 280}, {""class"": ""III"", ""currency"": ""BRL"", ""total"": null, ""count"": null, ""page"": 14, ""section"": 281}, {""class"": ""III"", ""currency"": ""BRL"", ""total"": null, ""count"": null, ""page"": 14, ""section"": 282}, {""class"": ""III"", ""currency"": ""BRL"", ""total"": null, ""count"": null, ""page"": 14, ""section"": 283}, {""class"": ""III"", ""currency"": ""BRL"", ""total"": null, ""count"": null, ""page"": 14, ""section"": 284}, {""class"": ""III"", ""currency"": ""BRL"", ""total"": null, ""count"": null, ""page"": 14, ""section"": 285}, {""class"": ""III"", ""currency"": ""BRL"", ""total"": null, ""count"": null, ""page"": 14, ""section"": 286}, {""class"": ""III"", ""currency"": ""BRL"", ""total"": null, ""count"": null, ""page"": 14, ""section"": 287}, {""class"": ""III"", ""currency"": ""BRL"", ""total"": null, ""count"": null, ""page"": 14, ""section"": 288}, {""class"": ""III"", ""currency"": ""BRL"", ""total"": null, ""count"": null, ""page"": 14, ""section"": 289}, {""class"": ""III"", ""currency"": ""BRL"", ""total"": null, ""count"": null, ""page"": 14, ""section"": 290}, {""class"": ""III"", ""currency"": ""BRL"", ""total"": null, ""count"": null, ""page"": 14, ""section"": 291}, {""class"": ""III"", ""currency"": ""BRL"", ""total"": null, ""count"": null, ""page"": 14, ""section"": 292}, {""class"": ""III"", ""currency"": ""BRL"", ""total"": null, ""count"": null, ""page"": 14, ""section"": 293}, {""class"": ""III"", ""currency"": ""BRL"", ""total"": null, ""count"": null, ""page"": 14, ""section"": 294}, {""class"": ""III"", ""currency"": ""BRL"", ""total"": null, ""count"": null, ""page"": 14, ""section"": 295}, {""class"": ""III"", ""currency"": ""BRL"", ""total"": null, ""count"": null, ""page"": 14, ""section"": 296}, {""class"": ""III"", ""currency"": ""BRL"", ""total"": null, ""count"": null, ""page"": 14, ""section"": 297}, {""class"": ""III"", ""currency"": ""BRL"", ""total"": null, ""count"": null, ""page"": 14, ""section"": 298}, {""class"": ""III"", ""currency"": ""BRL"", ""total"": null, ""count"": null, ""page"": 14, ""section"": 299}, {""class"": ""III"", ""currency"": ""BRL"", ""total"": null, ""count"": null, ""page"": 14, ""section"": 300}, {""class"": ""III"", ""currency"": ""BRL"", ""total"": null, ""count"": null, ""page"": 14, ""section"": 301}, {""class"": ""III"", ""currency"": ""BRL"", ""total"": null, ""count"": null, ""page"": 14, ""section"": 302}, {""class"": ""III"", ""currency"": ""BRL"", ""total"": null, ""count"": null, ""page"": 14, ""section"": 303}, {""class"": ""III"", ""currency"": ""BRL"", ""total"": null, ""count"": null, ""page"": 15, ""section"": 304}, {""class"": ""III"", ""currency"": ""BRL"", ""total"": null, ""count"": null, ""page"": 15, ""section"": 305}, {""class"": ""III"", ""currency"": ""BRL"", ""total"": null, ""count"": null, ""page"": 15, ""section"": 306}, {""class"": ""III"", ""currency"": ""BRL"", ""total"": null, ""count"": null, ""page"": 15, ""section"": 307}, {""class"": ""III"", ""currency"": ""BRL"", ""total"": null, ""count"": null, ""page"": 15, ""section"": 308}, {""class"": ""III"", ""currency"": ""BRL"", ""total"": null, ""count"": null, ""page"": 15, ""section"": 309}, {""class"": ""III"", ""currency"": ""BRL"", ""total"": null, ""count"": null, ""page"": 15, ""section"": 310}, {""class"": ""III"", ""currency"": ""BRL"", ""total"": null, ""count"": null, ""page"": 15, ""section"": 311}, {""class"": ""III"", ""currency"": ""BRL"", ""total"": null, ""count"": null, ""page"": 15, ""section"": 312}, {""class"": ""III"", ""currency"": ""BRL"", ""total"": null, ""count"": null, ""page"": 15, ""section"": 313}, {""class"": ""III"", ""currency"": ""BRL"", ""total"": null, ""count"": null, ""page"": 15, ""section"": 314}, {""class"": ""III"", ""currency"": ""BRL"", ""total"": null, ""count"": null, ""page"": 15, ""section"": 315}, {""class"": ""III"", ""currency"": ""BRL"", ""total"": null, ""count"": null, ""page"": 15, ""section"": 316}, {""class"": ""III"", ""currency"": ""USD"", ""total"": null, ""count"": null, ""page"": 15, ""section"": 317}, {""class"": ""IV"", ""currency"": ""BRL"", ""total"": null, ""count"": null, ""page"": 16, ""section"": 318}, {""class"": ""IV"", ""currency"": ""BRL"", ""total"": null, ""count"": null, ""page"": 16, ""section"": 319}, {""class"": ""IV"", ""currency"": ""BRL"", ""total"": null, ""count"": null, ""page"": 16, ""section"": 320}, {""class"": ""IV"", ""currency"": ""BRL"", ""total"": null, ""count"": null, ""page"": 16, ""section"": 321}, {""class"": ""IV"", ""currency"": ""BRL"", ""total"": null, ""count"": null, ""page"": 16, ""section"": 322}, {""class"": ""IV"", ""currency"": ""BRL"", ""total"": null, ""count"": null, ""page"": 16, ""section"": 323}, {""class"": ""IV"", ""currency"": ""BRL"", ""total"": null, ""count"": null, ""page"": 16, ""section"": 324}, {""class"": ""IV"", ""currency"": ""BRL"", ""total"": null, ""count"": null, ""page"": 16, ""section"": 325}, {""class"": ""IV"", ""currency"": ""BRL"", ""total"": null, ""count"": null, ""page"": 16, ""section"": 326}, {""class"": ""IV"", ""currency"": ""BRL"", ""total"": null, ""count"": null, ""page"": 16, ""section"": 327}, {""class"": ""IV"", ""currency"": ""BRL"", ""total"": null, ""count"": null, ""page"": 16, ""section"": 328}, {""class"": ""IV"", ""currency"": ""BRL"", ""total"": null, ""count"": null, ""page"": 16, ""section"": 329}, {""class"": ""IV"", ""currency"": ""BRL"", ""total"": null, ""count"": null, ""page"": 16, ""section"": 330}, {""class"": ""IV"", ""currency"": ""BRL"", ""total"": null, ""count"": null, ""page"": 16, ""section"": 331}, {""class"": ""IV"", ""currency"": ""BRL"", ""total"": null, ""count"": null, ""page"": 16, ""section"": 332}, {""class"": ""IV"", ""currency"": ""BRL"", ""total"": null, ""count"": null, ""page"": 16, ""section"": 333}, {""class"": ""IV"", ""currency"": ""BRL"", ""total"": null, ""count"": null, ""page"": 16, ""section"": 334}, {""class"": ""IV"", ""currency"": ""BRL"", ""total"": null, ""count"": null, ""page"": 16, ""section"": 335}, {""class"": ""IV"", ""currency"": ""BRL"", ""total"": null, ""count"": null, ""page"": 16, ""section"": 336}, {""class"": ""IV"", ""currency"": ""BRL"", ""total"": null, ""count"": null, ""page"": 16, ""section"": 337}, {""class"": ""IV"", ""currency"": ""BRL"", ""total"": null, ""count"": null, ""page"": 16, ""section"": 338}, {""class"": ""IV"", ""currency"": ""BRL"", ""total"": null, ""count"": null, ""page"": 16, ""section"": 339}, {""class"": ""IV"", ""currency"": ""BRL"", ""total"": null, ""count"": null, ""page"": 16, ""section"": 340}, {""class"": ""IV"", ""currency"": ""BRL"", ""total"": null, ""count"": null, ""page"": 16, ""section"": 341}, {""class"": ""IV"", ""currency"": ""BRL"", ""total"": null, ""count"": null, ""page"": 16, ""section"": 342}, {""class"": ""IV"", ""currency"": ""BRL"", ""total"": null, ""count"": null, ""page"": 16, ""section"": 343}, {""class"": ""IV"", ""currency"": ""BRL"", ""total"": null, ""count"": null, ""page"": 16, ""section"": 344}, {""class"": ""IV"", ""currency"": ""BRL"", ""total"": null, ""count"": null, ""page"": 17, ""section"": 345}, {""class"": ""IV"", ""currency"": ""BRL"", ""total"": null, ""count"": null, ""page"": 17, ""section"": 346}, {""class"": ""IV"", ""currency"": ""BRL"", ""total"": null, ""count"": null, ""page"": 17, ""section"": 347}, {""class"": ""IV"", ""currency"": ""BRL"", ""total"": null, ""count"": null, ""page"": 17, ""section"": 348}, {""class"": ""IV"", ""currency"": ""BRL"", ""total"": null, ""count"": null, ""page"": 17, ""section"": 349}, {""class"": ""IV"", ""currency"": ""BRL"", ""total"": null, ""count"": null, ""page"": 17, ""section"": 350}, {""class"": ""IV"", ""currency"": ""BRL"", ""total"": null, ""count"": null, ""page"": 17, ""section"": 351}, {""class"": ""IV"", ""currency"": ""BRL"", ""total"": null, ""count"": null, ""page"": 17, ""section"": 352}, {""class"": ""IV"", ""currency"": ""BRL"", ""total"": null, ""count"": null, ""page"": 17, ""section"": 353}, {""class"": ""IV"", ""currency"": ""BRL"", ""total"": null, ""count"": null, ""page"": 17, ""section"": 354}, {""class"": ""IV"", ""currency"": ""BRL"", ""total"": null, ""count"": null, ""page"": 17, ""section"": 355}, {""class"": ""IV"", ""currency"": ""BRL"", ""total"": null, ""count"": null, ""page"": 17, ""section"": 356}, {""class"": ""IV"", ""currency"": ""BRL"", ""total"": null, ""count"": null, ""page"": 17, ""section"": 357}, {""class"": ""IV"", ""currency"": ""BRL"", ""total"": null, ""count"": null, ""page"": 17, ""section"": 358}, {""class"": ""IV"", ""currency"": ""BRL"", ""total"": null, ""count"": null, ""page"": 17, ""section"": 359}, {""class"": ""IV"", ""currency"": ""BRL"", ""total"": null, ""count"": null, ""page"": 17, ""section"": 360}, {""class"": ""IV"", ""currency"": ""BRL"", ""total"": null, ""count"": null, ""page"": 17, ""section"": 361}, {""class"": ""IV"", ""currency"": ""BRL"", ""total"": null, ""count"": null, ""page"": 17, ""section"": 362}, {""class"": ""IV"", ""currency"": ""BRL"", ""total"": null, ""count"": null, ""page"": 17, ""section"": 363}, {""class"": ""IV"", ""currency"": ""BRL"", ""total"": null, ""count"": null, ""page"": 17, ""section"": 364}, {""class"": ""IV"", ""currency"": ""BRL"", ""total"": null, ""count"": null, ""page"": 17, ""section"": 365}, {""class"": ""IV"", ""currency"": ""BRL"", ""total"": null, ""count"": null, ""page"": 17, ""section"": 366}, {""class"": ""IV"", ""currency"": ""BRL"", ""total"": null, ""count"": null, ""page"": 17, ""section"": 367}, {""class"": ""IV"", ""currency"": ""BRL"", ""total"": null, ""count"": null, ""page"": 17, ""section"": 368}, {""class"": ""IV"", ""currency"": ""BRL"", ""total"": null, ""count"": null, ""page"": 17, ""section"": 369}, {""class"": ""IV"", ""currency"": ""BRL"", ""total"": null, ""count"": null, ""page"": 17, ""section"": 370}, {""class"": ""IV"", ""currency"": ""BRL"", ""total"": null, ""count"": null, ""page"": 18, ""section"": 371}, {""class"": ""IV"", ""currency"": ""BRL"", ""total"": null, ""count"": null, ""page"": 18, ""section"": 372}, {""class"": ""IV"", ""currency"": ""BRL"", ""total"": null, ""count"": null, ""page"": 18, ""section"": 373}, {""class"": ""IV"", ""currency"": ""BRL"", ""total"": null, ""count"": null, ""page"": 18, ""section"": 374}, {""class"": ""IV"", ""currency"": ""BRL"", ""total"": null, ""count"": null, ""page"": 18, ""section"": 375}, {""class"": ""IV"", ""currency"": ""BRL"", ""total"": null, ""count"": null, ""page"": 18, ""section"": 376}, {""class"": ""IV"", ""currency"": ""BRL"", ""total"": null, ""count"": null, ""page"": 18, ""section"": 377}, {""class"": ""IV"", ""currency"": ""BRL"", ""total"": null, ""count"": null, ""page"": 18, ""section"": 378}, {""class"": ""IV"", ""currency"": ""BRL"", ""total"": null, ""count"": null, ""page"": 18, ""section"": 379}, {""class"": ""IV"", ""currency"": ""BRL"", ""total"": null, ""count"": null, ""page"": 18, ""section"": 380}, {""class"": ""IV"", ""currency"": ""BRL"", ""total"": null, ""count"": null, ""page"": 18, ""section"": 381}, {""class"": ""IV"", ""currency"": ""BRL"", ""total"": null, ""count"": null, ""page"": 18, ""section"": 382}, {""class"": ""IV"", ""currency"": ""BRL"", ""total"": null, ""count"": null, ""page"": 18, ""section"": 383}, {""class"": ""IV"", ""currency"": ""BRL"", ""total"": null, ""count"": null, ""page"": 18, ""section"": 384}, {""class"": ""IV"", ""currency"": ""BRL"", ""total"": null, ""count"": null, ""page"": 18, ""section"": 385}, {""class"": ""IV"", ""currency"": ""BRL"", ""total"": null, ""count"": null, ""page"": 18, ""section"": 386}, {""class"": ""IV"", ""currency"": ""BRL"", ""total"": null, ""count"": null, ""page"": 18, ""section"": 387}, {""class"": ""IV"", ""currency"": ""BRL"", ""total"": null, ""count"": null, ""page"": 18, ""section"": 388}, {""class"": ""IV"", ""currency"": ""BRL"", ""total"": null, ""count"": null, ""page"": 18, ""section"": 389}, {""class"": ""IV"", ""currency"": ""BRL"", ""total"": null, ""count"": null, ""page"": 18, ""section"": 390}, {""class"": ""IV"", ""currency"": ""BRL"", ""total"": null, ""count"": null, ""page"": 18, ""section"": 391}, {""class"": ""IV"", ""currency"": ""BRL"", ""total"": null, ""count"": null, ""page"": 18, ""section"": 392}, {""class"": ""IV"", ""currency"": ""BRL"", ""total"": null, ""count"": null, ""page"": 18, ""section"": 393}, {""class"": ""IV"", ""currency"": ""BRL"", ""total"": null, ""count"": null, ""page"": 18, ""section"": 394}]",OK_NO_TOTALS,PROSE,PROSE,prose_signal=0; fell back to PROSE; classIII=NO_TOTAL,2026-09-03T23:27:40Z,ingest
a593183e6dea9068be19a2852b16bafbc41fa9b1,1046550-03.2018.8.26.0100,AJ_LIST,2021-04-20,https://violet-wolf-754008.hostingersite.com/wp-content/uploads/recuperacoes-judiciais/Alcateia-Engenharia-de-Sistema-LTDA/Primeiro-edital-de-credores.pdf,/home/user/Anteparo/data/pdfs/brasiltrustee.com.br/a593183e6dea9068.pdf,4,[],OK_NO_TOTALS,TABLE,TABLE_BANDS,prose_signal=0; classIII=NO_ROWS,2026-09-03T23:27:40Z,ingest
7d6b4d4b1778aad7e54179e15617a555844e350f,1068760-43.2021.8.26.0100,QGC,,https://violet-wolf-754008.hostingersite.com/wp-content/uploads/recuperacoes-judiciais/Alcateia-Engenharia-de-Sistema-LTDA/Segundo-Edital-de-Credores.pdf,/home/user/Anteparo/data/pdfs/brasiltrustee.com.br/7d6b4d4b1778aad7.pdf,3,[],OK_NO_TOTALS,TABLE,TABLE_BANDS,prose_signal=0; classIII=NO_ROWS,2026-09-03T23:27:40Z,ingest
3318dcefec1f6d716daaf93876da23a44a554e64,1068760-43.2021.8.26.0100,QGC,2021-02-11,https://violet-wolf-754008.hostingersite.com/wp-content/uploads/recuperacoes-judiciais/Alcateia-Engenharia-de-Sistema-LTDA/Segundo-Edital-de-Credores-Disponibilizado-em-DJE.pdf,/home/user/Anteparo/data/pdfs/brasiltrustee.com.br/3318dcefec1f6d71.pdf,3,[],OK_NO_TOTALS,TABLE,TABLE_BANDS,prose_signal=1; classIII=NO_ROWS,2026-09-03T23:27:40Z,ingest
29a9da6c85c7e83cad7f619bced2515a1f390e0d,0055090-53.2021.8.19.0001,UNKNOWN,,https://inova-aj.com.br/wp-content/uploads/2021/02/CIMENTO-TUPI-Nova-relacao-de-credores-Fls.-822.pdf,/home/user/Anteparo/data/pdfs/inova-aj.com.br/29a9da6c85c7e83c.pdf,21,"[{""class"": ""I"", ""currency"": ""BRL"", ""total"": ""869301.36"", ""count"": null, ""page"": 12, ""section"": 1}]",OK,TABLE,TABLE_RULED,prose_signal=0; CASE_FROM_PAGE; classIII=NO_TOTAL,2026-09-03T23:27:40Z,ingest
e4e76dff4083c88e04a9c969c065bbc028fad633,1006896-09.2026.8.11.0015,AJ_LIST,2026-06-22,https://credibilita.com.br/wp-content/uploads/2026/06/Expedicao-Edital-Credores-16.06.2026.pdf,/home/user/Anteparo/data/pdfs/credibilita.com.br/e4e76dff4083c88e.pdf,7,[],OK_NO_TOTALS,PROSE,PROSE,prose_signal=5; classIII=NO_ROWS,2026-09-03T23:27:40Z,ingest
854f6156e83f13d0ce21bfa214668063e25a4413,0009800-26.2026.8.16.0194,DEBTOR_LIST,2026-06-02,https://credibilita.com.br/wp-content/uploads/2026/06/2026.06.02-Manifestacao-das-Recuperandas-emendando-a-peticao-inicial-e-apresentando-o-Quadro-Geral-de-Credores.pdf,/home/user/Anteparo/data/pdfs/credibilita.com.br/854f6156e83f13d0.pdf,22,[],OK_NO_TOTALS,TABLE,TABLE_BANDS,prose_signal=0; classIII=NO_ROWS,2026-09-03T23:27:40Z,ingest
e1a90a6120bc77f2b6214dfb5f7afd6b3c03b256,0003679-79.2026.8.16.0194,UNKNOWN,2026-03-05,https://credibilita.com.br/wp-content/uploads/2026/03/05.03.2026-Lista-de-Credores-apresentada-pela-Recuperanda-1.pdf,/home/user/Anteparo/data/pdfs/credibilita.com.br/e1a90a6120bc77f2.pdf,46,[],OK_NO_TOTALS,TABLE,TABLE_BANDS,prose_signal=1; classIII=NO_ROWS,2026-09-03T23:27:40Z,ingest
a11b2b4f9ee53f3dd584c52f2dcd3768882efb81,0022066-39.2018.8.19.0001,DEBTOR_LIST,,https://inova-aj.com.br/wp-content/uploads/2018/02/Relação-de-Credores-RECICLYN-Art.-52-§1º-LRE.pdf,/home/user/Anteparo/data/pdfs/inova-aj.com.br/a11b2b4f9ee53f3d.pdf,2,"[{""class"": ""I"", ""currency"": ""BRL"", ""total"": null, ""count"": null, ""page"": 1, ""section"": 1}, {""class"": ""I"", ""currency"": ""BRL"", ""total"": null, ""count"": null, ""page"": 1, ""section"": 2}, {""class"": ""I"", ""currency"": ""BRL"", ""total"": null, ""count"": null, ""page"": 1, ""section"": 3}, {""class"": ""III"", ""currency"": ""BRL"", ""total"": null, ""count"": null, ""page"": 1, ""section"": 4}, {""class"": ""III"", ""currency"": ""BRL"", ""total"": null, ""count"": null, ""page"": 1, ""section"": 5}, {""class"": ""III"", ""currency"": ""BRL"", ""total"": null, ""count"": null, ""page"": 1, ""section"": 6}, {""class"": ""III"", ""currency"": ""BRL"", ""total"": null, ""count"": null, ""page"": 1, ""section"": 7}, {""class"": ""III"", ""currency"": ""BRL"", ""total"": null, ""count"": null, ""page"": 2, ""section"": 8}, {""class"": ""III"", ""currency"": ""BRL"", ""total"": null, ""count"": null, ""page"": 2, ""section"": 9}, {""class"": ""III"", ""currency"": ""BRL"", ""total"": null, ""count"": null, ""page"": 2, ""section"": 10}]",OK_NO_TOTALS,PROSE,PROSE,prose_signal=0; fell back to PROSE; classIII=NO_TOTAL,2026-09-03T23:27:40Z,ingest
27348f7ead4e43d4c10bc2fa3e73207779cfac97,0003679-79.2026.8.16.0194,AJ_LIST,2026-05-08,https://credibilita.com.br/wp-content/uploads/2026/03/08.05.2026-Lista-de-Credores-reapresentada-pela-Recuperanda-mov.-152.pdf,/home/user/Anteparo/data/pdfs/credibilita.com.br/27348f7ead4e43d4.pdf,23,[],OK_NO_TOTALS,TABLE,TABLE_BANDS,prose_signal=0; classIII=NO_ROWS,2026-09-03T23:27:59Z,ingest
8388165236d216da1b605f1bd60818ae4005162e,0021390-07.2025.5.04.0004,QGC,2023-03-17,https://credibilita.com.br/wp-content/uploads/2026/03/08.01.2026-Quadro-Geral-de-Credores-apresentado-pela-Recuperanda-ev.-1-OUT6.pdf,/home/user/Anteparo/data/pdfs/credibilita.com.br/8388165236d216da.pdf,11,"[{""class"": null, ""currency"": ""BRL"", ""total"": ""26800.00"", ""count"": null, ""page"": 5, ""section"": 0}]",OK_NO_TOTALS,TABLE,TABLE_RULED,prose_signal=2; classIII=NO_ROWS,2026-09-03T23:27:59Z,ingest
78dcb9b8f14998a12e93795bb492e082145a60bc,0806815-98.2025.8.19.0001,AJ_LIST,2025-04-10,https://inova-aj.com.br/wp-content/uploads/2025/04/Edital-de-Intimacao-Primeira-Relacao-de-Credores-e-Decisao-de-Deferimento.pdf,/home/user/Anteparo/data/pdfs/inova-aj.com.br/78dcb9b8f14998a1.pdf,4,[],OK_NO_TOTALS,TABLE,TABLE_BANDS,prose_signal=0; classIII=NO_ROWS,2026-09-03T23:27:59Z,ingest
0bf2f176944e9da5bb21f12a4fad65d5a719f825,0000941-21.2012.8.26.0101,UNKNOWN,,https://violet-wolf-754008.hostingersite.com/wp-content/uploads/recuperacoes-judiciais/aroplan/07-Certidão-de-Publicação-do-Segundo-Edital.pdf,/home/user/Anteparo/data/pdfs/brasiltrustee.com.br/0bf2f176944e9da5.pdf,2,[],NO_TEXT_LAYER,NONE,,NO_TEXT_LAYER: needs OCR; CASE_FROM_PAGE; classIII=NO_ROWS,2026-09-03T23:27:59Z,ingest
75d90d6311b70f3c4534020d71156eb8130105cc,5003049-91.2026.8.21.0001,AJ_LIST,,https://credibilita.com.br/wp-content/uploads/2026/03/05.08.2026-Manifestacao-da-Administradora-Judicial-que-apresenta-a-Lista-de-Credores-prevista-no-art.-7o-§-2o-da-LREF-ev.-200.pdf,/home/user/Anteparo/data/pdfs/credibilita.com.br/75d90d6311b70f3c.pdf,54,"[{""class"": ""I"", ""currency"": ""BRL"", ""total"": null, ""count"": null, ""page"": 8, ""section"": 2}, {""class"": ""III"", ""currency"": ""BRL"", ""total"": null, ""count"": null, ""page"": 13, ""section"": 3}, {""class"": ""IV"", ""currency"": ""BRL"", ""total"": null, ""count"": null, ""page"": 49, ""section"": 37}]",OK_NO_TOTALS,PROSE,PROSE,prose_signal=8; classIII=NO_TOTAL,2026-09-03T23:27:59Z,ingest
13fa7793a2f7469de92ff818bc23e0012bb8ffc3,0806815-98.2025.8.19.0001,UNKNOWN,,https://inova-aj.com.br/wp-content/uploads/2026/04/Grupo-Widmen-Segunda-Relacao-de-Credores.pdf,/home/user/Anteparo/data/pdfs/inova-aj.com.br/13fa7793a2f7469d.pdf,2,[],OK_NO_TOTALS,TABLE,TABLE_RULED,prose_signal=0; classIII=NO_TOTAL,2026-09-03T23:27:59Z,ingest
39c3779930c00c164446a7703cf105bf89fa28e5,5003049-91.2026.8.21.0001,AJ_LIST,2026-08-07,https://credibilita.com.br/wp-content/uploads/2026/03/06.08.2026-Edital-do-art.-7o-§-2o-da-Lei-no-11.1012005-Relacao-de-Credores-apresentada-pela-Administradora-Judicial-ev.-203.pdf,/home/user/Anteparo/data/pdfs/credibilita.com.br/39c3779930c00c16.pdf,2,[],OK_NO_TOTALS,PROSE,PROSE,prose_signal=0; fell back to PROSE; classIII=NO_ROWS,2026-09-03T23:27:59Z,ingest
a5f16ed5a9c4d948a76cad8fc0a8d79314bc2491,0154809-22.2012.8.26.0100,QGC,2017-07-17,https://violet-wolf-754008.hostingersite.com/wp-content/uploads/recuperacoes-judiciais/becap/05-Certidão-de-Publicação-do-Primeiro-Edital.pdf,/home/user/Anteparo/data/pdfs/brasiltrustee.com.br/a5f16ed5a9c4d948.pdf,6,[],OK_NO_TOTALS,TABLE,TABLE_BANDS,prose_signal=0; classIII=NO_TOTAL,2026-09-03T23:27:59Z,ingest
b978114208eaea3f9b34d5e7fefed0fe3a10d783,0001154-67.2026.8.16.0019,DEBTOR_LIST,2026-01-13,https://credibilita.com.br/wp-content/uploads/2026/03/Expedicao-Edital-Relacao-de-Credores-08.04.2026.pdf,/home/user/Anteparo/data/pdfs/credibilita.com.br/b978114208eaea3f.pdf,7,"[{""class"": null, ""currency"": ""BRL"", ""total"": ""53775136.71"", ""count"": null, ""page"": 7, ""section"": 3}]",OK_NO_TOTALS,PROSE,PROSE,prose_signal=0; fell back to PROSE; classIII=NO_ROWS,2026-09-03T23:27:59Z,ingest
861486b2afbcf43929272640e08574d73a3a2cc7,0806815-98.2025.8.19.0001,UNKNOWN,,https://inova-aj.com.br/wp-content/uploads/2025/01/Grupo-Widmen-Primeira-Relacao-de-Credores.pdf,/home/user/Anteparo/data/pdfs/inova-aj.com.br/861486b2afbcf439.pdf,4,"[{""class"": ""I"", ""currency"": ""BRL"", ""total"": ""165118.96"", ""count"": null, ""page"": 2, ""section"": 1}, {""class"": ""III"", ""currency"": ""BRL"", ""total"": ""36274587.59"", ""count"": null, ""page"": 3, ""section"": 4}, {""class"": ""III"", ""currency"": ""BRL"", ""total"": ""3687421.79"", ""count"": null, ""page"": 4, ""section"": 5}, {""class"": ""IV"", ""currency"": ""BRL"", ""total"": ""26758.81"", ""count"": null, ""page"": 4, ""section"": 7}, {""class"": ""IV"", ""currency"": ""BRL"", ""total"": ""3201496.60"", ""count"": null, ""page"": 4, ""section"": 8}]",OK,TABLE,TABLE_RULED,prose_signal=2; CASE_FROM_PAGE; classIII=PASS,2026-09-03T23:27:59Z,ingest
6456de6be75063f3ef8348ecd85ea64aafb3908b,1039187-96.2017.8.26.0100,QGC,,https://violet-wolf-754008.hostingersite.com/wp-content/uploads/recuperacoes-judiciais/becap/CERTIDÃO-DE-PUBLICAÇÃO.pdf,/home/user/Anteparo/data/pdfs/brasiltrustee.com.br/6456de6be75063f3.pdf,3,"[{""class"": ""I"", ""currency"": ""BRL"", ""total"": null, ""count"": null, ""page"": 1, ""section"": 1}, {""class"": ""I"", ""currency"": ""BRL"", ""total"": null, ""count"": null, ""page"": 1, ""section"": 2}, {""class"": ""III"", ""currency"": ""BRL"", ""total"": null, ""count"": null, ""page"": 1, ""section"": 3}, {""class"": ""III"", ""currency"": ""BRL"", ""total"": null, ""count"": null, ""page"": 3, ""section"": 4}, {""class"": ""IV"", ""currency"": ""BRL"", ""total"": null, ""count"": null, ""page"": 3, ""section"": 5}, {""class"": ""IV"", ""currency"": ""BRL"", ""total"": null, ""count"": null, ""page"": 3, ""section"": 6}, {""class"": null, ""currency"": ""BRL"", ""total"": ""21633973.74"", ""count"": null, ""page"": 3, ""section"": 7}]",OK_NO_TOTALS,PROSE,PROSE,prose_signal=0; fell back to PROSE; classIII=NO_TOTAL,2026-09-03T23:27:59Z,ingest
cf92cff797d25108be0439a46ee6864d615a1be4,5057720-48.2025.8.24.0023,UNKNOWN,,https://credibilita.com.br/wp-content/uploads/2025/09/Relacao-Credores-29.04.2026.pdf,/home/user/Anteparo/data/pdfs/credibilita.com.br/cf92cff797d25108.pdf,2,[],OK_NO_TOTALS,TABLE,TABLE_RULED,prose_signal=0; CASE_FROM_PAGE; classIII=NO_TOTAL,2026-09-03T23:27:59Z,ingest
9ac4930199da3aa75a85d1373e6eed44c37bb11e,0949160-58.2023.8.19.0001,AJ_LIST,2023-11-09,https://inova-aj.com.br/wp-content/uploads/2024/06/Officilab-Edital-Conjunto-Segunda-Relacao-de-Credores-e-REcebimento-do-PRJ-art.-7o-§-2o-e-art.-53-pu.pdf,/home/user/Anteparo/data/pdfs/inova-aj.com.br/9ac4930199da3aa7.pdf,1,"[{""class"": ""I"", ""currency"": ""BRL"", ""total"": null, ""count"": null, ""page"": 1, ""section"": 1}, {""class"": ""II"", ""currency"": ""BRL"", ""total"": null, ""count"": null, ""page"": 1, ""section"": 2}, {""class"": ""III"", ""currency"": ""BRL"", ""total"": null, ""count"": null, ""page"": 1, ""section"": 3}]",OK_NO_TOTALS,PROSE,PROSE,prose_signal=0; fell back to PROSE; classIII=NO_TOTAL,2026-09-03T23:27:59Z,ingest
ef9dfa4656691e5bcc19c60d10993c8a059ed389,0949160-58.2023.8.19.0001,UNKNOWN,,https://inova-aj.com.br/wp-content/uploads/2024/05/Officilab-Segunda-Relacao-de-Credores.pdf,/home/user/Anteparo/data/pdfs/inova-aj.com.br/ef9dfa4656691e5b.pdf,5,[],OK_NO_TOTALS,TABLE,TABLE_RULED,prose_signal=0; CASE_FROM_PAGE; classIII=NO_ROWS,2026-09-03T23:27:59Z,ingest
1e51f201c30cdeb517c7de955058fdffb93bdd4b,0021370-77.2024.8.16.0194,UNKNOWN,2025-06-02,https://credibilita.com.br/wp-content/uploads/2024/12/02.06.2025-Relacao-de-Credores-mov.-49.2.pdf,/home/user/Anteparo/data/pdfs/credibilita.com.br/1e51f201c30cdeb5.pdf,3,"[{""class"": null, ""currency"": ""BRL"", ""total"": ""1431716923.86"", ""count"": null, ""page"": 2, ""section"": 0}]",OK_NO_TOTALS,TABLE,TABLE_BANDS,prose_signal=0; classIII=NO_ROWS,2026-09-03T23:28:13Z,ingest
2312b4e52fdf0e9d0b10aa3c5e4a50bd06523b4b,0949160-58.2023.8.19.0001,UNKNOWN,,https://inova-aj.com.br/wp-content/uploads/2023/12/Relacao-de-Credores-Officilab-.pdf,/home/user/Anteparo/data/pdfs/inova-aj.com.br/2312b4e52fdf0e9d.pdf,5,[],OK_NO_TOTALS,TABLE,TABLE_RULED,prose_signal=0; CASE_FROM_PAGE; classIII=NO_TOTAL,2026-09-03T23:28:13Z,ingest
3bd524befb7ddca650cf063584bcc1f7bfdb1ea5,0928454-54.2023.8.19.0001,UNKNOWN,2024-04-05,https://inova-aj.com.br/wp-content/uploads/2024/04/Concal-Edital-Recebimento-do-PRJ-e-2a-Relacao-de-Credores.pdf,/home/user/Anteparo/data/pdfs/inova-aj.com.br/3bd524befb7ddca6.pdf,4,[],OK_NO_TOTALS,TABLE,TABLE_BANDS,prose_signal=0; classIII=NO_ROWS,2026-09-03T23:28:13Z,ingest
35ffd4ba360b7bf96f1be5eaf774fdb521d44d3b,1025706-74.2024.8.26.0309,AJ_LIST,,https://credibilita.com.br/wp-content/uploads/2025/02/38.-Modificativo-do-Plano-de-Recuperacao-Judicial.pdf,/home/user/Anteparo/data/pdfs/credibilita.com.br/35ffd4ba360b7bf9.pdf,60,[],OK_NO_TOTALS,TABLE,TABLE_BANDS,prose_signal=0; classIII=NO_ROWS,2026-09-03T23:28:13Z,ingest
4c98239a0559fdaac590e2c648230ceb70c6854d,0928454-54.2023.8.19.0001,UNKNOWN,,https://inova-aj.com.br/wp-content/uploads/2023/10/Concal-Relacao-de-Credores-0928454-54.2023.8.19.0001.pdf,/home/user/Anteparo/data/pdfs/inova-aj.com.br/4c98239a0559fdaa.pdf,10,[],OK_NO_TOTALS,TABLE,TABLE_RULED,prose_signal=0; CASE_FROM_PAGE; classIII=NO_TOTAL,2026-09-03T23:28:13Z,ingest
4b487c5f5b4c4f15f523b9877c3deea66f526637,5001743-15.2025.8.08.0024,QGC,2025-01-20,https://rlg-aj.com.br/wp-content/uploads/2025/02/lista-de-credores-Contemporanea.pdf,/home/user/Anteparo/data/pdfs/rlg-aj.com.br/4b487c5f5b4c4f15.pdf,17,"[{""class"": null, ""currency"": ""BRL"", ""total"": ""36588852.90"", ""count"": null, ""page"": 17, ""section"": 8}]",OK_NO_TOTALS,TABLE,TABLE_RULED,prose_signal=0; CASE_FROM_PAGE; classIII=NO_TOTAL,2026-09-03T23:28:16Z,ingest
2329ec5bf53993c98d2f35da9dd86c62f7fd136e,0873061-47.2023.8.19.0001,AJ_LIST,2024-10-29,https://inova-aj.com.br/wp-content/uploads/2024/10/Real-Edital-Relacao-de-Credores-Art.-7o-§-2o-Lei-no-11.101.pdf,/home/user/Anteparo/data/pdfs/inova-aj.com.br/2329ec5bf53993c9.pdf,3,"[{""class"": ""I"", ""currency"": ""BRL"", ""total"": null, ""count"": null, ""page"": 2, ""section"": 1}, {""class"": ""III"", ""currency"": ""BRL"", ""total"": null, ""count"": null, ""page"": 2, ""section"": 2}, {""class"": ""IV"", ""currency"": ""BRL"", ""total"": null, ""count"": null, ""page"": 2, ""section"": 3}]",OK_NO_TOTALS,PROSE,PROSE,prose_signal=0; fell back to PROSE; classIII=NO_TOTAL,2026-09-03T23:28:16Z,ingest
4c894580c5e95df63e24aea2c68c08b12de59cc5,5008465-92.2023.8.24.0023,AJ_LIST,2025-10-20,https://credibilita.com.br/wp-content/uploads/2023/12/Sentenca-concedendo-a-recuperacao-judicial.pdf,/home/user/Anteparo/data/pdfs/credibilita.com.br/4c894580c5e95df6.pdf,14,[],OK_NO_TOTALS,TABLE,TABLE_BANDS,prose_signal=0; classIII=NO_ROWS,2026-09-03T23:28:16Z,ingest
873137a7e6ca85dffcf77826fb95e3eb020e8bc0,5001743-15.2025.8.08.0024,AJ_LIST,2025-02-14,https://rlg-aj.com.br/wp-content/uploads/2025/02/Edital-Artigo-52.-Parágrafo-1.-Contemporanea.pdf,/home/user/Anteparo/data/pdfs/rlg-aj.com.br/873137a7e6ca85df.pdf,5,[],OK_NO_TOTALS,TABLE,TABLE_BANDS,prose_signal=0; classIII=NO_ROWS,2026-09-03T23:28:16Z,ingest
675516c7349d89adcc98572f1054f6e1fa50bf6d,0873061-47.2023.8.19.0001,AJ_LIST,,https://inova-aj.com.br/wp-content/uploads/2024/09/Doc.-02-2°-Relacao-de-Credores.pdf,/home/user/Anteparo/data/pdfs/inova-aj.com.br/675516c7349d89ad.pdf,2,[],OK_NO_TOTALS,TABLE,TABLE_RULED,prose_signal=0; CASE_FROM_PAGE; classIII=NO_TOTAL,2026-09-03T23:28:16Z,ingest
8fb0d34090279e87a8301d44a703f56f0544272d,0873061-47.2023.8.19.0001,AJ_LIST,,https://inova-aj.com.br/wp-content/uploads/2024/05/Real-Primeira-Relacao-de-Credores-1.pdf,/home/user/Anteparo/data/pdfs/inova-aj.com.br/8fb0d34090279e87.pdf,2,[],OK_NO_TOTALS,TABLE,TABLE_RULED,prose_signal=0; CASE_FROM_PAGE; classIII=NO_TOTAL,2026-09-03T23:28:21Z,ingest
8eb5d0d64353bf5fcd1122d1a511b7ca9884e3bd,0873061-47.2023.8.19.0001,AJ_LIST,2023-06-05,https://inova-aj.com.br/wp-content/uploads/2026/08/1a-Relacao-de-Credores-Real.pdf,/home/user/Anteparo/data/pdfs/inova-aj.com.br/8eb5d0d64353bf5f.pdf,2,"[{""class"": ""I"", ""currency"": ""BRL"", ""total"": ""1102263.23"", ""count"": null, ""page"": 1, ""section"": 1}, {""class"": ""III"", ""currency"": ""BRL"", ""total"": ""57134869.38"", ""count"": null, ""page"": 2, ""section"": 3}, {""class"": ""III"", ""currency"": ""BRL"", ""total"": ""58237132.61"", ""count"": null, ""page"": 2, ""section"": 4}]",OK,TABLE,TABLE_RULED,prose_signal=0; CASE_FROM_PAGE; classIII=PASS,2026-09-03T23:28:21Z,ingest
9439b6923afe6df11a6224196db74dfcecd617fe,0873061-47.2023.8.19.0001,AJ_LIST,2023-06-05,https://inova-aj.com.br/wp-content/uploads/2026/08/2a-Relacao-de-Credores-Real.pdf,/home/user/Anteparo/data/pdfs/inova-aj.com.br/9439b6923afe6df1.pdf,2,"[{""class"": ""I"", ""currency"": ""BRL"", ""total"": ""1001972.58"", ""count"": null, ""page"": 1, ""section"": 1}, {""class"": ""I"", ""currency"": ""BRL"", ""total"": ""57245032.57"", ""count"": null, ""page"": 2, ""section"": 2}, {""class"": ""I"", ""currency"": ""BRL"", ""total"": ""58247005.15"", ""count"": null, ""page"": 2, ""section"": 3}]",OK,TABLE,TABLE_RULED,prose_signal=0; CASE_FROM_PAGE; classIII=NO_ROWS,2026-09-03T23:28:21Z,ingest
8fab206a2de8bee2ec83667f93ef4c4e0a287564,5001743-15.2025.8.08.0024,AJ_LIST,,https://rlg-aj.com.br/wp-content/uploads/2025/02/Segunda-Lista-de-Credores-Retificada-Contemporanea.pdf,/home/user/Anteparo/data/pdfs/rlg-aj.com.br/8fab206a2de8bee2.pdf,33,"[{""class"": ""I"", ""currency"": ""BRL"", ""total"": ""67584.53"", ""count"": null, ""page"": 10, ""section"": 1}, {""class"": ""II"", ""currency"": ""BRL"", ""total"": ""2930622.68"", ""count"": null, ""page"": 11, ""section"": 3}, {""class"": ""III"", ""currency"": ""BRL"", ""total"": ""15467637.25"", ""count"": null, ""page"": 24, ""section"": 5}, {""class"": ""IV"", ""currency"": ""BRL"", ""total"": ""5090738.14"", ""count"": null, ""page"": 32, ""section"": 7}, {""class"": ""I"", ""currency"": ""BRL"", ""total"": ""67584.53"", ""count"": null, ""page"": 33, ""section"": 13}, {""class"": ""II"", ""currency"": ""BRL"", ""total"": ""2930622.68"", ""count"": null, ""page"": 33, ""section"": 14}, {""class"": ""III"", ""currency"": ""BRL"", ""total"": ""15467637.25"", ""count"": null, ""page"": 33, ""section"": 15}, {""class"": ""IV"", ""currency"": ""BRL"", ""total"": ""5090738.14"", ""count"": null, ""page"": 33, ""section"": 16}]",OK,TABLE,TABLE_BANDS,prose_signal=0; classIII=PASS,2026-09-03T23:28:30Z,ingest
e308ff0afd15eb7cf8151a450802b6016f9b7dca,5004799-61.2024.8.24.0019,AJ_LIST,,https://rlg-aj.com.br/wp-content/uploads/2024/05/Relação-de-Credores-elaborada-nos-termos-do-art.-7º-da-LREF-Diomar.pdf,/home/user/Anteparo/data/pdfs/rlg-aj.com.br/e308ff0afd15eb7c.pdf,289,[],OK_NO_TOTALS,PROSE,PROSE,prose_signal=470; classIII=NO_ROWS,2026-09-03T23:29:05Z,ingest
97d149cc912c2109da21d8a5ec5a1cd3c2f24c88,0000941-21.2012.8.26.0101,UNKNOWN,,https://violet-wolf-754008.hostingersite.com/wp-content/uploads/recuperacoes-judiciais/eit/05-Certidão-de-Publicação-do-Primeiro-Edital.pdf,/home/user/Anteparo/data/pdfs/brasiltrustee.com.br/97d149cc912c2109.pdf,48,[],NO_TEXT_LAYER,NONE,,NO_TEXT_LAYER: needs OCR; CASE_FROM_PAGE; classIII=NO_ROWS,2026-09-03T23:29:05Z,ingest
6d84a54da2819af472041f83410fd0c8229e39bc,0035171-19.2017.8.26.0100,QGC,,https://violet-wolf-754008.hostingersite.com/wp-content/uploads/recuperacoes-judiciais/eit/2º-Edital-de-credores.pdf,/home/user/Anteparo/data/pdfs/brasiltrustee.com.br/6d84a54da2819af4.pdf,9,"[{""class"": null, ""currency"": ""BRL"", ""total"": ""12755071.49"", ""count"": null, ""page"": 1, ""section"": 1}, {""class"": null, ""currency"": ""BRL"", ""total"": ""15165276.64"", ""count"": null, ""page"": 1, ""section"": 4}, {""class"": ""I"", ""currency"": ""BRL"", ""total"": null, ""count"": null, ""page"": 1, ""section"": 5}, {""class"": ""III"", ""currency"": ""BRL"", ""total"": null, ""count"": null, ""page"": 6, ""section"": 6}, {""class"": ""III"", ""currency"": ""BRL"", ""total"": null, ""count"": null, ""page"": 7, ""section"": 7}, {""class"": ""IV"", ""currency"": ""BRL"", ""total"": null, ""count"": null, ""page"": 7, ""section"": 8}, {""class"": ""IV"", ""currency"": ""BRL"", ""total"": null, ""count"": null, ""page"": 9, ""section"": 9}, {""class"": null, ""currency"": ""BRL"", ""total"": ""67805839.45"", ""count"": null, ""page"": 9, ""section"": 10}]",OK_NO_TOTALS,PROSE,PROSE,prose_signal=0; fell back to PROSE; classIII=NO_TOTAL,2026-09-03T23:29:05Z,ingest
e458c84e39cc9cbc8f49b03f8d12badd2b43f1eb,1011783-19.2017.8.26.0602,DEBTOR_LIST,2010-03-24,https://violet-wolf-754008.hostingersite.com/wp-content/uploads/recuperacoes-judiciais/Ebramec/Embrac-1º-Edital-de-Credores.pdf,/home/user/Anteparo/data/pdfs/brasiltrustee.com.br/e458c84e39cc9cbc.pdf,6,"[{""class"": ""I"", ""currency"": ""BRL"", ""total"": null, ""count"": null, ""page"": 2, ""section"": 3}, {""class"": ""III"", ""currency"": ""BRL"", ""total"": null, ""count"": null, ""page"": 3, ""section"": 4}, {""class"": ""IV"", ""currency"": ""BRL"", ""total"": null, ""count"": null, ""page"": 5, ""section"": 5}, {""class"": null, ""currency"": ""BRL"", ""total"": ""82909981.10"", ""count"": null, ""page"": 5, ""section"": 6}]",OK_NO_TOTALS,PROSE,PROSE,prose_signal=0; fell back to PROSE; classIII=NO_TOTAL,2026-09-03T23:29:55Z,ingest
506c627084b6455fa76243c474e38c0fe33daf14,1004204-09.2020.8.26.0604,QGC,2021-03-12,https://violet-wolf-754008.hostingersite.com/wp-content/uploads/recuperacoes-judiciais/Ebramec/2o-Edital-de-Credores.pdf,/home/user/Anteparo/data/pdfs/brasiltrustee.com.br/506c627084b6455f.pdf,7,"[{""class"": ""I"", ""currency"": ""BRL"", ""total"": null, ""count"": null, ""page"": 2, ""section"": 1}, {""class"": ""III"", ""currency"": ""BRL"", ""total"": null, ""count"": null, ""page"": 2, ""section"": 2}, {""class"": ""IV"", ""currency"": ""BRL"", ""total"": null, ""count"": null, ""page"": 3, ""section"": 3}, {""class"": null, ""currency"": ""BRL"", ""total"": ""11239547.76"", ""count"": null, ""page"": 4, ""section"": 4}, {""class"": ""I"", ""currency"": ""BRL"", ""total"": null, ""count"": null, ""page"": 6, ""section"": 5}, {""class"": ""III"", ""currency"": ""BRL"", ""total"": null, ""count"": null, ""page"": 6, ""section"": 6}, {""class"": ""IV"", ""currency"": ""BRL"", ""total"": null, ""count"": null, ""page"": 6, ""section"": 7}, {""class"": null, ""currency"": ""BRL"", ""total"": ""11239547.76"", ""count"": null, ""page"": 7, ""section"": 8}]",OK_NO_TOTALS,PROSE,PROSE,prose_signal=40; classIII=NO_TOTAL,2026-09-03T23:29:55Z,ingest
de7667826616cacd1abf8c9b87ea4269c6df59ff,0020395-10.2020.8.19.0001,AJ_LIST,,https://inova-aj.com.br/wp-content/uploads/2020/04/Relação-de-Credores-Grupo-Miguel-Couto-Art.-7º§2º-LRE.pdf,/home/user/Anteparo/data/pdfs/inova-aj.com.br/de7667826616cacd.pdf,25,"[{""class"": ""I"", ""currency"": ""BRL"", ""total"": ""890438.17"", ""count"": null, ""page"": 3, ""section"": 1}, {""class"": ""III"", ""currency"": ""BRL"", ""total"": ""232227.81"", ""count"": null, ""page"": 3, ""section"": 3}, {""class"": ""IV"", ""currency"": ""BRL"", ""total"": ""4654.16"", ""count"": null, ""page"": 4, ""section"": 5}, {""class"": ""I"", ""currency"": ""BRL"", ""total"": ""103939.54"", ""count"": null, ""page"": 5, ""section"": 7}, {""class"": ""III"", ""currency"": ""BRL"", ""total"": ""1079022.41"", ""count"": null, ""page"": 6, ""section"": 9}, {""class"": ""I"", ""currency"": ""BRL"", ""total"": ""1374328.01"", ""count"": null, ""page"": 9, ""section"": 11}, {""class"": ""III"", ""currency"": ""BRL"", ""total"": ""3689352.80"", ""count"": null, ""page"": 10, ""section"": 13}, {""class"": ""IV"", ""currency"": ""BRL"", ""total"": ""47827.71"", ""count"": null, ""page"": 11, ""section"": 15}, {""class"": ""I"", ""currency"": ""BRL"", ""total"": ""476643.95"", ""count"": null, ""page"": 13, ""section"": 17}, {""class"": ""III"", ""currency"": ""BRL"", ""total"": ""296276.88"", ""count"": null, ""page"": 13, ""section"": 19}, {""class"": ""IV"", ""currency"": ""BRL"", ""total"": ""52403.41"", ""count"": null, ""page"": 13, ""section"": 21}, {""class"": ""I"", ""currency"": ""BRL"", ""total"": ""5572733.85"", ""count"": null, ""page"": 23, ""section"": 23}, {""class"": ""III"", ""currency"": ""BRL"", ""total"": ""9153615.25"", ""count"": null, ""page"": 25, ""section"": 25}, {""class"": ""IV"", ""currency"": ""BRL"", ""total"": ""27447.06"", ""count"": null, ""page"": 25, ""section"": 27}]",OK,TABLE,TABLE_RULED,prose_signal=0; classIII=PASS,2026-09-03T23:29:55Z,ingest
ad59024ca110f0b7874147a4a4d0dab4e8f4b0ac,1013435-20.2015.8.26.0577,AJ_LIST,,https://violet-wolf-754008.hostingersite.com/wp-content/uploads/recuperacoes-judiciais/enges-engenharia/05-Certidão-de-Publicação-do-Primeiro-Edital.pdf,/home/user/Anteparo/data/pdfs/brasiltrustee.com.br/ad59024ca110f0b7.pdf,4,[],OK_NO_TOTALS,TABLE,TABLE_BANDS,prose_signal=1; classIII=NO_ROWS,2026-09-03T23:29:55Z,ingest
9f215213e71b9b3c208cf7c8dd888fc2b42dcee7,0009773-70.2012.8.26.0577,AJ_LIST,2011-08-06,https://violet-wolf-754008.hostingersite.com/wp-content/uploads/recuperacoes-judiciais/enges-engenharia/Segundo-edital-Enges.pdf,/home/user/Anteparo/data/pdfs/brasiltrustee.com.br/9f215213e71b9b3c.pdf,3,"[{""class"": ""III"", ""currency"": ""BRL"", ""total"": null, ""count"": null, ""page"": 1, ""section"": 1}, {""class"": ""IV"", ""currency"": ""BRL"", ""total"": null, ""count"": null, ""page"": 2, ""section"": 2}, {""class"": null, ""currency"": ""BRL"", ""total"": ""8035225.07"", ""count"": null, ""page"": 3, ""section"": 3}]",OK_NO_TOTALS,PROSE,PROSE,prose_signal=1; fell back to PROSE; classIII=NO_ROWS,2026-09-03T23:29:55Z,ingest
bff5188290e8122810cefb03cbcd84995fec79f8,1116156-84.2019.8.26.0100,UNKNOWN,,https://inova-aj.com.br/wp-content/uploads/2019/11/Relação-de-Credores-Grupo-Avora-Cosméticos-Art.-52§1º-LRE.pdf,/home/user/Anteparo/data/pdfs/inova-aj.com.br/bff5188290e81228.pdf,53,"[{""class"": null, ""currency"": ""BRL"", ""total"": ""8233315.96"", ""count"": null, ""page"": 2, ""section"": 0}, {""class"": null, ""currency"": ""BRL"", ""total"": ""295030.39"", ""count"": null, ""page"": 2, ""section"": 1}, {""class"": null, ""currency"": ""BRL"", ""total"": ""705287.06"", ""count"": null, ""page"": 6, ""section"": 2}, {""class"": null, ""currency"": ""BRL"", ""total"": ""34867.64"", ""count"": null, ""page"": 7, ""section"": 3}, {""class"": null, ""currency"": ""BRL"", ""total"": ""1182708.52"", ""count"": null, ""page"": 8, ""section"": 4}, {""class"": null, ""currency"": ""BRL"", ""total"": ""275060.14"", ""count"": null, ""page"": 11, ""section"": 5}, {""class"": null, ""currency"": ""BRL"", ""total"": ""18741.00"", ""count"": null, ""page"": 11, ""section"": 6}, {""class"": null, ""currency"": ""BRL"", ""total"": ""845068.66"", ""count"": null, ""page"": 16, ""section"": 7}, {""class"": null, ""currency"": ""BRL"", ""total"": ""70004.64"", ""count"": null, ""page"": 17, ""section"": 8}, {""class"": null, ""currency"": ""BRL"", ""total"": ""11911584.41"", ""count"": null, ""page"": 17, ""section"": 9}, {""class"": null, ""currency"": ""BRL"", ""total"": ""991573.49"", ""count"": null, ""page"": 18, ""section"": 9}, {""class"": ""III"", ""currency"": ""BRL"", ""total"": ""7922439.50"", ""count"": null, ""page"": 19, ""section"": 11}, {""class"": ""IV"", ""currency"": ""BRL"", ""total"": ""133456.96"", ""count"": null, ""page"": 20, ""section"": 13}, {""class"": null, ""currency"": ""BRL"", ""total"": ""991573.49"", ""count"": null, ""page"": 43, ""section"": 29}, {""class"": ""III"", ""currency"": ""BRL"", ""total"": ""8233315.96"", ""count"": null, ""page"": 44, ""section"": 31}, {""class"": ""IV"", ""currency"": ""BRL"", ""total"": ""295030.39"", ""count"": null, ""page"": 45, ""section"": 33}]",OK,TABLE,TABLE_RULED,prose_signal=2; classIII=PASS,2026-09-03T23:29:55Z,ingest
3aa7f9828b8724f42151b32e931b0ff1169878d0,1116156-84.2019.8.26.0100,AJ_LIST,,https://inova-aj.com.br/wp-content/uploads/2020/02/Relacao-de-Credores.pdf,/home/user/Anteparo/data/pdfs/inova-aj.com.br/3aa7f9828b8724f4.pdf,5,"[{""class"": null, ""currency"": ""BRL"", ""total"": ""8329102.89"", ""count"": null, ""page"": 1, ""section"": 0}, {""class"": null, ""currency"": ""BRL"", ""total"": ""295030.39"", ""count"": null, ""page"": 1, ""section"": 1}, {""class"": ""I"", ""currency"": ""BRL"", ""total"": ""253209.08"", ""count"": null, ""page"": 2, ""section"": 3}, {""class"": ""III"", ""currency"": ""BRL"", ""total"": ""780641.91"", ""count"": null, ""page"": 3, ""section"": 5}, {""class"": ""IV"", ""currency"": ""BRL"", ""total"": ""34867.64"", ""count"": null, ""page"": 3, ""section"": 7}, {""class"": ""III"", ""currency"": ""BRL"", ""total"": ""1156610.61"", ""count"": null, ""page"": 3, ""section"": 9}, {""class"": ""III"", ""currency"": ""BRL"", ""total"": ""293694.32"", ""count"": null, ""page"": 4, ""section"": 10}, {""class"": ""III"", ""currency"": ""BRL"", ""total"": ""26851.00"", ""count"": null, ""page"": 4, ""section"": 11}, {""class"": ""III"", ""currency"": ""BRL"", ""total"": ""970374.29"", ""count"": null, ""page"": 5, ""section"": 12}, {""class"": ""III"", ""currency"": ""BRL"", ""total"": ""131002.76"", ""count"": null, ""page"": 5, ""section"": 13}]",OK,TABLE,TABLE_RULED,prose_signal=0; classIII=PASS,2026-09-03T23:29:55Z,ingest
9a32fb63e714e00377b8cd2182a2cee522786897,0000941-21.2012.8.26.0101,UNKNOWN,,https://violet-wolf-754008.hostingersite.com/wp-content/uploads/recuperacoes-judiciais/GLC-Transportes/1-Edital-de-Credores-disponibilizado-14.09.pdf,/home/user/Anteparo/data/pdfs/brasiltrustee.com.br/9a32fb63e714e003.pdf,4,[],NO_TEXT_LAYER,NONE,,NO_TEXT_LAYER: needs OCR; CASE_FROM_PAGE; classIII=NO_ROWS,2026-09-03T23:29:55Z,ingest
87aa6aaedb561e89e875eb7ee7932f6729d6586c,0141112-22.2018.8.19.0001,AJ_LIST,,https://inova-aj.com.br/wp-content/uploads/2018/11/Relação-de-Credores-Grupo-CFF-Art.-7º-§2º-LRE-RETIFICADA.pdf,/home/user/Anteparo/data/pdfs/inova-aj.com.br/87aa6aaedb561e89.pdf,10,"[{""class"": ""I"", ""currency"": ""BRL"", ""total"": ""2631386.86"", ""count"": null, ""page"": 4, ""section"": 1}, {""class"": ""III"", ""currency"": ""BRL"", ""total"": ""12984203.54"", ""count"": null, ""page"": 9, ""section"": 3}, {""class"": ""IV"", ""currency"": ""BRL"", ""total"": ""195896.67"", ""count"": null, ""page"": 10, ""section"": 5}]",OK,TABLE,TABLE_RULED,prose_signal=0; classIII=PASS,2026-09-03T23:29:55Z,ingest
e4d792000479ed6332ce2ef4a8a24469d56127fc,0141112-22.2018.8.19.0001,DEBTOR_LIST,,https://inova-aj.com.br/wp-content/uploads/2018/08/Relação-de-Credores-CFF-Art.-52-§1º-LRE.pdf,/home/user/Anteparo/data/pdfs/inova-aj.com.br/e4d792000479ed63.pdf,11,"[{""class"": ""I"", ""currency"": ""BRL"", ""total"": ""2620274.29"", ""count"": null, ""page"": 4, ""section"": 1}, {""class"": ""III"", ""currency"": ""BRL"", ""total"": ""3592400.29"", ""count"": null, ""page"": 4, ""section"": 3}, {""class"": ""III"", ""currency"": ""BRL"", ""total"": ""7889899.85"", ""count"": null, ""page"": 10, ""section"": 4}, {""class"": ""IV"", ""currency"": ""BRL"", ""total"": ""172799.31"", ""count"": null, ""page"": 11, ""section"": 6}]",OK,TABLE,TABLE_RULED,prose_signal=0; classIII=PASS,2026-09-03T23:29:55Z,ingest
298df513d500f99916c16f64c6cd89a4723a2455,5074883-62.2023.8.21.0001,AJ_LIST,,https://rlg-aj.com.br/wp-content/uploads/2023/05/Relacao-de-Credores-do-art.-7o-§2o-da-Lei-n.o-11.101-de-2005-Lojas-Aldo.pdf,/home/user/Anteparo/data/pdfs/rlg-aj.com.br/298df513d500f999.pdf,5,[],OK_NO_TOTALS,TABLE,TABLE_RULED,prose_signal=0; classIII=NO_TOTAL,2026-09-03T23:29:55Z,ingest
94deac4b28ef88ab9e860d17cfa8e90b5225e890,5008630-83.2025.8.24.0019,DEBTOR_LIST,,https://rlg-aj.com.br/wp-content/uploads/2026/02/Rela____o_de_Credores.pdf,/home/user/Anteparo/data/pdfs/rlg-aj.com.br/94deac4b28ef88ab.pdf,3,"[{""class"": ""III"", ""currency"": ""BRL"", ""total"": ""2834383.88"", ""count"": null, ""page"": 2, ""section"": 1}, {""class"": ""III"", ""currency"": ""BRL"", ""total"": ""15481863.41"", ""count"": null, ""page"": 3, ""section"": 2}]",OK,TABLE,TABLE_RULED,prose_signal=0; CASE_FROM_PAGE; classIII=PASS,2026-09-03T23:29:55Z,ingest
9d691fb2bb544f12108c74e2b6e17546a9092dd6,5008630-83.2025.8.24.0019,AJ_LIST,,https://rlg-aj.com.br/wp-content/uploads/2026/02/2a-Lista-de-Credores-Relacao-Completa-Artigo-7o-Paragrafo-2-da-Lei-11.101-de-2005-Madefus.pdf,/home/user/Anteparo/data/pdfs/rlg-aj.com.br/9d691fb2bb544f12.pdf,3,"[{""class"": ""II"", ""currency"": ""BRL"", ""total"": ""12241913.50"", ""count"": null, ""page"": 1, ""section"": 1}, {""class"": ""III"", ""currency"": ""BRL"", ""total"": ""5792447.73"", ""count"": null, ""page"": 2, ""section"": 3}, {""class"": ""II"", ""currency"": ""BRL"", ""total"": ""12241913.50"", ""count"": null, ""page"": 3, ""section"": 7}, {""class"": ""III"", ""currency"": ""BRL"", ""total"": ""5792447.73"", ""count"": null, ""page"": 3, ""section"": 8}]",OK,TABLE,TABLE_BANDS,prose_signal=0; classIII=PASS,2026-09-03T23:29:55Z,ingest
6ede1cbd1f296e21b7a1ca8105012e22a8923019,0000941-21.2012.8.26.0101,UNKNOWN,,https://violet-wolf-754008.hostingersite.com/wp-content/uploads/recuperacoes-judiciais/Graúna/04-primeiro-edital.pdf,/home/user/Anteparo/data/pdfs/brasiltrustee.com.br/6ede1cbd1f296e21.pdf,25,[],NO_TEXT_LAYER,NONE,,NO_TEXT_LAYER: needs OCR; CASE_FROM_PAGE; classIII=NO_ROWS,2026-09-03T23:29:55Z,ingest
3947235063b1f7af41c495a3af55cd6b9c16252d,1074600-92.2025.8.11.0041,UNKNOWN,,https://rlg-aj.com.br/wp-content/uploads/2026/03/Lista-de-Credores-Vezignazzi_rotated-1.pdf,/home/user/Anteparo/data/pdfs/rlg-aj.com.br/3947235063b1f7af.pdf,1,[],NO_TEXT_LAYER,NONE,,NO_TEXT_LAYER: needs OCR; CASE_FROM_PAGE; classIII=NO_ROWS,2026-09-03T23:29:55Z,ingest
858922d7bd59020946fde582a84fd22a71bd13e9,1035775-55.2020.8.26.0100,QGC,,https://violet-wolf-754008.hostingersite.com/wp-content/uploads/recuperacoes-judiciais/Grupo-bem/2º-Edital-Grupo-Bem.pdf,/home/user/Anteparo/data/pdfs/brasiltrustee.com.br/858922d7bd590209.pdf,14,"[{""class"": ""III"", ""currency"": ""BRL"", ""total"": null, ""count"": null, ""page"": 4, ""section"": 1}, {""class"": ""IV"", ""currency"": ""BRL"", ""total"": null, ""count"": null, ""page"": 5, ""section"": 2}, {""class"": null, ""currency"": ""BRL"", ""total"": ""3254471.31"", ""count"": null, ""page"": 6, ""section"": 3}, {""class"": ""III"", ""currency"": ""BRL"", ""total"": null, ""count"": null, ""page"": 6, ""section"": 4}, {""class"": ""IV"", ""currency"": ""BRL"", ""total"": null, ""count"": null, ""page"": 7, ""section"": 5}, {""class"": null, ""currency"": ""BRL"", ""total"": ""339858.17"", ""count"": null, ""page"": 7, ""section"": 6}, {""class"": ""III"", ""currency"": ""BRL"", ""total"": null, ""count"": null, ""page"": 7, ""section"": 7}, {""class"": ""IV"", ""currency"": ""BRL"", ""total"": null, ""count"": null, ""page"": 7, ""section"": 8}, {""class"": null, ""currency"": ""BRL"", ""total"": ""3102182.21"", ""count"": null, ""page"": 7, ""section"": 9}, {""class"": ""III"", ""currency"": ""BRL"", ""total"": null, ""count"": null, ""page"": 7, ""section"": 10}, {""class"": ""IV"", ""currency"": ""BRL"", ""total"": null, ""count"": null, ""page"": 7, ""section"": 11}, {""class"": null, ""currency"": ""BRL"", ""total"": ""18376.34"", ""count"": null, ""page"": 7, ""section"": 12}, {""class"": ""I"", ""currency"": ""BRL"", ""total"": null, ""count"": null, ""page"": 7, ""section"": 13}, {""class"": ""III"", ""currency"": ""BRL"", ""total"": null, ""count"": null, ""page"": 9, ""section"": 14}, {""class"": ""IV"", ""currency"": ""BRL"", ""total"": null, ""count"": null, ""page"": 9, ""section"": 15}, {""class"": null, ""currency"": ""BRL"", ""total"": ""1768577.23"", ""count"": null, ""page"": 9, ""section"": 16}, {""class"": ""III"", ""currency"": ""BRL"", ""total"": null, ""count"": null, ""page"": 11, ""section"": 17}, {""class"": ""IV"", ""currency"": ""BRL"", ""total"": null, ""count"": null, ""page"": 12, ""section"": 18}, {""class"": null, ""currency"": ""BRL"", ""total"": ""22876838.87"", ""count"": null, ""page"": 14, ""section"": 19}, {""class"": null, ""currency"": ""BRL"", ""total"": ""31360304.13"", ""count"": null, ""page"": 14, ""section"": 20}]",OK_NO_TOTALS,PROSE,PROSE,prose_signal=0; fell back to PROSE; classIII=NO_TOTAL,2026-09-03T23:29:55Z,ingest
1de8ac48c4c5dec6d734c7715279cb0b544c96e3,1074600-92.2025.8.11.0041,AJ_LIST,2026-03-05,https://rlg-aj.com.br/wp-content/uploads/2026/03/20260306-EDT-Publicacao-Artigo-52.-Paragrafo-1.-Grupo-Vezignazzi.pdf,/home/user/Anteparo/data/pdfs/rlg-aj.com.br/1de8ac48c4c5dec6.pdf,7,[],OK_NO_TOTALS,TABLE,TABLE_BANDS,prose_signal=4; classIII=NO_ROWS,2026-09-03T23:29:55Z,ingest
c70268a3d9bcce0e007845a02a4ab9fef91afd96,1000021-46.2023.8.26.0359,DEBTOR_LIST,2023-10-19,https://violet-wolf-754008.hostingersite.com/wp-content/uploads/2024/06/1o-Edital-de-Credores.pdf,/home/user/Anteparo/data/pdfs/brasiltrustee.com.br/c70268a3d9bcce0e.pdf,10,"[{""class"": ""I"", ""currency"": ""BRL"", ""total"": null, ""count"": null, ""page"": 10, ""section"": 9}, {""class"": ""II"", ""currency"": ""BRL"", ""total"": null, ""count"": null, ""page"": 10, ""section"": 10}, {""class"": ""III"", ""currency"": ""BRL"", ""total"": null, ""count"": null, ""page"": 10, ""section"": 11}, {""class"": ""III"", ""currency"": ""BRL"", ""total"": null, ""count"": null, ""page"": 10, ""section"": 12}, {""class"": ""IV"", ""currency"": ""BRL"", ""total"": null, ""count"": null, ""page"": 10, ""section"": 13}, {""class"": ""IV"", ""currency"": ""BRL"", ""total"": null, ""count"": null, ""page"": 10, ""section"": 14}, {""class"": null, ""currency"": ""BRL"", ""total"": ""2919072.88"", ""count"": null, ""page"": 10, ""section"": 15}]",OK_NO_TOTALS,PROSE,PROSE,prose_signal=0; fell back to PROSE; classIII=NO_TOTAL,2026-09-03T23:29:55Z,ingest
814b9783cf4802fc90178ffa6b7a687c09366140,1054969-12.2018.8.26.0100,QGC,,https://violet-wolf-754008.hostingersite.com/wp-content/uploads/recuperacoes-judiciais/ever-ton/1º-edital.pdf,/home/user/Anteparo/data/pdfs/brasiltrustee.com.br/814b9783cf4802fc.pdf,5,"[{""class"": ""I"", ""currency"": ""BRL"", ""total"": null, ""count"": null, ""page"": 4, ""section"": 3}, {""class"": ""I"", ""currency"": ""BRL"", ""total"": null, ""count"": null, ""page"": 4, ""section"": 4}, {""class"": ""I"", ""currency"": ""BRL"", ""total"": null, ""count"": null, ""page"": 4, ""section"": 5}, {""class"": ""III"", ""currency"": ""BRL"", ""total"": null, ""count"": null, ""page"": 4, ""section"": 6}, {""class"": ""III"", ""currency"": ""BRL"", ""total"": null, ""count"": null, ""page"": 4, ""section"": 7}, {""class"": ""III"", ""currency"": ""BRL"", ""total"": null, ""count"": null, ""page"": 4, ""section"": 8}, {""class"": ""III"", ""currency"": ""BRL"", ""total"": null, ""count"": null, ""page"": 4, ""section"": 9}, {""class"": ""III"", ""currency"": ""BRL"", ""total"": null, ""count"": null, ""page"": 4, ""section"": 10}, {""class"": ""IV"", ""currency"": ""BRL"", ""total"": null, ""count"": null, ""page"": 4, ""section"": 11}, {""class"": ""IV"", ""currency"": ""BRL"", ""total"": null, ""count"": null, ""page"": 5, ""section"": 12}, {""class"": ""IV"", ""currency"": ""BRL"", ""total"": null, ""count"": null, ""page"": 5, ""section"": 13}]",OK_NO_TOTALS,PROSE,PROSE,prose_signal=1; fell back to PROSE; classIII=NO_TOTAL,2026-09-03T23:29:55Z,ingest
3069b341e329d898b9cefa0be3a2bc254f4f7cfb,1036296-61.2019.8.26.0576,DEBTOR_LIST,2019-10-24,https://violet-wolf-754008.hostingersite.com/wp-content/uploads/recuperacoes-judiciais/Flexmix/1036296-61.2019.8.26.0576-1º-edital.pdf,/home/user/Anteparo/data/pdfs/brasiltrustee.com.br/3069b341e329d898.pdf,2,[],OK_NO_TOTALS,PROSE,PROSE,prose_signal=4; fell back to PROSE; classIII=NO_ROWS,2026-09-03T23:29:55Z,ingest
ece9afaa75281b14a421ddacd6443a272618abed,0024643-24.2017.8.19.0001,UNKNOWN,2019-11-07,https://inova-aj.com.br/wp-content/uploads/2019/11/Relação-de-Credores-Incluídos-na-2ª-Opção-do-PRJ-1.pdf,/home/user/Anteparo/data/pdfs/inova-aj.com.br/ece9afaa75281b14.pdf,14,[],OK_NO_TOTALS,TABLE,TABLE_RULED,prose_signal=0; classIII=NO_ROWS,2026-09-03T23:29:55Z,ingest
042bcc3c15f229d2b8ebced12bb1b954c1b1a3d4,1032741-02.2020.8.26.0576,DEBTOR_LIST,2020-09-15,https://violet-wolf-754008.hostingersite.com/wp-content/uploads/recuperacoes-judiciais/Grupo-Hoken/1o-Edital-de-Credores-Grupo-Hoken.pdf,/home/user/Anteparo/data/pdfs/brasiltrustee.com.br/042bcc3c15f229d2.pdf,3,"[{""class"": ""I"", ""currency"": ""BRL"", ""total"": null, ""count"": null, ""page"": 2, ""section"": 1}, {""class"": ""II"", ""currency"": ""BRL"", ""total"": null, ""count"": null, ""page"": 2, ""section"": 2}, {""class"": ""III"", ""currency"": ""BRL"", ""total"": null, ""count"": null, ""page"": 2, ""section"": 3}, {""class"": ""IV"", ""currency"": ""BRL"", ""total"": null, ""count"": null, ""page"": 2, ""section"": 4}, {""class"": null, ""currency"": ""BRL"", ""total"": ""14930791.01"", ""count"": null, ""page"": 3, ""section"": 5}]",OK_NO_TOTALS,PROSE,PROSE,prose_signal=1; fell back to PROSE; classIII=NO_TOTAL,2026-09-03T23:29:55Z,ingest
8f8da4cde6b7bd4c344c492f72831914592e9102,1032741-02.2020.8.26.0576,QGC,,https://violet-wolf-754008.hostingersite.com/wp-content/uploads/recuperacoes-judiciais/Grupo-Hoken/2o-Edital-Grupo-Hoken.pdf,/home/user/Anteparo/data/pdfs/brasiltrustee.com.br/8f8da4cde6b7bd4c.pdf,4,"[{""class"": ""I"", ""currency"": ""BRL"", ""total"": null, ""count"": null, ""page"": 2, ""section"": 1}, {""class"": ""II"", ""currency"": ""BRL"", ""total"": null, ""count"": null, ""page"": 2, ""section"": 2}, {""class"": ""III"", ""currency"": ""BRL"", ""total"": null, ""count"": null, ""page"": 2, ""section"": 3}, {""class"": ""IV"", ""currency"": ""BRL"", ""total"": null, ""count"": null, ""page"": 3, ""section"": 4}, {""class"": null, ""currency"": ""BRL"", ""total"": ""12827065.75"", ""count"": null, ""page"": 4, ""section"": 5}]",OK_NO_TOTALS,PROSE,PROSE,prose_signal=0; fell back to PROSE; classIII=NO_TOTAL,2026-09-03T23:29:55Z,ingest
812b7174724a6518ef25fd46882728adb253f807,5001024-38.2024.8.24.0019,UNKNOWN,,https://rlg-aj.com.br/wp-content/uploads/2024/02/6.-Relacao-de-Credores-Retificacao-Starkfest.pdf,/home/user/Anteparo/data/pdfs/rlg-aj.com.br/812b7174724a6518.pdf,6,[],OK_NO_TOTALS,TABLE,TABLE_RULED,prose_signal=0; classIII=NO_TOTAL,2026-09-03T23:29:55Z,ingest
e2a19126ce613fc91e8cc48b0bdb96272a848ed3,0008458-20.2020.8.26.0482,QGC,2015-08-10,https://violet-wolf-754008.hostingersite.com/wp-content/uploads/recuperacoes-judiciais/campo-belo/Primeiro-Edital-de-Credores-DJE.pdf,/home/user/Anteparo/data/pdfs/brasiltrustee.com.br/e2a19126ce613fc9.pdf,3,[],OK_NO_TOTALS,PROSE,PROSE,prose_signal=0; fell back to PROSE; classIII=NO_ROWS,2026-09-03T23:29:55Z,ingest
b37e6542173f46beb9876c6dc5b12a8285086d15,0024643-24.2017.8.19.0001,UNKNOWN,,https://inova-aj.com.br/wp-content/uploads/2017/07/Relação-de-Credores-Engetécnica-e-Zadar-Art.-7º-§2º-LRE-Publicada...pdf,/home/user/Anteparo/data/pdfs/inova-aj.com.br/b37e6542173f46be.pdf,44,[],OK_NO_TOTALS,TABLE,TABLE_BANDS,prose_signal=3; classIII=NO_ROWS,2026-09-03T23:29:56Z,ingest
a62ac8ee04589de01e4daef8a199cd9a9df4a91e,5009149-92.2024.8.24.0019,UNKNOWN,,https://rlg-aj.com.br/wp-content/uploads/2024/11/07.-Relação-de-credores.pdf,/home/user/Anteparo/data/pdfs/rlg-aj.com.br/a62ac8ee04589de0.pdf,4,[],OK_NO_TOTALS,TABLE,TABLE_BANDS,prose_signal=1; CASE_FROM_PAGE; classIII=NO_TOTAL,2026-09-03T23:29:56Z,ingest
ad13509b394d50370d5bbdb70286266b69069750,0024643-24.2017.8.19.0001,QGC,,https://inova-aj.com.br/wp-content/uploads/2022/06/QGC-Engetecnica-e-Construtora-Zadar-Homologado.pdf,/home/user/Anteparo/data/pdfs/inova-aj.com.br/ad13509b394d5037.pdf,52,"[{""class"": ""III"", ""currency"": ""BRL"", ""total"": ""15984154.24"", ""count"": null, ""page"": 15, ""section"": 1}, {""class"": ""IV"", ""currency"": ""BRL"", ""total"": ""6180926.02"", ""count"": null, ""page"": 27, ""section"": 3}, {""class"": ""III"", ""currency"": ""BRL"", ""total"": ""23422421.83"", ""count"": null, ""page"": 40, ""section"": 5}, {""class"": ""IV"", ""currency"": ""BRL"", ""total"": ""11054664.42"", ""count"": null, ""page"": 52, ""section"": 7}]",OK,TABLE,TABLE_RULED,prose_signal=0; CASE_FROM_PAGE; classIII=PASS,2026-09-03T23:29:57Z,ingest
fa5f86115d8f8fbcdedcb4c40a7eb40084a850dc,1000506-49.2019.8.26.0565,AJ_LIST,2019-01-31,https://violet-wolf-754008.hostingersite.com/wp-content/uploads/recuperacoes-judiciais/Pires-do-rio/Pires-do-Rio-1º-EDITAL-PUBLICADO-DJE-20.03.2019.pdf,/home/user/Anteparo/data/pdfs/brasiltrustee.com.br/fa5f86115d8f8fbc.pdf,4,"[{""class"": ""I"", ""currency"": ""BRL"", ""total"": null, ""count"": null, ""page"": 2, ""section"": 1}, {""class"": ""II"", ""currency"": ""BRL"", ""total"": null, ""count"": null, ""page"": 2, ""section"": 2}, {""class"": ""III"", ""currency"": ""BRL"", ""total"": null, ""count"": null, ""page"": 2, ""section"": 3}, {""class"": ""IV"", ""currency"": ""BRL"", ""total"": null, ""count"": null, ""page"": 3, ""section"": 4}]",OK_NO_TOTALS,PROSE,PROSE,prose_signal=1; fell back to PROSE; classIII=NO_TOTAL,2026-09-03T23:29:57Z,ingest
c00948af41d3970291106287afbf3640b70a2551,1000506-49.2019.8.26.0565,QGC,2019-09-10,https://violet-wolf-754008.hostingersite.com/wp-content/uploads/recuperacoes-judiciais/Pires-do-rio/DJE-2º-Edital-Pires-do-Rio.pdf,/home/user/Anteparo/data/pdfs/brasiltrustee.com.br/c00948af41d39702.pdf,1,[],OK_NO_TOTALS,TABLE,TABLE_BANDS,prose_signal=0; classIII=NO_ROWS,2026-09-03T23:29:57Z,ingest
f57b212d586fb6c2844c2aedecb98a772c72a2e2,5009149-92.2024.8.24.0019,UNKNOWN,,https://rlg-aj.com.br/wp-content/uploads/2024/11/14.-Relação-de-credores-Retificação-1.pdf,/home/user/Anteparo/data/pdfs/rlg-aj.com.br/f57b212d586fb6c2.pdf,1,[],OK_NO_TOTALS,TABLE,TABLE_BANDS,prose_signal=1; CASE_FROM_PAGE; classIII=NO_TOTAL,2026-09-03T23:29:57Z,ingest
cefc6f1f4e0b0de0562158c57eae626fe9aac144,0000941-21.2012.8.26.0101,UNKNOWN,,https://violet-wolf-754008.hostingersite.com/wp-content/uploads/2022/10/Primeiro-Edital-de-Credores-Integral-com-creditos.pdf,/home/user/Anteparo/data/pdfs/brasiltrustee.com.br/cefc6f1f4e0b0de0.pdf,4,"[{""class"": ""I"", ""currency"": ""BRL"", ""total"": ""270940.75"", ""count"": null, ""page"": 2, ""section"": 1}, {""class"": ""III"", ""currency"": ""BRL"", ""total"": ""13916970.87"", ""count"": null, ""page"": 4, ""section"": 3}]",OK,TABLE,TABLE_RULED,prose_signal=0; CASE_FROM_PAGE; classIII=PASS,2026-09-03T23:29:59Z,ingest
e2c590a358e0e95f4b7d7f7aaaf708b49a2da5f4,0001557-75.2004.8.24.0054,UNKNOWN,,https://rlg-aj.com.br/wp-content/uploads/2024/12/04.-Relacao-de-credores.pdf,/home/user/Anteparo/data/pdfs/rlg-aj.com.br/e2c590a358e0e95f.pdf,6,[],NO_TEXT_LAYER,NONE,,NO_TEXT_LAYER: needs OCR; CASE_FROM_PAGE; classIII=NO_ROWS,2026-09-03T23:29:59Z,ingest
ffeb15f721c02c1c9f2456ac733c545dca209b86,5001743-15.2025.8.08.0024,UNKNOWN,,https://rlg-aj.com.br/wp-content/uploads/2026/05/Segunda-Lista-de-Credores-Artigo-7.-Paragrafo-2.-da-LRF-Contemporanea-ok.pdf,/home/user/Anteparo/data/pdfs/rlg-aj.com.br/ffeb15f721c02c1c.pdf,26,[],NO_TEXT_LAYER,NONE,,NO_TEXT_LAYER: needs OCR; CASE_FROM_PAGE; classIII=NO_ROWS,2026-09-03T23:30:26Z,ingest
8f9f4ea58e4478502832b4f831716239f4f45ecf,1001790-97.2017.8.26.0101,QGC,2018-04-09,https://violet-wolf-754008.hostingersite.com/wp-content/uploads/recuperacoes-judiciais/wow/Publicação-2º-Edital-Wow.pdf,/home/user/Anteparo/data/pdfs/brasiltrustee.com.br/8f9f4ea58e447850.pdf,13,"[{""class"": ""I"", ""currency"": ""BRL"", ""total"": null, ""count"": null, ""page"": 3, ""section"": 1}, {""class"": ""III"", ""currency"": ""BRL"", ""total"": null, ""count"": null, ""page"": 7, ""section"": 2}, {""class"": ""III"", ""currency"": ""BRL"", ""total"": null, ""count"": null, ""page"": 7, ""section"": 3}, {""class"": ""IV"", ""currency"": ""BRL"", ""total"": null, ""count"": null, ""page"": 11, ""section"": 4}, {""class"": null, ""currency"": ""BRL"", ""total"": ""305254228.52"", ""count"": null, ""page"": 13, ""section"": 5}]",OK_NO_TOTALS,PROSE,PROSE,prose_signal=0; fell back to PROSE; classIII=NO_ROWS,2026-09-03T23:30:26Z,ingest
ed76c67f66d17070ed3e0750db20eb94d9e5adc3,0287128-76.2017.8.19.0001,UNKNOWN,2019-11-19,https://inova-aj.com.br/wp-content/uploads/2025/02/Salutar-2a-Relacao-de-Credores.pdf,/home/user/Anteparo/data/pdfs/inova-aj.com.br/ed76c67f66d17070.pdf,83,"[{""class"": null, ""currency"": ""BRL"", ""total"": ""1649540.59"", ""count"": null, ""page"": 2, ""section"": 0}, {""class"": null, ""currency"": ""BRL"", ""total"": ""19828723.24"", ""count"": null, ""page"": 7, ""section"": 2}, {""class"": null, ""currency"": ""BRL"", ""total"": ""66534323.30"", ""count"": null, ""page"": 78, ""section"": 3}, {""class"": null, ""currency"": ""BRL"", ""total"": ""12843574.24"", ""count"": null, ""page"": 83, ""section"": 4}]",OK_NO_TOTALS,TABLE,TABLE_RULED,prose_signal=0; classIII=NO_ROWS,2026-09-03T23:31:10Z,ingest
0586a5adac8217df59e239194048bac27ae01daf,5004799-61.2024.8.24.0019,AJ_LIST,2026-05-27,https://rlg-aj.com.br/wp-content/uploads/2026/04/20260529-EDT-Publicacao-Artigo-99.-Paragrafo-1.-Supermercado-Faxinal.pdf,/home/user/Anteparo/data/pdfs/rlg-aj.com.br/0586a5adac8217df.pdf,25,"[{""class"": ""I"", ""currency"": ""BRL"", ""total"": null, ""count"": null, ""page"": 8, ""section"": 4}, {""class"": ""I"", ""currency"": ""BRL"", ""total"": null, ""count"": null, ""page"": 21, ""section"": 8}]",OK_NO_TOTALS,PROSE,PROSE,prose_signal=6; classIII=NO_ROWS,2026-09-03T23:31:10Z,ingest
bb0428442aa199497d8558ddfaea05a9c2da480e,0078610-63.1989.8.19.0001,UNKNOWN,,https://inova-aj.com.br/wp-content/uploads/2025/04/2-Relacao-de-Credores-14.08.2023.pdf,/home/user/Anteparo/data/pdfs/inova-aj.com.br/bb0428442aa19949.pdf,2,[],OK_NO_TOTALS,TABLE,TABLE_RULED,prose_signal=28; fell back to TABLE; classIII=NO_TOTAL,2026-09-03T23:31:10Z,ingest
5662df9dbbcd0c8fc3d5bad1fd5f904f73bbffec,0006899-25.1998.8.24.0039,UNKNOWN,,https://rlg-aj.com.br/wp-content/uploads/2024/07/Quadro-Geral-de-Credores-Eletro-Motores.pdf,/home/user/Anteparo/data/pdfs/rlg-aj.com.br/5662df9dbbcd0c8f.pdf,3,[],NO_TEXT_LAYER,NONE,,NO_TEXT_LAYER: needs OCR; CASE_FROM_PAGE; classIII=NO_ROWS,2026-09-03T23:31:10Z,ingest
d1749a0042f5d6a7bf02aae341432fbbb7843379,0000335-78.2024.8.26.0260,AJ_LIST,,https://gatekeeperaj.com.br/wp-content/uploads/2024/03/Relacao-de-Credores-Actech.pdf,/home/user/Anteparo/data/pdfs/gatekeeperaj.com.br/d1749a0042f5d6a7.pdf,2,[],OK_NO_TOTALS,TABLE,TABLE_BANDS,prose_signal=0; CASE_FROM_PAGE; classIII=NO_ROWS,2026-09-03T23:31:10Z,ingest
0ecb744ed77a357a173fded22a3fe8b0a05f4c87,0014118-50.2014.8.19.0045,UNKNOWN,2018-01-08,https://inova-aj.com.br/wp-content/uploads/2024/01/00141185020148190045-21.pdf,/home/user/Anteparo/data/pdfs/inova-aj.com.br/0ecb744ed77a357a.pdf,2,[],OK_NO_TOTALS,TABLE,TABLE_RULED,prose_signal=0; classIII=NO_ROWS,2026-09-03T23:31:10Z,ingest
515b7799da16a63f0650f1c02470a1decfa79983,5022281-22.2022.8.08.0024,AJ_LIST,2023-07-20,https://rlg-aj.com.br/wp-content/uploads/2023/05/Relacao-Nominal-dos-Credores-Lista-do-Artigo-99.-Paragrafo-1.-Criart-1.pdf,/home/user/Anteparo/data/pdfs/rlg-aj.com.br/515b7799da16a63f.pdf,4,[],OK_NO_TOTALS,TABLE,TABLE_BANDS,prose_signal=0; classIII=NO_ROWS,2026-09-03T23:31:10Z,ingest
8727584760b71525e20c1a4e582ff6fdd7829e9a,5022281-22.2022.8.08.0024,AJ_LIST,2023-07-20,https://rlg-aj.com.br/wp-content/uploads/2023/05/Relacao-Nominal-dos-Credores-Lista-do-Artigo-99.-Paragrafo-1.-M-Manenti.pdf,/home/user/Anteparo/data/pdfs/rlg-aj.com.br/8727584760b71525.pdf,3,[],OK_NO_TOTALS,TABLE,TABLE_BANDS,prose_signal=0; classIII=NO_ROWS,2026-09-03T23:31:10Z,ingest
7db52d89114919d445e2f94564884883bc798e94,0017235-66.1986.8.19.0001,QGC,2025-03-25,https://inova-aj.com.br/wp-content/uploads/2025/03/document.pdf,/home/user/Anteparo/data/pdfs/inova-aj.com.br/7db52d89114919d4.pdf,3,[],OK_NO_TOTALS,PROSE,PROSE,prose_signal=0; fell back to PROSE; classIII=NO_ROWS,2026-09-03T23:31:10Z,ingest
e00f0e5f4c2eba5b1f6c53f4a597b3b3243430d2,0215119-83.1998.8.19.0001,QGC,,https://inova-aj.com.br/wp-content/uploads/2020/02/Quadro-Geral-de-Credores-2.pdf,/home/user/Anteparo/data/pdfs/inova-aj.com.br/e00f0e5f4c2eba5b.pdf,1,[],OK_NO_TOTALS,TABLE,TABLE_BANDS,prose_signal=0; classIII=NO_ROWS,2026-09-03T23:31:10Z,ingest
755243cc0614369850d7e1dc41a4f972aa5ae89a,1083995-84.2020.8.26.0100,QGC,2020-05-26,https://gatekeeperaj.com.br/wp-content/uploads/2023/07/QGC-BRM-BUGGY.pdf,/home/user/Anteparo/data/pdfs/gatekeeperaj.com.br/755243cc06143698.pdf,1,"[{""class"": null, ""currency"": ""BRL"", ""total"": ""14161595.85"", ""count"": null, ""page"": 1, ""section"": 0}]",OK_NO_TOTALS,TABLE,TABLE_RULED,prose_signal=0; classIII=NO_ROWS,2026-09-03T23:31:42Z,ingest
3d346eb27e7f7d85f7129466c0a8b0e994a0d886,1501181-71.2016.8.26.0625,UNKNOWN,,https://gatekeeperaj.com.br/wp-content/uploads/2026/03/LISTA-DE-CREDORES-AIR-SHIELD.pdf,/home/user/Anteparo/data/pdfs/gatekeeperaj.com.br/3d346eb27e7f7d85.pdf,1,[],OK_NO_TOTALS,TABLE,TABLE_BANDS,prose_signal=0; classIII=NO_ROWS,2026-09-03T23:31:42Z,ingest
73d88c3afbeb2383d5c17ed27c3e5c9c1dae8e20,5092815-63.2023.8.21.0001,UNKNOWN,,https://rlg-aj.com.br/wp-content/uploads/2023/07/5.-Publicação-da-1ª-Lista-de-Credores-Edital-do-art.-99-§-1º-LREF-Grupo-Mobra.pdf,/home/user/Anteparo/data/pdfs/rlg-aj.com.br/73d88c3afbeb2383.pdf,3,[],NO_TEXT_LAYER,NONE,,NO_TEXT_LAYER: needs OCR; CASE_FROM_PAGE; classIII=NO_ROWS,2026-09-03T23:31:42Z,ingest
f2e927f299f015e9c183d40576744835198a323f,1076662-18.2019.8.26.0100,AJ_LIST,2019-08-08,https://inova-aj.com.br/wp-content/uploads/2020/01/Relação-de-Credores-Falida-Art.-99-PU-LRE.pdf,/home/user/Anteparo/data/pdfs/inova-aj.com.br/f2e927f299f015e9.pdf,14,"[{""class"": ""I"", ""currency"": ""BRL"", ""total"": ""227116.92"", ""count"": null, ""page"": 7, ""section"": 1}, {""class"": ""I"", ""currency"": ""BRL"", ""total"": ""259106.10"", ""count"": null, ""page"": 7, ""section"": 2}, {""class"": ""III"", ""currency"": ""BRL"", ""total"": ""939889.07"", ""count"": null, ""page"": 10, ""section"": 4}]",OK,TABLE,TABLE_RULED,prose_signal=0; classIII=PASS,2026-09-03T23:31:42Z,ingest
5dd1dd6c81e415ab5331c4e17b29b1ff347ddc23,0000335-78.2024.8.26.0260,QGC,,https://gatekeeperaj.com.br/wp-content/uploads/2026/06/SEGUNDA-RELACAO-AIRSHIELD.pdf,/home/user/Anteparo/data/pdfs/gatekeeperaj.com.br/5dd1dd6c81e415ab.pdf,6,[],OK_NO_TOTALS,TABLE,TABLE_RULED,prose_signal=0; CASE_FROM_PAGE; classIII=NO_ROWS,2026-09-03T23:31:42Z,ingest
8f43067372ce1bca2d7852f6a3e6916ce844ca99,1045338-78.2017.8.26.0100,AJ_LIST,,https://gatekeeperaj.com.br/wp-content/uploads/2025/01/Relacao-de-Credores-Art.7-2.pdf,/home/user/Anteparo/data/pdfs/gatekeeperaj.com.br/8f43067372ce1bca.pdf,4,"[{""class"": null, ""currency"": ""BRL"", ""total"": ""0.00"", ""count"": null, ""page"": 2, ""section"": -1}, {""class"": null, ""currency"": ""BRL"", ""total"": ""0.00"", ""count"": null, ""page"": 2, ""section"": -1}, {""class"": null, ""currency"": ""BRL"", ""total"": ""0.00"", ""count"": null, ""page"": 2, ""section"": -1}, {""class"": ""I"", ""currency"": ""BRL"", ""total"": ""0.00"", ""count"": null, ""page"": 2, ""section"": -1}, {""class"": ""I"", ""currency"": ""BRL"", ""total"": ""0.00"", ""count"": null, ""page"": 3, ""section"": -1}, {""class"": ""I"", ""currency"": ""BRL"", ""total"": ""0.00"", ""count"": null, ""page"": 3, ""section"": -1}, {""class"": ""I"", ""currency"": ""BRL"", ""total"": ""0.00"", ""count"": null, ""page"": 3, ""section"": -1}, {""class"": ""I"", ""currency"": ""BRL"", ""total"": ""166958.48"", ""count"": null, ""page"": 3, ""section"": 1}, {""class"": ""I"", ""currency"": ""BRL"", ""total"": ""0.00"", ""count"": null, ""page"": 3, ""section"": -1}, {""class"": ""I"", ""currency"": ""BRL"", ""total"": ""0.00"", ""count"": null, ""page"": 3, ""section"": -1}, {""class"": ""I"", ""currency"": ""BRL"", ""total"": ""741000.62"", ""count"": null, ""page"": 3, ""section"": 2}, {""class"": ""I"", ""currency"": ""BRL"", ""total"": ""11037.37"", ""count"": null, ""page"": 4, ""section"": 3}, {""class"": ""I"", ""currency"": ""BRL"", ""total"": ""0.00"", ""count"": null, ""page"": 4, ""section"": -1}, {""class"": ""I"", ""currency"": ""BRL"", ""total"": ""918996.47"", ""count"": null, ""page"": 4, ""section"": 4}]",OK,TABLE,TABLE_RULED,prose_signal=0; classIII=NO_ROWS,2026-09-03T23:31:43Z,ingest
176542426fdb04b7f7435bf07da62704f8353f9c,1045338-78.2017.8.26.0100,QGC,2019-02-18,https://gatekeeperaj.com.br/wp-content/uploads/2026/08/QGC-AGOSTO-07.08.2026-1.pdf,/home/user/Anteparo/data/pdfs/gatekeeperaj.com.br/176542426fdb04b7.pdf,2,"[{""class"": null, ""currency"": ""BRL"", ""total"": ""1402291.20"", ""count"": null, ""page"": 1, ""section"": 1}, {""class"": null, ""currency"": ""BRL"", ""total"": ""198759.56"", ""count"": null, ""page"": 2, ""section"": 3}, {""class"": null, ""currency"": ""BRL"", ""total"": ""4211.06"", ""count"": null, ""page"": 2, ""section"": 5}, {""class"": null, ""currency"": ""BRL"", ""total"": ""290481.38"", ""count"": null, ""page"": 2, ""section"": 8}, {""class"": ""III"", ""currency"": ""BRL"", ""total"": ""889443.11"", ""count"": null, ""page"": 2, ""section"": 10}, {""class"": null, ""currency"": ""BRL"", ""total"": ""19396.09"", ""count"": null, ""page"": 2, ""section"": 12}]",OK,TABLE,TABLE_RULED,prose_signal=0; classIII=PASS,2026-09-03T23:31:43Z,ingest
0b51e1c12c63530733e5ae68f73f6f283aef4721,0000635-08.2003.8.08.0024,QGC,2002-02-19,https://rlg-aj.com.br/wp-content/uploads/2024/01/Quadro-Geral-de-Credores-Refrigerantes-Polo-Sul.pdf,/home/user/Anteparo/data/pdfs/rlg-aj.com.br/0b51e1c12c635307.pdf,6,[],OK_NO_TOTALS,TABLE,TABLE_BANDS,prose_signal=0; CASE_FROM_PAGE; classIII=NO_TOTAL,2026-09-03T23:31:43Z,ingest
83e4a73c247b73d674ad7530730095f2b4119c43,0029506-77.2004.8.19.0001,UNKNOWN,,https://inova-aj.com.br/wp-content/uploads/2019/10/QGC-002.pdf,/home/user/Anteparo/data/pdfs/inova-aj.com.br/83e4a73c247b73d6.pdf,16,[],NO_TEXT_LAYER,NONE,,NO_TEXT_LAYER: needs OCR; CASE_FROM_PAGE; classIII=NO_ROWS,2026-09-03T23:31:43Z,ingest
15fa73f70150a3c91edee7bb72452270d61ee3f8,0255180-67.2007.8.26.0100,AJ_LIST,2022-03-09,https://gatekeeperaj.com.br/wp-content/uploads/2023/06/Relacao-de-credores-do-art.-7o-§1o.pdf,/home/user/Anteparo/data/pdfs/gatekeeperaj.com.br/15fa73f70150a3c9.pdf,74,[],OK_NO_TOTALS,PROSE,PROSE,prose_signal=0; fell back to PROSE; classIII=NO_ROWS,2026-09-03T23:31:43Z,ingest
991f5b9c904bb59101fe01571f20577696b3e734,0139448-14.2022.8.19.0001,UNKNOWN,2011-09-15,https://inova-aj.com.br/wp-content/uploads/2026/08/Desenvolvimento-Engenharia-QGC-nov.24.pdf,/home/user/Anteparo/data/pdfs/inova-aj.com.br/991f5b9c904bb591.pdf,18,"[{""class"": null, ""currency"": ""BRL"", ""total"": ""6325685.43"", ""count"": null, ""page"": 5, ""section"": 0}, {""class"": null, ""currency"": ""BRL"", ""total"": ""266797.68"", ""count"": null, ""page"": 5, ""section"": 1}, {""class"": null, ""currency"": ""BRL"", ""total"": ""156264.42"", ""count"": null, ""page"": 5, ""section"": 2}, {""class"": null, ""currency"": ""BRL"", ""total"": ""24539176.38"", ""count"": null, ""page"": 7, ""section"": 3}, {""class"": null, ""currency"": ""BRL"", ""total"": ""831202.46"", ""count"": null, ""page"": 7, ""section"": 4}, {""class"": null, ""currency"": ""BRL"", ""total"": ""41322644.37"", ""count"": null, ""page"": 7, ""section"": 5}, {""class"": null, ""currency"": ""BRL"", ""total"": ""4095367.85"", ""count"": null, ""page"": 8, ""section"": 6}, {""class"": null, ""currency"": ""BRL"", ""total"": ""54066210.04"", ""count"": null, ""page"": 16, ""section"": 7}, {""class"": null, ""currency"": ""BRL"", ""total"": ""37421.80"", ""count"": null, ""page"": 16, ""section"": 8}, {""class"": null, ""currency"": ""BRL"", ""total"": ""121666.13"", ""count"": null, ""page"": 17, ""section"": 9}, {""class"": null, ""currency"": ""BRL"", ""total"": ""56575.58"", ""count"": null, ""page"": 17, ""section"": 10}, {""class"": null, ""currency"": ""BRL"", ""total"": ""1559285.07"", ""count"": null, ""page"": 17, ""section"": 12}, {""class"": null, ""currency"": ""BRL"", ""total"": ""7324680.29"", ""count"": null, ""page"": 17, ""section"": 13}, {""class"": null, ""currency"": ""BRL"", ""total"": ""7685475.35"", ""count"": null, ""page"": 18, ""section"": 15}]",OK_NO_TOTALS,TABLE,TABLE_RULED,prose_signal=1; classIII=NO_ROWS,2026-09-03T23:31:43Z,ingest
55e4976b8f3c5c9f56431363c4806035dc8edb53,0054509-78.1997.8.19.0001,QGC,2024-02-05,https://inova-aj.com.br/wp-content/uploads/2024/04/Atlantis-Edital-2o-Rateio.pdf,/home/user/Anteparo/data/pdfs/inova-aj.com.br/55e4976b8f3c5c9f.pdf,2,[],OK_NO_TOTALS,PROSE,PROSE,prose_signal=0; fell back to PROSE; classIII=NO_ROWS,2026-09-03T23:31:43Z,ingest
3386ec7d9cf9857e92bdd95163319006af2ffa49,0255180-67.2007.8.26.0100,QGC,2022-03-09,https://gatekeeperaj.com.br/wp-content/uploads/2026/03/BRA2_merged.pdf,/home/user/Anteparo/data/pdfs/gatekeeperaj.com.br/3386ec7d9cf9857e.pdf,86,"[{""class"": null, ""currency"": ""BRL"", ""total"": ""2130799733.88"", ""count"": null, ""page"": 1, ""section"": 0}, {""class"": null, ""currency"": ""BRL"", ""total"": ""1840988.20"", ""count"": null, ""page"": 2, ""section"": 2}, {""class"": null, ""currency"": ""BRL"", ""total"": ""130000.00"", ""count"": null, ""page"": 2, ""section"": 6}, {""class"": ""I"", ""currency"": ""BRL"", ""total"": ""28474811.81"", ""count"": null, ""page"": 16, ""section"": 7}, {""class"": ""I"", ""currency"": ""BRL"", ""total"": ""96266438.38"", ""count"": null, ""page"": 16, ""section"": 8}, {""class"": null, ""currency"": ""BRL"", ""total"": ""1972293153.10"", ""count"": null, ""page"": 86, ""section"": 12}, {""class"": null, ""currency"": ""BRL"", ""total"": ""31217575.52"", ""count"": null, ""page"": 86, ""section"": 13}, {""class"": null, ""currency"": ""BRL"", ""total"": ""576766.86"", ""count"": null, ""page"": 86, ""section"": 14}]",OK,TABLE,TABLE_RULED,prose_signal=0; classIII=NO_TOTAL,2026-09-03T23:31:43Z,ingest
38dfb69ffc9adf344b604e4975cb6eb1305eab66,5001743-15.2025.8.08.0024,PLAN,,https://rlg-aj.com.br/wp-content/uploads/2025/02/Plano-de-Recuperacao-Judicial-Contemporanea.pdf,/home/user/Anteparo/data/pdfs/rlg-aj.com.br/38dfb69ffc9adf34.pdf,29,"[{""class"": null, ""currency"": ""BRL"", ""total"": ""25181522.60"", ""count"": null, ""page"": 17, ""section"": 0}, {""class"": null, ""currency"": ""BRL"", ""total"": ""16000.00"", ""count"": null, ""page"": 27, ""section"": 1}]",OK_NO_TOTALS,TABLE,TABLE_BANDS,prose_signal=0; classIII=NO_ROWS,2026-09-03T23:31:43Z,ingest
cb001882ed4df47d5f00de6e36ad6a1983a41901,0054509-78.1997.8.19.0001,QGC,2024-02-05,https://inova-aj.com.br/wp-content/uploads/2024/04/Atlantis-Edital-Informacoes-dos-Credores.pdf,/home/user/Anteparo/data/pdfs/inova-aj.com.br/cb001882ed4df47d.pdf,2,[],OK_NO_TOTALS,PROSE,PROSE,prose_signal=0; fell back to PROSE; classIII=NO_ROWS,2026-09-03T23:31:43Z,ingest
d22af55780f1fbc37f19a49632dbb9b0aa9325ca,0007113-75.2018.8.26.0001,UNKNOWN,,https://gatekeeperaj.com.br/wp-content/uploads/2025/10/RELACAO-DE-CREDORES.pdf,/home/user/Anteparo/data/pdfs/gatekeeperaj.com.br/d22af55780f1fbc3.pdf,1,[],OK_NO_TOTALS,TABLE,TABLE_BANDS,prose_signal=0; classIII=NO_ROWS,2026-09-03T23:31:43Z,ingest
f4d39c4c07f8900da5e8b722a70d8c3f5828d9ab,5001743-15.2025.8.08.0024,AJ_LIST,2026-05-25,https://rlg-aj.com.br/wp-content/uploads/2025/02/20260522-Sentenca-de-Convolacao-da-RJ-em-Falencia-e-Nomeacao-RLG-Contemporanea.pdf,/home/user/Anteparo/data/pdfs/rlg-aj.com.br/f4d39c4c07f8900d.pdf,6,[],OK_NO_TOTALS,TABLE,TABLE_BANDS,prose_signal=0; classIII=NO_ROWS,2026-09-03T23:31:43Z,ingest
d4a1e219a2c75780693f1d792c10e84e305c8bed,1005079-94.2024.8.26.0100,AJ_LIST,2025-07-25,https://gatekeeperaj.com.br/wp-content/uploads/2025/10/EDITAL-CONV-BERTINIS.pdf,/home/user/Anteparo/data/pdfs/gatekeeperaj.com.br/d4a1e219a2c75780.pdf,4,[],OK_NO_TOTALS,TABLE,TABLE_BANDS,prose_signal=0; classIII=NO_ROWS,2026-09-03T23:31:43Z,ingest
dc67a648852f7ceb7fdb1a1805509d68c8d315e4,1005079-94.2024.8.26.0100,QGC,2025-07-25,https://gatekeeperaj.com.br/wp-content/uploads/2026/01/Segunda-Relacao.pdf,/home/user/Anteparo/data/pdfs/gatekeeperaj.com.br/dc67a648852f7ceb.pdf,5,"[{""class"": null, ""currency"": ""BRL"", ""total"": ""181732.97"", ""count"": null, ""page"": 2, ""section"": 0}]",OK_NO_TOTALS,TABLE,TABLE_BANDS,prose_signal=0; classIII=NO_TOTAL,2026-09-03T23:31:43Z,ingest
c1a07a98384b6b0fb8dd9d1dd75880f4b5cbf031,5004799-61.2024.8.24.0019,QGC,,https://rlg-aj.com.br/wp-content/uploads/2024/05/8.-Primeiro-Modificativo-ao-Plano-de-Recuperacao-Judicial-Diomar.pdf,/home/user/Anteparo/data/pdfs/rlg-aj.com.br/c1a07a98384b6b0f.pdf,55,"[{""class"": null, ""currency"": ""BRL"", ""total"": ""5319859.40"", ""count"": null, ""page"": 45, ""section"": 14}]",OK_NO_TOTALS,TABLE,TABLE_RULED,prose_signal=0; classIII=NO_ROWS,2026-09-03T23:31:43Z,ingest
ba9636d4566fb7e8181de9ca4ef2ac2d4d3cabd2,1005079-94.2024.8.26.0100,QGC,2025-07-25,https://gatekeeperaj.com.br/wp-content/uploads/2026/06/QGC-BERTINI-16.06.2026.pdf,/home/user/Anteparo/data/pdfs/gatekeeperaj.com.br/ba9636d4566fb7e8.pdf,6,"[{""class"": null, ""currency"": ""BRL"", ""total"": ""148345553.41"", ""count"": null, ""page"": 1, ""section"": 0}, {""class"": null, ""currency"": ""BRL"", ""total"": ""117823.36"", ""count"": null, ""page"": 2, ""section"": 1}, {""class"": null, ""currency"": ""BRL"", ""total"": ""53990312.43"", ""count"": null, ""page"": 3, ""section"": 3}, {""class"": ""III"", ""currency"": ""BRL"", ""total"": ""38839.13"", ""count"": null, ""page"": 4, ""section"": 5}, {""class"": ""III"", ""currency"": ""BRL"", ""total"": ""30259382.45"", ""count"": null, ""page"": 5, ""section"": 6}, {""class"": ""III"", ""currency"": ""BRL"", ""total"": ""63939196.04"", ""count"": null, ""page"": 6, ""section"": 7}]",OK,TABLE,TABLE_RULED,prose_signal=0; classIII=PASS,2026-09-03T23:31:43Z,ingest
683a8945fa648cbf61996b9e8d71de5dcffff3c9,5001386-56.2018.8.21.0044,UNKNOWN,,https://www.cb2d.com.br/portal/_uploads/09a5913a-6446-44a7-8296-df2a86427fbb.pdf,/home/user/Anteparo/data/pdfs/cb2d.com.br/683a8945fa648cbf.pdf,1,[],NO_TEXT_LAYER,NONE,,NO_TEXT_LAYER: needs OCR; CASE_FROM_PAGE; classIII=NO_ROWS,2026-09-03T23:31:43Z,ingest
fefcbf43d19a39c4032de0022da59fceeda66048,5004592-19.2024.8.21.0028,AJ_LIST,2024-10-14,https://www.cb2d.com.br/portal/_uploads/4270e808-8367-4c04-a7ae-240724b24512.pdf,/home/user/Anteparo/data/pdfs/cb2d.com.br/fefcbf43d19a39c4.pdf,3,"[{""class"": ""I"", ""currency"": ""BRL"", ""total"": null, ""count"": null, ""page"": 1, ""section"": 1}, {""class"": ""I"", ""currency"": ""BRL"", ""total"": null, ""count"": null, ""page"": 1, ""section"": 2}, {""class"": ""II"", ""currency"": ""BRL"", ""total"": null, ""count"": null, ""page"": 1, ""section"": 3}, {""class"": ""II"", ""currency"": ""BRL"", ""total"": null, ""count"": null, ""page"": 1, ""section"": 4}, {""class"": ""III"", ""currency"": ""BRL"", ""total"": null, ""count"": null, ""page"": 1, ""section"": 5}, {""class"": ""III"", ""currency"": ""BRL"", ""total"": null, ""count"": null, ""page"": 2, ""section"": 6}, {""class"": ""IV"", ""currency"": ""BRL"", ""total"": null, ""count"": null, ""page"": 2, ""section"": 7}, {""class"": ""IV"", ""currency"": ""BRL"", ""total"": null, ""count"": null, ""page"": 3, ""section"": 8}]",OK_NO_TOTALS,PROSE,PROSE,prose_signal=0; fell back to PROSE; classIII=NO_TOTAL,2026-09-03T23:32:01Z,ingest
36bbc62a709b0a8fcdba2b6496596b2535bc588a,5021496-35.2023.8.21.0001,AJ_LIST,2024-07-09,https://www.cb2d.com.br/portal/_uploads/1c7e1d44-d3a6-4299-ac49-46095f702fbc.pdf,/home/user/Anteparo/data/pdfs/cb2d.com.br/36bbc62a709b0a8f.pdf,8,[],OK_NO_TOTALS,TABLE,TABLE_BANDS,prose_signal=0; classIII=NO_ROWS,2026-09-03T23:32:01Z,ingest
7bf593c466a73492501454cc160c388ad22cd310,0000335-78.2024.8.26.0260,QGC,,https://gatekeeperaj.com.br/wp-content/uploads/2026/06/RELACAO-CREDORES.pdf,/home/user/Anteparo/data/pdfs/gatekeeperaj.com.br/7bf593c466a73492.pdf,3,[],OK_NO_TOTALS,TABLE,TABLE_RULED,prose_signal=0; CASE_FROM_PAGE; classIII=NO_ROWS,2026-09-03T23:32:01Z,ingest
075624a952000a68c050423c6d3547895972d6b3,5007435-75.2024.8.21.0021,AJ_LIST,2024-08-21,https://www.cb2d.com.br/portal/_uploads/87b1f001-428b-4c8a-ae00-e84bf634a781.pdf,/home/user/Anteparo/data/pdfs/cb2d.com.br/075624a952000a68.pdf,4,"[{""class"": ""I"", ""currency"": ""BRL"", ""total"": null, ""count"": null, ""page"": 1, ""section"": 1}, {""class"": ""I"", ""currency"": ""BRL"", ""total"": null, ""count"": null, ""page"": 1, ""section"": 2}, {""class"": ""II"", ""currency"": ""BRL"", ""total"": null, ""count"": null, ""page"": 1, ""section"": 3}, {""class"": ""II"", ""currency"": ""BRL"", ""total"": null, ""count"": null, ""page"": 2, ""section"": 4}, {""class"": ""III"", ""currency"": ""BRL"", ""total"": null, ""count"": null, ""page"": 2, ""section"": 5}, {""class"": ""III"", ""currency"": ""BRL"", ""total"": null, ""count"": null, ""page"": 2, ""section"": 6}, {""class"": ""IV"", ""currency"": ""BRL"", ""total"": null, ""count"": null, ""page"": 2, ""section"": 7}, {""class"": ""IV"", ""currency"": ""BRL"", ""total"": null, ""count"": null, ""page"": 3, ""section"": 8}]",OK_NO_TOTALS,PROSE,PROSE,prose_signal=0; fell back to PROSE; classIII=NO_TOTAL,2026-09-03T23:32:01Z,ingest
d07837570c5c6c85b07e27ab2b8b87d63dfe23ce,5007531-46.2021.8.21.0005,AJ_LIST,2024-11-05,https://www.cb2d.com.br/portal/_uploads/3e197128-9049-4520-aa9e-46bc6d4ac183.pdf,/home/user/Anteparo/data/pdfs/cb2d.com.br/d07837570c5c6c85.pdf,9,"[{""class"": ""I"", ""currency"": ""BRL"", ""total"": null, ""count"": null, ""page"": 1, ""section"": 1}, {""class"": ""I"", ""currency"": ""BRL"", ""total"": null, ""count"": null, ""page"": 6, ""section"": 2}, {""class"": ""III"", ""currency"": ""BRL"", ""total"": null, ""count"": null, ""page"": 6, ""section"": 3}, {""class"": ""III"", ""currency"": ""BRL"", ""total"": null, ""count"": null, ""page"": 7, ""section"": 4}, {""class"": ""IV"", ""currency"": ""BRL"", ""total"": null, ""count"": null, ""page"": 7, ""section"": 5}, {""class"": ""IV"", ""currency"": ""BRL"", ""total"": null, ""count"": null, ""page"": 9, ""section"": 6}]",OK_NO_TOTALS,PROSE,PROSE,prose_signal=0; fell back to PROSE; classIII=NO_TOTAL,2026-09-03T23:32:01Z,ingest
5ee09f52739146d7637cdef69e4cf1f13e9ae361,0000335-78.2024.8.26.0260,QGC,,https://gatekeeperaj.com.br/wp-content/uploads/2025/08/Relacao-de-Credores-do-art.-7o-§2o-da-Lei-no-11.101-2005.pdf,/home/user/Anteparo/data/pdfs/gatekeeperaj.com.br/5ee09f52739146d7.pdf,3,"[{""class"": ""I"", ""currency"": ""BRL"", ""total"": ""59439.50"", ""count"": null, ""page"": 1, ""section"": 1}, {""class"": ""I"", ""currency"": ""BRL"", ""total"": ""249832.21"", ""count"": null, ""page"": 3, ""section"": 1}]",OK,TABLE,TABLE_RULED,prose_signal=0; CASE_FROM_PAGE; classIII=NO_ROWS,2026-09-03T23:32:01Z,ingest
cbd042396c7d9a74af62a2b48895fce3e4581a63,5000152-26.2023.8.21.0121,AJ_LIST,2023-10-19,https://www.cb2d.com.br/portal/_uploads/7583870e-fc67-4040-836a-b98e144302de.pdf,/home/user/Anteparo/data/pdfs/cb2d.com.br/cbd042396c7d9a74.pdf,3,[],OK_NO_TOTALS,TABLE,TABLE_BANDS,prose_signal=0; classIII=NO_TOTAL,2026-09-03T23:32:01Z,ingest
d22635fabaf75f8eabed317f0ef7fca46f69f397,5308338-84.2023.8.13.0024,AJ_LIST,2026-04-30,https://gatekeeperaj.com.br/wp-content/uploads/2026/05/EDITAL-FERREIRA-M.pdf,/home/user/Anteparo/data/pdfs/gatekeeperaj.com.br/d22635fabaf75f8e.pdf,2,"[{""class"": ""I"", ""currency"": ""BRL"", ""total"": null, ""count"": null, ""page"": 2, ""section"": 1}, {""class"": ""IV"", ""currency"": ""BRL"", ""total"": null, ""count"": null, ""page"": 2, ""section"": 2}]",OK_NO_TOTALS,PROSE,PROSE,prose_signal=0; fell back to PROSE; classIII=NO_ROWS,2026-09-03T23:32:01Z,ingest
0081bc638ec8b85541d82b4376c27e9e2c93fa96,1048631-46.2023.8.26.0100,AJ_LIST,2022-05-26,https://gatekeeperaj.com.br/wp-content/uploads/2024/08/Edital-de-Convocacao-dos-Credores-arts.-99-§-1o-e-114-A-da-LREF-DJE.pdf,/home/user/Anteparo/data/pdfs/gatekeeperaj.com.br/0081bc638ec8b855.pdf,2,[],OK_NO_TOTALS,TABLE,TABLE_BANDS,prose_signal=0; classIII=NO_ROWS,2026-09-03T23:32:01Z,ingest
8e876b3778ba6af1e0329aea00d40304a813d93e,5001013-67.2017.8.21.0009,AJ_LIST,,https://www.cb2d.com.br/portal/_uploads/e189ed86-dfda-4772-9ffe-b88d34154346.pdf,/home/user/Anteparo/data/pdfs/cb2d.com.br/8e876b3778ba6af1.pdf,1,[],OK_NO_TOTALS,TABLE,TABLE_BANDS,prose_signal=0; CASE_FROM_PAGE; classIII=NO_ROWS,2026-09-03T23:32:01Z,ingest
bfb400a37f72e5eec92ef84e3abe1a5c8eb897b0,0000335-78.2024.8.26.0260,QGC,,https://gatekeeperaj.com.br/wp-content/uploads/2025/06/1114604-79.2022.8.26.0100-1.pdf,/home/user/Anteparo/data/pdfs/gatekeeperaj.com.br/bfb400a37f72e5ee.pdf,7,"[{""class"": null, ""currency"": ""BRL"", ""total"": ""288266.39"", ""count"": null, ""page"": 3, ""section"": -1}, {""class"": null, ""currency"": ""BRL"", ""total"": ""11032.06"", ""count"": null, ""page"": 4, ""section"": -1}]",OK_NO_TOTALS,TABLE,TABLE_RULED,prose_signal=0; CASE_FROM_PAGE; classIII=NO_ROWS,2026-09-03T23:32:01Z,ingest
11c1d7398c6cfb10798844d644f74077da24bb80,5074883-62.2023.8.21.0001,AJ_LIST,2023-05-02,https://rlg-aj.com.br/wp-content/uploads/2023/05/16.-Sentenca-homologatoria-do-Plano-de-Recuperacao-Judicial.pdf,/home/user/Anteparo/data/pdfs/rlg-aj.com.br/11c1d7398c6cfb10.pdf,10,[],OK_NO_TOTALS,TABLE,TABLE_BANDS,prose_signal=0; classIII=NO_ROWS,2026-09-03T23:32:01Z,ingest
0a0fafe95af54edb878b84b8df62a2a8d3cff6ea,0000335-78.2024.8.26.0260,QGC,,https://gatekeeperaj.com.br/wp-content/uploads/2026/08/QGC-GEMEOS-25.08.2026.pdf,/home/user/Anteparo/data/pdfs/gatekeeperaj.com.br/0a0fafe95af54edb.pdf,6,"[{""class"": null, ""currency"": ""BRL"", ""total"": ""12240463.58"", ""count"": null, ""page"": 1, ""section"": 0}, {""class"": null, ""currency"": ""BRL"", ""total"": ""288266.39"", ""count"": null, ""page"": 2, ""section"": 1}, {""class"": null, ""currency"": ""BRL"", ""total"": ""2020982.80"", ""count"": null, ""page"": 3, ""section"": 1}]",OK_NO_TOTALS,TABLE,TABLE_RULED,prose_signal=0; CASE_FROM_PAGE; classIII=NO_ROWS,2026-09-03T23:32:01Z,ingest
36d1e87584c6e84556007035fec9b01aac16e9f4,5009369-87.2022.8.21.0005,UNKNOWN,,https://www.cb2d.com.br/portal/_uploads/77d9cfa9-ea92-4dd0-95bd-537ce50c3e2d.pdf,/home/user/Anteparo/data/pdfs/cb2d.com.br/36d1e87584c6e845.pdf,2,[],NO_TEXT_LAYER,NONE,,NO_TEXT_LAYER: needs OCR; CASE_FROM_PAGE; classIII=NO_ROWS,2026-09-03T23:32:01Z,ingest
ccd53c2118590f4860b1927fe828f3de4e751bc1,5008630-83.2025.8.24.0019,PLAN,2026-05-19,https://rlg-aj.com.br/wp-content/uploads/2026/02/20260519-Aditivo-ao-Plano-de-Recuperacao-Judicial-Madefus.pdf,/home/user/Anteparo/data/pdfs/rlg-aj.com.br/ccd53c2118590f48.pdf,35,[],OK_NO_TOTALS,TABLE,TABLE_RULED,prose_signal=0; classIII=NO_ROWS,2026-09-03T23:32:01Z,ingest
8380fdf6b9c4f06d32ed93dfcbff6eed2fd74178,0000335-78.2024.8.26.0260,QGC,,https://gatekeeperaj.com.br/wp-content/uploads/2025/10/Relacao-de-credores-GTP.pdf,/home/user/Anteparo/data/pdfs/gatekeeperaj.com.br/8380fdf6b9c4f06d.pdf,21,"[{""class"": null, ""currency"": ""BRL"", ""total"": ""61015421.17"", ""count"": null, ""page"": 1, ""section"": 1}, {""class"": null, ""currency"": ""BRL"", ""total"": ""5050.03"", ""count"": null, ""page"": 2, ""section"": 3}, {""class"": null, ""currency"": ""BRL"", ""total"": ""373255.41"", ""count"": null, ""page"": 21, ""section"": 6}]",OK_NO_TOTALS,TABLE,TABLE_RULED,prose_signal=0; CASE_FROM_PAGE; classIII=NO_ROWS,2026-09-03T23:32:10Z,ingest
fbb973d7050d49cab17760453b97114491206339,5008550-51.2025.8.08.0024,PLAN,,https://rlg-aj.com.br/wp-content/uploads/2025/03/15.-Primeiro-Aditivo-ao-Plano-de-Recuperacao-Judicial.pdf,/home/user/Anteparo/data/pdfs/rlg-aj.com.br/fbb973d7050d49ca.pdf,10,[],OK_NO_TOTALS,TABLE,TABLE_BANDS,prose_signal=0; classIII=NO_TOTAL,2026-09-03T23:32:10Z,ingest
91f3d8b80dba78638a472e9127c4a86468b99455,0000335-78.2024.8.26.0260,QGC,,https://gatekeeperaj.com.br/wp-content/uploads/2026/08/QGC-GRUPO-GTP-03.08.2026-1.pdf,/home/user/Anteparo/data/pdfs/gatekeeperaj.com.br/91f3d8b80dba7863.pdf,15,"[{""class"": null, ""currency"": ""BRL"", ""total"": ""69013218.38"", ""count"": null, ""page"": 1, ""section"": 1}, {""class"": null, ""currency"": ""BRL"", ""total"": ""5050.03"", ""count"": null, ""page"": 2, ""section"": 3}]",OK_NO_TOTALS,TABLE,TABLE_RULED,prose_signal=0; CASE_FROM_PAGE; classIII=NO_ROWS,2026-09-03T23:32:10Z,ingest
2e5a72da4e0ef5192b2951c514d44c841ae22c31,1110501-63.2021.8.26.0100,AJ_LIST,,https://gatekeeperaj.com.br/wp-content/uploads/2023/06/Edital-art.-7o-§2o.pdf,/home/user/Anteparo/data/pdfs/gatekeeperaj.com.br/2e5a72da4e0ef519.pdf,2,"[{""class"": ""III"", ""currency"": ""BRL"", ""total"": null, ""count"": null, ""page"": 1, ""section"": 1}]",OK_NO_TOTALS,PROSE,PROSE,prose_signal=0; fell back to PROSE; classIII=NO_TOTAL,2026-09-03T23:32:11Z,ingest
36d044bb8937886ea16e8558e767ef6707f7670e,1074600-92.2025.8.11.0041,UNKNOWN,2026-04-28,https://rlg-aj.com.br/wp-content/uploads/2026/03/20260424-Plano-de-Recuperacao-Judicial-Vezignazzi.pdf,/home/user/Anteparo/data/pdfs/rlg-aj.com.br/36d044bb8937886e.pdf,78,[],OK_NO_TOTALS,TABLE,TABLE_BANDS,prose_signal=0; classIII=NO_ROWS,2026-09-03T23:32:45Z,ingest
1af4c840827e3a422ac211a3264bb55d93a89048,1110501-63.2021.8.26.0100,AJ_LIST,2008-08-08,https://gatekeeperaj.com.br/wp-content/uploads/2023/06/Edital-114-A-DJE.pdf,/home/user/Anteparo/data/pdfs/gatekeeperaj.com.br/1af4c840827e3a42.pdf,2,"[{""class"": ""III"", ""currency"": ""BRL"", ""total"": null, ""count"": null, ""page"": 1, ""section"": 1}, {""class"": ""III"", ""currency"": ""BRL"", ""total"": null, ""count"": null, ""page"": 2, ""section"": 2}]",OK_NO_TOTALS,PROSE,PROSE,prose_signal=0; fell back to PROSE; classIII=NO_TOTAL,2026-09-03T23:32:45Z,ingest
2114cbd2b580d81032656f5e4d50369807c38e06,1110501-63.2021.8.26.0100,AJ_LIST,2022-01-21,https://gatekeeperaj.com.br/wp-content/uploads/2023/07/2a-Lista-de-credores-LR-1.pdf,/home/user/Anteparo/data/pdfs/gatekeeperaj.com.br/2114cbd2b580d810.pdf,2,[],OK_NO_TOTALS,TABLE,TABLE_RULED,prose_signal=0; classIII=NO_TOTAL,2026-09-03T23:32:45Z,ingest
f2d87b226c5f9e095c1f638c41717cb7d2301f4b,0834048-17.1998.8.26.0100,QGC,,https://gatekeeperaj.com.br/wp-content/uploads/2026/07/QGC-ATUALIZADO-JULHO-28.07.2026.pdf,/home/user/Anteparo/data/pdfs/gatekeeperaj.com.br/f2d87b226c5f9e09.pdf,2,"[{""class"": null, ""currency"": ""BRL"", ""total"": ""4396176.69"", ""count"": null, ""page"": 1, ""section"": 0}, {""class"": null, ""currency"": ""BRL"", ""total"": ""185771.48"", ""count"": null, ""page"": 2, ""section"": 1}, {""class"": null, ""currency"": ""BRL"", ""total"": ""30151.30"", ""count"": null, ""page"": 2, ""section"": 2}, {""class"": null, ""currency"": ""BRL"", ""total"": ""504832.54"", ""count"": null, ""page"": 2, ""section"": 3}, {""class"": null, ""currency"": ""BRL"", ""total"": ""3675421.37"", ""count"": null, ""page"": 2, ""section"": 4}]",OK_NO_TOTALS,TABLE,TABLE_RULED,prose_signal=0; classIII=NO_ROWS,2026-09-03T23:32:45Z,ingest
cd9ea9590fab239a9d93b897f7dfc9f114fed8c0,0000335-78.2024.8.26.0260,UNKNOWN,,https://gatekeeperaj.com.br/wp-content/uploads/2024/09/Relacao-de-Credores-HEL.pdf,/home/user/Anteparo/data/pdfs/gatekeeperaj.com.br/cd9ea9590fab239a.pdf,9,[],OK_NO_TOTALS,TABLE,TABLE_RULED,prose_signal=0; CASE_FROM_PAGE; classIII=NO_ROWS,2026-09-03T23:32:45Z,ingest
1aa81151b89e3f2f3350ba3ca41c8e84db29a303,5021069-77.2019.8.21.0001,QGC,2023-04-10,https://www.cb2d.com.br/portal/_uploads/55a2cd74-2225-4cd8-b989-4bc73f210c3b.pdf,/home/user/Anteparo/data/pdfs/cb2d.com.br/1aa81151b89e3f2f.pdf,1,"[{""class"": ""III"", ""currency"": ""BRL"", ""total"": null, ""count"": null, ""page"": 1, ""section"": 1}]",OK_NO_TOTALS,PROSE,PROSE,prose_signal=1; fell back to PROSE; classIII=NO_TOTAL,2026-09-03T23:32:45Z,ingest
604b3f782218c8580af08ff9e6a3546abcf8340e,0000335-78.2024.8.26.0260,QGC,,https://gatekeeperaj.com.br/wp-content/uploads/2024/11/2a-Relacao-HEL.pdf,/home/user/Anteparo/data/pdfs/gatekeeperaj.com.br/604b3f782218c858.pdf,8,"[{""class"": null, ""currency"": ""BRL"", ""total"": ""16743.10"", ""count"": null, ""page"": 7, ""section"": 0}, {""class"": null, ""currency"": ""BRL"", ""total"": ""66607368.00"", ""count"": null, ""page"": 8, ""section"": 1}]",OK_NO_TOTALS,TABLE,TABLE_RULED,prose_signal=0; CASE_FROM_PAGE; classIII=NO_ROWS,2026-09-03T23:32:45Z,ingest
d082ae31c1c4458c9864b30afb136236b741e57d,0004986-18.2023.8.16.0083,AJ_LIST,2024-02-22,https://www.cb2d.com.br/portal/_uploads/aedf9fd0-469c-4191-8ab8-e63f110c649f.pdf,/home/user/Anteparo/data/pdfs/cb2d.com.br/d082ae31c1c4458c.pdf,2,"[{""class"": ""I"", ""currency"": ""BRL"", ""total"": null, ""count"": null, ""page"": 1, ""section"": 1}, {""class"": ""II"", ""currency"": ""BRL"", ""total"": null, ""count"": null, ""page"": 1, ""section"": 2}, {""class"": ""II"", ""currency"": ""BRL"", ""total"": null, ""count"": null, ""page"": 1, ""section"": 3}, {""class"": ""III"", ""currency"": ""BRL"", ""total"": null, ""count"": null, ""page"": 1, ""section"": 4}, {""class"": ""IV"", ""currency"": ""BRL"", ""total"": null, ""count"": null, ""page"": 2, ""section"": 5}, {""class"": ""III"", ""currency"": ""BRL"", ""total"": null, ""count"": null, ""page"": 2, ""section"": 6}, {""class"": ""IV"", ""currency"": ""BRL"", ""total"": null, ""count"": null, ""page"": 2, ""section"": 7}]",OK_NO_TOTALS,PROSE,PROSE,prose_signal=0; fell back to PROSE; classIII=NO_ROWS,2026-09-03T23:32:45Z,ingest
b257dcd2085afc5a5eccb9e0ce6353d1dd04c853,0000335-78.2024.8.26.0260,QGC,,https://gatekeeperaj.com.br/wp-content/uploads/2026/07/QGC-HEL-29.07.2026-1.pdf,/home/user/Anteparo/data/pdfs/gatekeeperaj.com.br/b257dcd2085afc5a.pdf,8,"[{""class"": null, ""currency"": ""BRL"", ""total"": ""16743.10"", ""count"": null, ""page"": 7, ""section"": 3}, {""class"": null, ""currency"": ""BRL"", ""total"": ""66607368.00"", ""count"": null, ""page"": 8, ""section"": 4}]",OK_NO_TOTALS,TABLE,TABLE_RULED,prose_signal=0; CASE_FROM_PAGE; classIII=NO_ROWS,2026-09-03T23:32:45Z,ingest
59cd7a9416ae98cef3b6796927934bd465a414f1,0832522-59.1991.8.26.0100,QGC,,https://gatekeeperaj.com.br/wp-content/uploads/2026/08/QGC-BK.pdf,/home/user/Anteparo/data/pdfs/gatekeeperaj.com.br/59cd7a9416ae98ce.pdf,3,"[{""class"": null, ""currency"": ""BRL"", ""total"": ""4270532.54"", ""count"": null, ""page"": 1, ""section"": 0}, {""class"": null, ""currency"": ""BRL"", ""total"": ""15537.39"", ""count"": null, ""page"": 2, ""section"": 1}, {""class"": null, ""currency"": ""BRL"", ""total"": ""4254995.15"", ""count"": null, ""page"": 3, ""section"": 2}]",OK_NO_TOTALS,TABLE,TABLE_RULED,prose_signal=0; classIII=NO_ROWS,2026-09-03T23:32:45Z,ingest
6e9bc102695e2fc5a615a589326c6d7558656553,5003408-08.2023.8.24.0019,AJ_LIST,,https://www.cb2d.com.br/portal/_uploads/76c4de9c-0dff-4099-91ee-111393fb03d1.pdf,/home/user/Anteparo/data/pdfs/cb2d.com.br/6e9bc102695e2fc5.pdf,4,[],OK_NO_TOTALS,PROSE,PROSE,prose_signal=0; fell back to PROSE; classIII=NO_ROWS,2026-09-03T23:32:45Z,ingest
2727fa6d8ba51060351834d010c4d4c02548a93d,0000335-78.2024.8.26.0260,UNKNOWN,2025-08-01,https://gatekeeperaj.com.br/wp-content/uploads/2025/11/Relacao-Nominal-de-Credores-Jomar.pdf,/home/user/Anteparo/data/pdfs/gatekeeperaj.com.br/2727fa6d8ba51060.pdf,3,[],OK_NO_TOTALS,TABLE,TABLE_RULED,prose_signal=0; CASE_FROM_PAGE; classIII=NO_TOTAL,2026-09-03T23:32:45Z,ingest
2828e563ab25478bb4289f5883138bc0fdfe8973,5134453-76.2023.8.21.0001,AJ_LIST,2023-11-30,https://www.cb2d.com.br/portal/_uploads/9559d972-5420-47f8-bce3-9248a8e190d7.pdf,/home/user/Anteparo/data/pdfs/cb2d.com.br/2828e563ab25478b.pdf,2,"[{""class"": null, ""currency"": ""BRL"", ""total"": ""103000.00"", ""count"": null, ""page"": 1, ""section"": 0}]",OK_NO_TOTALS,TABLE,TABLE_BANDS,prose_signal=0; classIII=NO_ROWS,2026-09-03T23:32:45Z,ingest
8443710e6cb5bbce0e4b66dba8068ff46d5436bf,0000335-78.2024.8.26.0260,QGC,,https://gatekeeperaj.com.br/wp-content/uploads/2026/06/SEGUNDA-RELACAO-JOMAR.pdf,/home/user/Anteparo/data/pdfs/gatekeeperaj.com.br/8443710e6cb5bbce.pdf,6,"[{""class"": null, ""currency"": ""BRL"", ""total"": ""93017.22"", ""count"": null, ""page"": 6, ""section"": 0}]",OK_NO_TOTALS,TABLE,TABLE_RULED,prose_signal=0; CASE_FROM_PAGE; classIII=NO_ROWS,2026-09-03T23:32:45Z,ingest
c95c067d7ba0fc0fa0bbc6c6eeb1b9279f797850,1029618-48.2025.8.26.0114,AJ_LIST,2026-06-26,https://gatekeeperaj.com.br/wp-content/uploads/2026/07/EDITAL-JOMAR.pdf,/home/user/Anteparo/data/pdfs/gatekeeperaj.com.br/c95c067d7ba0fc0f.pdf,3,[],OK_NO_TOTALS,PROSE,PROSE,prose_signal=0; fell back to PROSE; classIII=NO_ROWS,2026-09-03T23:32:45Z,ingest
046bcc46b48a705319899a59e9381cc23961b2d8,5000080-63.2023.8.21.0016,AJ_LIST,2023-07-10,https://www.cb2d.com.br/portal/_uploads/9dc61875-5c65-45ad-a767-9e4157da8726.pdf,/home/user/Anteparo/data/pdfs/cb2d.com.br/046bcc46b48a7053.pdf,2,[],OK_NO_TOTALS,PROSE,PROSE,prose_signal=0; fell back to PROSE; classIII=NO_ROWS,2026-09-03T23:32:45Z,ingest
645c0da7e5ffecb878627aa6c25b214750fc730b,1000146-58.2024.8.26.0430,AJ_LIST,2025-05-27,https://gatekeeperaj.com.br/wp-content/uploads/2025/05/Edital-LCR.pdf,/home/user/Anteparo/data/pdfs/gatekeeperaj.com.br/645c0da7e5ffecb8.pdf,2,[],OK_NO_TOTALS,PROSE,PROSE,prose_signal=0; fell back to PROSE; classIII=NO_ROWS,2026-09-03T23:32:45Z,ingest
159ab9318b963e3aa9279bb5bd41f4ce6303a044,5000846-68.2020.8.21.0066,AJ_LIST,2021-05-31,https://www.cb2d.com.br/portal/_uploads/ac46e7cb-c1f9-4057-933a-2261d8e8deb8.pdf,/home/user/Anteparo/data/pdfs/cb2d.com.br/159ab9318b963e3a.pdf,3,[],OK_NO_TOTALS,PROSE,PROSE,prose_signal=0; fell back to PROSE; classIII=NO_ROWS,2026-09-03T23:32:45Z,ingest
30e2ea9c5d52ec61e02d75129a8554ea4a541212,0000335-78.2024.8.26.0260,QGC,,https://gatekeeperaj.com.br/wp-content/uploads/2025/09/QGC-LCR.pdf,/home/user/Anteparo/data/pdfs/gatekeeperaj.com.br/30e2ea9c5d52ec61.pdf,4,"[{""class"": null, ""currency"": ""BRL"", ""total"": ""731477.60"", ""count"": null, ""page"": 1, ""section"": 0}, {""class"": null, ""currency"": ""BRL"", ""total"": ""18435.24"", ""count"": null, ""page"": 2, ""section"": -1}, {""class"": null, ""currency"": ""BRL"", ""total"": ""635110.01"", ""count"": null, ""page"": 3, ""section"": -1}, {""class"": null, ""currency"": ""BRL"", ""total"": ""77932.35"", ""count"": null, ""page"": 4, ""section"": -1}]",OK_NO_TOTALS,TABLE,TABLE_BANDS,prose_signal=0; CASE_FROM_PAGE; classIII=NO_ROWS,2026-09-03T23:32:45Z,ingest
c82d0fc2f46cf74eb34207bbffdc79acb46a6aaf,5000846-68.2020.8.21.0066,QGC,2021-09-30,https://www.cb2d.com.br/portal/_uploads/6a02f0c7-4ce5-4205-be9c-0899f9bb46c8.pdf,/home/user/Anteparo/data/pdfs/cb2d.com.br/c82d0fc2f46cf74e.pdf,2,"[{""class"": null, ""currency"": ""BRL"", ""total"": ""10668392.75"", ""count"": null, ""page"": 2, ""section"": 5}]",OK_NO_TOTALS,PROSE,PROSE,prose_signal=0; fell back to PROSE; classIII=NO_ROWS,2026-09-03T23:32:45Z,ingest
d75aa72bd42a08ab0ee91f70c44f31c9769360b3,0000335-78.2024.8.26.0260,QGC,,https://gatekeeperaj.com.br/wp-content/uploads/2025/05/Rel-credores-Max-Ferros.pdf,/home/user/Anteparo/data/pdfs/gatekeeperaj.com.br/d75aa72bd42a08ab.pdf,2,"[{""class"": null, ""currency"": ""BRL"", ""total"": ""137082.65"", ""count"": null, ""page"": 1, ""section"": 0}]",OK_NO_TOTALS,TABLE,TABLE_RULED,prose_signal=0; CASE_FROM_PAGE; classIII=NO_ROWS,2026-09-03T23:32:45Z,ingest
a12513fd51db739f79333dfcdf88105db6487eaf,5000846-68.2020.8.21.0066,QGC,,https://www.cb2d.com.br/portal/_uploads/aa7ae5e4-8341-4054-b947-72597948fa26.pdf,/home/user/Anteparo/data/pdfs/cb2d.com.br/a12513fd51db739f.pdf,3,"[{""class"": null, ""currency"": ""BRL"", ""total"": ""8231219.80"", ""count"": null, ""page"": 2, ""section"": 5}]",OK_NO_TOTALS,PROSE,PROSE,prose_signal=0; fell back to PROSE; classIII=NO_ROWS,2026-09-03T23:32:45Z,ingest
972476a3a22383265cc3cb9749bff41f9905fc63,5000846-68.2020.8.21.0066,QGC,2022-12-01,https://www.cb2d.com.br/portal/_uploads/56a3cbd8-5360-4ae5-ae3a-7b92dbced0b0.pdf,/home/user/Anteparo/data/pdfs/cb2d.com.br/972476a3a2238326.pdf,2,"[{""class"": null, ""currency"": ""BRL"", ""total"": ""8231219.80"", ""count"": null, ""page"": 2, ""section"": 5}]",OK_NO_TOTALS,PROSE,PROSE,prose_signal=0; fell back to PROSE; classIII=NO_ROWS,2026-09-03T23:32:45Z,ingest
0d5d96c1f6cad017485c68c996cb8ab28ff68dd2,0604226-98.1997.8.26.0100,QGC,,https://gatekeeperaj.com.br/wp-content/uploads/2025/03/Seno-Filhos-QGC-1.pdf,/home/user/Anteparo/data/pdfs/gatekeeperaj.com.br/0d5d96c1f6cad017.pdf,3,"[{""class"": null, ""currency"": ""BRL"", ""total"": ""414114.26"", ""count"": null, ""page"": 1, ""section"": 0}, {""class"": null, ""currency"": ""BRL"", ""total"": ""5594.40"", ""count"": null, ""page"": 2, ""section"": 1}, {""class"": ""III"", ""currency"": ""BRL"", ""total"": ""408519.86"", ""count"": null, ""page"": 3, ""section"": 3}]",OK,TABLE,TABLE_RULED,prose_signal=0; classIII=PASS,2026-09-03T23:32:45Z,ingest
52e2da21ced02d3ad14903129cf4e7dd20d9b264,5128887-20.2021.8.21.0001,QGC,2022-02-21,https://www.cb2d.com.br/portal/_uploads/e0a53569-6b65-453b-a2bf-022814516271.pdf,/home/user/Anteparo/data/pdfs/cb2d.com.br/52e2da21ced02d3a.pdf,1,"[{""class"": ""I"", ""currency"": ""BRL"", ""total"": null, ""count"": null, ""page"": 1, ""section"": 2}, {""class"": ""II"", ""currency"": ""BRL"", ""total"": null, ""count"": null, ""page"": 1, ""section"": 3}, {""class"": ""III"", ""currency"": ""BRL"", ""total"": null, ""count"": null, ""page"": 1, ""section"": 4}]",OK_NO_TOTALS,PROSE,PROSE,prose_signal=1; fell back to PROSE; classIII=NO_TOTAL,2026-09-03T23:32:45Z,ingest
542c8a3477b3280c1fe9b5d8c5bde1eef91390c8,5037362-88.2020.8.21.0001,AJ_LIST,2022-08-10,https://www.cb2d.com.br/portal/_uploads/1d9879cf-e70a-4c82-b3da-453d43886c71.pdf,/home/user/Anteparo/data/pdfs/cb2d.com.br/542c8a3477b3280c.pdf,1,"[{""class"": ""III"", ""currency"": ""BRL"", ""total"": null, ""count"": null, ""page"": 1, ""section"": 1}, {""class"": ""IV"", ""currency"": ""BRL"", ""total"": null, ""count"": null, ""page"": 1, ""section"": 2}, {""class"": ""IV"", ""currency"": ""BRL"", ""total"": null, ""count"": null, ""page"": 1, ""section"": 3}, {""class"": null, ""currency"": ""BRL"", ""total"": ""37053128.00"", ""count"": null, ""page"": 1, ""section"": 4}, {""class"": ""I"", ""currency"": ""BRL"", ""total"": null, ""count"": null, ""page"": 1, ""section"": 5}, {""class"": ""II"", ""currency"": ""BRL"", ""total"": null, ""count"": null, ""page"": 1, ""section"": 6}, {""class"": ""III"", ""currency"": ""BRL"", ""total"": null, ""count"": null, ""page"": 1, ""section"": 7}]",OK_NO_TOTALS,PROSE,PROSE,prose_signal=0; fell back to PROSE; classIII=NO_TOTAL,2026-09-03T23:32:45Z,ingest
afd7d6accbb48fe5c190355aa3af519cbec0d1c7,5056287-30.2023.8.21.0001,UNKNOWN,,https://www.cb2d.com.br/portal/_uploads/4e6258c2-5f73-4d10-b4f7-990f797cf08f.pdf,/home/user/Anteparo/data/pdfs/cb2d.com.br/afd7d6accbb48fe5.pdf,2,[],OK_NO_TOTALS,TABLE,TABLE_BANDS,prose_signal=0; classIII=NO_ROWS,2026-09-03T23:32:45Z,ingest
ea875e4fdf9b397c77d83af3100876ca14e809be,5001568-23.2016.8.21.0073,UNKNOWN,,https://www.cb2d.com.br/portal/_uploads/24027e69-7aea-4141-923e-845b7cdbe642.pdf,/home/user/Anteparo/data/pdfs/cb2d.com.br/ea875e4fdf9b397c.pdf,3,[],NO_TEXT_LAYER,NONE,,NO_TEXT_LAYER: needs OCR; CASE_FROM_PAGE; classIII=NO_ROWS,2026-09-03T23:32:45Z,ingest
1b26551517db2cdcc00300ff0621d75fd74fb524,4077687-05.2025.8.26.0100,UNKNOWN,,https://acfb.com.br/wp-content/uploads/2026/06/Relacao_de_Credores_Pneus_-_SITE.pdf,/home/user/Anteparo/data/pdfs/acfb.com.br/1b26551517db2cdc.pdf,6,[],OK_NO_TOTALS,TABLE,TABLE_RULED,prose_signal=2; CASE_FROM_PAGE; classIII=NO_TOTAL,2026-09-03T23:32:45Z,ingest
40bc19471fca1487ddb27446bad60f1460c45223,1024993-78.2019.8.26.0405,AJ_LIST,,https://acfb.com.br/wp-content/uploads/2024/06/doc_227774999.pdf,/home/user/Anteparo/data/pdfs/acfb.com.br/40bc19471fca1487.pdf,11,[],OK_NO_TOTALS,TABLE,TABLE_RULED,prose_signal=0; classIII=NO_TOTAL,2026-09-03T23:32:45Z,ingest
224d3d949f3f70fcfd480bc1b0157741ae346d5b,1049020-41.2017.8.26.0100,UNKNOWN,,https://acfb.com.br/wp-content/uploads/2018/05/Plano-de-Recuperação-Judicial-1.pdf,/home/user/Anteparo/data/pdfs/acfb.com.br/224d3d949f3f70fc.pdf,17,[],NO_TEXT_LAYER,NONE,,NO_TEXT_LAYER: needs OCR; CASE_FROM_PAGE; classIII=NO_ROWS,2026-09-03T23:32:45Z,ingest
efd986e1c671cdc1ece0a54eb59ae6deaafdafcc,1049020-41.2017.8.26.0100,QGC,2017-08-04,https://acfb.com.br/wp-content/uploads/2018/05/1º-Edital.pdf,/home/user/Anteparo/data/pdfs/acfb.com.br/efd986e1c671cdc1.pdf,13,[],OK_NO_TOTALS,TABLE,TABLE_BANDS,prose_signal=1; classIII=NO_TOTAL,2026-09-03T23:32:45Z,ingest
f6b247da5b3efbb7a02eaa420edc7a75f8f33862,1049020-41.2017.8.26.0100,AJ_LIST,2010-01-26,https://acfb.com.br/wp-content/uploads/2018/05/2º-Edital.pdf,/home/user/Anteparo/data/pdfs/acfb.com.br/f6b247da5b3efbb7.pdf,3,"[{""class"": null, ""currency"": ""BRL"", ""total"": ""582671.83"", ""count"": null, ""page"": 1, ""section"": 1}, {""class"": null, ""currency"": ""BRL"", ""total"": ""582671.83"", ""count"": null, ""page"": 3, ""section"": 2}]",OK_NO_TOTALS,PROSE,PROSE,prose_signal=0; fell back to PROSE; classIII=NO_ROWS,2026-09-03T23:32:45Z,ingest
9a6a3c292c1cd4c646eed41e7b29caae6d2a71ea,0000148-67.1996.8.24.0079,UNKNOWN,,https://ajruiz.com.br/sites/default/files/public/arquivos-processos/2025-08/3._relacao_de_credores_two_square.pdf,/home/user/Anteparo/data/pdfs/ajruiz.com.br/9a6a3c292c1cd4c6.pdf,3,[],OK_NO_TOTALS,TABLE,TABLE_RULED,prose_signal=0; CASE_FROM_PAGE; classIII=NO_ROWS,2026-09-03T23:33:23Z,ingest
5c84a7096ec9f6dda5eddd912e0d44f7be7f5560,0000148-67.1996.8.24.0079,UNKNOWN,,https://ajruiz.com.br/sites/default/files/public/arquivos-processos/2025-11/doc.02_relacao_de_credores_retificada.pdf,/home/user/Anteparo/data/pdfs/ajruiz.com.br/5c84a7096ec9f6dd.pdf,4,"[{""class"": null, ""currency"": ""BRL"", ""total"": ""773806993.36"", ""count"": null, ""page"": 2, ""section"": -1}]",OK_NO_TOTALS,TABLE,TABLE_RULED,prose_signal=0; CASE_FROM_PAGE; classIII=NO_ROWS,2026-09-03T23:33:23Z,ingest
12b368d18cd8ef715894ce0b9f2267489115d3d8,4000455-34.2026.8.26.0373,UNKNOWN,2026-06-09,https://ajruiz.com.br/sites/default/files/public/arquivos-processos/2026-06/relacao_de_credores.pdf,/home/user/Anteparo/data/pdfs/ajruiz.com.br/12b368d18cd8ef71.pdf,8,"[{""class"": null, ""currency"": ""BRL"", ""total"": ""66272741.96"", ""count"": null, ""page"": 8, ""section"": 0}, {""class"": null, ""currency"": ""BRL"", ""total"": ""62096459.34"", ""count"": null, ""page"": 8, ""section"": 1}, {""class"": null, ""currency"": ""BRL"", ""total"": ""62096459.34"", ""count"": null, ""page"": 8, ""section"": 1}]",OK_NO_TOTALS,TABLE,TABLE_RULED,prose_signal=0; classIII=NO_ROWS,2026-09-03T23:33:23Z,ingest
d41b655328d4b35763be42c1445b12334f146fc1,5055017-47.2025.8.24.0023,HOMOLOG,2026-06-05,https://ajruiz.com.br/sites/default/files/public/arquivos-processos/2026-06/edital_convocacao_de_credores_tecmesul.pdf,/home/user/Anteparo/data/pdfs/ajruiz.com.br/d41b655328d4b357.pdf,2,[],OK_NO_TOTALS,PROSE,PROSE,prose_signal=1; fell back to PROSE; classIII=NO_ROWS,2026-09-03T23:33:23Z,ingest
780bb17a2618822d420f15fecc55c95208f2d55e,4039082-53.2026.8.26.0100,UNKNOWN,2026-04-22,"https://ativosajce.com.br/admin/download.php?file=files/processo_documento/processo_documento18560022042026_1_.pdf&nome=Relação de Credores - art. 52, §1º da Lei 11.101/05 - 22/04/2026",/home/user/Anteparo/data/pdfs/ativosajce.com.br/780bb17a2618822d.pdf,2,[],OK_NO_TOTALS,TABLE,TABLE_RULED,prose_signal=0; classIII=NO_TOTAL,2026-09-03T23:33:23Z,ingest
6cc01a612bb76001f57569b392fda60f98ae8708,5217536-87.2023.8.21.0001,AJ_LIST,2024-04-26,https://www.cb2d.com.br/portal/_uploads/90d84dbb-ba11-4915-b65d-98d831bb93b8.pdf,/home/user/Anteparo/data/pdfs/cb2d.com.br/6cc01a612bb76001.pdf,2,"[{""class"": ""I"", ""currency"": ""BRL"", ""total"": null, ""count"": null, ""page"": 1, ""section"": 3}, {""class"": ""III"", ""currency"": ""BRL"", ""total"": null, ""count"": null, ""page"": 2, ""section"": 4}]",OK_NO_TOTALS,PROSE,PROSE,prose_signal=0; fell back to PROSE; classIII=NO_TOTAL,2026-09-03T23:33:23Z,ingest
8be5fe5830aa024e4aafd68c871a24ccb0103284,0103934-53.2016.8.21.0001,AJ_LIST,2015-08-14,https://www.cb2d.com.br/portal/_uploads/3901124d-5e78-40f5-837a-ea11d6c69527.pdf,/home/user/Anteparo/data/pdfs/cb2d.com.br/8be5fe5830aa024e.pdf,2,"[{""class"": ""I"", ""currency"": ""BRL"", ""total"": null, ""count"": null, ""page"": 2, ""section"": 1}, {""class"": ""III"", ""currency"": ""BRL"", ""total"": null, ""count"": null, ""page"": 2, ""section"": 2}, {""class"": ""IV"", ""currency"": ""BRL"", ""total"": null, ""count"": null, ""page"": 2, ""section"": 3}]",OK_NO_TOTALS,PROSE,PROSE,prose_signal=0; fell back to PROSE; classIII=NO_TOTAL,2026-09-03T23:33:23Z,ingest
6829bf3eb3c03dacb52c40972f07f7479a19aaea,0296812-39.2015.8.21.0001,AJ_LIST,2018-08-15,https://www.cb2d.com.br/portal/_uploads/7ee8d870-ccd2-48c0-8956-becd6b724157.pdf,/home/user/Anteparo/data/pdfs/cb2d.com.br/6829bf3eb3c03dac.pdf,1,"[{""class"": ""I"", ""currency"": ""BRL"", ""total"": null, ""count"": null, ""page"": 1, ""section"": 1}, {""class"": ""III"", ""currency"": ""BRL"", ""total"": null, ""count"": null, ""page"": 1, ""section"": 2}, {""class"": ""IV"", ""currency"": ""BRL"", ""total"": null, ""count"": null, ""page"": 1, ""section"": 3}]",OK_NO_TOTALS,PROSE,PROSE,prose_signal=0; fell back to PROSE; classIII=NO_TOTAL,2026-09-03T23:33:23Z,ingest
48b978521d11b6aca019ab11242ba76be3112a02,5268801-31.2023.8.21.0001,AJ_LIST,2024-08-12,https://www.cb2d.com.br/portal/_uploads/e133a69c-5147-417c-ab51-b070cf2d3b7b.pdf,/home/user/Anteparo/data/pdfs/cb2d.com.br/48b978521d11b6ac.pdf,2,"[{""class"": ""I"", ""currency"": ""BRL"", ""total"": null, ""count"": null, ""page"": 1, ""section"": 1}, {""class"": ""III"", ""currency"": ""BRL"", ""total"": null, ""count"": null, ""page"": 1, ""section"": 2}, {""class"": ""IV"", ""currency"": ""BRL"", ""total"": null, ""count"": null, ""page"": 1, ""section"": 3}, {""class"": ""I"", ""currency"": ""BRL"", ""total"": null, ""count"": null, ""page"": 1, ""section"": 4}, {""class"": ""III"", ""currency"": ""BRL"", ""total"": null, ""count"": null, ""page"": 1, ""section"": 5}]",OK_NO_TOTALS,PROSE,PROSE,prose_signal=0; fell back to PROSE; classIII=NO_TOTAL,2026-09-03T23:33:25Z,ingest
2fe04bf4466d0420480f240ab82ca5b210606a24,4054599-35.2025.8.26.0100,UNKNOWN,,"https://ativosajce.com.br/admin/download.php?file=files/processo_documento/processo_documento16022716122025_1_.pdf&nome=Relação de credores - art. 52, §1º da Lei 11.101/05 - 15/12/2025",/home/user/Anteparo/data/pdfs/ativosajce.com.br/2fe04bf4466d0420.pdf,11,[],OK_NO_TOTALS,TABLE,TABLE_RULED,prose_signal=2; CASE_FROM_PAGE; classIII=NO_TOTAL,2026-09-03T23:33:25Z,ingest
a6816afa74adbaa8bfa1a465b64fb0dc4618a8e9,1056683-07.2018.8.26.0100,AJ_LIST,,https://ajruiz.com.br/sites/default/files/public/arquivos-processos/2023-09/edital-de-relacao-de-credores-art.-7o-2o-e-aviso-sobre-o-plano-de-recuperacao-judicial-art.-53-unico-alianca-metalurgica-min.pdf,/home/user/Anteparo/data/pdfs/ajruiz.com.br/a6816afa74adbaa8.pdf,20,[],OK_NO_TOTALS,TABLE,TABLE_BANDS,prose_signal=0; classIII=NO_TOTAL,2026-09-03T23:33:25Z,ingest
fcddf11a8f6734f2df3008f5c3aff2229ea196ec,0000070-34.2000.8.24.0079,UNKNOWN,,https://www.cb2d.com.br/portal/_uploads/6ea0819c-b8a3-4f0d-87e8-7199bd9f4ea4.pdf,/home/user/Anteparo/data/pdfs/cb2d.com.br/fcddf11a8f6734f2.pdf,3,[],NO_TEXT_LAYER,NONE,,NO_TEXT_LAYER: needs OCR; CASE_FROM_PAGE; classIII=NO_ROWS,2026-09-03T23:33:25Z,ingest
edbf6cbae79559a336adf6cf0c754b00f3b9533d,1000400-31.2025.8.26.0354,UNKNOWN,,"https://ativosajce.com.br/admin/download.php?file=files/processo_documento/processo_documento18472823092025_1_.pdf&nome=Edital de Credores - art. 52, §1º da Lei 11.101/05 - 23/09/2025",/home/user/Anteparo/data/pdfs/ativosajce.com.br/edbf6cbae79559a3.pdf,3,[],NO_TEXT_LAYER,NONE,,NO_TEXT_LAYER: needs OCR; CASE_FROM_PAGE; classIII=NO_ROWS,2026-09-03T23:33:31Z,ingest
f93c6add5972690545d833baece85000fd1a81bb,5188654-52.2022.8.21.0001,AJ_LIST,2023-06-15,https://www.cb2d.com.br/portal/_uploads/fd3aa07f-855c-40df-874d-61b0f89db243.pdf,/home/user/Anteparo/data/pdfs/cb2d.com.br/f93c6add59726905.pdf,9,"[{""class"": ""I"", ""currency"": ""BRL"", ""total"": null, ""count"": null, ""page"": 1, ""section"": 1}, {""class"": ""II"", ""currency"": ""BRL"", ""total"": null, ""count"": null, ""page"": 3, ""section"": 2}, {""class"": ""III"", ""currency"": ""BRL"", ""total"": null, ""count"": null, ""page"": 3, ""section"": 3}, {""class"": ""IV"", ""currency"": ""BRL"", ""total"": null, ""count"": null, ""page"": 5, ""section"": 4}]",OK_NO_TOTALS,PROSE,PROSE,prose_signal=0; fell back to PROSE; classIII=NO_TOTAL,2026-09-03T23:33:31Z,ingest
2523d6511f4fa24d14e3dab0678f55bdb1f43ea8,5072041-17.2020.8.21.0001,AJ_LIST,2021-03-29,https://www.cb2d.com.br/portal/_uploads/a3da370c-3727-4054-9268-00da3aa71d6d.pdf,/home/user/Anteparo/data/pdfs/cb2d.com.br/2523d6511f4fa24d.pdf,1,"[{""class"": ""I"", ""currency"": ""BRL"", ""total"": null, ""count"": null, ""page"": 1, ""section"": 2}, {""class"": ""III"", ""currency"": ""BRL"", ""total"": null, ""count"": null, ""page"": 1, ""section"": 3}, {""class"": ""I"", ""currency"": ""BRL"", ""total"": null, ""count"": null, ""page"": 1, ""section"": 4}, {""class"": ""III"", ""currency"": ""BRL"", ""total"": null, ""count"": null, ""page"": 1, ""section"": 5}]",OK_NO_TOTALS,PROSE,PROSE,prose_signal=0; fell back to PROSE; classIII=NO_TOTAL,2026-09-03T23:33:31Z,ingest
967cc7a72d6017c53773ebb813beced875ff9dac,5072041-17.2020.8.21.0001,AJ_LIST,2022-10-21,https://www.cb2d.com.br/portal/_uploads/eafda02f-72b5-49f5-bd0c-ad02f7723768.pdf,/home/user/Anteparo/data/pdfs/cb2d.com.br/967cc7a72d6017c5.pdf,3,"[{""class"": ""I"", ""currency"": ""BRL"", ""total"": null, ""count"": null, ""page"": 2, ""section"": 4}]",OK_NO_TOTALS,PROSE,PROSE,prose_signal=0; fell back to PROSE; classIII=NO_ROWS,2026-09-03T23:33:32Z,ingest
ab1781e6d00b777e6e900911ae47c8f734718470,5012743-51.2023.8.24.0019,UNKNOWN,,https://ajruiz.com.br/sites/default/files/public/arquivos-processos/2024-06/relacao_de_credores_aj_alto_uruguai.pdf,/home/user/Anteparo/data/pdfs/ajruiz.com.br/ab1781e6d00b777e.pdf,2,"[{""class"": ""I"", ""currency"": ""BRL"", ""total"": ""250.00"", ""count"": null, ""page"": 1, ""section"": 1}, {""class"": ""I"", ""currency"": ""BRL"", ""total"": ""300.00"", ""count"": null, ""page"": 1, ""section"": 1}, {""class"": ""I"", ""currency"": ""BRL"", ""total"": ""500.00"", ""count"": null, ""page"": 1, ""section"": 1}, {""class"": ""I"", ""currency"": ""BRL"", ""total"": ""200.00"", ""count"": null, ""page"": 1, ""section"": 1}, {""class"": ""I"", ""currency"": ""BRL"", ""total"": ""280.00"", ""count"": null, ""page"": 1, ""section"": 1}, {""class"": ""I"", ""currency"": ""BRL"", ""total"": ""31101.55"", ""count"": null, ""page"": 1, ""section"": 1}, {""class"": ""I"", ""currency"": ""BRL"", ""total"": ""242.00"", ""count"": null, ""page"": 1, ""section"": 1}, {""class"": ""I"", ""currency"": ""BRL"", ""total"": ""350.00"", ""count"": null, ""page"": 1, ""section"": 1}, {""class"": ""I"", ""currency"": ""BRL"", ""total"": ""300.00"", ""count"": null, ""page"": 1, ""section"": 1}, {""class"": ""I"", ""currency"": ""BRL"", ""total"": ""280.00"", ""count"": null, ""page"": 1, ""section"": 1}, {""class"": ""I"", ""currency"": ""BRL"", ""total"": ""250.00"", ""count"": null, ""page"": 1, ""section"": 1}, {""class"": ""I"", ""currency"": ""BRL"", ""total"": ""452751.17"", ""count"": null, ""page"": 1, ""section"": 1}, {""class"": ""I"", ""currency"": ""BRL"", ""total"": ""200.00"", ""count"": null, ""page"": 1, ""section"": 1}, {""class"": ""I"", ""currency"": ""BRL"", ""total"": ""240.00"", ""count"": null, ""page"": 1, ""section"": 1}, {""class"": ""I"", ""currency"": ""BRL"", ""total"": ""180.00"", ""count"": null, ""page"": 1, ""section"": 1}, {""class"": ""I"", ""currency"": ""BRL"", ""total"": ""2598.71"", ""count"": null, ""page"": 1, ""section"": 2}, {""class"": ""I"", ""currency"": ""BRL"", ""total"": ""942774.60"", ""count"": null, ""page"": 1, ""section"": 2}, {""class"": ""III"", ""currency"": ""BRL"", ""total"": ""20613930.83"", ""count"": null, ""page"": 1, ""section"": 2}, {""class"": ""IV"", ""currency"": ""BRL"", ""total"": ""4241608.09"", ""count"": null, ""page"": 2, ""section"": 5}, {""class"": ""IV"", ""currency"": ""BRL"", ""total"": ""25798313.51"", ""count"": null, ""page"": 2, ""section"": 5}, {""class"": ""I"", ""currency"": ""BRL"", ""total"": ""942774.60"", ""count"": null, ""page"": 2, ""section"": 6}, {""class"": ""III"", ""currency"": ""BRL"", ""total"": ""20613930.83"", ""count"": null, ""page"": 2, ""section"": 7}, {""class"": ""IV"", ""currency"": ""BRL"", ""total"": ""4241608.09"", ""count"": null, ""page"": 2, ""section"": 8}, {""class"": ""IV"", ""currency"": ""BRL"", ""total"": ""25798313.51"", ""count"": null, ""page"": 2, ""section"": 8}]",OK,TABLE,TABLE_RULED,prose_signal=0; classIII=PASS,2026-09-03T23:33:32Z,ingest
66a7356aac10ec323ecf5506239958aa35cec106,5005973-42.2023.8.24.0019,AJ_LIST,2024-03-08,https://www.cb2d.com.br/portal/_uploads/867ebd54-fc9f-47f7-8b58-825945811fbd.pdf,/home/user/Anteparo/data/pdfs/cb2d.com.br/66a7356aac10ec32.pdf,2,[],OK_NO_TOTALS,TABLE,TABLE_BANDS,prose_signal=0; classIII=NO_ROWS,2026-09-03T23:33:32Z,ingest
3c26476f70f8ae11afaf6c204ef862dc6b248824,5001016-22.2017.8.21.0009,AJ_LIST,,https://www.cb2d.com.br/portal/_uploads/c2aee309-cce2-46d6-9f0e-add8ba102ee1.pdf,/home/user/Anteparo/data/pdfs/cb2d.com.br/3c26476f70f8ae11.pdf,2,"[{""class"": ""I"", ""currency"": ""BRL"", ""total"": null, ""count"": null, ""page"": 1, ""section"": 1}, {""class"": ""II"", ""currency"": ""BRL"", ""total"": null, ""count"": null, ""page"": 1, ""section"": 2}, {""class"": ""II"", ""currency"": ""BRL"", ""total"": null, ""count"": null, ""page"": 1, ""section"": 3}]",OK_NO_TOTALS,PROSE,PROSE,prose_signal=0; fell back to PROSE; CASE_FROM_PAGE; classIII=NO_ROWS,2026-09-03T23:33:36Z,ingest
75336e98f447837fcdb5e795c7aa49c9bea54c52,5012743-51.2023.8.24.0019,UNKNOWN,,https://ajruiz.com.br/sites/default/files/public/arquivos-processos/2026-06/alto_uruguai_qgc_junho.2026.pdf,/home/user/Anteparo/data/pdfs/ajruiz.com.br/75336e98f447837f.pdf,2,"[{""class"": ""I"", ""currency"": ""BRL"", ""total"": ""250.00"", ""count"": null, ""page"": 1, ""section"": 1}, {""class"": ""I"", ""currency"": ""BRL"", ""total"": ""300.00"", ""count"": null, ""page"": 1, ""section"": 1}, {""class"": ""I"", ""currency"": ""BRL"", ""total"": ""500.00"", ""count"": null, ""page"": 1, ""section"": 1}, {""class"": ""I"", ""currency"": ""BRL"", ""total"": ""200.00"", ""count"": null, ""page"": 1, ""section"": 1}, {""class"": ""I"", ""currency"": ""BRL"", ""total"": ""280.00"", ""count"": null, ""page"": 1, ""section"": 1}, {""class"": ""I"", ""currency"": ""BRL"", ""total"": ""31101.55"", ""count"": null, ""page"": 1, ""section"": 1}, {""class"": ""I"", ""currency"": ""BRL"", ""total"": ""242.00"", ""count"": null, ""page"": 1, ""section"": 1}, {""class"": ""I"", ""currency"": ""BRL"", ""total"": ""350.00"", ""count"": null, ""page"": 1, ""section"": 1}, {""class"": ""I"", ""currency"": ""BRL"", ""total"": ""300.00"", ""count"": null, ""page"": 1, ""section"": 1}, {""class"": ""I"", ""currency"": ""BRL"", ""total"": ""280.00"", ""count"": null, ""page"": 1, ""section"": 1}, {""class"": ""I"", ""currency"": ""BRL"", ""total"": ""250.00"", ""count"": null, ""page"": 1, ""section"": 1}, {""class"": ""I"", ""currency"": ""BRL"", ""total"": ""452751.17"", ""count"": null, ""page"": 1, ""section"": 1}, {""class"": ""I"", ""currency"": ""BRL"", ""total"": ""200.00"", ""count"": null, ""page"": 1, ""section"": 1}, {""class"": ""I"", ""currency"": ""BRL"", ""total"": ""240.00"", ""count"": null, ""page"": 1, ""section"": 1}, {""class"": ""I"", ""currency"": ""BRL"", ""total"": ""180.00"", ""count"": null, ""page"": 1, ""section"": 1}, {""class"": ""I"", ""currency"": ""BRL"", ""total"": ""2598.71"", ""count"": null, ""page"": 1, ""section"": 2}, {""class"": ""I"", ""currency"": ""BRL"", ""total"": ""942774.60"", ""count"": null, ""page"": 1, ""section"": 2}, {""class"": ""III"", ""currency"": ""BRL"", ""total"": ""20656683.83"", ""count"": null, ""page"": 1, ""section"": 2}, {""class"": ""IV"", ""currency"": ""BRL"", ""total"": ""2630571.11"", ""count"": null, ""page"": 2, ""section"": 5}, {""class"": ""IV"", ""currency"": ""BRL"", ""total"": ""24230029.54"", ""count"": null, ""page"": 2, ""section"": 5}, {""class"": ""I"", ""currency"": ""BRL"", ""total"": ""942774.60"", ""count"": null, ""page"": 2, ""section"": 6}, {""class"": ""III"", ""currency"": ""BRL"", ""total"": ""20656683.83"", ""count"": null, ""page"": 2, ""section"": 7}, {""class"": ""IV"", ""currency"": ""BRL"", ""total"": ""2630571.11"", ""count"": null, ""page"": 2, ""section"": 8}, {""class"": ""IV"", ""currency"": ""BRL"", ""total"": ""24230029.54"", ""count"": null, ""page"": 2, ""section"": 8}]",OK,TABLE,TABLE_RULED,prose_signal=0; classIII=PASS,2026-09-03T23:33:36Z,ingest
9370a11b98796f8ca6565634ef916e64041cb7f7,0000007-32.1977.8.24.0041,QGC,2025-03-31,https://www.cb2d.com.br/portal/_uploads/59660091-12d0-46cb-8da2-8e05b3a56a86.pdf,/home/user/Anteparo/data/pdfs/cb2d.com.br/9370a11b98796f8c.pdf,2,[],OK_NO_TOTALS,TABLE,TABLE_BANDS,prose_signal=0; classIII=NO_ROWS,2026-09-03T23:33:36Z,ingest
69a40a8294d94aa5bd0311425eb40b96e656bcbf,0000148-67.1996.8.24.0079,QGC,,https://ajruiz.com.br/sites/default/files/public/arquivos-processos/2023-12/2._relacao_de_credores.pdf,/home/user/Anteparo/data/pdfs/ajruiz.com.br/69a40a8294d94aa5.pdf,2,"[{""class"": ""I"", ""currency"": ""BRL"", ""total"": null, ""count"": null, ""page"": 1, ""section"": 1}, {""class"": ""I"", ""currency"": ""BRL"", ""total"": null, ""count"": null, ""page"": 1, ""section"": 2}, {""class"": ""I"", ""currency"": ""BRL"", ""total"": null, ""count"": null, ""page"": 1, ""section"": 3}, {""class"": ""I"", ""currency"": ""BRL"", ""total"": null, ""count"": null, ""page"": 1, ""section"": 4}, {""class"": ""I"", ""currency"": ""BRL"", ""total"": null, ""count"": null, ""page"": 1, ""section"": 5}, {""class"": ""I"", ""currency"": ""BRL"", ""total"": null, ""count"": null, ""page"": 1, ""section"": 6}, {""class"": ""I"", ""currency"": ""BRL"", ""total"": null, ""count"": null, ""page"": 1, ""section"": 7}, {""class"": ""I"", ""currency"": ""BRL"", ""total"": null, ""count"": null, ""page"": 1, ""section"": 8}, {""class"": ""I"", ""currency"": ""BRL"", ""total"": null, ""count"": null, ""page"": 1, ""section"": 9}, {""class"": ""I"", ""currency"": ""BRL"", ""total"": null, ""count"": null, ""page"": 1, ""section"": 10}, {""class"": ""I"", ""currency"": ""BRL"", ""total"": null, ""count"": null, ""page"": 1, ""section"": 11}, {""class"": ""I"", ""currency"": ""BRL"", ""total"": null, ""count"": null, ""page"": 1, ""section"": 12}, {""class"": ""I"", ""currency"": ""BRL"", ""total"": null, ""count"": null, ""page"": 1, ""section"": 13}, {""class"": ""I"", ""currency"": ""BRL"", ""total"": null, ""count"": null, ""page"": 1, ""section"": 14}, {""class"": ""I"", ""currency"": ""BRL"", ""total"": null, ""count"": null, ""page"": 1, ""section"": 15}, {""class"": ""III"", ""currency"": ""BRL"", ""total"": null, ""count"": null, ""page"": 1, ""section"": 16}, {""class"": ""III"", ""currency"": ""BRL"", ""total"": null, ""count"": null, ""page"": 1, ""section"": 17}, {""class"": ""III"", ""currency"": ""BRL"", ""total"": null, ""count"": null, ""page"": 1, ""section"": 18}, {""class"": ""III"", ""currency"": ""BRL"", ""total"": null, ""count"": null, ""page"": 1, ""section"": 19}, {""class"": ""III"", ""currency"": ""BRL"", ""total"": null, ""count"": null, ""page"": 1, ""section"": 20}, {""class"": ""III"", ""currency"": ""BRL"", ""total"": null, ""count"": null, ""page"": 1, ""section"": 21}, {""class"": ""III"", ""currency"": ""BRL"", ""total"": null, ""count"": null, ""page"": 1, ""section"": 22}, {""class"": ""III"", ""currency"": ""BRL"", ""total"": null, ""count"": null, ""page"": 1, ""section"": 23}, {""class"": ""III"", ""currency"": ""BRL"", ""total"": null, ""count"": null, ""page"": 1, ""section"": 24}, {""class"": ""III"", ""currency"": ""BRL"", ""total"": null, ""count"": null, ""page"": 1, ""section"": 25}, {""class"": ""III"", ""currency"": ""BRL"", ""total"": null, ""count"": null, ""page"": 1, ""section"": 26}, {""class"": ""III"", ""currency"": ""BRL"", ""total"": null, ""count"": null, ""page"": 1, ""section"": 27}, {""class"": ""III"", ""currency"": ""BRL"", ""total"": null, ""count"": null, ""page"": 1, ""section"": 28}, {""class"": ""III"", ""currency"": ""BRL"", ""total"": null, ""count"": null, ""page"": 1, ""section"": 29}, {""class"": ""III"", ""currency"": ""BRL"", ""total"": null, ""count"": null, ""page"": 1, ""section"": 30}, {""class"": ""III"", ""currency"": ""BRL"", ""total"": null, ""count"": null, ""page"": 1, ""section"": 31}, {""class"": ""III"", ""currency"": ""BRL"", ""total"": null, ""count"": null, ""page"": 1, ""section"": 32}, {""class"": ""III"", ""currency"": ""BRL"", ""total"": null, ""count"": null, ""page"": 1, ""section"": 33}, {""class"": ""III"", ""currency"": ""BRL"", ""total"": null, ""count"": null, ""page"": 1, ""section"": 34}, {""class"": ""III"", ""currency"": ""BRL"", ""total"": null, ""count"": null, ""page"": 1, ""section"": 35}, {""class"": ""III"", ""currency"": ""BRL"", ""total"": null, ""count"": null, ""page"": 1, ""section"": 36}, {""class"": ""III"", ""currency"": ""BRL"", ""total"": null, ""count"": null, ""page"": 1, ""section"": 37}, {""class"": ""III"", ""currency"": ""BRL"", ""total"": null, ""count"": null, ""page"": 1, ""section"": 38}, {""class"": ""III"", ""currency"": ""BRL"", ""total"": null, ""count"": null, ""page"": 1, ""section"": 39}, {""class"": ""III"", ""currency"": ""BRL"", ""total"": null, ""count"": null, ""page"": 1, ""section"": 40}, {""class"": ""III"", ""currency"": ""BRL"", ""total"": null, ""count"": null, ""page"": 1, ""section"": 41}, {""class"": ""III"", ""currency"": ""BRL"", ""total"": null, ""count"": null, ""page"": 2, ""section"": 42}, {""class"": ""III"", ""currency"": ""BRL"", ""total"": null, ""count"": null, ""page"": 2, ""section"": 43}, {""class"": ""III"", ""currency"": ""BRL"", ""total"": null, ""count"": null, ""page"": 2, ""section"": 44}, {""class"": ""III"", ""currency"": ""BRL"", ""total"": null, ""count"": null, ""page"": 2, ""section"": 45}, {""class"": ""III"", ""currency"": ""BRL"", ""total"": null, ""count"": null, ""page"": 2, ""section"": 46}, {""class"": ""III"", ""currency"": ""BRL"", ""total"": null, ""count"": null, ""page"": 2, ""section"": 47}, {""class"": ""III"", ""currency"": ""BRL"", ""total"": null, ""count"": null, ""page"": 2, ""section"": 48}, {""class"": ""III"", ""currency"": ""BRL"", ""total"": null, ""count"": null, ""page"": 2, ""section"": 49}, {""class"": ""III"", ""currency"": ""BRL"", ""total"": null, ""count"": null, ""page"": 2, ""section"": 50}, {""class"": ""III"", ""currency"": ""BRL"", ""total"": null, ""count"": null, ""page"": 2, ""section"": 51}, {""class"": ""III"", ""currency"": ""BRL"", ""total"": null, ""count"": null, ""page"": 2, ""section"": 52}, {""class"": ""III"", ""currency"": ""BRL"", ""total"": null, ""count"": null, ""page"": 2, ""section"": 53}, {""class"": ""III"", ""currency"": ""BRL"", ""total"": null, ""count"": null, ""page"": 2, ""section"": 54}, {""class"": ""IV"", ""currency"": ""BRL"", ""total"": null, ""count"": null, ""page"": 2, ""section"": 55}, {""class"": ""IV"", ""currency"": ""BRL"", ""total"": null, ""count"": null, ""page"": 2, ""section"": 56}, {""class"": ""IV"", ""currency"": ""BRL"", ""total"": null, ""count"": null, ""page"": 2, ""section"": 57}, {""class"": ""IV"", ""currency"": ""BRL"", ""total"": null, ""count"": null, ""page"": 2, ""section"": 58}, {""class"": ""IV"", ""currency"": ""BRL"", ""total"": null, ""count"": null, ""page"": 2, ""section"": 59}, {""class"": ""IV"", ""currency"": ""BRL"", ""total"": null, ""count"": null, ""page"": 2, ""section"": 60}, {""class"": ""IV"", ""currency"": ""BRL"", ""total"": null, ""count"": null, ""page"": 2, ""section"": 61}, {""class"": ""IV"", ""currency"": ""BRL"", ""total"": null, ""count"": null, ""page"": 2, ""section"": 62}, {""class"": ""IV"", ""currency"": ""BRL"", ""total"": null, ""count"": null, ""page"": 2, ""section"": 63}, {""class"": ""IV"", ""currency"": ""BRL"", ""total"": null, ""count"": null, ""page"": 2, ""section"": 64}, {""class"": ""IV"", ""currency"": ""BRL"", ""total"": null, ""count"": null, ""page"": 2, ""section"": 65}, {""class"": ""IV"", ""currency"": ""BRL"", ""total"": null, ""count"": null, ""page"": 2, ""section"": 66}, {""class"": ""IV"", ""currency"": ""BRL"", ""total"": null, ""count"": null, ""page"": 2, ""section"": 67}, {""class"": ""IV"", ""currency"": ""BRL"", ""total"": null, ""count"": null, ""page"": 2, ""section"": 68}, {""class"": ""IV"", ""currency"": ""BRL"", ""total"": null, ""count"": null, ""page"": 2, ""section"": 69}]",OK_NO_TOTALS,PROSE,PROSE,prose_signal=0; fell back to PROSE; CASE_FROM_PAGE; classIII=NO_TOTAL,2026-09-03T23:33:36Z,ingest
5da7b77bb56987c0953fc02532d71c91d78b3527,0001639-09.2026.8.17.2810,DEBTOR_LIST,2026-05-21,https://recuperasolucoes.com/wp-content/plugins/download-attachments/includes/download.php?id=1597,/home/user/Anteparo/data/pdfs/recuperasolucoes.com/5da7b77bb56987c0.pdf,14,"[{""class"": ""III"", ""currency"": ""BRL"", ""total"": null, ""count"": null, ""page"": 12, ""section"": 17}, {""class"": ""IV"", ""currency"": ""BRL"", ""total"": ""680313.12"", ""count"": 27, ""page"": 13, ""section"": 18}]",OK,PROSE,PROSE,prose_signal=51; classIII=NO_TOTAL,2026-09-03T23:33:47Z,ingest
4de2a29ff412f705cec7dd45c238514b421bc108,5127763-65.2022.8.21.0001,AJ_LIST,2023-11-10,https://www.cb2d.com.br/portal/_uploads/5ebdbda8-8c54-44f0-a808-f797478607ed.pdf,/home/user/Anteparo/data/pdfs/cb2d.com.br/4de2a29ff412f705.pdf,2,"[{""class"": ""I"", ""currency"": ""BRL"", ""total"": null, ""count"": null, ""page"": 1, ""section"": 1}, {""class"": ""III"", ""currency"": ""BRL"", ""total"": null, ""count"": null, ""page"": 1, ""section"": 2}, {""class"": ""III"", ""currency"": ""BRL"", ""total"": null, ""count"": null, ""page"": 1, ""section"": 3}]",OK_NO_TOTALS,PROSE,PROSE,prose_signal=1; fell back to PROSE; classIII=NO_TOTAL,2026-09-03T23:33:47Z,ingest
f4490721a980202512c079831101aeebc5e632aa,5127763-65.2022.8.21.0001,AJ_LIST,2024-04-16,https://www.cb2d.com.br/portal/_uploads/49be2fec-2b78-48b0-966c-8d8f0b9d8220.pdf,/home/user/Anteparo/data/pdfs/cb2d.com.br/f4490721a9802025.pdf,2,"[{""class"": ""I"", ""currency"": ""BRL"", ""total"": null, ""count"": null, ""page"": 1, ""section"": 3}, {""class"": ""III"", ""currency"": ""BRL"", ""total"": null, ""count"": null, ""page"": 2, ""section"": 4}]",OK_NO_TOTALS,PROSE,PROSE,prose_signal=0; fell back to PROSE; classIII=NO_TOTAL,2026-09-03T23:33:47Z,ingest
8fa47bf2f4dd60605c68e956842155af937ad7af,0011144-26.2026.8.17.2001,AJ_LIST,2026-06-08,https://recuperasolucoes.com/wp-content/plugins/download-attachments/includes/download.php?id=1602,/home/user/Anteparo/data/pdfs/recuperasolucoes.com/8fa47bf2f4dd6060.pdf,5,[],OK_NO_TOTALS,TABLE,TABLE_BANDS,prose_signal=0; classIII=NO_ROWS,2026-09-03T23:33:47Z,ingest
a699583e426bd2e9a36e8d4140648f738018f418,1004824-39.2019.8.26.0286,AJ_LIST,2019-06-10,https://ajruiz.com.br/sites/default/files/public/arquivos-processos/2023-09/relacao-de-credores-aj_art.-7o-da-lre-brassuco-industria-de-produtos-alimenticios-min-1.pdf,/home/user/Anteparo/data/pdfs/ajruiz.com.br/a699583e426bd2e9.pdf,6,"[{""class"": ""I"", ""currency"": ""BRL"", ""total"": ""234853.31"", ""count"": null, ""page"": 1, ""section"": 1}, {""class"": ""III"", ""currency"": ""BRL"", ""total"": ""12772739.89"", ""count"": null, ""page"": 4, ""section"": 3}, {""class"": ""IV"", ""currency"": ""BRL"", ""total"": ""165589.85"", ""count"": null, ""page"": 5, ""section"": 5}, {""class"": ""I"", ""currency"": ""BRL"", ""total"": ""234853.31"", ""count"": null, ""page"": 6, ""section"": 6}, {""class"": ""III"", ""currency"": ""BRL"", ""total"": ""12772739.89"", ""count"": null, ""page"": 6, ""section"": 7}, {""class"": ""IV"", ""currency"": ""BRL"", ""total"": ""165589.85"", ""count"": null, ""page"": 6, ""section"": 9}, {""class"": ""IV"", ""currency"": ""BRL"", ""total"": ""13173183.05"", ""count"": null, ""page"": 6, ""section"": 9}]",OK,TABLE,TABLE_BANDS,prose_signal=0; classIII=PASS,2026-09-03T23:33:47Z,ingest
f1243615227d878585af6f6adb74d43d2142eb1e,1004824-39.2019.8.26.0286,QGC,,https://ajruiz.com.br/sites/default/files/public/arquivos-processos/2025-10/brassuco_quadro_geral_de_credores_provisorio_mo.pdf,/home/user/Anteparo/data/pdfs/ajruiz.com.br/f1243615227d8785.pdf,5,"[{""class"": ""I"", ""currency"": ""BRL"", ""total"": ""96518.71"", ""count"": null, ""page"": 1, ""section"": 1}, {""class"": ""III"", ""currency"": ""BRL"", ""total"": ""17562639.95"", ""count"": null, ""page"": 4, ""section"": 3}, {""class"": ""IV"", ""currency"": ""BRL"", ""total"": ""165589.85"", ""count"": null, ""page"": 4, ""section"": 5}, {""class"": ""I"", ""currency"": ""BRL"", ""total"": ""96518.71"", ""count"": null, ""page"": 4, ""section"": 6}, {""class"": ""III"", ""currency"": ""BRL"", ""total"": ""17562639.95"", ""count"": null, ""page"": 4, ""section"": 7}, {""class"": ""IV"", ""currency"": ""BRL"", ""total"": ""165589.85"", ""count"": null, ""page"": 4, ""section"": 9}, {""class"": ""IV"", ""currency"": ""BRL"", ""total"": ""17824748.51"", ""count"": null, ""page"": 4, ""section"": 9}]",OK,TABLE,TABLE_BANDS,prose_signal=0; classIII=PASS,2026-09-03T23:33:47Z,ingest
88713be1d3da5174f5f63f4e3d2eed1098cc9ea2,5000333-25.2024.8.24.0536,AJ_LIST,2025-03-05,https://www.cb2d.com.br/portal/_uploads/3d6194a9-0d18-41a2-81df-1e270464997f.pdf,/home/user/Anteparo/data/pdfs/cb2d.com.br/88713be1d3da5174.pdf,3,"[{""class"": ""I"", ""currency"": ""BRL"", ""total"": null, ""count"": null, ""page"": 1, ""section"": 1}, {""class"": ""I"", ""currency"": ""BRL"", ""total"": null, ""count"": null, ""page"": 1, ""section"": 2}, {""class"": ""III"", ""currency"": ""BRL"", ""total"": null, ""count"": null, ""page"": 1, ""section"": 3}, {""class"": ""III"", ""currency"": ""BRL"", ""total"": null, ""count"": null, ""page"": 2, ""section"": 4}, {""class"": ""IV"", ""currency"": ""BRL"", ""total"": null, ""count"": null, ""page"": 2, ""section"": 5}, {""class"": ""IV"", ""currency"": ""BRL"", ""total"": null, ""count"": null, ""page"": 3, ""section"": 6}]",OK_NO_TOTALS,PROSE,PROSE,prose_signal=1; fell back to PROSE; classIII=NO_TOTAL,2026-09-03T23:33:47Z,ingest
d33b26c97e7e42bfd0ca9ee343379e09427c6e03,0000148-67.1996.8.24.0079,UNKNOWN,,https://ajruiz.com.br/sites/default/files/public/arquivos-processos/2023-09/relacao-de-credores-administradora-judicial-casa-de-aprendizagens.pdf,/home/user/Anteparo/data/pdfs/ajruiz.com.br/d33b26c97e7e42bf.pdf,13,[],NO_TEXT_LAYER,NONE,,NO_TEXT_LAYER: needs OCR; CASE_FROM_PAGE; classIII=NO_ROWS,2026-09-03T23:34:10Z,ingest
18975be46188194b42b5cec2007635d33a16225c,4000167-23.2025.8.26.0373,AJ_LIST,2026-01-14,https://ajruiz.com.br/sites/default/files/public/arquivos-processos/2026-01/safrasul_relacao_de_credores_recuperanda.pdf,/home/user/Anteparo/data/pdfs/ajruiz.com.br/18975be46188194b.pdf,8,[],OK_NO_TOTALS,TABLE,TABLE_BANDS,prose_signal=0; classIII=NO_TOTAL,2026-09-03T23:34:10Z,ingest
20722ac5b149dddbbb087adc884d8e131aae070c,0010727-38.2021.5.15.0002,UNKNOWN,,https://ativosajce.com.br/admin/download.php?file=files/processo_documento/processo_documento14321031072026_1_.pdf&nome=Relação de credores - 27/10/2025,/home/user/Anteparo/data/pdfs/ativosajce.com.br/20722ac5b149dddb.pdf,11,[],OK_NO_TOTALS,TABLE,TABLE_BANDS,prose_signal=0; classIII=NO_TOTAL,2026-09-03T23:34:10Z,ingest
95851b4446fe435a7e93a533fbfac54601fdb28b,0016951-30.2019.8.16.0019,AJ_LIST,2025-07-31,https://bbsadvogados.com.br/wp-content/uploads/2025/09/EDITAL-DE-PUBLICACAO-DA-RELACAO-DE-CREDORES-§-2.o-DO-ART.-7.o-da-LRF-BUTURI.pdf,/home/user/Anteparo/data/pdfs/bbsadvogados.com.br/95851b4446fe435a.pdf,2,[],OK_NO_TOTALS,TABLE,TABLE_BANDS,prose_signal=0; classIII=NO_ROWS,2026-09-03T23:34:10Z,ingest
69d3187746eb679d0314bf922d6d322df891e868,5028800-87.2023.8.24.0038,AJ_LIST,2025-03-14,https://bbsadvogados.com.br/wp-content/uploads/2025/03/Delicatessen-__-310073064683-eproc-__-edital-contendo-a-decisao-que-decretou-a-falencia-e-a-relacao-de-credores-apresentada-pelo-Falido-art.-7o1o-LRF.pdf,/home/user/Anteparo/data/pdfs/bbsadvogados.com.br/69d3187746eb679d.pdf,2,[],OK_NO_TOTALS,TABLE,TABLE_BANDS,prose_signal=2; classIII=NO_ROWS,2026-09-03T23:34:18Z,ingest
dd6112d59a345cf19da378ef3530d62d7b6073ba,1500553-79.2019.8.26.0010,AJ_LIST,2020-07-10,"https://ativosajce.com.br/admin/download.php?file=files/processo_documento/processo_documento13352804122023_1_.pdf&nome=Edital de Credores - Art. 7º § 2º, da Lei nº 11.101/2005 - 13/11/2020",/home/user/Anteparo/data/pdfs/ativosajce.com.br/dd6112d59a345cf1.pdf,2,"[{""class"": ""I"", ""currency"": ""BRL"", ""total"": null, ""count"": null, ""page"": 2, ""section"": 1}, {""class"": ""I"", ""currency"": ""BRL"", ""total"": null, ""count"": null, ""page"": 2, ""section"": 2}, {""class"": ""II"", ""currency"": ""BRL"", ""total"": null, ""count"": null, ""page"": 2, ""section"": 3}, {""class"": ""II"", ""currency"": ""BRL"", ""total"": null, ""count"": null, ""page"": 2, ""section"": 4}, {""class"": ""III"", ""currency"": ""BRL"", ""total"": null, ""count"": null, ""page"": 2, ""section"": 5}, {""class"": ""IV"", ""currency"": ""BRL"", ""total"": null, ""count"": null, ""page"": 2, ""section"": 6}, {""class"": ""IV"", ""currency"": ""BRL"", ""total"": null, ""count"": null, ""page"": 2, ""section"": 7}]",OK_NO_TOTALS,PROSE,PROSE,prose_signal=0; fell back to PROSE; classIII=NO_ROWS,2026-09-03T23:34:18Z,ingest
b9895d3bab0574f7ee5fb575d38055b76e20be4b,0033736-15.2023.8.16.0185,AJ_LIST,2025-04-08,https://bbsadvogados.com.br/wp-content/uploads/2025/04/Equipseg-Edital-Relacao-de-Credores-da-Administradora-Judicial-art.-7o2o-da-LRF.pdf,/home/user/Anteparo/data/pdfs/bbsadvogados.com.br/b9895d3bab0574f7.pdf,42,[],OK_NO_TOTALS,TABLE,TABLE_BANDS,prose_signal=0; classIII=NO_TOTAL,2026-09-03T23:34:42Z,ingest
6dc8e47b273826adf5b6040adf4dfac1c10c2f72,1000117-72.2020.8.26.0260,AJ_LIST,,"https://ativosajce.com.br/admin/download.php?file=files/processo_documento/processo_documento11482307012026_1_.pdf&nome=Relação de Credores - Arts. 22, I,‘e’ c.c. 7º, § 2º, da Lei nº 11.101/2005 - 28/10/2020",/home/user/Anteparo/data/pdfs/ativosajce.com.br/6dc8e47b273826ad.pdf,26,"[{""class"": null, ""currency"": ""BRL"", ""total"": ""1242874.95"", ""count"": null, ""page"": 8, ""section"": 13}, {""class"": ""I"", ""currency"": ""BRL"", ""total"": null, ""count"": null, ""page"": 16, ""section"": 15}, {""class"": null, ""currency"": ""BRL"", ""total"": ""12092536.73"", ""count"": null, ""page"": 17, ""section"": 16}, {""class"": ""I"", ""currency"": ""BRL"", ""total"": null, ""count"": null, ""page"": 25, ""section"": 17}, {""class"": ""I"", ""currency"": ""BRL"", ""total"": null, ""count"": null, ""page"": 25, ""section"": 18}, {""class"": ""II"", ""currency"": ""BRL"", ""total"": null, ""count"": null, ""page"": 25, ""section"": 19}, {""class"": ""II"", ""currency"": ""BRL"", ""total"": null, ""count"": null, ""page"": 25, ""section"": 20}, {""class"": ""III"", ""currency"": ""BRL"", ""total"": null, ""count"": null, ""page"": 25, ""section"": 21}, {""class"": ""III"", ""currency"": ""BRL"", ""total"": null, ""count"": null, ""page"": 26, ""section"": 22}, {""class"": ""IV"", ""currency"": ""BRL"", ""total"": null, ""count"": null, ""page"": 26, ""section"": 23}, {""class"": ""IV"", ""currency"": ""BRL"", ""total"": null, ""count"": null, ""page"": 26, ""section"": 24}]",OK_NO_TOTALS,PROSE,PROSE,prose_signal=17; classIII=NO_TOTAL,2026-09-03T23:34:42Z,ingest
5a6a0fb33b67e8b4fe810912c622e2e4efded86c,0033736-15.2023.8.16.0185,AJ_LIST,2025-04-08,https://bbsadvogados.com.br/wp-content/uploads/2025/09/EDITAL-DE-PUBLICACAO-DA-RELACAO-DE-CREDORES-§-2.o-DO-ART.-7.o-DA-LEI-n.o-11.101-equipseg.pdf,/home/user/Anteparo/data/pdfs/bbsadvogados.com.br/5a6a0fb33b67e8b4.pdf,42,[],OK_NO_TOTALS,TABLE,TABLE_BANDS,prose_signal=0; classIII=NO_TOTAL,2026-09-03T23:34:42Z,ingest
7f0a7c7637a1b53639edc92ef764e09214ec3047,1520723-97.2019.8.26.0228,AJ_LIST,2016-07-01,"https://ativosajce.com.br/admin/download.php?file=files/processo_documento/processo_documento18382011062025_1_.pdf&nome=Edital de Credores - Art. 52, § 1º, lei 11.101/2005 - 27/08/2020",/home/user/Anteparo/data/pdfs/ativosajce.com.br/7f0a7c7637a1b536.pdf,5,[],OK_NO_TOTALS,TABLE,TABLE_BANDS,prose_signal=0; classIII=NO_ROWS,2026-09-03T23:34:42Z,ingest
45127365f14fc42e1ca7ca03de785ade17a94c50,1087395-33.2025.8.26.0100,AJ_LIST,2025-09-26,https://bbsadvogados.com.br/wp-content/uploads/2026/03/Edital-contendo-a-relacao-de-credores-apresentada-pelo-Falido-§1o-do-art.-99-da-LRF.pdf,/home/user/Anteparo/data/pdfs/bbsadvogados.com.br/45127365f14fc42e.pdf,14,[],OK_NO_TOTALS,TABLE,TABLE_BANDS,prose_signal=2; classIII=NO_ROWS,2026-09-03T23:34:42Z,ingest
f41f56937a1d74e42342159ecc0f7b0b6cac3202,1000117-72.2020.8.26.0260,AJ_LIST,2020-07-19,"https://ativosajce.com.br/admin/download.php?file=files/processo_documento/processo_documento18430011062025_1_.pdf&nome=Relação de Credores - Art. 52º § 1º, da Lei nº 11.101/2005 - 13/08/2020",/home/user/Anteparo/data/pdfs/ativosajce.com.br/f41f56937a1d74e4.pdf,4,[],OK_NO_TOTALS,TABLE,TABLE_RULED,prose_signal=0; CASE_FROM_PAGE; classIII=NO_TOTAL,2026-09-03T23:34:42Z,ingest
b09444a95f8279b42e67b11c08cfec0adce2c6b3,5003861-41.2020.8.24.0008,UNKNOWN,,https://bbsadvogados.com.br/wp-content/uploads/2025/10/Edital-contendo-a-relacao-de-credores-apresentada-pelo-falido-§1o-do-art.-99-da-LRF.pdf,/home/user/Anteparo/data/pdfs/bbsadvogados.com.br/b09444a95f8279b4.pdf,3,[],NO_TEXT_LAYER,NONE,,NO_TEXT_LAYER: needs OCR; CASE_FROM_PAGE; classIII=NO_ROWS,2026-09-03T23:34:42Z,ingest
0c762a21df4e5086d75fec4070bb59906bff4e4c,0000148-67.1996.8.24.0079,UNKNOWN,,https://ajruiz.com.br/sites/default/files/public/arquivos-processos/2023-10/2_relacao_de_credores_analitica_art._51_iii_da_lre.pdf,/home/user/Anteparo/data/pdfs/ajruiz.com.br/0c762a21df4e5086.pdf,17,[],NO_TEXT_LAYER,NONE,,NO_TEXT_LAYER: needs OCR; CASE_FROM_PAGE; classIII=NO_ROWS,2026-09-03T23:34:42Z,ingest
0abd80e950b9a71de10995555d47fde8e561b75c,1036403-05.2024.8.26.0100,AJ_LIST,,https://bbsadvogados.com.br/wp-content/uploads/2026/03/Relacao-de-Credores-da-Administradora-Judicial-§2o-do-art.-7-da-LRF-1.pdf,/home/user/Anteparo/data/pdfs/bbsadvogados.com.br/0abd80e950b9a71d.pdf,2,"[{""class"": null, ""currency"": ""BRL"", ""total"": ""676.76"", ""count"": null, ""page"": 1, ""section"": 2}, {""class"": ""I"", ""currency"": ""BRL"", ""total"": ""3929.56"", ""count"": null, ""page"": 1, ""section"": 4}, {""class"": ""III"", ""currency"": ""BRL"", ""total"": ""22044.72"", ""count"": null, ""page"": 1, ""section"": 6}]",OK,TABLE,TABLE_RULED,prose_signal=0; classIII=PASS,2026-09-03T23:34:42Z,ingest
87f24b4c93d8cfaadd5560e339964a1c7b671628,0000148-67.1996.8.24.0079,UNKNOWN,,https://ajruiz.com.br/sites/default/files/public/arquivos-processos/2023-10/5_relacao_de_credores_aj_art._7o_parag._2o_da_lre.pdf,/home/user/Anteparo/data/pdfs/ajruiz.com.br/87f24b4c93d8cfaa.pdf,14,[],NO_TEXT_LAYER,NONE,,NO_TEXT_LAYER: needs OCR; CASE_FROM_PAGE; classIII=NO_ROWS,2026-09-03T23:34:42Z,ingest
f77ff7a0e28e6d37061abb9a031001b033d4ea62,0034729-42.2021.8.16.0019,UNKNOWN,2025-09-11,https://bbsadvogados.com.br/wp-content/uploads/2025/09/Edital-contendo-a-integra-da-decisao-que-decretou-a-falencia-e-relacao-de-credores-apresentada-pelo-falido-art.-99-1-da-LRF-pablo-dotto.pdf,/home/user/Anteparo/data/pdfs/bbsadvogados.com.br/f77ff7a0e28e6d37.pdf,5,"[{""class"": null, ""currency"": ""BRL"", ""total"": ""2262309.52"", ""count"": null, ""page"": 4, ""section"": 4}, {""class"": null, ""currency"": ""BRL"", ""total"": ""319508.21"", ""count"": null, ""page"": 4, ""section"": -1}]",OK_NO_TOTALS,TABLE,TABLE_BANDS,prose_signal=0; classIII=NO_ROWS,2026-09-03T23:34:42Z,ingest
0142de179331d4716280d0809ea6150f666babb7,0133628-14.2024.8.17.2001,UNKNOWN,2025-02-03,https://recuperasolucoes.com/wp-content/plugins/download-attachments/includes/download.php?id=1493,/home/user/Anteparo/data/pdfs/recuperasolucoes.com/0142de179331d471.pdf,153,"[{""class"": null, ""currency"": ""BRL"", ""total"": ""502374.33"", ""count"": null, ""page"": 68, ""section"": 48}]",OK_NO_TOTALS,TABLE,TABLE_BANDS,prose_signal=3; classIII=NO_TOTAL,2026-09-03T23:34:58Z,ingest
77c825485f49c391e22aa2f92ecdec5550909bab,1000166-31.2025.8.26.0554,UNKNOWN,2024-02-08,"https://ativosajce.com.br/admin/download.php?file=files/processo_documento/processo_documento14083705032025_1_.pdf&nome=Relação de Credores - Art. 52º § 1º, da Lei nº 11.101/2005 - 28/01/2025",/home/user/Anteparo/data/pdfs/ativosajce.com.br/77c825485f49c391.pdf,4,[],OK_NO_TOTALS,TABLE,TABLE_BANDS,prose_signal=0; CASE_FROM_PAGE; classIII=NO_ROWS,2026-09-03T23:34:58Z,ingest
32987552198c36f8d6599fee561df2f9bb8481f2,0003232-89.2024.8.16.0185,AJ_LIST,2025-02-14,https://bbsadvogados.com.br/wp-content/uploads/2025/09/Edital-Relacao-de-Credores-da-Administradora-Judicial-art.-7o2o-da-LRF.-Visao-14-02-2025.pdf,/home/user/Anteparo/data/pdfs/bbsadvogados.com.br/32987552198c36f8.pdf,2,[],OK_NO_TOTALS,TABLE,TABLE_BANDS,prose_signal=0; classIII=NO_TOTAL,2026-09-03T23:34:58Z,ingest
a76a1740df7ec6661a6e21dfd2fba84843730d1a,1010519-70.2024.8.26.0068,UNKNOWN,2017-09-20,https://bbsadvogados.com.br/wp-content/uploads/2026/03/Sentenca-de-decretacao-de-Falencia-1.pdf,/home/user/Anteparo/data/pdfs/bbsadvogados.com.br/a76a1740df7ec666.pdf,8,[],OK_NO_TOTALS,TABLE,TABLE_BANDS,prose_signal=0; classIII=NO_ROWS,2026-09-03T23:34:58Z,ingest
4944ccfcfb345347358dcee4215da6eac301d03c,0000148-67.1996.8.24.0079,UNKNOWN,,https://ajruiz.com.br/sites/default/files/public/arquivos-processos/2023-10/edital_de_convocacao_de_credores_art._52_parag._1o_da_lre.pdf,/home/user/Anteparo/data/pdfs/ajruiz.com.br/4944ccfcfb345347.pdf,7,[],NO_TEXT_LAYER,NONE,,NO_TEXT_LAYER: needs OCR; CASE_FROM_PAGE; classIII=NO_ROWS,2026-09-03T23:34:58Z,ingest
d4de74f710a036189571bddddf020f662bfc0745,0085817-92.2023.8.17.2001,UNKNOWN,2025-03-10,https://recuperasolucoes.com/wp-content/plugins/download-attachments/includes/download.php?id=1377,/home/user/Anteparo/data/pdfs/recuperasolucoes.com/d4de74f710a03618.pdf,20,[],OK_NO_TOTALS,TABLE,TABLE_BANDS,prose_signal=0; classIII=NO_ROWS,2026-09-03T23:34:58Z,ingest
d3cfb32b88707e371b6c70b8c2ce7e576e9378ae,5014445-78.2023.8.24.0036,AJ_LIST,2026-04-06,https://bbsadvogados.com.br/wp-content/uploads/2026/04/Sentenca-de-decretacao-de-Falencia.pdf,/home/user/Anteparo/data/pdfs/bbsadvogados.com.br/d3cfb32b88707e37.pdf,17,[],OK_NO_TOTALS,TABLE,TABLE_BANDS,prose_signal=0; classIII=NO_ROWS,2026-09-03T23:34:58Z,ingest
442539f948e05d3b98924984d4ac62e721a54540,1001174-80.2024.8.26.0359,UNKNOWN,,"https://ativosajce.com.br/admin/download.php?file=files/processo_documento/processo_documento18543908052025_1_.pdf&nome=Relação de Credores - art. 52, §1º da Lei 11.101/05 - 27/01/2025",/home/user/Anteparo/data/pdfs/ativosajce.com.br/442539f948e05d3b.pdf,5,[],OK_NO_TOTALS,TABLE,TABLE_RULED,prose_signal=0; CASE_FROM_PAGE; classIII=NO_TOTAL,2026-09-03T23:34:58Z,ingest
8b16879bf68d485f0aa1ec7f1862d674a61cb8fe,5003861-41.2020.8.24.0008,UNKNOWN,,https://bbsadvogados.com.br/wp-content/uploads/2025/10/Sentenca-Falencia.pdf,/home/user/Anteparo/data/pdfs/bbsadvogados.com.br/8b16879bf68d485f.pdf,12,[],NO_TEXT_LAYER,NONE,,NO_TEXT_LAYER: needs OCR; CASE_FROM_PAGE; classIII=NO_ROWS,2026-09-03T23:35:26Z,ingest
deee1eeb23cc31409d251ab4675c9bbf0644654a,1059824-39.2015.8.26.0100,AJ_LIST,,https://ajruiz.com.br/sites/default/files/public/arquivos-processos/2023-11/4_relacao_de_credores_aj_art._7o_parag_2o_da_lre.pdf,/home/user/Anteparo/data/pdfs/ajruiz.com.br/deee1eeb23cc3140.pdf,2,"[{""class"": ""I"", ""currency"": ""BRL"", ""total"": null, ""count"": null, ""page"": 1, ""section"": 1}, {""class"": ""I"", ""currency"": ""BRL"", ""total"": null, ""count"": null, ""page"": 1, ""section"": 2}, {""class"": ""III"", ""currency"": ""BRL"", ""total"": null, ""count"": null, ""page"": 1, ""section"": 3}, {""class"": ""III"", ""currency"": ""BRL"", ""total"": null, ""count"": null, ""page"": 1, ""section"": 4}, {""class"": null, ""currency"": ""BRL"", ""total"": ""5007898.94"", ""count"": null, ""page"": 2, ""section"": 5}]",OK_NO_TOTALS,PROSE,PROSE,prose_signal=0; fell back to PROSE; classIII=NO_ROWS,2026-09-03T23:35:26Z,ingest
761354f31830c50e549f72218c5a3fb0d27fee93,1059817-42.2018.8.26.0100,AJ_LIST,,https://ajruiz.com.br/sites/default/files/public/arquivos-processos/2023-11/4_edital_de_convocacao_de_credores_art._52_parag_1o_da_lre.pdf,/home/user/Anteparo/data/pdfs/ajruiz.com.br/761354f31830c50e.pdf,2,[],OK_NO_TOTALS,PROSE,PROSE,prose_signal=0; fell back to PROSE; classIII=NO_ROWS,2026-09-03T23:35:26Z,ingest
2407a56c35028c413305535a1dd008db0d00dcd7,0020255-24.2020.5.04.0104,UNKNOWN,,https://ajruiz.com.br/sites/default/files/public/arquivos-processos/2023-11/4_relacao_de_credores_analitica_art._51_iii_da_lre.pdf,/home/user/Anteparo/data/pdfs/ajruiz.com.br/2407a56c35028c41.pdf,9,"[{""class"": ""III"", ""currency"": ""BRL"", ""total"": ""62676280.91"", ""count"": null, ""page"": 4, ""section"": 2}]",OK,TABLE,TABLE_RULED,prose_signal=0; classIII=PASS,2026-09-03T23:35:26Z,ingest
5e301207903b3d0fd29dc2f1c78728d21a1d3506,0002325-43.2026.8.17.2990,UNKNOWN,2026-03-30,https://recuperasolucoes.com/wp-content/plugins/download-attachments/includes/download.php?id=1648,/home/user/Anteparo/data/pdfs/recuperasolucoes.com/5e301207903b3d0f.pdf,405,"[{""class"": null, ""currency"": ""BRL"", ""total"": ""4973382.84"", ""count"": null, ""page"": 233, ""section"": 46}, {""class"": null, ""currency"": ""BRL"", ""total"": ""14973000.00"", ""count"": null, ""page"": 236, ""section"": 48}, {""class"": null, ""currency"": ""BRL"", ""total"": ""4471301221.18"", ""count"": null, ""page"": 368, ""section"": 48}]",OK_NO_TOTALS,TABLE,TABLE_RULED,prose_signal=4; classIII=NO_ROWS,2026-09-03T23:35:29Z,ingest
bf86c6864bc904cf041cc3cd3201aeef91aa7184,0000148-67.1996.8.24.0079,AJ_LIST,,https://ajruiz.com.br/sites/default/files/public/arquivos-processos/2025-09/relacao_de_credores_recuperanda_art._52_parag._1o_ii_da_lre.pdf,/home/user/Anteparo/data/pdfs/ajruiz.com.br/bf86c6864bc904cf.pdf,3,[],OK_NO_TOTALS,TABLE,TABLE_RULED,prose_signal=0; CASE_FROM_PAGE; classIII=NO_TOTAL,2026-09-03T23:35:29Z,ingest
c79bcb315e6d3bbf3738cc67f9185af1dddb0e28,1029567-94.2016.8.26.0100,DEBTOR_LIST,2010-01-26,https://ajruiz.com.br/sites/default/files/public/arquivos-processos/2023-11/4_edital_de_convocacao_de_credores_art._52_parag_1o_da_lei_11.101.2005_dje_11.07.2018.pdf,/home/user/Anteparo/data/pdfs/ajruiz.com.br/c79bcb315e6d3bbf.pdf,2,"[{""class"": ""III"", ""currency"": ""BRL"", ""total"": null, ""count"": null, ""page"": 2, ""section"": 2}, {""class"": ""III"", ""currency"": ""BRL"", ""total"": null, ""count"": null, ""page"": 2, ""section"": 3}]",OK_NO_TOTALS,PROSE,PROSE,prose_signal=1; fell back to PROSE; classIII=NO_TOTAL,2026-09-03T23:35:29Z,ingest
7e2dd0270ed86b1f71e6e3a9cc21d965a29b3955,1000119-75.2025.8.26.0354,UNKNOWN,2025-02-28,"https://ativosajce.com.br/admin/download.php?file=files/processo_documento/processo_documento13422625032025_1_.pdf&nome=Relação de Credores - Art. 52º § 1º, da Lei nº 11.101/2005 - 25/02/2025",/home/user/Anteparo/data/pdfs/ativosajce.com.br/7e2dd0270ed86b1f.pdf,9,[],OK_NO_TOTALS,TABLE,TABLE_BANDS,prose_signal=0; CASE_FROM_PAGE; classIII=NO_TOTAL,2026-09-03T23:35:29Z,ingest
a16b83662029f0070141c33a0526f89ce4c7f47f,0000148-67.1996.8.24.0079,UNKNOWN,,https://ajruiz.com.br/sites/default/files/public/arquivos-processos/2023-11/4_relacao_de_credores_recuperanda_art._52_parag._1o_ii_da_lre.pdf,/home/user/Anteparo/data/pdfs/ajruiz.com.br/a16b83662029f007.pdf,24,[],OK_NO_TOTALS,TABLE,TABLE_RULED,prose_signal=0; CASE_FROM_PAGE; classIII=NO_TOTAL,2026-09-03T23:35:29Z,ingest
716d80d5a667b8eb857a032a905be613c1043ead,0324544-58.2009.8.26.0100,QGC,2025-04-22,"https://ativosajce.com.br/admin/download.php?file=files/processo_documento/processo_documento18363702062025_1_.pdf&nome=Edital de Relação de Credores - Art. 7º, § 2º - 24/04/2025",/home/user/Anteparo/data/pdfs/ativosajce.com.br/716d80d5a667b8eb.pdf,2,[],OK_NO_TOTALS,TABLE,TABLE_BANDS,prose_signal=0; classIII=NO_TOTAL,2026-09-03T23:35:29Z,ingest
5e952e90f1aff554c74068b4691efe5850b2fb61,0001776-49.2023.8.17.2760,AJ_LIST,2024-08-07,https://recuperasolucoes.com/wp-content/plugins/download-attachments/includes/download.php?id=1352,/home/user/Anteparo/data/pdfs/recuperasolucoes.com/5e952e90f1aff554.pdf,67,[],OK_NO_TOTALS,TABLE,TABLE_RULED,prose_signal=12; fell back to TABLE; classIII=NO_ROWS,2026-09-03T23:35:29Z,ingest
e5ff2184e99c30f18c75460ac735e986ed9734a4,0000148-67.1996.8.24.0079,UNKNOWN,,https://ajruiz.com.br/sites/default/files/public/arquivos-processos/2026-05/1._relacao_de_credores_empresas.pdf,/home/user/Anteparo/data/pdfs/ajruiz.com.br/e5ff2184e99c30f1.pdf,16,"[{""class"": null, ""currency"": ""BRL"", ""total"": ""532251219.07"", ""count"": null, ""page"": 16, ""section"": 0}]",OK_NO_TOTALS,TABLE,TABLE_RULED,prose_signal=0; CASE_FROM_PAGE; classIII=NO_TOTAL,2026-09-03T23:35:37Z,ingest
785af7b329867ea558a25e27bf2ea8abd141a4c6,0000148-67.1996.8.24.0079,UNKNOWN,,https://ajruiz.com.br/sites/default/files/public/arquivos-processos/2026-05/2._relacao_de_credores_produtores_rurais.pdf,/home/user/Anteparo/data/pdfs/ajruiz.com.br/785af7b329867ea5.pdf,4,"[{""class"": null, ""currency"": ""BRL"", ""total"": ""721902212.58"", ""count"": null, ""page"": 2, ""section"": -1}, {""class"": null, ""currency"": ""BRL"", ""total"": ""721902212.58"", ""count"": null, ""page"": 3, ""section"": -1}, {""class"": null, ""currency"": ""BRL"", ""total"": ""709958706.42"", ""count"": null, ""page"": 4, ""section"": -1}]",OK_NO_TOTALS,TABLE,TABLE_RULED,prose_signal=0; CASE_FROM_PAGE; classIII=NO_TOTAL,2026-09-03T23:35:37Z,ingest
9655890133e8fecf34893ad0f3645c97d499e669,0827308-77.1997.8.26.0100,AJ_LIST,2023-04-26,"https://ativosajce.com.br/admin/download.php?file=files/processo_documento/processo_documento14092531012025_1_.pdf&nome=Edital de Credores - Art. 52, §1º, da Lei 11.101/2005",/home/user/Anteparo/data/pdfs/ativosajce.com.br/9655890133e8fecf.pdf,2,[],OK_NO_TOTALS,TABLE,TABLE_BANDS,prose_signal=1; classIII=NO_ROWS,2026-09-03T23:35:37Z,ingest
3d7db4a10c9fdde48fafd18cae6b2a62ff5e5b92,1189223-09.2024.8.26.0100,UNKNOWN,,"https://ativosajce.com.br/admin/download.php?file=files/processo_documento/processo_documento23322219122024_1_.pdf&nome=Relação de credores - art. 52, §1º da Lei 11.101/05 - 18/12/2024",/home/user/Anteparo/data/pdfs/ativosajce.com.br/3d7db4a10c9fdde4.pdf,26,[],OK_NO_TOTALS,TABLE,TABLE_BANDS,prose_signal=0; CASE_FROM_PAGE; classIII=NO_TOTAL,2026-09-03T23:35:56Z,ingest
9ed62d65fed6a106c810af4b407e46025c854667,1000386-43.2022.8.26.0260,QGC,2024-09-30,https://ativosajce.com.br/admin/download.php?file=files/processo_documento/processo_documento16304230012025_1_.pdf&nome=Edital QGC - 09/12/2024,/home/user/Anteparo/data/pdfs/ativosajce.com.br/9ed62d65fed6a106.pdf,2,[],OK_NO_TOTALS,PROSE,PROSE,prose_signal=0; fell back to PROSE; classIII=NO_ROWS,2026-09-03T23:35:56Z,ingest
dcca871af84ad41a42dba11c7ba556d0aea215de,0133628-14.2024.8.17.2001,DEBTOR_LIST,2025-01-08,https://recuperasolucoes.com/wp-content/plugins/download-attachments/includes/download.php?id=1363,/home/user/Anteparo/data/pdfs/recuperasolucoes.com/dcca871af84ad41a.pdf,10,"[{""class"": ""I"", ""currency"": ""BRL"", ""total"": ""1654713.29"", ""count"": 185, ""page"": 5, ""section"": 2}, {""class"": ""II"", ""currency"": ""BRL"", ""total"": ""373331.56"", ""count"": 1, ""page"": 7, ""section"": 3}, {""class"": ""III"", ""currency"": ""BRL"", ""total"": ""7825190.62"", ""count"": 35, ""page"": 7, ""section"": 4}, {""class"": ""IV"", ""currency"": ""BRL"", ""total"": ""480649.30"", ""count"": 130, ""page"": 8, ""section"": 5}]",OK,PROSE,PROSE,prose_signal=167; classIII=PASS,2026-09-03T23:35:56Z,ingest
e9d023c65bbda29539bfe3e4563d7c5e30033a61,0133628-14.2024.8.17.2001,AJ_LIST,2025-09-12,https://recuperasolucoes.com/wp-content/plugins/download-attachments/includes/download.php?id=1492,/home/user/Anteparo/data/pdfs/recuperasolucoes.com/e9d023c65bbda295.pdf,8,"[{""class"": ""I"", ""currency"": ""BRL"", ""total"": ""1676235.18"", ""count"": 185, ""page"": 3, ""section"": 1}, {""class"": ""II"", ""currency"": ""BRL"", ""total"": ""0.00"", ""count"": 0, ""page"": 5, ""section"": 2}, {""class"": ""III"", ""currency"": ""BRL"", ""total"": ""8461098.01"", ""count"": 28, ""page"": 5, ""section"": 3}, {""class"": ""IV"", ""currency"": ""BRL"", ""total"": ""434232.95"", ""count"": 127, ""page"": 6, ""section"": 4}]",OK,PROSE,PROSE,prose_signal=157; classIII=PASS,2026-09-03T23:35:56Z,ingest
d426abd887f9ae477c4d9b6de1105b4871877c73,1117901-31.2021.8.26.0100,QGC,2022-04-06,"https://ativosajce.com.br/admin/download.php?file=files/processo_documento/processo_documento17021122082022_1_.pdf&nome=Edital de Credores - Art. 52, § 1º, da Lei 11.101/2005 - 22/08/2022",/home/user/Anteparo/data/pdfs/ativosajce.com.br/d426abd887f9ae47.pdf,3,"[{""class"": null, ""currency"": ""BRL"", ""total"": ""12401160.34"", ""count"": null, ""page"": 3, ""section"": 2}]",OK_NO_TOTALS,PROSE,PROSE,prose_signal=0; fell back to PROSE; classIII=NO_ROWS,2026-09-03T23:36:47Z,ingest
bd0775b9fb6928c1531b9ad9861c3bc83e452790,1000386-43.2022.8.26.0260,UNKNOWN,,https://ativosajce.com.br/admin/download.php?file=files/processo_documento/processo_documento14375313072022_1_.pdf&nome=Relação de Credores da Cautelar - 12/04/2022,/home/user/Anteparo/data/pdfs/ativosajce.com.br/bd0775b9fb6928c1.pdf,7,[],NO_TEXT_LAYER,NONE,,NO_TEXT_LAYER: needs OCR; CASE_FROM_PAGE; classIII=NO_ROWS,2026-09-03T23:36:47Z,ingest
7d03c9d4861a932afee94364f82d6602e10e2ff0,0000742-29.2017.8.17.3090,UNKNOWN,2021-09-10,https://lrflideres.com.br/wp-content/plugins/download-attachments/includes/download.php?id=3469,/home/user/Anteparo/data/pdfs/lrflideres.com.br/7d03c9d4861a932a.pdf,23,[],OK_NO_TOTALS,TABLE,TABLE_RULED,prose_signal=0; classIII=NO_TOTAL,2026-09-03T23:47:51Z,ingest
c9ded76ba27f1ae37efbfe9f70300c9bf0d8f581,0000742-29.2017.8.17.3090,UNKNOWN,2021-09-10,https://lrflideres.com.br/wp-content/plugins/download-attachments/includes/download.php?id=3468,/home/user/Anteparo/data/pdfs/lrflideres.com.br/c9ded76ba27f1ae3.pdf,31,"[{""class"": ""I"", ""currency"": ""BRL"", ""total"": ""49576.56"", ""count"": null, ""page"": 5, ""section"": 6}, {""class"": ""III"", ""currency"": ""BRL"", ""total"": ""5802914.47"", ""count"": null, ""page"": 5, ""section"": 7}, {""class"": ""IV"", ""currency"": ""BRL"", ""total"": ""842955.22"", ""count"": null, ""page"": 5, ""section"": 8}, {""class"": ""I"", ""currency"": ""BRL"", ""total"": ""49576.56"", ""count"": null, ""page"": 8, ""section"": 17}, {""class"": ""III"", ""currency"": ""BRL"", ""total"": ""5802914.47"", ""count"": null, ""page"": 8, ""section"": 18}, {""class"": ""IV"", ""currency"": ""BRL"", ""total"": ""842955.22"", ""count"": null, ""page"": 8, ""section"": 19}]",QUARANTINED,TABLE,TABLE_BANDS,prose_signal=0; classIII=FAIL,2026-09-03T23:47:51Z,ingest
5ab9c6b6d2232471b5e5088555720d0c27aa8fda,0000206-69.2013.8.17.1340,UNKNOWN,,https://lrflideres.com.br/wp-content/plugins/download-attachments/includes/download.php?id=4999,/home/user/Anteparo/data/pdfs/lrflideres.com.br/5ab9c6b6d2232471.pdf,3,"[{""class"": ""I"", ""currency"": ""BRL"", ""total"": ""494648.49"", ""count"": null, ""page"": 3, ""section"": 1}]",OK,TABLE,TABLE_RULED,prose_signal=0; CASE_FROM_PAGE; classIII=NO_ROWS,2026-09-03T23:47:51Z,ingest
ab7097a8638df8e65039c5878f3874a9e28e39f5,0000206-69.2013.8.17.1340,UNKNOWN,,https://lrflideres.com.br/wp-content/plugins/download-attachments/includes/download.php?id=5000,/home/user/Anteparo/data/pdfs/lrflideres.com.br/ab7097a8638df8e6.pdf,1,"[{""class"": ""II"", ""currency"": ""BRL"", ""total"": ""4667569.95"", ""count"": null, ""page"": 1, ""section"": 1}]",OK,TABLE,TABLE_RULED,prose_signal=0; CASE_FROM_PAGE; classIII=NO_ROWS,2026-09-03T23:47:51Z,ingest
7c0ce2830d0d7e22653dbd04dbb70cd8440069c6,0000206-69.2013.8.17.1340,UNKNOWN,,https://lrflideres.com.br/wp-content/plugins/download-attachments/includes/download.php?id=5001,/home/user/Anteparo/data/pdfs/lrflideres.com.br/7c0ce2830d0d7e22.pdf,4,"[{""class"": ""III"", ""currency"": ""BRL"", ""total"": ""4263823.37"", ""count"": null, ""page"": 4, ""section"": 1}]",OK,TABLE,TABLE_RULED,prose_signal=0; CASE_FROM_PAGE; classIII=PASS,2026-09-03T23:47:51Z,ingest
306dd46ee5387ed8d43c29bb9e97d7f224206527,3289322-33.2013.8.13.0024,UNKNOWN,2023-03-01,http://bernardobicalho.com.br/login/app/documents/Editais/Edital%20do%20Art.%2099%20%C2%A7%201%20da%20Lei%2011.101-05%20-%20Locplan.pdf,/home/user/Anteparo/data/pdfs/bernardobicalho.com.br/306dd46ee5387ed8.pdf,8,[],OK_NO_TOTALS,TABLE,TABLE_BANDS,prose_signal=0; classIII=NO_ROWS,2026-09-03T23:47:51Z,ingest
6a92d74da333ce21f5461767626e7ff05b8f474a,,AJ_LIST,,http://bernardobicalho.com.br/login/app/documents/Rela%C3%A7%C3%A3o%20de%20Credores/6.%20RVC-%20Nutricium%20-%20simplificada.pdf,/home/user/Anteparo/data/pdfs/bernardobicalho.com.br/6a92d74da333ce21.pdf,4,"[{""class"": ""I"", ""currency"": ""BRL"", ""total"": ""537293.50"", ""count"": null, ""page"": 2, ""section"": 0}, {""class"": ""III"", ""currency"": ""BRL"", ""total"": ""24933826.24"", ""count"": null, ""page"": 3, ""section"": 1}, {""class"": null, ""currency"": ""BRL"", ""total"": ""26638876.40"", ""count"": null, ""page"": 4, ""section"": 2}]",OK,TABLE,TABLE_RULED,prose_signal=0; CASE_NUMBER_MISSING; classIII=PASS,2026-09-03T23:47:51Z,ingest
7501ec99fc8e3ad0b942a0cc96a308d8fc757cdd,0800778-16.2023.8.20.5104,AJ_LIST,2024-10-04,http://recuperacaojudicial.squarespace.com/s/LISTA-DE-CREDORES-CONSOLIDADA-ATE-04102024.pdf,/home/user/Anteparo/data/pdfs/recuperacaojudicial.squarespace.com/7501ec99fc8e3ad0.pdf,8,"[{""class"": null, ""currency"": ""BRL"", ""total"": ""12930437.56"", ""count"": null, ""page"": 4, ""section"": 1}, {""class"": ""I"", ""currency"": ""BRL"", ""total"": ""37067.29"", ""count"": null, ""page"": 5, ""section"": 3}, {""class"": ""III"", ""currency"": ""BRL"", ""total"": ""12893370.27"", ""count"": null, ""page"": 6, ""section"": 4}, {""class"": ""III"", ""currency"": ""BRL"", ""total"": ""3504424.30"", ""count"": null, ""page"": 7, ""section"": 4}, {""class"": ""III"", ""currency"": ""BRL"", ""total"": ""3504424.30"", ""count"": null, ""page"": 8, ""section"": 5}]",OK,TABLE,TABLE_RULED,prose_signal=0; classIII=PASS,2026-09-03T23:47:51Z,ingest
83c5c4ade09ba79143f0453877a0fef767315596,5315944-66.2023.8.13.0024,QGC,,https://3fmodas.madgav.com.br/wp-content/uploads/2025/05/Quadro-Geral-de-Credores.pdf,/home/user/Anteparo/data/pdfs/3fmodas.madgav.com.br/83c5c4ade09ba791.pdf,12,[],OK_NO_TOTALS,TABLE,TABLE_RULED,prose_signal=0; classIII=NO_TOTAL,2026-09-03T23:47:51Z,ingest
98f99945499b4824d14d0e34451a96945464b6ec,0301015-33.2016.8.24.0031,QGC,2024-07-05,https://administradorajudicialgs.com.br/wp-content/uploads/2023/08/edital-quadro-geral-de-credores.pdf,/home/user/Anteparo/data/pdfs/administradorajudicialgs.com.br/98f99945499b4824.pdf,4,"[{""class"": ""I"", ""currency"": ""BRL"", ""total"": null, ""count"": null, ""page"": 1, ""section"": 1}, {""class"": ""II"", ""currency"": ""BRL"", ""total"": null, ""count"": null, ""page"": 2, ""section"": 2}, {""class"": ""III"", ""currency"": ""BRL"", ""total"": null, ""count"": null, ""page"": 2, ""section"": 3}]",OK_NO_TOTALS,PROSE,PROSE,prose_signal=17; classIII=NO_TOTAL,2026-09-03T23:47:51Z,ingest
572e76f00aa7894dc514b34bc772991acff21fbf,0652260-87.2018.8.04.0001,AJ_LIST,,https://ajbrajalveiga.com.br/processos/download/grupo-galo/4%20-%20Edital.pdf,/home/user/Anteparo/data/pdfs/ajbrajalveiga.com.br/572e76f00aa7894d.pdf,7,[],OK_NO_TOTALS,TABLE,TABLE_BANDS,prose_signal=0; classIII=NO_TOTAL,2026-09-03T23:47:51Z,ingest
12e6f4e0aae96a7c790a54608e09e2e59f4c778a,5281407-42.2021.8.09.0051,UNKNOWN,2024-12-16,https://arquivos.integrawebsites.com.br/66886/9170dba63d72405b67b006af1763ed17.pdf,/home/user/Anteparo/data/pdfs/arquivos.integrawebsites.com.br/12e6f4e0aae96a7c.pdf,6,"[{""class"": ""I"", ""currency"": ""BRL"", ""total"": ""55918.38"", ""count"": null, ""page"": 1, ""section"": 4}, {""class"": ""II"", ""currency"": ""BRL"", ""total"": ""0.00"", ""count"": null, ""page"": 1, ""section"": 6}, {""class"": ""III"", ""currency"": ""BRL"", ""total"": ""23185220.11"", ""count"": null, ""page"": 3, ""section"": 10}, {""class"": ""IV"", ""currency"": ""BRL"", ""total"": ""26801127.74"", ""count"": null, ""page"": 5, ""section"": 11}]",QUARANTINED,TABLE,TABLE_RULED,prose_signal=0; classIII=FAIL,2026-09-03T23:47:51Z,ingest
a0ae32a59c2928e385c610811f80949f98723486,8005129-09.2023.8.05.0039,AJ_LIST,2023-09-18,https://assistjud.com.br/wp-content/uploads/elementor/forms/65098c80a5824.pdf,/home/user/Anteparo/data/pdfs/assistjud.com.br/a0ae32a59c2928e3.pdf,23,[],OK_NO_TOTALS,TABLE,TABLE_RULED,prose_signal=0; classIII=NO_TOTAL,2026-09-03T23:47:51Z,ingest
6dff863c25a06563f08d28c311f7fdb44a432bd4,5028800-87.2023.8.24.0038,DEBTOR_LIST,2024-11-21,https://bbsadvogados.com.br/wp-content/uploads/2024/11/Delicatesse-Relacao-de-credores-da-recuperanda-Delicatesse-e-Mr.-Struderia.pdf,/home/user/Anteparo/data/pdfs/bbsadvogados.com.br/6dff863c25a06563.pdf,2,"[{""class"": ""I"", ""currency"": ""BRL"", ""total"": null, ""count"": null, ""page"": 2, ""section"": 1}, {""class"": ""III"", ""currency"": ""BRL"", ""total"": null, ""count"": null, ""page"": 2, ""section"": 2}]",OK_NO_TOTALS,PROSE,PROSE,prose_signal=2; fell back to PROSE; classIII=NO_TOTAL,2026-09-03T23:47:51Z,ingest
8420efd56f5578a12ded91b53439f665267aa802,1102669-23.2014.8.26.0100,QGC,2020-09-24,https://brasiltrustee.com.br/wp-content/uploads/falencias/gran/Gran-Industria-Certidao-de-publicacao-do-edital-de-encerramento-da-falencia.pdf,/home/user/Anteparo/data/pdfs/brasiltrustee.com.br/8420efd56f5578a1.pdf,2,[],NO_ROWS,TABLE,TABLE_BANDS,prose_signal=0; classIII=NO_ROWS,2026-09-03T23:47:51Z,ingest
e10381e6ac9c05d0c3c84d2803bd31ec80ad1d7d,0214287-36.2023.8.06.0001,QGC,,https://bugarimecoelho.com.br/ws/media-library/5637e4df77a44cee9a27c6fa2c0a9d96/15.2--edital-01o-aditivo-qgc.pdf,/home/user/Anteparo/data/pdfs/bugarimecoelho.com.br/e10381e6ac9c05d0.pdf,3,"[{""class"": ""IV"", ""currency"": ""BRL"", ""total"": ""17616.55"", ""count"": null, ""page"": 2, ""section"": 4}, {""class"": ""IV"", ""currency"": ""BRL"", ""total"": ""49496.62"", ""count"": null, ""page"": 2, ""section"": 8}]",QUARANTINED,TABLE,TABLE_BANDS,prose_signal=0; classIII=NO_TOTAL,2026-09-03T23:47:51Z,ingest
38d930ab1caa2c9562c2171db6bb7801de1f28e5,0820780-23.2026.8.14.0301,AJ_LIST,2026-07-07,https://cdn.dol.com.br/img/attachmentinline/940000/6publicacao-2-edital-art-7-parag-2-da-lei-11101-20009467060.pdf?xid=3272528,/home/user/Anteparo/data/pdfs/cdn.dol.com.br/38d930ab1caa2c95.pdf,4,"[{""class"": ""I"", ""currency"": ""BRL"", ""total"": ""3908080.14"", ""count"": 106, ""page"": 2, ""section"": 1}, {""class"": ""II"", ""currency"": ""BRL"", ""total"": null, ""count"": null, ""page"": 3, ""section"": 2}, {""class"": ""III"", ""currency"": ""BRL"", ""total"": ""13614239.99"", ""count"": 15, ""page"": 3, ""section"": 3}, {""class"": ""IV"", ""currency"": ""BRL"", ""total"": ""1366092.48"", ""count"": 12, ""page"": 3, ""section"": 4}]",QUARANTINED,PROSE,PROSE,prose_signal=24; classIII=PASS,2026-09-03T23:47:51Z,ingest
9e27c1a81224082f267ab2f96c046276750d67b4,0001217-89.2020.8.16.0185,AJ_LIST,2017-08-25,https://credibilita.com.br/wp-content/uploads/2023/08/0046Sentencarecup.judicial.pdf,/home/user/Anteparo/data/pdfs/credibilita.com.br/9e27c1a81224082f.pdf,3,[],NO_ROWS,TABLE,TABLE_BANDS,prose_signal=0; classIII=NO_ROWS,2026-09-03T23:47:51Z,ingest
fe8c5f1b0eca7f150d80c8b340fa2599cfb799d7,0871065-72.2024.8.12.0001,DEBTOR_LIST,,https://csh.adv.br/wp-content/uploads/2025/03/Edital-Art.-52-1.pdf,/home/user/Anteparo/data/pdfs/csh.adv.br/fe8c5f1b0eca7f15.pdf,4,"[{""class"": ""II"", ""currency"": ""BRL"", ""total"": ""16511247.64"", ""count"": null, ""page"": 3, ""section"": 2}, {""class"": ""II"", ""currency"": ""BRL"", ""total"": ""269952.28"", ""count"": null, ""page"": 3, ""section"": 7}]",QUARANTINED,TABLE,TABLE_BANDS,prose_signal=0; classIII=NO_ROWS,2026-09-03T23:47:51Z,ingest
a03dea18f25996982d9f67c0ac9290af16571f92,,UNKNOWN,2009-11-04,https://diario.tjrr.jus.br/dpj/dpj-20091105.pdf,/home/user/Anteparo/data/pdfs/diario.tjrr.jus.br/a03dea18f2599698.pdf,81,[],OK_NO_TOTALS,TABLE,TABLE_BANDS,prose_signal=0; CASE_NUMBER_MISSING; classIII=NO_ROWS,2026-09-03T23:47:59Z,ingest
bff0950df595292aa41d1c37418a2bae97a9e87b,,UNKNOWN,2009-12-15,https://diario.tjrr.jus.br/dpj/dpj-20091216.pdf,/home/user/Anteparo/data/pdfs/diario.tjrr.jus.br/bff0950df595292a.pdf,120,"[{""class"": null, ""currency"": ""BRL"", ""total"": ""12000.00"", ""count"": null, ""page"": 104, ""section"": 18}]",OK_NO_TOTALS,TABLE,TABLE_RULED,prose_signal=0; CASE_NUMBER_MISSING; classIII=NO_ROWS,2026-09-03T23:48:05Z,ingest
e0941a59d43d5a083f389873dfc4bd36c5ff17cf,,UNKNOWN,,https://diligence.adm.br/wp-content/plugins/download-attachments/includes/download.php?id=4294,/home/user/Anteparo/data/pdfs/diligence.adm.br/e0941a59d43d5a08.pdf,10,[],NO_TEXT_LAYER,NONE,,NO_TEXT_LAYER: needs OCR; CASE_NUMBER_MISSING; classIII=NO_ROWS,2026-09-03T23:48:05Z,ingest
260709460920663cc33457c99a2eb41931cea27f,0010173-64.2023.8.17.2480,QGC,2025-06-26,https://diligence.adm.br/wp-content/uploads/2024/05/Apresentacao-do-edital-QGC.pdf,/home/user/Anteparo/data/pdfs/diligence.adm.br/260709460920663c.pdf,4,[],OK_NO_TOTALS,PROSE,PROSE,prose_signal=0; fell back to PROSE; classIII=NO_ROWS,2026-09-03T23:48:05Z,ingest
1658892fa167d2330f5086c9fbc19999d00549f1,0008526-45.2025.8.17.2001,DEBTOR_LIST,2025-06-10,https://diligence.adm.br/wp-content/uploads/2025/06/Edital-1a-Lista-de-Credores.pdf,/home/user/Anteparo/data/pdfs/diligence.adm.br/1658892fa167d233.pdf,7,"[{""class"": ""I"", ""currency"": ""BRL"", ""total"": ""170791.24"", ""count"": null, ""page"": 4, ""section"": 1}, {""class"": ""III"", ""currency"": ""BRL"", ""total"": ""39944118.88"", ""count"": 45, ""page"": 5, ""section"": 2}, {""class"": ""III"", ""currency"": ""USD"", ""total"": ""255315.81"", ""count"": 9, ""page"": 6, ""section"": 3}, {""class"": ""IV"", ""currency"": ""BRL"", ""total"": ""1535767.65"", ""count"": 34, ""page"": 6, ""section"": 4}]",OK,PROSE,PROSE,prose_signal=143; classIII=PASS,2026-09-03T23:48:05Z,ingest
561af3a175eae136508ab25c34efd725488b08d0,0074372-48.1999.8.26.0100,QGC,2024-11-19,https://gatekeeperaj.com.br/wp-content/uploads/2025/03/BULLGUER-EDITAL-DE-CONVOCACAO-DE-CREDORES-PARA-APRESENTACAO-DE-DADOSBANCARIOS-DIRETAMENTE-AS-RECUPERANDAS.pdf,/home/user/Anteparo/data/pdfs/gatekeeperaj.com.br/561af3a175eae136.pdf,2,[],NO_ROWS,TABLE,TABLE_BANDS,prose_signal=0; classIII=NO_ROWS,2026-09-03T23:48:05Z,ingest
2f90c773d04ba85532825e1053c22a8024b59980,0022066-39.2018.8.19.0001,QGC,,https://inova-aj.com.br/wp-content/uploads/2021/08/Reciclyn-Quadro-Geral-de-Credores.xlsx.pdf,/home/user/Anteparo/data/pdfs/inova-aj.com.br/2f90c773d04ba855.pdf,1,"[{""class"": ""I"", ""currency"": ""BRL"", ""total"": ""45678.36"", ""count"": null, ""page"": 1, ""section"": 1}, {""class"": ""III"", ""currency"": ""BRL"", ""total"": ""50655323.95"", ""count"": null, ""page"": 1, ""section"": 3}]",OK,TABLE,TABLE_RULED,prose_signal=0; classIII=PASS,2026-09-03T23:48:05Z,ingest
47e92e4db6f8d9b004d158805b0150b0d5f22a9e,0829315-43.2023.8.15.0001,AJ_LIST,2024-04-18,https://lrflideres.com.br/wp-content/plugins/download-attachments/includes/download.php?id=5828,/home/user/Anteparo/data/pdfs/lrflideres.com.br/47e92e4db6f8d9b0.pdf,3,"[{""class"": ""I"", ""currency"": ""BRL"", ""total"": ""22820932.35"", ""count"": 145, ""page"": 1, ""section"": 1}, {""class"": ""III"", ""currency"": ""BRL"", ""total"": ""4622089.32"", ""count"": 5, ""page"": 3, ""section"": 2}]",OK,PROSE,PROSE,prose_signal=3; fell back to PROSE; classIII=PASS,2026-09-03T23:48:05Z,ingest
30f82df3abf4af1a1571f1833925b3d09efb82a3,0019289-97.2025.8.06.0001,DEBTOR_LIST,,https://lrflideres.com.br/wp-content/plugins/download-attachments/includes/download.php?id=6471,/home/user/Anteparo/data/pdfs/lrflideres.com.br/30f82df3abf4af1a.pdf,8,[],OK_NO_TOTALS,TABLE,TABLE_BANDS,prose_signal=0; classIII=NO_ROWS,2026-09-03T23:48:05Z,ingest
c56751547323616443dc07ccc6d6c553539dec25,0804401-51.2025.8.14.0039,AJ_LIST,2026-01-15,https://lrflideres.com.br/wp-content/plugins/download-attachments/includes/download.php?id=6879,/home/user/Anteparo/data/pdfs/lrflideres.com.br/c567515473236164.pdf,2,"[{""class"": ""II"", ""currency"": ""BRL"", ""total"": ""2499586.00"", ""count"": 1, ""page"": 1, ""section"": 1}, {""class"": ""III"", ""currency"": ""BRL"", ""total"": ""53682740.64"", ""count"": 25, ""page"": 1, ""section"": 2}, {""class"": ""IV"", ""currency"": ""BRL"", ""total"": ""85340.09"", ""count"": 1, ""page"": 2, ""section"": 3}]",OK,PROSE,PROSE,prose_signal=25; classIII=PASS,2026-09-03T23:48:05Z,ingest
a12d198cfa3dcf6d03d3223bdda982c925338981,0037082-72.2016.8.17.2001,DEBTOR_LIST,2021-09-23,https://lrflideres.com.br/wp-content/uploads/2021/09/2.1-PUBLICAC%CC%A7A%CC%83O-DO-DEFERIMENTO-5.pdf,/home/user/Anteparo/data/pdfs/lrflideres.com.br/a12d198cfa3dcf6d.pdf,6,[],OK_NO_TOTALS,TABLE,TABLE_BANDS,prose_signal=0; classIII=NO_ROWS,2026-09-03T23:48:05Z,ingest
85feaf9ec4861a441720050b7bceae5d4447ab9e,0003283-70.2015.8.17.2810,UNKNOWN,2021-09-30,https://lrflideres.com.br/wp-content/uploads/2021/09/LISTA-DE-CREDORES-FALENCIA.pdf,/home/user/Anteparo/data/pdfs/lrflideres.com.br/85feaf9ec4861a44.pdf,11,[],OK_NO_TOTALS,TABLE,TABLE_RULED,prose_signal=0; classIII=NO_TOTAL,2026-09-03T23:48:05Z,ingest
958a9351a970bd6a433827285776d704076ff012,0818837-44.2021.8.15.0001,AJ_LIST,2024-08-05,https://lrflideres.com.br/wp-content/uploads/2021/12/10.-EDITAL-PUBLICACAO-2a-RELACAO-DE-CREDORES-MASSA-FALIDA-.pdf,/home/user/Anteparo/data/pdfs/lrflideres.com.br/958a9351a970bd6a.pdf,2,"[{""class"": null, ""currency"": ""BRL"", ""total"": ""1503290.82"", ""count"": null, ""page"": 2, ""section"": 1}, {""class"": null, ""currency"": ""BRL"", ""total"": ""1503290.82"", ""count"": null, ""page"": 2, ""section"": 2}]",NO_ROWS,PROSE,PROSE,prose_signal=10; classIII=NO_ROWS,2026-09-03T23:48:05Z,ingest
85a47dd934b167254af1d4f39bcc6e525358e595,0000869-62.2019.8.17.2001,DEBTOR_LIST,2021-09-24,https://lrflideres.com.br/wp-content/uploads/2022/03/3.-EDITAL-1a-LISTA-DE-CREDORES.pdf,/home/user/Anteparo/data/pdfs/lrflideres.com.br/85a47dd934b16725.pdf,6,[],OK_NO_TOTALS,TABLE,TABLE_BANDS,prose_signal=0; classIII=NO_ROWS,2026-09-03T23:48:05Z,ingest
1355f93a13cd2722ee99a9ba39c71d079fe85ce0,0804204-35.2022.8.15.0731,AJ_LIST,2023-12-04,https://lrflideres.com.br/wp-content/uploads/2022/08/4.-EDITAL-2a-LISTA-DE-CREDORES.pdf,/home/user/Anteparo/data/pdfs/lrflideres.com.br/1355f93a13cd2722.pdf,2,"[{""class"": ""I"", ""currency"": ""BRL"", ""total"": null, ""count"": null, ""page"": 1, ""section"": 1}, {""class"": ""II"", ""currency"": ""BRL"", ""total"": null, ""count"": null, ""page"": 1, ""section"": 2}, {""class"": ""III"", ""currency"": ""BRL"", ""total"": ""2913377.62"", ""count"": 35, ""page"": 1, ""section"": 3}, {""class"": ""IV"", ""currency"": ""BRL"", ""total"": ""67012.33"", ""count"": 5, ""page"": 2, ""section"": 4}]",OK,PROSE,PROSE,prose_signal=40; classIII=PASS,2026-09-03T23:48:05Z,ingest
49e767732638d57cf843ff857e8c16528c80e86f,0824037-95.2022.8.15.0001,AJ_LIST,2023-11-24,https://lrflideres.com.br/wp-content/uploads/2023/01/4.-EDITAL-2a-LISTA-DE-CREDORES-1.pdf,/home/user/Anteparo/data/pdfs/lrflideres.com.br/49e767732638d57c.pdf,3,"[{""class"": ""I"", ""currency"": ""BRL"", ""total"": ""136732.37"", ""count"": 87, ""page"": 1, ""section"": 1}, {""class"": ""III"", ""currency"": ""BRL"", ""total"": ""475466.93"", ""count"": 5, ""page"": 2, ""section"": 2}]",OK,PROSE,PROSE,prose_signal=6; classIII=PASS,2026-09-03T23:48:05Z,ingest
e7a1e923dae2e5a082d47bc6c1d10546a07d8cc9,0829315-43.2023.8.15.0001,AJ_LIST,2024-03-21,https://lrflideres.com.br/wp-content/uploads/2023/12/3.1-PROTOCOLO-DA-2a-LISTA-DE-CREDORES.pdf,/home/user/Anteparo/data/pdfs/lrflideres.com.br/e7a1e923dae2e5a0.pdf,22,"[{""class"": ""I"", ""currency"": ""BRL"", ""total"": null, ""count"": null, ""page"": 5, ""section"": 2}, {""class"": ""I"", ""currency"": ""BRL"", ""total"": null, ""count"": null, ""page"": 5, ""section"": 3}, {""class"": ""I"", ""currency"": ""BRL"", ""total"": null, ""count"": null, ""page"": 5, ""section"": 4}, {""class"": ""I"", ""currency"": ""BRL"", ""total"": null, ""count"": null, ""page"": 5, ""section"": 5}, {""class"": ""I"", ""currency"": ""BRL"", ""total"": null, ""count"": null, ""page"": 5, ""section"": 6}, {""class"": ""I"", ""currency"": ""BRL"", ""total"": null, ""count"": null, ""page"": 5, ""section"": 7}, {""class"": ""I"", ""currency"": ""BRL"", ""total"": null, ""count"": null, ""page"": 5, ""section"": 8}, {""class"": ""I"", ""currency"": ""BRL"", ""total"": null, ""count"": null, ""page"": 5, ""section"": 9}, {""class"": ""I"", ""currency"": ""BRL"", ""total"": null, ""count"": null, ""page"": 5, ""section"": 10}, {""class"": ""I"", ""currency"": ""BRL"", ""total"": null, ""count"": null, ""page"": 5, ""section"": 11}, {""class"": ""I"", ""currency"": ""BRL"", ""total"": null, ""count"": null, ""page"": 5, ""section"": 12}, {""class"": ""I"", ""currency"": ""BRL"", ""total"": null, ""count"": null, ""page"": 5, ""section"": 13}, {""class"": ""I"", ""currency"": ""BRL"", ""total"": null, ""count"": null, ""page"": 5, ""section"": 14}, {""class"": ""I"", ""currency"": ""BRL"", ""total"": null, ""count"": null, ""page"": 5, ""section"": 15}, {""class"": ""I"", ""currency"": ""BRL"", ""total"": null, ""count"": null, ""page"": 5, ""section"": 16}, {""class"": ""I"", ""currency"": ""BRL"", ""total"": null, ""count"": null, ""page"": 5, ""section"": 17}, {""class"": ""I"", ""currency"": ""BRL"", ""total"": null, ""count"": null, ""page"": 5, ""section"": 18}, {""class"": ""I"", ""currency"": ""BRL"", ""total"": null, ""count"": null, ""page"": 5, ""section"": 19}, {""class"": ""I"", ""currency"": ""BRL"", ""total"": null, ""count"": null, ""page"": 5, ""section"": 20}, {""class"": ""I"", ""currency"": ""BRL"", ""total"": null, ""count"": null, ""page"": 5, ""section"": 21}, {""class"": ""I"", ""currency"": ""BRL"", ""total"": null, ""count"": null, ""page"": 5, ""section"": 22}, {""class"": ""I"", ""currency"": ""BRL"", ""total"": null, ""count"": null, ""page"": 5, ""section"": 23}, {""class"": ""I"", ""currency"": ""BRL"", ""total"": null, ""count"": null, ""page"": 5, ""section"": 24}, {""class"": ""I"", ""currency"": ""BRL"", ""total"": null, ""count"": null, ""page"": 5, ""section"": 25}, {""class"": ""I"", ""currency"": ""BRL"", ""total"": null, ""count"": null, ""page"": 5, ""section"": 26}, {""class"": ""I"", ""currency"": ""BRL"", ""total"": null, ""count"": null, ""page"": 5, ""section"": 27}, {""class"": ""I"", ""currency"": ""BRL"", ""total"": null, ""count"": null, ""page"": 5, ""section"": 28}, {""class"": ""I"", ""currency"": ""BRL"", ""total"": null, ""count"": null, ""page"": 5, ""section"": 29}, {""class"": ""I"", ""currency"": ""BRL"", ""total"": null, ""count"": null, ""page"": 5, ""section"": 30}, {""class"": ""I"", ""currency"": ""BRL"", ""total"": null, ""count"": null, ""page"": 5, ""section"": 31}, {""class"": ""I"", ""currency"": ""BRL"", ""total"": null, ""count"": null, ""page"": 5, ""section"": 32}, {""class"": ""I"", ""currency"": ""BRL"", ""total"": null, ""count"": null, ""page"": 5, ""section"": 33}, {""class"": ""I"", ""currency"": ""BRL"", ""total"": null, ""count"": null, ""page"": 5, ""section"": 34}, {""class"": ""I"", ""currency"": ""BRL"", ""total"": null, ""count"": null, ""page"": 5, ""section"": 35}, {""class"": ""I"", ""currency"": ""BRL"", ""total"": null, ""count"": null, ""page"": 5, ""section"": 36}, {""class"": ""I"", ""currency"": ""BRL"", ""total"": null, ""count"": null, ""page"": 5, ""section"": 37}, {""class"": ""I"", ""currency"": ""BRL"", ""total"": null, ""count"": null, ""page"": 5, ""section"": 38}, {""class"": ""I"", ""currency"": ""BRL"", ""total"": null, ""count"": null, ""page"": 5, ""section"": 39}, {""class"": ""I"", ""currency"": ""BRL"", ""total"": null, ""count"": null, ""page"": 5, ""section"": 40}, {""class"": ""I"", ""currency"": ""BRL"", ""total"": null, ""count"": null, ""page"": 5, ""section"": 41}, {""class"": ""I"", ""currency"": ""BRL"", ""total"": null, ""count"": null, ""page"": 5, ""section"": 42}, {""class"": ""I"", ""currency"": ""BRL"", ""total"": null, ""count"": null, ""page"": 5, ""section"": 43}, {""class"": ""I"", ""currency"": ""BRL"", ""total"": null, ""count"": null, ""page"": 5, ""section"": 44}, {""class"": ""I"", ""currency"": ""BRL"", ""total"": null, ""count"": null, ""page"": 5, ""section"": 45}, {""class"": ""I"", ""currency"": ""BRL"", ""total"": null, ""count"": null, ""page"": 5, ""section"": 46}, {""class"": ""I"", ""currency"": ""BRL"", ""total"": null, ""count"": null, ""page"": 5, ""section"": 47}, {""class"": ""I"", ""currency"": ""BRL"", ""total"": null, ""count"": null, ""page"": 5, ""section"": 48}, {""class"": ""I"", ""currency"": ""BRL"", ""total"": null, ""count"": null, ""page"": 5, ""section"": 49}, {""class"": ""I"", ""currency"": ""BRL"", ""total"": null, ""count"": null, ""page"": 5, ""section"": 50}, {""class"": ""I"", ""currency"": ""BRL"", ""total"": null, ""count"": null, ""page"": 5, ""section"": 51}, {""class"": ""I"", ""currency"": ""BRL"", ""total"": null, ""count"": null, ""page"": 5, ""section"": 52}, {""class"": ""I"", ""currency"": ""BRL"", ""total"": null, ""count"": null, ""page"": 5, ""section"": 53}, {""class"": ""I"", ""currency"": ""BRL"", ""total"": null, ""count"": null, ""page"": 5, ""section"": 54}, {""class"": ""I"", ""currency"": ""BRL"", ""total"": null, ""count"": null, ""page"": 5, ""section"": 55}, {""class"": ""I"", ""currency"": ""BRL"", ""total"": null, ""count"": null, ""page"": 5, ""section"": 56}, {""class"": ""I"", ""currency"": ""BRL"", ""total"": null, ""count"": null, ""page"": 5, ""section"": 57}, {""class"": ""I"", ""currency"": ""BRL"", ""total"": null, ""count"": null, ""page"": 5, ""section"": 58}, {""class"": ""I"", ""currency"": ""BRL"", ""total"": null, ""count"": null, ""page"": 5, ""section"": 59}, {""class"": ""I"", ""currency"": ""BRL"", ""total"": null, ""count"": null, ""page"": 5, ""section"": 60}, {""class"": ""I"", ""currency"": ""BRL"", ""total"": null, ""count"": null, ""page"": 5, ""section"": 61}, {""class"": ""I"", ""currency"": ""BRL"", ""total"": null, ""count"": null, ""page"": 5, ""section"": 62}, {""class"": ""I"", ""currency"": ""BRL"", ""total"": null, ""count"": null, ""page"": 5, ""section"": 63}, {""class"": ""I"", ""currency"": ""BRL"", ""total"": null, ""count"": null, ""page"": 5, ""section"": 64}, {""class"": ""I"", ""currency"": ""BRL"", ""total"": null, ""count"": null, ""page"": 5, ""section"": 65}, {""class"": ""I"", ""currency"": ""BRL"", ""total"": null, ""count"": null, ""page"": 5, ""section"": 66}, {""class"": ""I"", ""currency"": ""BRL"", ""total"": null, ""count"": null, ""page"": 5, ""section"": 67}, {""class"": ""I"", ""currency"": ""BRL"", ""total"": null, ""count"": null, ""page"": 5, ""section"": 68}, {""class"": ""I"", ""currency"": ""BRL"", ""total"": null, ""count"": null, ""page"": 5, ""section"": 69}, {""class"": ""I"", ""currency"": ""BRL"", ""total"": null, ""count"": null, ""page"": 5, ""section"": 70}, {""class"": ""I"", ""currency"": ""BRL"", ""total"": null, ""count"": null, ""page"": 5, ""section"": 71}, {""class"": ""I"", ""currency"": ""BRL"", ""total"": null, ""count"": null, ""page"": 5, ""section"": 72}, {""class"": ""I"", ""currency"": ""BRL"", ""total"": null, ""count"": null, ""page"": 5, ""section"": 73}, {""class"": ""I"", ""currency"": ""BRL"", ""total"": null, ""count"": null, ""page"": 5, ""section"": 74}, {""class"": ""I"", ""currency"": ""BRL"", ""total"": null, ""count"": null, ""page"": 5, ""section"": 75}, {""class"": ""I"", ""currency"": ""BRL"", ""total"": null, ""count"": null, ""page"": 5, ""section"": 76}, {""class"": ""I"", ""currency"": ""BRL"", ""total"": null, ""count"": null, ""page"": 5, ""section"": 77}, {""class"": ""I"", ""currency"": ""BRL"", ""total"": null, ""count"": null, ""page"": 5, ""section"": 78}, {""class"": ""I"", ""currency"": ""BRL"", ""total"": null, ""count"": null, ""page"": 5, ""section"": 79}, {""class"": ""I"", ""currency"": ""BRL"", ""total"": null, ""count"": null, ""page"": 5, ""section"": 80}, {""class"": ""I"", ""currency"": ""BRL"", ""total"": null, ""count"": null, ""page"": 5, ""section"": 81}, {""class"": ""I"", ""currency"": ""BRL"", ""total"": null, ""count"": null, ""page"": 5, ""section"": 82}, {""class"": ""I"", ""currency"": ""BRL"", ""total"": null, ""count"": null, ""page"": 5, ""section"": 83}, {""class"": ""I"", ""currency"": ""BRL"", ""total"": null, ""count"": null, ""page"": 5, ""section"": 84}, {""class"": ""I"", ""currency"": ""BRL"", ""total"": null, ""count"": null, ""page"": 5, ""section"": 85}, {""class"": ""I"", ""currency"": ""BRL"", ""total"": null, ""count"": null, ""page"": 5, ""section"": 86}, {""class"": ""I"", ""currency"": ""BRL"", ""total"": null, ""count"": null, ""page"": 5, ""section"": 87}, {""class"": ""I"", ""currency"": ""BRL"", ""total"": null, ""count"": null, ""page"": 5, ""section"": 88}, {""class"": ""I"", ""currency"": ""BRL"", ""total"": null, ""count"": null, ""page"": 5, ""section"": 89}, {""class"": ""I"", ""currency"": ""BRL"", ""total"": null, ""count"": null, ""page"": 5, ""section"": 90}, {""class"": ""I"", ""currency"": ""BRL"", ""total"": null, ""count"": null, ""page"": 5, ""section"": 91}, {""class"": ""I"", ""currency"": ""BRL"", ""total"": null, ""count"": null, ""page"": 5, ""section"": 92}, {""class"": ""I"", ""currency"": ""BRL"", ""total"": null, ""count"": null, ""page"": 5, ""section"": 93}, {""class"": ""I"", ""currency"": ""BRL"", ""total"": null, ""count"": null, ""page"": 5, ""section"": 94}, {""class"": ""I"", ""currency"": ""BRL"", ""total"": null, ""count"": null, ""page"": 5, ""section"": 95}, {""class"": ""I"", ""currency"": ""BRL"", ""total"": null, ""count"": null, ""page"": 5, ""section"": 96}, {""class"": ""I"", ""currency"": ""BRL"", ""total"": null, ""count"": null, ""page"": 5, ""section"": 97}, {""class"": ""I"", ""currency"": ""BRL"", ""total"": null, ""count"": null, ""page"": 5, ""section"": 98}, {""class"": ""I"", ""currency"": ""BRL"", ""total"": null, ""count"": null, ""page"": 6, ""section"": 99}, {""class"": ""I"", ""currency"": ""BRL"", ""total"": null, ""count"": null, ""page"": 6, ""section"": 100}, {""class"": ""I"", ""currency"": ""BRL"", ""total"": null, ""count"": null, ""page"": 6, ""section"": 101}, {""class"": ""I"", ""currency"": ""BRL"", ""total"": null, ""count"": null, ""page"": 6, ""section"": 102}, {""class"": ""I"", ""currency"": ""BRL"", ""total"": null, ""count"": null, ""page"": 6, ""section"": 103}, {""class"": ""I"", ""currency"": ""BRL"", ""total"": null, ""count"": null, ""page"": 6, ""section"": 104}, {""class"": ""I"", ""currency"": ""BRL"", ""total"": null, ""count"": null, ""page"": 6, ""section"": 105}, {""class"": ""I"", ""currency"": ""BRL"", ""total"": null, ""count"": null, ""page"": 6, ""section"": 106}, {""class"": ""I"", ""currency"": ""BRL"", ""total"": null, ""count"": null, ""page"": 6, ""section"": 107}, {""class"": ""I"", ""currency"": ""BRL"", ""total"": null, ""count"": null, ""page"": 6, ""section"": 108}, {""class"": ""I"", ""currency"": ""BRL"", ""total"": null, ""count"": null, ""page"": 6, ""section"": 109}, {""class"": ""I"", ""currency"": ""BRL"", ""total"": null, ""count"": null, ""page"": 6, ""section"": 110}, {""class"": ""I"", ""currency"": ""BRL"", ""total"": null, ""count"": null, ""page"": 6, ""section"": 111}, {""class"": ""I"", ""currency"": ""BRL"", ""total"": null, ""count"": null, ""page"": 6, ""section"": 112}, {""class"": ""I"", ""currency"": ""BRL"", ""total"": null, ""count"": null, ""page"": 6, ""section"": 113}, {""class"": ""I"", ""currency"": ""BRL"", ""total"": null, ""count"": null, ""page"": 6, ""section"": 114}, {""class"": ""I"", ""currency"": ""BRL"", ""total"": null, ""count"": null, ""page"": 6, ""section"": 115}, {""class"": ""I"", ""currency"": ""BRL"", ""total"": null, ""count"": null, ""page"": 6, ""section"": 116}, {""class"": ""I"", ""currency"": ""BRL"", ""total"": null, ""count"": null, ""page"": 6, ""section"": 117}, {""class"": ""I"", ""currency"": ""BRL"", ""total"": null, ""count"": null, ""page"": 6, ""section"": 118}, {""class"": ""I"", ""currency"": ""BRL"", ""total"": null, ""count"": null, ""page"": 6, ""section"": 119}, {""class"": ""I"", ""currency"": ""BRL"", ""total"": null, ""count"": null, ""page"": 6, ""section"": 120}, {""class"": ""I"", ""currency"": ""BRL"", ""total"": null, ""count"": null, ""page"": 6, ""section"": 121}, {""class"": ""I"", ""currency"": ""BRL"", ""total"": null, ""count"": null, ""page"": 6, ""section"": 122}, {""class"": ""I"", ""currency"": ""BRL"", ""total"": null, ""count"": null, ""page"": 6, ""section"": 123}, {""class"": ""I"", ""currency"": ""BRL"", ""total"": null, ""count"": null, ""page"": 6, ""section"": 124}, {""class"": ""I"", ""currency"": ""BRL"", ""total"": null, ""count"": null, ""page"": 6, ""section"": 125}, {""class"": ""I"", ""currency"": ""BRL"", ""total"": null, ""count"": null, ""page"": 6, ""section"": 126}, {""class"": ""I"", ""currency"": ""BRL"", ""total"": null, ""count"": null, ""page"": 6, ""section"": 127}, {""class"": ""I"", ""currency"": ""BRL"", ""total"": null, ""count"": null, ""page"": 6, ""section"": 128}, {""class"": ""I"", ""currency"": ""BRL"", ""total"": null, ""count"": null, ""page"": 6, ""section"": 129}, {""class"": ""I"", ""currency"": ""BRL"", ""total"": null, ""count"": null, ""page"": 6, ""section"": 130}, {""class"": ""I"", ""currency"": ""BRL"", ""total"": null, ""count"": null, ""page"": 6, ""section"": 131}, {""class"": ""I"", ""currency"": ""BRL"", ""total"": null, ""count"": null, ""page"": 6, ""section"": 132}, {""class"": ""I"", ""currency"": ""BRL"", ""total"": null, ""count"": null, ""page"": 6, ""section"": 133}, {""class"": ""I"", ""currency"": ""BRL"", ""total"": null, ""count"": null, ""page"": 6, ""section"": 134}, {""class"": ""I"", ""currency"": ""BRL"", ""total"": null, ""count"": null, ""page"": 6, ""section"": 135}, {""class"": ""I"", ""currency"": ""BRL"", ""total"": null, ""count"": null, ""page"": 6, ""section"": 136}, {""class"": ""I"", ""currency"": ""BRL"", ""total"": null, ""count"": null, ""page"": 6, ""section"": 137}, {""class"": ""I"", ""currency"": ""BRL"", ""total"": null, ""count"": null, ""page"": 6, ""section"": 138}, {""class"": ""I"", ""currency"": ""BRL"", ""total"": null, ""count"": null, ""page"": 6, ""section"": 139}, {""class"": ""I"", ""currency"": ""BRL"", ""total"": null, ""count"": null, ""page"": 6, ""section"": 140}, {""class"": ""I"", ""currency"": ""BRL"", ""total"": null, ""count"": null, ""page"": 6, ""section"": 141}, {""class"": ""I"", ""currency"": ""BRL"", ""total"": null, ""count"": null, ""page"": 6, ""section"": 142}, {""class"": ""I"", ""currency"": ""BRL"", ""total"": null, ""count"": null, ""page"": 6, ""section"": 143}, {""class"": ""I"", ""currency"": ""BRL"", ""total"": null, ""count"": null, ""page"": 6, ""section"": 144}, {""class"": ""I"", ""currency"": ""BRL"", ""total"": null, ""count"": null, ""page"": 6, ""section"": 145}, {""class"": ""I"", ""currency"": ""BRL"", ""total"": null, ""count"": null, ""page"": 6, ""section"": 146}, {""class"": ""III"", ""currency"": ""BRL"", ""total"": null, ""count"": null, ""page"": 6, ""section"": 147}, {""class"": ""III"", ""currency"": ""BRL"", ""total"": null, ""count"": null, ""page"": 6, ""section"": 148}, {""class"": ""III"", ""currency"": ""BRL"", ""total"": null, ""count"": null, ""page"": 6, ""section"": 149}, {""class"": ""III"", ""currency"": ""BRL"", ""total"": null, ""count"": null, ""page"": 6, ""section"": 150}, {""class"": ""III"", ""currency"": ""BRL"", ""total"": null, ""count"": null, ""page"": 6, ""section"": 151}, {""class"": ""I"", ""currency"": ""BRL"", ""total"": null, ""count"": null, ""page"": 7, ""section"": 152}, {""class"": ""III"", ""currency"": ""BRL"", ""total"": null, ""count"": null, ""page"": 7, ""section"": 153}, {""class"": ""IV"", ""currency"": ""BRL"", ""total"": null, ""count"": null, ""page"": 7, ""section"": 154}, {""class"": ""I"", ""currency"": ""BRL"", ""total"": null, ""count"": null, ""page"": 8, ""section"": 155}, {""class"": ""I"", ""currency"": ""BRL"", ""total"": null, ""count"": null, ""page"": 8, ""section"": 156}, {""class"": ""I"", ""currency"": ""BRL"", ""total"": null, ""count"": null, ""page"": 8, ""section"": 157}, {""class"": ""I"", ""currency"": ""BRL"", ""total"": null, ""count"": null, ""page"": 8, ""section"": 158}, {""class"": ""I"", ""currency"": ""BRL"", ""total"": null, ""count"": null, ""page"": 8, ""section"": 159}, {""class"": ""I"", ""currency"": ""BRL"", ""total"": null, ""count"": null, ""page"": 8, ""section"": 160}, {""class"": ""I"", ""currency"": ""BRL"", ""total"": null, ""count"": null, ""page"": 8, ""section"": 161}, {""class"": ""I"", ""currency"": ""BRL"", ""total"": null, ""count"": null, ""page"": 8, ""section"": 162}, {""class"": ""I"", ""currency"": ""BRL"", ""total"": null, ""count"": null, ""page"": 9, ""section"": 163}, {""class"": ""III"", ""currency"": ""BRL"", ""total"": null, ""count"": null, ""page"": 9, ""section"": 164}, {""class"": ""III"", ""currency"": ""BRL"", ""total"": null, ""count"": null, ""page"": 9, ""section"": 165}, {""class"": ""I"", ""currency"": ""BRL"", ""total"": ""22820932.35"", ""count"": 145, ""page"": 20, ""section"": 166}, {""class"": ""III"", ""currency"": ""BRL"", ""total"": ""4622089.32"", ""count"": 5, ""page"": 21, ""section"": 167}]",OK,PROSE,PROSE,prose_signal=30; classIII=PASS,2026-09-03T23:48:08Z,ingest
5586da5070a38f645573d7a31dda3920754c76fb,0212099-02.2025.8.06.0001,DEBTOR_LIST,2025-06-25,https://lrflideres.com.br/wp-content/uploads/2025/08/2.-DEFERIMENTO-1.pdf,/home/user/Anteparo/data/pdfs/lrflideres.com.br/5586da5070a38f64.pdf,5,[],OK_NO_TOTALS,TABLE,TABLE_BANDS,prose_signal=0; classIII=NO_ROWS,2026-09-03T23:48:08Z,ingest
fcd4aec0367b5b9cd183a7b5aece40cd74c21266,0802656-15.2026.8.18.0031,UNKNOWN,2026-07-07,https://lrflideres.com.br/wp-content/uploads/2026/03/6.-PLANO-DE-RECUPERACAO-JUDICIAL.pdf,/home/user/Anteparo/data/pdfs/lrflideres.com.br/fcd4aec0367b5b9c.pdf,33,[],OK_NO_TOTALS,TABLE,TABLE_BANDS,prose_signal=0; classIII=NO_TOTAL,2026-09-03T23:48:08Z,ingest
1aeb10c3e145e89739a14b54034e809662b38b65,0016474-19.2022.8.03.0001,QGC,2024-09-05,https://realbrasil.com.br/wp-content/uploads/2024/10/2.QUADRO-DE-CREDORES-DO-AJ.pdf,/home/user/Anteparo/data/pdfs/realbrasil.com.br/1aeb10c3e145e897.pdf,24,"[{""class"": ""III"", ""currency"": ""BRL"", ""total"": ""8643506.30"", ""count"": null, ""page"": 12, ""section"": 13}, {""class"": null, ""currency"": ""BRL"", ""total"": ""76746577.26"", ""count"": null, ""page"": 16, ""section"": 19}]",QUARANTINED,TABLE,TABLE_BANDS,prose_signal=0; classIII=FAIL,2026-09-03T23:48:08Z,ingest
0a24cd833119fa09df0cddd5c2572abb28bb9fdb,0808677-83.2017.8.18.0140,AJ_LIST,2019-11-08,https://recuperacaojudicial.servi-san.com.br/assets/Documentos/Processuais/PROC-10.pdf,/home/user/Anteparo/data/pdfs/recuperacaojudicial.servi-san.com.br/0a24cd833119fa09.pdf,2,[],NO_ROWS,TABLE,TABLE_BANDS,prose_signal=0; classIII=NO_ROWS,2026-09-03T23:48:08Z,ingest
ea645815adc8b8160b791220c4d1ee56ef29bb86,0706250-76.2020.8.02.0001,AJ_LIST,2020-10-06,https://recuperacaojudicial.squarespace.com/s/04-RJSampaioConstrucesEditalcoma2relacodecredores.pdf,/home/user/Anteparo/data/pdfs/recuperacaojudicial.squarespace.com/ea645815adc8b816.pdf,3,"[{""class"": ""I"", ""currency"": ""BRL"", ""total"": null, ""count"": 32, ""page"": 1, ""section"": 1}, {""class"": ""III"", ""currency"": ""BRL"", ""total"": null, ""count"": null, ""page"": 1, ""section"": 2}, {""class"": ""IV"", ""currency"": ""BRL"", ""total"": null, ""count"": 17, ""page"": 2, ""section"": 3}, {""class"": ""I"", ""currency"": ""BRL"", ""total"": null, ""count"": 32, ""page"": 2, ""section"": 4}, {""class"": ""III"", ""currency"": ""BRL"", ""total"": null, ""count"": 20, ""page"": 2, ""section"": 5}, {""class"": ""IV"", ""currency"": ""BRL"", ""total"": null, ""count"": 17, ""page"": 3, ""section"": 6}]",QUARANTINED,PROSE,PROSE,prose_signal=0; fell back to PROSE; classIII=FAIL,2026-09-03T23:48:08Z,ingest
9ab1e2a2b4be6f619cd4f844d258b186eb1c2524,0705602-96.2020.8.02.0001,AJ_LIST,2024-06-18,https://recuperacaojudicial.squarespace.com/s/0705602-9620208020001-1-mlkc.pdf,/home/user/Anteparo/data/pdfs/recuperacaojudicial.squarespace.com/9ab1e2a2b4be6f61.pdf,30,"[{""class"": null, ""currency"": ""BRL"", ""total"": ""5747248.63"", ""count"": null, ""page"": 18, ""section"": 12}, {""class"": ""III"", ""currency"": ""BRL"", ""total"": ""5217248.63"", ""count"": null, ""page"": 18, ""section"": 14}, {""class"": ""II"", ""currency"": ""BRL"", ""total"": ""530000.00"", ""count"": null, ""page"": 29, ""section"": 23}, {""class"": ""III"", ""currency"": ""BRL"", ""total"": ""5217248.63"", ""count"": null, ""page"": 29, ""section"": 24}, {""class"": ""IV"", ""currency"": ""BRL"", ""total"": ""0.00"", ""count"": null, ""page"": 29, ""section"": 25}]",QUARANTINED,TABLE,TABLE_RULED,prose_signal=11; fell back to TABLE; classIII=FAIL,2026-09-03T23:48:08Z,ingest
67323a444fc02d8b5ccea1edcee119b01aed4232,0802299-53.2019.8.20.5001,UNKNOWN,2025-09-02,https://recuperacaojudicial.squarespace.com/s/1-LISTA-DE-CREDORES.pdf,/home/user/Anteparo/data/pdfs/recuperacaojudicial.squarespace.com/67323a444fc02d8b.pdf,7,[],OK_NO_TOTALS,TABLE,TABLE_BANDS,prose_signal=0; classIII=NO_ROWS,2026-09-03T23:48:08Z,ingest
d7b55bbdcceaf85e814af2a516533569d4306332,0000407-22.2008.8.02.0025,AJ_LIST,2019-02-15,https://recuperacaojudicial.squarespace.com/s/FL-Algodoeira-Edital-1-relaco-de-credores-da-Falencia-j7wf.pdf,/home/user/Anteparo/data/pdfs/recuperacaojudicial.squarespace.com/d7b55bbdcceaf85e.pdf,9,[],OK_NO_TOTALS,PROSE,PROSE,prose_signal=0; fell back to PROSE; classIII=NO_ROWS,2026-09-03T23:48:08Z,ingest
d4e11aa2b59d8ac95dae4d991e2cd2c86a07560f,0030621-63.2011.8.02.0001,AJ_LIST,2018-05-10,https://recuperacaojudicial.squarespace.com/s/FL-Frontiers-Publicacao-no-DJe-do-Edital-com-a-1-lista.pdf,/home/user/Anteparo/data/pdfs/recuperacaojudicial.squarespace.com/d4e11aa2b59d8ac9.pdf,3,[],OK_NO_TOTALS,PROSE,PROSE,prose_signal=0; fell back to PROSE; classIII=NO_ROWS,2026-09-03T23:48:08Z,ingest
98da96c9ca432424c8bba2615154cc303632f6e1,1056931-09.1998.8.08.0024,QGC,2008-05-16,https://ricardobiancardi.com.br/wp-content/uploads/2020/10/Edital-de-Credores-TM-publicado-11.06.15.pdf,/home/user/Anteparo/data/pdfs/ricardobiancardi.com.br/98da96c9ca432424.pdf,2,"[{""class"": null, ""currency"": ""BRL"", ""total"": ""102965.34"", ""count"": null, ""page"": 1, ""section"": 0}, {""class"": ""I"", ""currency"": ""BRL"", ""total"": ""8022.43"", ""count"": null, ""page"": 1, ""section"": 0}, {""class"": null, ""currency"": ""BRL"", ""total"": ""519.38"", ""count"": null, ""page"": 1, ""section"": 1}, {""class"": null, ""currency"": ""BRL"", ""total"": ""111507.15"", ""count"": null, ""page"": 1, ""section"": 2}]",QUARANTINED,TABLE,TABLE_BANDS,prose_signal=0; classIII=NO_ROWS,2026-09-03T23:48:08Z,ingest
cc2648e040c3579fed1f174babd7066f5f64f7fe,5001743-15.2025.8.08.0024,QGC,2025-05-09,https://rlg-aj.com.br/wp-content/uploads/2025/02/Publicacao-do-Edital-da-Segunda-Lista-de-Credores-e-Aviso-de-Recebimento-do-Plano-de-Recuperacao-Judicial-Contemporanea.pdf,/home/user/Anteparo/data/pdfs/rlg-aj.com.br/cc2648e040c3579f.pdf,2,[],OK_NO_TOTALS,TABLE,TABLE_BANDS,prose_signal=0; classIII=NO_ROWS,2026-09-03T23:48:08Z,ingest
75d9d60e3702145e723dde452e9935f840e2650b,0260100-52.2024.8.06.0001,AJ_LIST,,https://s.cholet.com.br/gallery/pagina-recuperacao-judicial/30-peticao-adm.jud.sobres-depascho.1351.pdf,/home/user/Anteparo/data/pdfs/s.cholet.com.br/75d9d60e3702145e.pdf,9,[],OK_NO_TOTALS,TABLE,TABLE_BANDS,prose_signal=0; classIII=NO_ROWS,2026-09-03T23:48:08Z,ingest
ec805e2d36948588f52ac72ddd928fffbd8d72c3,5671108-67.2023.8.09.0051,DEBTOR_LIST,2024-01-20,https://stenius.com.br/wp-content/uploads/2024/01/Decisao-deferimento-RJ-AXE-CAPITAL.pdf,/home/user/Anteparo/data/pdfs/stenius.com.br/ec805e2d36948588.pdf,12,[],OK_NO_TOTALS,TABLE,TABLE_BANDS,prose_signal=0; classIII=NO_ROWS,2026-09-03T23:48:08Z,ingest
42decd41eb2af204496e0367b2e3e8748a1be06d,,AJ_LIST,2002-10-16,https://valorizejudicial.nyc3.digitaloceanspaces.com/storage/webdisco/2026/03/13/outros/aedd4d14a7ffb14d13a831b802de9527-valorizeadmjudicial-com-br.pdf,/home/user/Anteparo/data/pdfs/valorizejudicial.nyc3.digitaloceanspaces.com/42decd41eb2af204.pdf,1,[],NO_ROWS,TABLE,TABLE_BANDS,prose_signal=0; CASE_NUMBER_MISSING; classIII=NO_ROWS,2026-09-03T23:48:08Z,ingest
73bde08ac11bf073a91ce96ea329e051d0b24231,0824184-31.2016.8.20.5001,UNKNOWN,2023-08-11,https://vivanteaj.com.br/wp-content/uploads/2024/01/LISTA-DE-CREDORES.pdf,/home/user/Anteparo/data/pdfs/vivanteaj.com.br/73bde08ac11bf073.pdf,11,"[{""class"": null, ""currency"": ""BRL"", ""total"": ""342118.46"", ""count"": null, ""page"": 3, ""section"": 0}, {""class"": null, ""currency"": ""BRL"", ""total"": ""281819.60"", ""count"": null, ""page"": 4, ""section"": 1}]",OK_NO_TOTALS,TABLE,TABLE_BANDS,prose_signal=0; classIII=NO_ROWS,2026-09-03T23:48:08Z,ingest
fe555f1f16f4c2f96a1103919d3961fc0e3c3852,0807423-41.2024.8.20.5001,DEBTOR_LIST,2025-09-01,https://vivanteaj.com.br/wp-content/uploads/2024/11/Edital-1.pdf,/home/user/Anteparo/data/pdfs/vivanteaj.com.br/fe555f1f16f4c2f9.pdf,5,"[{""class"": ""I"", ""currency"": ""BRL"", ""total"": null, ""count"": 104, ""page"": 4, ""section"": 1}, {""class"": ""III"", ""currency"": ""BRL"", ""total"": ""415081.27"", ""count"": 10, ""page"": 5, ""section"": 2}]",QUARANTINED,PROSE,PROSE,prose_signal=0; fell back to PROSE; classIII=FAIL,2026-09-03T23:48:08Z,ingest
142eb78b1ec9e456e81a0ac278378a7d723ea389,,QGC,,https://vivanteaj.com.br/wp-content/uploads/2024/11/Primeira-relacao-de-credores-da-Falencia-Multidia.pdf,/home/user/Anteparo/data/pdfs/vivanteaj.com.br/142eb78b1ec9e456.pdf,6,"[{""class"": ""II"", ""currency"": ""BRL"", ""total"": ""2626579.49"", ""count"": null, ""page"": 1, ""section"": 1}, {""class"": ""III"", ""currency"": ""BRL"", ""total"": ""12311873.19"", ""count"": null, ""page"": 6, ""section"": 3}, {""class"": ""III"", ""currency"": ""BRL"", ""total"": ""14938452.68"", ""count"": null, ""page"": 6, ""section"": 4}]",OK,TABLE,TABLE_RULED,prose_signal=0; CASE_NUMBER_MISSING; classIII=PASS,2026-09-03T23:48:09Z,ingest
25ef09a5f15e993eb6ef546484ff9713e630b604,0704506-58.2023.8.07.0015,QGC,2026-02-23,https://vtladm.com.br/wp-content/uploads/2024/07/10-%E2%80%93-Edital-%E2%80%93-Quadro-Geral-de-Credores-%E2%80%93-Massa-Falida-de-Xadi-Servicos-de-Odontologia-Ltda.pdf,/home/user/Anteparo/data/pdfs/vtladm.com.br/25ef09a5f15e993e.pdf,1,[],OK_NO_TOTALS,PROSE,PROSE,prose_signal=2; fell back to PROSE; classIII=NO_ROWS,2026-09-03T23:48:09Z,ingest
bcf440631b56a26281602428da07e945373f8a18,0276159-86.2022.8.06.0001,QGC,,https://www.bugarimecoelho.com.br/ws/media-library/8a4db3196289447e90c0a3273a5a6258/29.-edital-03o-aditivo-qgc.pdf,/home/user/Anteparo/data/pdfs/bugarimecoelho.com.br/bcf440631b56a262.pdf,2,[],OK_NO_TOTALS,TABLE,TABLE_RULED,prose_signal=0; classIII=NO_TOTAL,2026-09-03T23:48:09Z,ingest
30450092e43e6650df4583914c221b499ff74767,5000908-96.2025.8.24.0536,DEBTOR_LIST,2026-03-18,https://www.cb2d.com.br/portal/\_uploads/5ff0becc-e17b-4904-bcdd-bb9bdae748bd.pdf,/home/user/Anteparo/data/pdfs/cb2d.com.br/30450092e43e6650.pdf,12,[],OK_NO_TOTALS,TABLE,TABLE_BANDS,prose_signal=1; classIII=NO_ROWS,2026-09-03T23:48:11Z,ingest
8144b43aa4eb0c0ae5dcc37f46afac69efada6ae,,UNKNOWN,,https://www.karenrosa.adv.br/storage/files/2022/07/2fa637b57a05-relacao-credores-aj.pdf,/home/user/Anteparo/data/pdfs/karenrosa.adv.br/8144b43aa4eb0c0a.pdf,6,[],NO_TEXT_LAYER,NONE,,NO_TEXT_LAYER: needs OCR; CASE_NUMBER_MISSING; classIII=NO_ROWS,2026-09-03T23:48:11Z,ingest
a462ed4514544ba4fde70ae2cd899221a216c6df,0729900-93.2025.8.07.0016,AJ_LIST,2025-08-05,https://www.tjdft.jus.br/institucional/administracao-superior/corregedoria/comunicados-falencias/decretacao-de-falencia/sentenca-com-forca-de-oficio-0729900-93-2025-8-07-0016.pdf/@@download/file/Senten%C3%A7a%20com%20for%C3%A7a%20de%20Of%C3%ADcio%200729900-93.2025.8.07.0016.pdf,/home/user/Anteparo/data/pdfs/tjdft.jus.br/a462ed4514544ba4.pdf,16,[],OK_NO_TOTALS,TABLE,TABLE_BANDS,prose_signal=0; classIII=NO_ROWS,2026-09-03T23:48:11Z,ingest
ff13505db3c3c46d531a8ee3cb1633c435048f98,5746053-87.2025.8.09.0137,UNKNOWN,2026-03-24,https://www.tjdft.jus.br/institucional/administracao-superior/corregedoria/comunicados-falencias/revogacao-judicial/2025-tjgo-recuperacao-judicial.pdf/@@download/file/2025%20TJGO%20Recupera%C3%A7%C3%A3o%20Judicial.pdf,/home/user/Anteparo/data/pdfs/tjdft.jus.br/ff13505db3c3c46d.pdf,16,"[{""class"": null, ""currency"": ""BRL"", ""total"": ""5840555.50"", ""count"": null, ""page"": 8, ""section"": 0}]",OK_NO_TOTALS,TABLE,TABLE_BANDS,prose_signal=2; classIII=NO_ROWS,2026-09-03T23:48:11Z,ingest
dd3e2cbea69b09049cb25595ed47ac622ae80789,0803277-80.2020.8.12.0001,AJ_LIST,,https://www.vcpericia.com.br/wp-content/uploads/2022/09/Edital-de-aviso-aos-credores-lista-do-AJ-Negocial.pdf,/home/user/Anteparo/data/pdfs/vcpericia.com.br/dd3e2cbea69b0904.pdf,2,[],OK_NO_TOTALS,PROSE,PROSE,prose_signal=0; fell back to PROSE; classIII=NO_ROWS,2026-09-03T23:48:11Z,ingest
2ccae658fba872771bfc9c691f9f16e172da8699,0829810-08.2022.8.12.0001,AJ_LIST,2022-12-12,https://www.vcpericia.com.br/wp-content/uploads/2023/02/Edital-de-aviso-aos-credores-sobre-Plano-e-Lista-do-AJ.pdf,/home/user/Anteparo/data/pdfs/vcpericia.com.br/2ccae658fba87277.pdf,6,"[{""class"": ""I"", ""currency"": ""BRL"", ""total"": null, ""count"": null, ""page"": 3, ""section"": 1}, {""class"": ""III"", ""currency"": ""BRL"", ""total"": null, ""count"": null, ""page"": 3, ""section"": 2}, {""class"": ""IV"", ""currency"": ""BRL"", ""total"": null, ""count"": null, ""page"": 4, ""section"": 3}]",OK_NO_TOTALS,PROSE,PROSE,prose_signal=0; fell back to PROSE; classIII=NO_TOTAL,2026-09-03T23:48:11Z,ingest
5acfb9b4d3e5d6a887811817bb335f2767709d98,0813265-83.2024.8.12.0002,AJ_LIST,,https://www.vcpericia.com.br/wp-content/uploads/2025/02/Edital-do-art.-52-%C2%A7-1%C2%B0-LRF.pdf,/home/user/Anteparo/data/pdfs/vcpericia.com.br/5acfb9b4d3e5d6a8.pdf,6,"[{""class"": ""I"", ""currency"": ""BRL"", ""total"": null, ""count"": null, ""page"": 2, ""section"": 3}, {""class"": ""II"", ""currency"": ""BRL"", ""total"": null, ""count"": null, ""page"": 2, ""section"": 4}, {""class"": ""III"", ""currency"": ""BRL"", ""total"": null, ""count"": null, ""page"": 2, ""section"": 5}, {""class"": ""IV"", ""currency"": ""BRL"", ""total"": null, ""count"": null, ""page"": 2, ""section"": 6}]",OK_NO_TOTALS,PROSE,PROSE,prose_signal=0; fell back to PROSE; classIII=NO_TOTAL,2026-09-03T23:48:11Z,ingest
d4cbda94434e75ae4fb209fd76616da64507c04f,0002316-40.2012.8.17.0220,AJ_LIST,2024-07-12,https://diligence.adm.br/wp-content/plugins/download-attachments/includes/download.php?id=4854,/home/user/Anteparo/data/pdfs/diligence.adm.br/d4cbda94434e75ae.pdf,26,"[{""class"": null, ""currency"": ""BRL"", ""total"": ""17452.86"", ""count"": null, ""page"": 19, ""section"": 0}]",OK_NO_TOTALS,TABLE,TABLE_RULED,prose_signal=0; classIII=NO_ROWS,2026-09-03T23:48:14Z,ingest
5eddc15bafce68612276de9589f974cc7b14adc1,0002316-40.2012.8.17.0220,UNKNOWN,2024-07-12,https://diligence.adm.br/wp-content/plugins/download-attachments/includes/download.php?id=4866,/home/user/Anteparo/data/pdfs/diligence.adm.br/5eddc15bafce6861.pdf,12,[],OK_NO_TOTALS,TABLE,TABLE_RULED,prose_signal=0; classIII=NO_ROWS,2026-09-03T23:48:14Z,ingest
76094fb7188e8a7a3207dbc472f90bc1a4264f61,0108923-15.2025.8.17.2001,UNKNOWN,,https://diligence.adm.br/wp-content/plugins/download-attachments/includes/download.php?id=6199,/home/user/Anteparo/data/pdfs/diligence.adm.br/76094fb7188e8a7a.pdf,0,[],NO_TEXT_LAYER,NONE,,NO_TEXT_LAYER: needs OCR; CASE_FROM_PAGE; classIII=NO_ROWS,2026-09-03T23:48:14Z,ingest
fb23b1017c779ca64d9c79ed0d9b61401209f3bd,5045407-81.2020.8.21.0001,UNKNOWN,,https://cataliseaj.com.br/sgc/download.php?file=files/processo_documento/processo_documento13534410062024_1_.pdf&nome=5. RELAÇÃO DOS CREDORES,/home/user/Anteparo/data/pdfs/cataliseaj.com.br/fb23b1017c779ca6.pdf,21,[],OK_NO_TOTALS,TABLE,TABLE_BANDS,prose_signal=0; CASE_FROM_PAGE; classIII=NO_ROWS,2026-09-03T23:48:14Z,ingest
de60a25921f399d9699bfd75dcd714729645ff11,5045407-81.2020.8.21.0001,QGC,,https://cataliseaj.com.br/sgc/download.php?file=files/processo_documento/processo_documento13563210062024_1_.pdf&nome=8. QUADRO GERAL DE CREDORES,/home/user/Anteparo/data/pdfs/cataliseaj.com.br/de60a25921f399d9.pdf,10,"[{""class"": null, ""currency"": ""BRL"", ""total"": ""1295140.19"", ""count"": null, ""page"": 1, ""section"": 0}, {""class"": null, ""currency"": ""BRL"", ""total"": ""88968.88"", ""count"": null, ""page"": 1, ""section"": 1}, {""class"": null, ""currency"": ""BRL"", ""total"": ""341985.21"", ""count"": null, ""page"": 2, ""section"": 2}, {""class"": null, ""currency"": ""BRL"", ""total"": ""134762.45"", ""count"": null, ""page"": 10, ""section"": 3}]",OK_NO_TOTALS,TABLE,TABLE_RULED,prose_signal=0; CASE_FROM_PAGE; classIII=NO_TOTAL,2026-09-03T23:48:14Z,ingest
1db940bc65b54a108738474f3b128e940ee14c2b,5073632-14.2020.8.21.0001,QGC,2021-11-29,https://cataliseaj.com.br/sgc/download.php?file=files/processo_documento/processo_documento15542610062024_1_.pdf&nome=12. HOMOLOGADO QUADRO GERAL DE CREDORES,/home/user/Anteparo/data/pdfs/cataliseaj.com.br/1db940bc65b54a10.pdf,1,[],OK_NO_TOTALS,TABLE,TABLE_BANDS,prose_signal=0; classIII=NO_ROWS,2026-09-03T23:48:14Z,ingest
4e09ec1252d3753471d8dea3b288010f93c1514c,0108923-15.2025.8.17.2001,DEBTOR_LIST,2026-03-12,https://diligence.adm.br/wp-content/plugins/download-attachments/includes/download.php?id=6205,/home/user/Anteparo/data/pdfs/diligence.adm.br/4e09ec1252d37534.pdf,16,"[{""class"": ""I"", ""currency"": ""BRL"", ""total"": ""421372.01"", ""count"": 406, ""page"": 5, ""section"": 1}, {""class"": ""III"", ""currency"": ""BRL"", ""total"": ""6328.00"", ""count"": 2, ""page"": 9, ""section"": 2}, {""class"": ""IV"", ""currency"": ""BRL"", ""total"": ""5133.50"", ""count"": 5, ""page"": 10, ""section"": 3}, {""class"": ""I"", ""currency"": ""BRL"", ""total"": ""323321.81"", ""count"": 17, ""page"": 10, ""section"": 5}, {""class"": ""III"", ""currency"": ""BRL"", ""total"": ""17839885.53"", ""count"": 185, ""page"": 10, ""section"": 6}, {""class"": ""IV"", ""currency"": ""BRL"", ""total"": ""299120.55"", ""count"": 129, ""page"": 13, ""section"": 7}]",OK,PROSE,PROSE,prose_signal=802; classIII=PASS,2026-09-03T23:48:15Z,ingest
18967075f4e71a36ef2a2543933edb3051efcf96,,UNKNOWN,,https://cataliseaj.com.br/sgc/download.php?file=files/processo_documento/processo_documento17184410062024_1_.pdf&nome=2. LISTA DE CREDORES,/home/user/Anteparo/data/pdfs/cataliseaj.com.br/18967075f4e71a36.pdf,10,[],NO_TEXT_LAYER,NONE,,NO_TEXT_LAYER: needs OCR; CASE_NUMBER_MISSING; classIII=NO_ROWS,2026-09-03T23:48:15Z,ingest
98ccba3015a41388e31f9510228173d9cbec4763,,UNKNOWN,,https://cataliseaj.com.br/sgc/download.php?file=files/processo_documento/processo_documento17211210062024_1_.pdf&nome=7. COMPLEMENTAÇÃO DA LISTA DE CREDORES,/home/user/Anteparo/data/pdfs/cataliseaj.com.br/98ccba3015a41388.pdf,5,[],NO_TEXT_LAYER,NONE,,NO_TEXT_LAYER: needs OCR; CASE_NUMBER_MISSING; classIII=NO_ROWS,2026-09-03T23:48:15Z,ingest
7f03f38933a691c7e0ecf3316f9317893a35ff35,0108923-15.2025.8.17.2001,DEBTOR_LIST,2026-03-11,https://diligence.adm.br/wp-content/plugins/download-attachments/includes/download.php?id=6204,/home/user/Anteparo/data/pdfs/diligence.adm.br/7f03f38933a691c7.pdf,14,"[{""class"": ""I"", ""currency"": ""BRL"", ""total"": ""421372.01"", ""count"": 406, ""page"": 4, ""section"": 1}, {""class"": ""III"", ""currency"": ""BRL"", ""total"": null, ""count"": 2, ""page"": 8, ""section"": 2}, {""class"": ""IV"", ""currency"": ""BRL"", ""total"": ""5133.50"", ""count"": 5, ""page"": 8, ""section"": 3}, {""class"": ""I"", ""currency"": ""BRL"", ""total"": ""323321.81"", ""count"": 17, ""page"": 8, ""section"": 5}, {""class"": ""III"", ""currency"": ""BRL"", ""total"": null, ""count"": 185, ""page"": 9, ""section"": 6}, {""class"": ""IV"", ""currency"": ""BRL"", ""total"": ""299120.55"", ""count"": 129, ""page"": 11, ""section"": 7}]",QUARANTINED,PROSE,PROSE,prose_signal=784; classIII=FAIL,2026-09-03T23:48:19Z,ingest
89e5cd812ba896e3204eadaf4808db523faa21a0,5087077-02.2020.8.21.0001,QGC,,https://cataliseaj.com.br/sgc/download.php?file=files/processo_documento/processo_documento17360510062024_1_.pdf&nome=10. LISTA QUADRO-GERAL DE CREDORES,/home/user/Anteparo/data/pdfs/cataliseaj.com.br/89e5cd812ba896e3.pdf,3,[],OK_NO_TOTALS,PROSE,PROSE,prose_signal=0; fell back to PROSE; classIII=NO_ROWS,2026-09-03T23:48:19Z,ingest
9d262203b21eae03e7e521e93b6e80bd8fbe4755,5087077-02.2020.8.21.0001,QGC,2021-10-13,https://cataliseaj.com.br/sgc/download.php?file=files/processo_documento/processo_documento17362410062024_1_.pdf&nome=11. DESPACHO HOMOLOGANDO O QUADRO-GERAL DE CREDORES,/home/user/Anteparo/data/pdfs/cataliseaj.com.br/9d262203b21eae03.pdf,1,[],NO_ROWS,TABLE,TABLE_BANDS,prose_signal=0; classIII=NO_ROWS,2026-09-03T23:48:19Z,ingest
8644b43268a284d8963b11deb3dba1bcdbeb8b8d,0108923-15.2025.8.17.2001,AJ_LIST,2026-05-12,https://diligence.adm.br/wp-content/plugins/download-attachments/includes/download.php?id=6231,/home/user/Anteparo/data/pdfs/diligence.adm.br/8644b43268a284d8.pdf,39,"[{""class"": ""I"", ""currency"": ""BRL"", ""total"": null, ""count"": null, ""page"": 13, ""section"": 6}, {""class"": ""II"", ""currency"": ""BRL"", ""total"": null, ""count"": null, ""page"": 13, ""section"": 7}, {""class"": ""III"", ""currency"": ""BRL"", ""total"": null, ""count"": null, ""page"": 13, ""section"": 8}, {""class"": ""IV"", ""currency"": ""BRL"", ""total"": null, ""count"": null, ""page"": 13, ""section"": 9}, {""class"": ""I"", ""currency"": ""BRL"", ""total"": null, ""count"": null, ""page"": 14, ""section"": 12}, {""class"": ""II"", ""currency"": ""BRL"", ""total"": null, ""count"": null, ""page"": 14, ""section"": 13}, {""class"": ""III"", ""currency"": ""BRL"", ""total"": null, ""count"": null, ""page"": 14, ""section"": 14}, {""class"": ""IV"", ""currency"": ""BRL"", ""total"": null, ""count"": null, ""page"": 14, ""section"": 15}, {""class"": ""I"", ""currency"": ""BRL"", ""total"": null, ""count"": null, ""page"": 15, ""section"": 18}, {""class"": ""II"", ""currency"": ""BRL"", ""total"": null, ""count"": null, ""page"": 15, ""section"": 19}, {""class"": ""III"", ""currency"": ""BRL"", ""total"": null, ""count"": null, ""page"": 15, ""section"": 20}, {""class"": ""IV"", ""currency"": ""BRL"", ""total"": null, ""count"": null, ""page"": 15, ""section"": 21}, {""class"": ""I"", ""currency"": ""BRL"", ""total"": null, ""count"": null, ""page"": 16, ""section"": 24}, {""class"": ""I"", ""currency"": ""BRL"", ""total"": null, ""count"": null, ""page"": 17, ""section"": 25}, {""class"": ""I"", ""currency"": ""BRL"", ""total"": null, ""count"": null, ""page"": 18, ""section"": 26}, {""class"": ""I"", ""currency"": ""BRL"", ""total"": null, ""count"": null, ""page"": 19, ""section"": 27}, {""class"": ""I"", ""currency"": ""BRL"", ""total"": null, ""count"": null, ""page"": 20, ""section"": 28}, {""class"": ""I"", ""currency"": ""BRL"", ""total"": null, ""count"": null, ""page"": 21, ""section"": 29}, {""class"": ""I"", ""currency"": ""BRL"", ""total"": null, ""count"": null, ""page"": 22, ""section"": 30}, {""class"": ""I"", ""currency"": ""BRL"", ""total"": null, ""count"": null, ""page"": 23, ""section"": 31}, {""class"": ""I"", ""currency"": ""BRL"", ""total"": null, ""count"": null, ""page"": 24, ""section"": 32}, {""class"": ""I"", ""currency"": ""BRL"", ""total"": null, ""count"": null, ""page"": 25, ""section"": 33}, {""class"": ""I"", ""currency"": ""BRL"", ""total"": null, ""count"": null, ""page"": 26, ""section"": 34}, {""class"": ""I"", ""currency"": ""BRL"", ""total"": null, ""count"": null, ""page"": 27, ""section"": 35}, {""class"": ""III"", ""currency"": ""BRL"", ""total"": null, ""count"": null, ""page"": 28, ""section"": 36}, {""class"": ""III"", ""currency"": ""BRL"", ""total"": null, ""count"": null, ""page"": 29, ""section"": 37}, {""class"": ""III"", ""currency"": ""BRL"", ""total"": null, ""count"": null, ""page"": 30, ""section"": 38}, {""class"": ""III"", ""currency"": ""BRL"", ""total"": null, ""count"": null, ""page"": 31, ""section"": 39}, {""class"": ""III"", ""currency"": ""BRL"", ""total"": null, ""count"": null, ""page"": 32, ""section"": 40}, {""class"": ""III"", ""currency"": ""BRL"", ""total"": null, ""count"": null, ""page"": 33, ""section"": 41}, {""class"": ""IV"", ""currency"": ""BRL"", ""total"": null, ""count"": null, ""page"": 34, ""section"": 42}, {""class"": ""IV"", ""currency"": ""BRL"", ""total"": null, ""count"": null, ""page"": 35, ""section"": 43}, {""class"": ""IV"", ""currency"": ""BRL"", ""total"": null, ""count"": null, ""page"": 36, ""section"": 44}, {""class"": ""IV"", ""currency"": ""BRL"", ""total"": null, ""count"": null, ""page"": 37, ""section"": 45}]",OK_NO_TOTALS,PROSE,PROSE,prose_signal=52; classIII=NO_TOTAL,2026-09-03T23:48:20Z,ingest
9f6359ad89023467d67bb3fcb41e6fc593c59cc7,5087077-02.2020.8.21.0001,QGC,2021-10-15,https://cataliseaj.com.br/sgc/download.php?file=files/processo_documento/processo_documento17364510062024_1_.pdf&nome=12. EDITAL QUADRO-GERAL DE CREDORES,/home/user/Anteparo/data/pdfs/cataliseaj.com.br/9f6359ad89023467.pdf,2,[],OK_NO_TOTALS,PROSE,PROSE,prose_signal=0; fell back to PROSE; classIII=NO_ROWS,2026-09-03T23:48:20Z,ingest
fc246ec883ec9c92ae2479421802cd67d2bf5c9e,0108923-15.2025.8.17.2001,UNKNOWN,2026-06-16,https://diligence.adm.br/wp-content/plugins/download-attachments/includes/download.php?id=6255,/home/user/Anteparo/data/pdfs/diligence.adm.br/fc246ec883ec9c92.pdf,12,"[{""class"": ""I"", ""currency"": ""BRL"", ""total"": ""390113.47"", ""count"": 404, ""page"": 5, ""section"": 1}, {""class"": ""III"", ""currency"": ""BRL"", ""total"": ""1976.00"", ""count"": 1, ""page"": 9, ""section"": 2}, {""class"": ""IV"", ""currency"": ""BRL"", ""total"": ""1198.64"", ""count"": 1, ""page"": 9, ""section"": 3}, {""class"": ""I"", ""currency"": ""BRL"", ""total"": ""105707.89"", ""count"": 17, ""page"": 9, ""section"": 5}, {""class"": ""III"", ""currency"": ""BRL"", ""total"": ""9482983.49"", ""count"": 28, ""page"": 10, ""section"": 6}, {""class"": ""IV"", ""currency"": ""BRL"", ""total"": ""208184.93"", ""count"": 40, ""page"": 10, ""section"": 7}]",OK,PROSE,PROSE,prose_signal=521; classIII=PASS,2026-09-03T23:48:20Z,ingest
5af18e3cae94e078b72ff1ca4983717c6f04aff0,5087077-02.2020.8.21.0001,AJ_LIST,2023-06-26,https://cataliseaj.com.br/sgc/download.php?file=files/processo_documento/processo_documento17372810062024_1_.pdf&nome=14. EDITAL DE DADOS BANCÁRIOS - CREDORES TRABALHISTAS,/home/user/Anteparo/data/pdfs/cataliseaj.com.br/5af18e3cae94e078.pdf,2,[],OK_NO_TOTALS,PROSE,PROSE,prose_signal=0; fell back to PROSE; classIII=NO_ROWS,2026-09-03T23:48:20Z,ingest
6e8321f35d5ddd8f52188770e2bcb023378a856b,5087077-02.2020.8.21.0001,AJ_LIST,2023-08-25,https://cataliseaj.com.br/sgc/download.php?file=files/processo_documento/processo_documento17374910062024_1_.pdf&nome=15. EDITAL DE INTIMAÇÃO DE CREDORES,/home/user/Anteparo/data/pdfs/cataliseaj.com.br/6e8321f35d5ddd8f.pdf,2,[],NO_ROWS,TABLE,TABLE_BANDS,prose_signal=0; classIII=NO_ROWS,2026-09-03T23:48:20Z,ingest
c065235b216efb514d06eb1bc07b4df7dd234170,0108923-15.2025.8.17.2001,AJ_LIST,2026-06-17,https://diligence.adm.br/wp-content/plugins/download-attachments/includes/download.php?id=6257,/home/user/Anteparo/data/pdfs/diligence.adm.br/c065235b216efb51.pdf,9,"[{""class"": ""I"", ""currency"": ""BRL"", ""total"": ""390113.47"", ""count"": 404, ""page"": 3, ""section"": 1}, {""class"": ""III"", ""currency"": ""BRL"", ""total"": ""1976.00"", ""count"": 1, ""page"": 7, ""section"": 2}, {""class"": ""I"", ""currency"": ""BRL"", ""total"": null, ""count"": 17, ""page"": 7, ""section"": 4}, {""class"": ""III"", ""currency"": ""BRL"", ""total"": ""9482983.49"", ""count"": 28, ""page"": 7, ""section"": 5}, {""class"": ""IV"", ""currency"": ""BRL"", ""total"": null, ""count"": 40, ""page"": 8, ""section"": 6}]",QUARANTINED,PROSE,PROSE,prose_signal=509; classIII=FAIL,2026-09-03T23:48:20Z,ingest
fb77c592a0c551b4d883cf2ff44c5010393ee66c,0012922-23.2003.8.17.0001,AJ_LIST,2024-07-12,https://diligence.adm.br/wp-content/plugins/download-attachments/includes/download.php?id=4926,/home/user/Anteparo/data/pdfs/diligence.adm.br/fb77c592a0c551b4.pdf,4,[],OK_NO_TOTALS,TABLE,TABLE_BANDS,prose_signal=0; classIII=NO_ROWS,2026-09-03T23:48:20Z,ingest
10352e4715a5dc690528ae48cb8a8ede6ce586f4,0012922-23.2003.8.17.0001,AJ_LIST,2024-07-12,https://diligence.adm.br/wp-content/plugins/download-attachments/includes/download.php?id=4927,/home/user/Anteparo/data/pdfs/diligence.adm.br/10352e4715a5dc69.pdf,2,[],OK_NO_TOTALS,TABLE,TABLE_BANDS,prose_signal=1; classIII=NO_ROWS,2026-09-03T23:48:20Z,ingest
92789330424c93287a5f796a1145d47443973bd3,0034582-54.1995.8.17.0001,UNKNOWN,2025-10-02,https://recuperacaojudicial.squarespace.com/s/Falencia-Usina-Catende-Alvara-coletivo-credores-da-5a-6a-7a-e-8a-listagem-agosto-2025.pdf,/home/user/Anteparo/data/pdfs/recuperacaojudicial.squarespace.com/92789330424c9328.pdf,9,[],OK_NO_TOTALS,TABLE,TABLE_BANDS,prose_signal=64; fell back to TABLE; classIII=NO_ROWS,2026-09-03T23:48:20Z,ingest
b6a1c95560b47d170d48bbe0453a677a48935d02,0000206-72.2017.8.17.2490,QGC,2024-04-22,https://diligence.adm.br/wp-content/plugins/download-attachments/includes/download.php?id=4121,/home/user/Anteparo/data/pdfs/diligence.adm.br/b6a1c95560b47d17.pdf,5,"[{""class"": ""I"", ""currency"": ""BRL"", ""total"": null, ""count"": null, ""page"": 4, ""section"": 1}, {""class"": ""III"", ""currency"": ""BRL"", ""total"": null, ""count"": null, ""page"": 4, ""section"": 2}, {""class"": ""IV"", ""currency"": ""BRL"", ""total"": null, ""count"": null, ""page"": 5, ""section"": 3}]",OK_NO_TOTALS,PROSE,PROSE,prose_signal=0; fell back to PROSE; classIII=NO_TOTAL,2026-09-03T23:48:20Z,ingest
f4adb6a123bdf3d485fe93dc4a5c66a64bb5e794,0034582-54.1995.8.17.0001,QGC,,https://recuperacaojudicial.squarespace.com/s/Fal-Usina-Catende-Edital-da-1-Lista-marco-2012.pdf,/home/user/Anteparo/data/pdfs/recuperacaojudicial.squarespace.com/f4adb6a123bdf3d4.pdf,189,[],OK_NO_TOTALS,TABLE,TABLE_BANDS,prose_signal=0; classIII=NO_ROWS,2026-09-03T23:48:36Z,ingest
f19acaf4f48bc08545fab965b8d21e3158b5ee0a,5009474-18.2019.8.21.0022,UNKNOWN,,https://cataliseaj.com.br/sgc/download.php?file=files/processo_documento/processo_documento17401510062024_1_.pdf&nome= 2. LISTA DE CREDORES,/home/user/Anteparo/data/pdfs/cataliseaj.com.br/f19acaf4f48bc085.pdf,10,[],NO_TEXT_LAYER,NONE,,NO_TEXT_LAYER: needs OCR; CASE_FROM_PAGE; classIII=NO_ROWS,2026-09-03T23:48:36Z,ingest
c17d02b773389a7bfe7a384029ef989cc4c702d1,0000206-72.2017.8.17.2490,AJ_LIST,2024-04-22,https://diligence.adm.br/wp-content/plugins/download-attachments/includes/download.php?id=4122,/home/user/Anteparo/data/pdfs/diligence.adm.br/c17d02b773389a7b.pdf,8,"[{""class"": ""IV"", ""currency"": ""BRL"", ""total"": ""873969.09"", ""count"": null, ""page"": 5, ""section"": 3}, {""class"": ""III"", ""currency"": ""BRL"", ""total"": ""20517178.91"", ""count"": null, ""page"": 7, ""section"": 5}, {""class"": ""I"", ""currency"": ""BRL"", ""total"": ""304503.96"", ""count"": null, ""page"": 8, ""section"": 7}]",QUARANTINED,TABLE,TABLE_RULED,prose_signal=0; classIII=PASS,2026-09-03T23:48:36Z,ingest
c11888be647739ca9270cdcec31a9ccff394993e,0020265-79.2017.5.04.0102,UNKNOWN,2016-10-24,https://cataliseaj.com.br/sgc/download.php?file=files/processo_documento/processo_documento17404010062024_1_.pdf&nome=3. RELAÇÃO DE CREDORES TRABALHISTAS,/home/user/Anteparo/data/pdfs/cataliseaj.com.br/c11888be647739ca.pdf,3,[],OK_NO_TOTALS,TABLE,TABLE_RULED,prose_signal=0; classIII=NO_ROWS,2026-09-03T23:48:36Z,ingest
6368e39c8019a199936849a18469a08d2aae8f4c,5009474-18.2019.8.21.0022,AJ_LIST,,"https://cataliseaj.com.br/sgc/download.php?file=files/processo_documento/processo_documento17421810062024_1_.pdf&nome= 7. LISTA DE CREDORES DA ADMINISTRAÇÃO JUDICIAL DO ART. 7º, § 2º",/home/user/Anteparo/data/pdfs/cataliseaj.com.br/6368e39c8019a199.pdf,19,"[{""class"": ""I"", ""currency"": ""BRL"", ""total"": ""1329406.33"", ""count"": null, ""page"": 19, ""section"": 5}, {""class"": ""II"", ""currency"": ""BRL"", ""total"": ""9205589.35"", ""count"": null, ""page"": 19, ""section"": 6}, {""class"": ""III"", ""currency"": ""BRL"", ""total"": ""12991238.61"", ""count"": null, ""page"": 19, ""section"": 7}, {""class"": ""IV"", ""currency"": ""BRL"", ""total"": ""2775806.67"", ""count"": null, ""page"": 19, ""section"": 8}, {""class"": ""IV"", ""currency"": ""BRL"", ""total"": ""26302040.96"", ""count"": null, ""page"": 19, ""section"": 8}]",QUARANTINED,TABLE,TABLE_BANDS,prose_signal=0; CASE_FROM_PAGE; classIII=PASS,2026-09-03T23:48:36Z,ingest
75bc7d81af935cc0d49557a24d96ef4e7f0e6c18,0000206-72.2017.8.17.2490,AJ_LIST,2024-04-22,https://diligence.adm.br/wp-content/plugins/download-attachments/includes/download.php?id=4123,/home/user/Anteparo/data/pdfs/diligence.adm.br/75bc7d81af935cc0.pdf,3,"[{""class"": ""I"", ""currency"": ""BRL"", ""total"": null, ""count"": null, ""page"": 2, ""section"": 1}, {""class"": ""III"", ""currency"": ""BRL"", ""total"": null, ""count"": null, ""page"": 2, ""section"": 2}, {""class"": ""IV"", ""currency"": ""BRL"", ""total"": null, ""count"": null, ""page"": 3, ""section"": 3}]",OK_NO_TOTALS,PROSE,PROSE,prose_signal=0; fell back to PROSE; classIII=NO_TOTAL,2026-09-03T23:48:36Z,ingest
bd2049db579ba5f1035f6a8721cf5128b10dcf0a,5009367-03.2021.8.21.0022,UNKNOWN,,"https://cataliseaj.com.br/sgc/download.php?file=files/processo_documento/processo_documento16345504102024_1_.pdf&nome=06. LISTA DE CREDORES (7º, §2º, DA LREF)",/home/user/Anteparo/data/pdfs/cataliseaj.com.br/bd2049db579ba5f1.pdf,1,"[{""class"": null, ""currency"": ""BRL"", ""total"": ""1652212.88"", ""count"": null, ""page"": 1, ""section"": 0}]",OK_NO_TOTALS,TABLE,TABLE_BANDS,prose_signal=0; CASE_FROM_PAGE; classIII=NO_ROWS,2026-09-03T23:48:36Z,ingest
28c02ba2f34e9393ff9fdd6df95a890ae60081fa,0041329-20.2011.8.21.0010,AJ_LIST,,"https://scalzilliaj.com.br/sgc/download.php?file=files/processo_documento/processo_documento11121007012022_1_.pdf&nome=07 - Edital do art. 7º, §2º da Lei 11.101/2005 (segunda lista de credores)",/home/user/Anteparo/data/pdfs/scalzilliaj.com.br/28c02ba2f34e9393.pdf,2,[],OK_NO_TOTALS,TABLE,TABLE_BANDS,prose_signal=0; classIII=NO_ROWS,2026-09-03T23:48:36Z,ingest
05729d0a9eb7ec2998781cb353435ef4674081cf,,,,https://recuperacaojudicial.squarespace.com/s/Falencia-Usina-Catende-Lista-de-rateio-dos-creditos-trabalhistas-rateio-2021.pdf,/home/user/Anteparo/data/pdfs/recuperacaojudicial.squarespace.com/05729d0a9eb7ec29.pdf,,,ERROR,,,WORKER_EXIT_1: MemoryError,2026-09-03T23:49:15Z,ingest
a35e7cdf2f53910c1661f77c89c1b254e53acf11,0000880-57.2020.8.17.2001,UNKNOWN,,https://diligence.adm.br/wp-content/uploads/2024/06/Credores-Classe-I.pdf,/home/user/Anteparo/data/pdfs/diligence.adm.br/a35e7cdf2f53910c.pdf,4,[],OK_NO_TOTALS,TABLE,TABLE_RULED,prose_signal=0; CASE_FROM_PAGE; classIII=NO_ROWS,2026-09-03T23:49:15Z,ingest
810484d234b58ea63fff9f0bf0f58863395da37e,0034582-54.1995.8.17.0001,UNKNOWN,2025-08-29,https://recuperacaojudicial.squarespace.com/s/0034582-5419958170001-1756495166712-401832-despacho.pdf,/home/user/Anteparo/data/pdfs/recuperacaojudicial.squarespace.com/810484d234b58ea6.pdf,3,[],OK_NO_TOTALS,TABLE,TABLE_BANDS,prose_signal=0; classIII=NO_ROWS,2026-09-03T23:49:15Z,ingest
9dc802b9d87b89ad04889bba35b8648e4e9417b2,0000880-57.2020.8.17.2001,UNKNOWN,,https://diligence.adm.br/wp-content/uploads/2024/06/Credores-Classe-III-1.pdf,/home/user/Anteparo/data/pdfs/diligence.adm.br/9dc802b9d87b89ad.pdf,2,[],OK_NO_TOTALS,TABLE,TABLE_RULED,prose_signal=0; CASE_FROM_PAGE; classIII=NO_TOTAL,2026-09-03T23:49:15Z,ingest
597a6636596197b07a1421ba9c54c34bc504baaf,0000312-16.2008.8.24.0013,UNKNOWN,,https://cataliseaj.com.br/sgc/download.php?file=files/processo_documento/processo_documento09493210032026_1_.pdf&nome=10. QUADRO GERAL DE CREDORES HOMOLOGADO,/home/user/Anteparo/data/pdfs/cataliseaj.com.br/597a6636596197b0.pdf,4,[],NO_TEXT_LAYER,NONE,,NO_TEXT_LAYER: needs OCR; CASE_FROM_PAGE; classIII=NO_ROWS,2026-09-03T23:49:15Z,ingest
760795a38812958e3770844f5f91f21fc516d850,,UNKNOWN,,https://scalzilliaj.com.br/sgc/download.php?file=files/processo_documento/processo_documento09023407082026_1_.pdf&nome=14 - QGC atualizado até agosto de 2026,/home/user/Anteparo/data/pdfs/scalzilliaj.com.br/760795a38812958e.pdf,48,[],OK_NO_TOTALS,TABLE,TABLE_BANDS,prose_signal=0; CASE_NUMBER_MISSING; classIII=NO_ROWS,2026-09-03T23:49:15Z,ingest
27b009abcc3f865d1c9ca044004f50160f3710a7,0034582-54.1995.8.17.0001,UNKNOWN,2025-10-02,https://recuperacaojudicial.squarespace.com/s/Falencia-Usina-Catende-Certido-com-os-credores-da-5a-6a-7a-e-8a-listagem-que-no-tiveram-alvara-exped.pdf,/home/user/Anteparo/data/pdfs/recuperacaojudicial.squarespace.com/27b009abcc3f865d.pdf,2,[],OK_NO_TOTALS,PROSE,PROSE,prose_signal=12; classIII=NO_ROWS,2026-09-03T23:49:15Z,ingest
503f5fbf4a868dd849fd5d43df21cff3bd15f23f,0000880-57.2020.8.17.2001,AJ_LIST,,https://diligence.adm.br/wp-content/uploads/2024/06/Credores-Classe-IV.pdf,/home/user/Anteparo/data/pdfs/diligence.adm.br/503f5fbf4a868dd8.pdf,1,[],OK_NO_TOTALS,TABLE,TABLE_BANDS,prose_signal=0; CASE_FROM_PAGE; classIII=NO_ROWS,2026-09-03T23:49:15Z,ingest
295b0a2c97590f91f94e037080536f8d23794c43,5003572-94.2020.8.21.0072,UNKNOWN,,"https://cataliseaj.com.br/sgc/download.php?file=files/processo_documento/processo_documento16023012062024_1_.pdf&nome=12. LISTA DE CREDORES - ART. 7º, § 2º, DA LREF",/home/user/Anteparo/data/pdfs/cataliseaj.com.br/295b0a2c97590f91.pdf,7,[],OK_NO_TOTALS,TABLE,TABLE_RULED,prose_signal=0; classIII=NO_TOTAL,2026-09-03T23:49:15Z,ingest
95d100e8c9051200e4f327b9f27b17e7749f1844,5001625-18.2022.8.24.0018,UNKNOWN,,https://scalzilliaj.com.br/sgc/download.php?file=files/processo_documento/processo_documento14004702072025_1_.pdf&nome=03 - Relação de credores apresentada pela Recuperanda,/home/user/Anteparo/data/pdfs/scalzilliaj.com.br/95d100e8c9051200.pdf,16,[],OK_NO_TOTALS,TABLE,TABLE_RULED,prose_signal=2; CASE_FROM_PAGE; classIII=NO_TOTAL,2026-09-03T23:49:15Z,ingest
23c7d876c5cd3c754a9fc60762f9a7947629e991,5003572-94.2020.8.21.0072,QGC,,https://cataliseaj.com.br/sgc/download.php?file=files/processo_documento/processo_documento16031312062024_1_.pdf&nome=14. RELAÇÃO DE CREDORES INDIVIDUALIZADA,/home/user/Anteparo/data/pdfs/cataliseaj.com.br/23c7d876c5cd3c75.pdf,3,"[{""class"": ""I"", ""currency"": ""BRL"", ""total"": null, ""count"": null, ""page"": 1, ""section"": 1}, {""class"": ""I"", ""currency"": ""BRL"", ""total"": null, ""count"": null, ""page"": 1, ""section"": 2}, {""class"": ""III"", ""currency"": ""BRL"", ""total"": null, ""count"": null, ""page"": 1, ""section"": 3}, {""class"": ""III"", ""currency"": ""BRL"", ""total"": null, ""count"": null, ""page"": 2, ""section"": 4}, {""class"": ""IV"", ""currency"": ""BRL"", ""total"": null, ""count"": null, ""page"": 2, ""section"": 5}, {""class"": ""IV"", ""currency"": ""BRL"", ""total"": null, ""count"": null, ""page"": 2, ""section"": 6}, {""class"": ""I"", ""currency"": ""BRL"", ""total"": null, ""count"": null, ""page"": 2, ""section"": 7}, {""class"": ""III"", ""currency"": ""BRL"", ""total"": null, ""count"": null, ""page"": 2, ""section"": 8}, {""class"": ""III"", ""currency"": ""BRL"", ""total"": null, ""count"": null, ""page"": 2, ""section"": 9}, {""class"": ""IV"", ""currency"": ""BRL"", ""total"": null, ""count"": null, ""page"": 2, ""section"": 10}, {""class"": ""I"", ""currency"": ""BRL"", ""total"": null, ""count"": null, ""page"": 3, ""section"": 11}, {""class"": ""I"", ""currency"": ""BRL"", ""total"": null, ""count"": null, ""page"": 3, ""section"": 12}, {""class"": ""III"", ""currency"": ""BRL"", ""total"": null, ""count"": null, ""page"": 3, ""section"": 13}, {""class"": ""III"", ""currency"": ""BRL"", ""total"": null, ""count"": null, ""page"": 3, ""section"": 14}, {""class"": ""IV"", ""currency"": ""BRL"", ""total"": null, ""count"": null, ""page"": 3, ""section"": 15}]",OK_NO_TOTALS,PROSE,PROSE,prose_signal=0; fell back to PROSE; CASE_FROM_PAGE; classIII=NO_TOTAL,2026-09-03T23:49:15Z,ingest
857975b5f0c1ced259a5658fd52a83e7ce95fed8,0700087-51.2020.8.02.0043,DEBTOR_LIST,,https://recuperacaojudicial.squarespace.com/s/RJ-Auto-Posto-Edital-1a-lista-de-credores.pdf,/home/user/Anteparo/data/pdfs/recuperacaojudicial.squarespace.com/857975b5f0c1ced2.pdf,5,"[{""class"": ""III"", ""currency"": ""BRL"", ""total"": null, ""count"": null, ""page"": 5, ""section"": 1}]",OK_NO_TOTALS,PROSE,PROSE,prose_signal=0; fell back to PROSE; classIII=NO_TOTAL,2026-09-03T23:49:15Z,ingest
15a3f60047bf7434e4a55034333fbfa9b8d03ec6,0700087-51.2020.8.02.0043,AJ_LIST,,https://recuperacaojudicial.squarespace.com/s/0700087-5120208020043-2.pdf,/home/user/Anteparo/data/pdfs/recuperacaojudicial.squarespace.com/15a3f60047bf7434.pdf,10,"[{""class"": ""III"", ""currency"": ""BRL"", ""total"": ""230740.51"", ""count"": null, ""page"": 7, ""section"": 1}, {""class"": ""III"", ""currency"": ""BRL"", ""total"": ""156297.46"", ""count"": null, ""page"": 7, ""section"": 2}, {""class"": ""III"", ""currency"": ""BRL"", ""total"": ""242341.00"", ""count"": null, ""page"": 7, ""section"": 2}, {""class"": ""III"", ""currency"": ""BRL"", ""total"": ""165755.44"", ""count"": null, ""page"": 7, ""section"": 2}, {""class"": ""III"", ""currency"": ""BRL"", ""total"": ""408096.44"", ""count"": null, ""page"": 9, ""section"": 2}]",QUARANTINED,TABLE,TABLE_RULED,prose_signal=1; classIII=FAIL,2026-09-03T23:49:15Z,ingest
8c57772182de3cf7e0581038df25b23faa9a4f6c,5001625-18.2022.8.24.0018,QGC,2025-07-02,"https://scalzilliaj.com.br/sgc/download.php?file=files/processo_documento/processo_documento14011402072025_1_.pdf&nome=04 - Relação de credores do art. 7, §2º, da LREF",/home/user/Anteparo/data/pdfs/scalzilliaj.com.br/8c57772182de3cf7.pdf,30,"[{""class"": null, ""currency"": ""BRL"", ""total"": ""52318603.62"", ""count"": null, ""page"": 14, ""section"": 1}, {""class"": null, ""currency"": ""BRL"", ""total"": ""19535165.72"", ""count"": null, ""page"": 14, ""section"": 2}, {""class"": null, ""currency"": ""BRL"", ""total"": ""53569269.14"", ""count"": null, ""page"": 21, ""section"": 3}, {""class"": null, ""currency"": ""BRL"", ""total"": ""11867019.18"", ""count"": null, ""page"": 29, ""section"": 4}, {""class"": null, ""currency"": ""BRL"", ""total"": ""117754891.94"", ""count"": null, ""page"": 30, ""section"": 5}]",OK_NO_TOTALS,TABLE,TABLE_RULED,prose_signal=0; classIII=NO_ROWS,2026-09-03T23:49:15Z,ingest
5c45f950bfb75a17f6897646bed34cb19aa19546,5245072-73.2023.8.21.0001,UNKNOWN,2025-04-22,https://cataliseaj.com.br/sgc/download.php?file=files/processo_documento/processo_documento17024122042025_1_.pdf&nome=17. EDITAL INTIMAÇÃO DE CREDORES SOBRE O ACORDO,/home/user/Anteparo/data/pdfs/cataliseaj.com.br/5c45f950bfb75a17.pdf,2,[],OK_NO_TOTALS,TABLE,TABLE_BANDS,prose_signal=0; classIII=NO_ROWS,2026-09-03T23:49:15Z,ingest
a0e12805e27ae5da182aa943c2655cdedb87d8a5,0000880-57.2020.8.17.2001,DEBTOR_LIST,2024-06-25,https://diligence.adm.br/wp-content/plugins/download-attachments/includes/download.php?id=4594,/home/user/Anteparo/data/pdfs/diligence.adm.br/a0e12805e27ae5da.pdf,6,[],OK_NO_TOTALS,PROSE,PROSE,prose_signal=0; fell back to PROSE; classIII=NO_ROWS,2026-09-03T23:49:15Z,ingest
58df07bbdd792c58299a79493499b64bd5af9196,5001625-18.2022.8.24.0018,QGC,2025-07-02,"https://scalzilliaj.com.br/sgc/download.php?file=files/processo_documento/processo_documento14070402072025_1_.pdf&nome=06 - Relação de credores do art. 18, da LREF",/home/user/Anteparo/data/pdfs/scalzilliaj.com.br/58df07bbdd792c58.pdf,29,"[{""class"": null, ""currency"": ""BRL"", ""total"": ""58573273.08"", ""count"": null, ""page"": 13, ""section"": 1}, {""class"": null, ""currency"": ""BRL"", ""total"": ""17899898.80"", ""count"": null, ""page"": 13, ""section"": 2}, {""class"": null, ""currency"": ""BRL"", ""total"": ""35332118.93"", ""count"": null, ""page"": 20, ""section"": 3}, {""class"": null, ""currency"": ""BRL"", ""total"": ""11009724.57"", ""count"": null, ""page"": 29, ""section"": 4}, {""class"": null, ""currency"": ""BRL"", ""total"": ""104915116.58"", ""count"": null, ""page"": 29, ""section"": 5}, {""class"": null, ""currency"": ""BRL"", ""total"": ""21037316.80"", ""count"": null, ""page"": 29, ""section"": 5}]",OK_NO_TOTALS,TABLE,TABLE_RULED,prose_signal=1; classIII=NO_ROWS,2026-09-03T23:49:15Z,ingest
c2d7e98d7d807981456c815a16ea8701dafb07c5,5240968-38.2023.8.21.0001,AJ_LIST,2025-10-24,https://cataliseaj.com.br/sgc/download.php?file=files/processo_documento/processo_documento14352224102025_1_.pdf&nome=14. EDITAL DE INTIMAÇÃO DOS CREDORES - ART. 66 §1º.,/home/user/Anteparo/data/pdfs/cataliseaj.com.br/c2d7e98d7d807981.pdf,2,[],OK_NO_TOTALS,TABLE,TABLE_BANDS,prose_signal=0; classIII=NO_ROWS,2026-09-03T23:49:15Z,ingest
667246f02c08f780a0c0419a9f8a84f627879a55,0700087-51.2020.8.02.0043,AJ_LIST,,https://recuperacaojudicial.squarespace.com/s/0700087-5120208020043-3-3hf4.pdf,/home/user/Anteparo/data/pdfs/recuperacaojudicial.squarespace.com/667246f02c08f780.pdf,3,"[{""class"": ""III"", ""currency"": ""BRL"", ""total"": null, ""count"": 7, ""page"": 1, ""section"": 1}]",QUARANTINED,PROSE,PROSE,prose_signal=0; fell back to PROSE; classIII=FAIL,2026-09-03T23:49:15Z,ingest
bd689ccef7f0ef42d67cbf555190457337a83b4a,0000206-69.2013.8.17.1340,UNKNOWN,,https://lrflideres.com.br/wp-content/plugins/download-attachments/includes/download.php?id=5002,/home/user/Anteparo/data/pdfs/lrflideres.com.br/bd689ccef7f0ef42.pdf,3,"[{""class"": ""I"", ""currency"": ""BRL"", ""total"": null, ""count"": null, ""page"": 1, ""section"": 1}, {""class"": ""II"", ""currency"": ""BRL"", ""total"": null, ""count"": null, ""page"": 1, ""section"": 2}, {""class"": ""III"", ""currency"": ""BRL"", ""total"": null, ""count"": null, ""page"": 2, ""section"": 3}]",OK_NO_TOTALS,PROSE,PROSE,prose_signal=0; fell back to PROSE; CASE_FROM_PAGE; classIII=NO_ROWS,2026-09-03T23:49:15Z,ingest
d1a51337e6e0e446350bb9e528fabeede323eb91,5009671-74.2022.8.21.0019,DEBTOR_LIST,,https://cataliseaj.com.br/sgc/download.php?file=files/processo_documento/processo_documento14551004102024_1_.pdf&nome=2. RELAÇÃO DE CREDORES - RECUPERANDAS,/home/user/Anteparo/data/pdfs/cataliseaj.com.br/d1a51337e6e0e446.pdf,7,"[{""class"": null, ""currency"": ""BRL"", ""total"": ""9994103.56"", ""count"": null, ""page"": 6, ""section"": 0}]",OK_NO_TOTALS,TABLE,TABLE_BANDS,prose_signal=0; CASE_FROM_PAGE; classIII=NO_ROWS,2026-09-03T23:49:15Z,ingest
7bbd6274b1489b4dbe1c301178dcd5f878a50924,0000880-57.2020.8.17.2001,AJ_LIST,2024-06-25,https://diligence.adm.br/wp-content/plugins/download-attachments/includes/download.php?id=4598,/home/user/Anteparo/data/pdfs/diligence.adm.br/7bbd6274b1489b4d.pdf,12,[],OK_NO_TOTALS,TABLE,TABLE_RULED,prose_signal=0; classIII=NO_TOTAL,2026-09-03T23:49:15Z,ingest
9b292ab966194c5af1755a944c5a9972e0eb16bb,0700087-51.2020.8.02.0043,AJ_LIST,2025-07-15,https://recuperacaojudicial.squarespace.com/s/LISTA-DE-CREDORES-CONSOLIDADA-EM-11072025_6419.pdf,/home/user/Anteparo/data/pdfs/recuperacaojudicial.squarespace.com/9b292ab966194c5a.pdf,4,"[{""class"": null, ""currency"": ""BRL"", ""total"": ""1405742.45"", ""count"": null, ""page"": 3, ""section"": 0}, {""class"": ""III"", ""currency"": ""BRL"", ""total"": ""1405742.45"", ""count"": null, ""page"": 4, ""section"": 2}]",OK,TABLE,TABLE_RULED,prose_signal=0; classIII=PASS,2026-09-03T23:49:15Z,ingest
62631ed3cb72fee188b5958141ec6a9fd28eed68,5012306-16.2022.8.21.0023,AJ_LIST,,https://scalzilliaj.com.br/sgc/download.php?file=files/processo_documento/processo_documento15084716032023_1_.pdf&nome=13 - Lista de credores apresentada pela administração judicial,/home/user/Anteparo/data/pdfs/scalzilliaj.com.br/62631ed3cb72fee1.pdf,31,"[{""class"": ""I"", ""currency"": ""BRL"", ""total"": null, ""count"": null, ""page"": 1, ""section"": 1}, {""class"": ""III"", ""currency"": ""BRL"", ""total"": null, ""count"": null, ""page"": 23, ""section"": 2}, {""class"": ""IV"", ""currency"": ""BRL"", ""total"": null, ""count"": null, ""page"": 28, ""section"": 3}]",OK_NO_TOTALS,PROSE,PROSE,prose_signal=0; fell back to PROSE; classIII=NO_TOTAL,2026-09-03T23:49:15Z,ingest
8b35887b890779ad3e0cf5df1d78debce35e8315,0062771-12.2013.8.17.0001,AJ_LIST,2019-11-12,https://lrflideres.com.br/wp-content/plugins/download-attachments/includes/download.php?id=7179,/home/user/Anteparo/data/pdfs/lrflideres.com.br/8b35887b890779ad.pdf,2,"[{""class"": ""I"", ""currency"": ""BRL"", ""total"": ""291492.73"", ""count"": 44, ""page"": 2, ""section"": 1}, {""class"": null, ""currency"": ""BRL"", ""total"": ""9746138.55"", ""count"": null, ""page"": 2, ""section"": 3}]",OK,PROSE,PROSE,prose_signal=0; fell back to PROSE; classIII=NO_ROWS,2026-09-03T23:49:15Z,ingest
741aed48dd004485cbfaf3bc50def81229cab4e3,5011460-87.2023.8.24.0020,DEBTOR_LIST,,https://cataliseaj.com.br/sgc/download.php?file=files/processo_documento/processo_documento15092204102024_1_.pdf&nome=02. RELAÇÃO DE CREDORES,/home/user/Anteparo/data/pdfs/cataliseaj.com.br/741aed48dd004485.pdf,4,[],OK_NO_TOTALS,TABLE,TABLE_RULED,prose_signal=2; CASE_FROM_PAGE; classIII=NO_TOTAL,2026-09-03T23:49:15Z,ingest
becfeadaba486540436e2f41c45c09ab3f1e805c,0720420-24.2018.8.02.0001,DEBTOR_LIST,,https://recuperacaojudicial.squarespace.com/s/Edital-1a-lista-publicado-4zf5.pdf,/home/user/Anteparo/data/pdfs/recuperacaojudicial.squarespace.com/becfeadaba486540.pdf,3,"[{""class"": ""I"", ""currency"": ""BRL"", ""total"": null, ""count"": 53, ""page"": 1, ""section"": 3}, {""class"": ""II"", ""currency"": ""BRL"", ""total"": null, ""count"": 1, ""page"": 1, ""section"": 4}, {""class"": ""III"", ""currency"": ""BRL"", ""total"": null, ""count"": 262, ""page"": 1, ""section"": 5}, {""class"": ""IV"", ""currency"": ""BRL"", ""total"": null, ""count"": 107, ""page"": 1, ""section"": 6}, {""class"": ""I"", ""currency"": ""BRL"", ""total"": null, ""count"": 53, ""page"": 1, ""section"": 7}, {""class"": ""II"", ""currency"": ""BRL"", ""total"": null, ""count"": 1, ""page"": 1, ""section"": 8}, {""class"": ""III"", ""currency"": ""BRL"", ""total"": null, ""count"": 262, ""page"": 1, ""section"": 9}, {""class"": ""IV"", ""currency"": ""BRL"", ""total"": null, ""count"": 107, ""page"": 3, ""section"": 10}]",QUARANTINED,PROSE,PROSE,prose_signal=0; fell back to PROSE; classIII=FAIL,2026-09-03T23:49:15Z,ingest
ebfb999b457caf45140ea7446a22cd3751154eaf,5012306-16.2022.8.21.0023,AJ_LIST,2023-03-21,"https://scalzilliaj.com.br/sgc/download.php?file=files/processo_documento/processo_documento09120721032023_1_.pdf&nome=15 - Edital do art. 7º, §2º e 53 da Lei 11.101/2005 (segunda lista de credores e recebimento do plano))",/home/user/Anteparo/data/pdfs/scalzilliaj.com.br/ebfb999b457caf45.pdf,34,"[{""class"": ""I"", ""currency"": ""BRL"", ""total"": null, ""count"": null, ""page"": 1, ""section"": 1}, {""class"": ""III"", ""currency"": ""BRL"", ""total"": null, ""count"": null, ""page"": 25, ""section"": 2}, {""class"": ""IV"", ""currency"": ""BRL"", ""total"": null, ""count"": null, ""page"": 30, ""section"": 3}]",OK_NO_TOTALS,PROSE,PROSE,prose_signal=0; fell back to PROSE; classIII=NO_TOTAL,2026-09-03T23:49:15Z,ingest
2e02b137d8e626f4b53cefbfc66a7f78ac0a0968,0730042-64.2017.8.02.0001,AJ_LIST,,https://recuperacaojudicial.squarespace.com/s/RJ-CHL-Publicaco-do-Edital-com-a-2-Lista-de-Credores.pdf,/home/user/Anteparo/data/pdfs/recuperacaojudicial.squarespace.com/2e02b137d8e626f4.pdf,3,"[{""class"": ""I"", ""currency"": ""BRL"", ""total"": ""647056.69"", ""count"": 55, ""page"": 1, ""section"": 1}, {""class"": ""II"", ""currency"": ""BRL"", ""total"": ""11338441.03"", ""count"": 1, ""page"": 1, ""section"": 2}, {""class"": ""III"", ""currency"": ""BRL"", ""total"": ""15366157.55"", ""count"": 115, ""page"": 1, ""section"": 3}, {""class"": ""IV"", ""currency"": ""BRL"", ""total"": ""1399658.85"", ""count"": 106, ""page"": 1, ""section"": 4}, {""class"": ""I"", ""currency"": ""BRL"", ""total"": ""647056.69"", ""count"": 55, ""page"": 1, ""section"": 5}, {""class"": ""II"", ""currency"": ""BRL"", ""total"": ""11338441.03"", ""count"": 1, ""page"": 1, ""section"": 6}, {""class"": ""III"", ""currency"": ""BRL"", ""total"": ""15366157.55"", ""count"": 115, ""page"": 1, ""section"": 7}, {""class"": ""IV"", ""currency"": ""BRL"", ""total"": ""1399658.85"", ""count"": 106, ""page"": 2, ""section"": 8}]",QUARANTINED,PROSE,PROSE,prose_signal=0; fell back to PROSE; classIII=FAIL,2026-09-03T23:49:15Z,ingest
1a6ba08e67838d22eb42facd6514f6e8da66774e,5045407-81.2020.8.21.0001,QGC,2020-04-27,https://cataliseaj.com.br/sgc/download.php?file=files/processo_documento/processo_documento13473310062024_1_.pdf&nome=2. SENTENÇA,/home/user/Anteparo/data/pdfs/cataliseaj.com.br/1a6ba08e67838d22.pdf,4,[],NO_ROWS,TABLE,TABLE_BANDS,prose_signal=1; classIII=NO_ROWS,2026-09-03T23:49:15Z,ingest
44ecd0afa707dc9a78430215646a429a26d22516,0000880-57.2020.8.17.2001,AJ_LIST,2024-06-25,https://diligence.adm.br/wp-content/plugins/download-attachments/includes/download.php?id=4599,/home/user/Anteparo/data/pdfs/diligence.adm.br/44ecd0afa707dc9a.pdf,13,[],OK_NO_TOTALS,TABLE,TABLE_RULED,prose_signal=0; classIII=NO_TOTAL,2026-09-03T23:49:15Z,ingest
0f6124399bb9c45e891672eb521a402d7a824b74,0062771-12.2013.8.17.0001,AJ_LIST,2019-11-12,https://lrflideres.com.br/wp-content/plugins/download-attachments/includes/download.php?id=7180,/home/user/Anteparo/data/pdfs/lrflideres.com.br/0f6124399bb9c45e.pdf,2,"[{""class"": ""I"", ""currency"": ""BRL"", ""total"": ""291492.73"", ""count"": 44, ""page"": 2, ""section"": 1}, {""class"": null, ""currency"": ""BRL"", ""total"": ""9746138.55"", ""count"": null, ""page"": 2, ""section"": 3}]",OK,PROSE,PROSE,prose_signal=0; fell back to PROSE; classIII=NO_ROWS,2026-09-03T23:49:15Z,ingest
f29a8b208f29e8df79765abec0fe8716e4d8a77c,5009901-48.2024.8.21.0019,AJ_LIST,2024-11-22,"https://scalzilliaj.com.br/sgc/download.php?file=files/processo_documento/processo_documento17263022112024_1_.pdf&nome=11 - Edital do art. 7º,  §2º da Lei 11.101/2005 (Relação de Credores da Administração Judicial)",/home/user/Anteparo/data/pdfs/scalzilliaj.com.br/f29a8b208f29e8df.pdf,5,[],OK_NO_TOTALS,PROSE,PROSE,prose_signal=0; fell back to PROSE; classIII=NO_ROWS,2026-09-03T23:49:15Z,ingest
b7f5f14de64b2168fcc893ade9a1068600468346,0720420-24.2018.8.02.0001,QGC,2022-08-15,https://recuperacaojudicial.squarespace.com/s/QGC-CHL-CONSOLIDADO-FEV2025.pdf,/home/user/Anteparo/data/pdfs/recuperacaojudicial.squarespace.com/b7f5f14de64b2168.pdf,9,"[{""class"": ""I"", ""currency"": ""BRL"", ""total"": ""773954.89"", ""count"": null, ""page"": 2, ""section"": 1}, {""class"": ""II"", ""currency"": ""BRL"", ""total"": ""6519141.03"", ""count"": null, ""page"": 2, ""section"": 2}, {""class"": ""III"", ""currency"": ""BRL"", ""total"": ""12825216.47"", ""count"": null, ""page"": 2, ""section"": 3}, {""class"": ""IV"", ""currency"": ""BRL"", ""total"": ""730742.35"", ""count"": null, ""page"": 2, ""section"": 4}, {""class"": ""IV"", ""currency"": ""BRL"", ""total"": ""20849054.74"", ""count"": null, ""page"": 2, ""section"": 4}, {""class"": ""I"", ""currency"": ""BRL"", ""total"": ""773954.89"", ""count"": null, ""page"": 3, ""section"": -1}, {""class"": ""I"", ""currency"": ""BRL"", ""total"": ""773954.89"", ""count"": null, ""page"": 4, ""section"": -1}, {""class"": ""II"", ""currency"": ""BRL"", ""total"": ""6519141.03"", ""count"": null, ""page"": 5, ""section"": 6}, {""class"": ""III"", ""currency"": ""BRL"", ""total"": ""12825216.47"", ""count"": null, ""page"": 6, ""section"": 7}, {""class"": ""III"", ""currency"": ""BRL"", ""total"": ""12825216.47"", ""count"": null, ""page"": 7, ""section"": 7}, {""class"": ""IV"", ""currency"": ""BRL"", ""total"": ""730742.35"", ""count"": null, ""page"": 8, ""section"": -1}, {""class"": ""IV"", ""currency"": ""BRL"", ""total"": ""730742.35"", ""count"": null, ""page"": 9, ""section"": -1}]",QUARANTINED,TABLE,TABLE_RULED,prose_signal=0; classIII=FAIL,2026-09-03T23:49:15Z,ingest
971651d82e9ced2d6541fbf084086ec5581870a1,5045407-81.2020.8.21.0001,QGC,2023-05-03,https://cataliseaj.com.br/sgc/download.php?file=files/processo_documento/processo_documento14081810062024_1_.pdf&nome=18. SENTENÇA - ENCERRAMENTO DA FALÊNCIA,/home/user/Anteparo/data/pdfs/cataliseaj.com.br/971651d82e9ced2d.pdf,3,[],OK_NO_TOTALS,TABLE,TABLE_BANDS,prose_signal=0; classIII=NO_ROWS,2026-09-03T23:49:15Z,ingest
3727d738e67cf64c2a86901f78ff5538c491bdd8,0000880-57.2020.8.17.2001,AJ_LIST,2024-06-25,https://diligence.adm.br/wp-content/plugins/download-attachments/includes/download.php?id=4601,/home/user/Anteparo/data/pdfs/diligence.adm.br/3727d738e67cf64c.pdf,6,"[{""class"": ""I"", ""currency"": ""BRL"", ""total"": null, ""count"": null, ""page"": 4, ""section"": 1}, {""class"": ""III"", ""currency"": ""BRL"", ""total"": null, ""count"": null, ""page"": 5, ""section"": 2}, {""class"": ""IV"", ""currency"": ""BRL"", ""total"": null, ""count"": null, ""page"": 5, ""section"": 3}]",OK_NO_TOTALS,PROSE,PROSE,prose_signal=0; fell back to PROSE; classIII=NO_TOTAL,2026-09-03T23:49:15Z,ingest
19d36d5aa07a59b905759de35e53e37b9201e39b,5073632-14.2020.8.21.0001,QGC,2020-07-03,https://cataliseaj.com.br/sgc/download.php?file=files/processo_documento/processo_documento14165810062024_1_.pdf&nome=3. SENTENÇA DECRETANDO FALÊNCIA,/home/user/Anteparo/data/pdfs/cataliseaj.com.br/19d36d5aa07a59b9.pdf,4,[],NO_ROWS,TABLE,TABLE_BANDS,prose_signal=1; classIII=NO_ROWS,2026-09-03T23:49:15Z,ingest
5e19dac074eb9cfaec435f936dc0ffe4f5463642,0301621-43.2016.8.24.0037,UNKNOWN,,"https://scalzilliaj.com.br/sgc/download.php?file=files/processo_documento/processo_documento16205111122023_1_.pdf&nome=06 - Edital do art. 7º, §2º e 53 da Lei 11.101/2005 (segunda lista de credores e recebimento do plano)",/home/user/Anteparo/data/pdfs/scalzilliaj.com.br/5e19dac074eb9cfa.pdf,4,[],NO_TEXT_LAYER,NONE,,NO_TEXT_LAYER: needs OCR; CASE_FROM_PAGE; classIII=NO_ROWS,2026-09-03T23:49:16Z,ingest
7ac96973df45209b8d11d33898f36db5f42d9740,0062771-12.2013.8.17.0001,UNKNOWN,2026-06-01,https://lrflideres.com.br/wp-content/plugins/download-attachments/includes/download.php?id=7181,/home/user/Anteparo/data/pdfs/lrflideres.com.br/7ac96973df45209b.pdf,5,[],OK_NO_TOTALS,TABLE,TABLE_RULED,prose_signal=0; classIII=NO_ROWS,2026-09-03T23:49:16Z,ingest
cfb47e5ee93a95159719dc8610088ab9bb62e488,0720699-10.2018.8.02.0001,UNKNOWN,,https://recuperacaojudicial.squarespace.com/s/Edital-1-lista-publicado.pdf,/home/user/Anteparo/data/pdfs/recuperacaojudicial.squarespace.com/cfb47e5ee93a9515.pdf,5,[],NO_ROWS,TABLE,TABLE_BANDS,prose_signal=0; CASE_FROM_PAGE; classIII=NO_ROWS,2026-09-03T23:49:16Z,ingest
fbae1868c3025aad3d49c2f4e479cba25544ee72,0301621-43.2016.8.24.0037,UNKNOWN,2025-06-02,https://scalzilliaj.com.br/sgc/download.php?file=files/processo_documento/processo_documento14411302062025_1_.pdf&nome=12 - Edital de chamamento aos credores,/home/user/Anteparo/data/pdfs/scalzilliaj.com.br/fbae1868c3025aad.pdf,2,[],NO_ROWS,TABLE,TABLE_BANDS,prose_signal=0; classIII=NO_ROWS,2026-09-03T23:49:16Z,ingest
620492a9029346cbbfbbda1350c4a3c9181b9783,5006054-94.2026.8.21.0010,QGC,,https://cataliseaj.com.br/sgc/download.php?file=files/processo_documento/processo_documento11070313032026_1_.pdf&nome=2. SENTENÇA  FALÊNCIA,/home/user/Anteparo/data/pdfs/cataliseaj.com.br/620492a9029346cb.pdf,4,[],OK_NO_TOTALS,TABLE,TABLE_BANDS,prose_signal=0; classIII=NO_ROWS,2026-09-03T23:49:16Z,ingest
c562f58f90c937659e9ae000d270fdc4c38db904,0042540-21.2012.8.21.0022,AJ_LIST,2018-04-26,"https://scalzilliaj.com.br/sgc/download.php?file=files/processo_documento/processo_documento11504207012022_1_.pdf&nome=07 - Edital do art. 7º, §2º (segunda lista de credores) e do art. 53 da Lei 11.101/2005 (recebimento do plano)",/home/user/Anteparo/data/pdfs/scalzilliaj.com.br/c562f58f90c93765.pdf,2,"[{""class"": ""I"", ""currency"": ""BRL"", ""total"": null, ""count"": null, ""page"": 2, ""section"": 1}, {""class"": ""III"", ""currency"": ""BRL"", ""total"": null, ""count"": null, ""page"": 2, ""section"": 2}, {""class"": ""IV"", ""currency"": ""BRL"", ""total"": null, ""count"": null, ""page"": 2, ""section"": 3}]",OK_NO_TOTALS,PROSE,PROSE,prose_signal=0; fell back to PROSE; classIII=NO_TOTAL,2026-09-03T23:49:16Z,ingest
cdde16d5b23ab68896af83e2f0600064968fecb2,0062771-12.2013.8.17.0001,UNKNOWN,2026-06-01,https://lrflideres.com.br/wp-content/plugins/download-attachments/includes/download.php?id=7182,/home/user/Anteparo/data/pdfs/lrflideres.com.br/cdde16d5b23ab688.pdf,8,"[{""class"": null, ""currency"": ""BRL"", ""total"": ""13259.59"", ""count"": null, ""page"": 5, ""section"": 0}, {""class"": null, ""currency"": ""BRL"", ""total"": ""8731104.64"", ""count"": null, ""page"": 5, ""section"": 1}]",OK_NO_TOTALS,TABLE,TABLE_BANDS,prose_signal=0; classIII=NO_ROWS,2026-09-03T23:49:16Z,ingest
0425bbd7eff9e268fa3853beb934ef41f1ed1e0d,0026172-78.2019.8.17.2001,AJ_LIST,2026-06-25,https://diligence.adm.br/wp-content/plugins/download-attachments/includes/download.php?id=6266,/home/user/Anteparo/data/pdfs/diligence.adm.br/0425bbd7eff9e268.pdf,15,"[{""class"": ""I"", ""currency"": ""BRL"", ""total"": ""5401545.06"", ""count"": null, ""page"": 15, ""section"": 6}, {""class"": ""III"", ""currency"": ""BRL"", ""total"": ""43522706.49"", ""count"": null, ""page"": 15, ""section"": 7}, {""class"": ""IV"", ""currency"": ""BRL"", ""total"": ""149744.38"", ""count"": null, ""page"": 15, ""section"": 8}, {""class"": ""IV"", ""currency"": ""BRL"", ""total"": ""49073995.93"", ""count"": null, ""page"": 15, ""section"": 8}]",QUARANTINED,TABLE,TABLE_BANDS,prose_signal=0; classIII=FAIL,2026-09-03T23:49:38Z,ingest
0bc34a3e128f622c458d0836557fae7d7eec9a2b,0720699-10.2018.8.02.0001,AJ_LIST,,https://recuperacaojudicial.squarespace.com/s/0720699-1020188020001.pdf,/home/user/Anteparo/data/pdfs/recuperacaojudicial.squarespace.com/0bc34a3e128f622c.pdf,52,"[{""class"": ""I"", ""currency"": ""BRL"", ""total"": ""1533720.17"", ""count"": null, ""page"": 3, ""section"": 1}, {""class"": ""II"", ""currency"": ""BRL"", ""total"": ""12082739.22"", ""count"": null, ""page"": 5, ""section"": 2}, {""class"": ""III"", ""currency"": ""BRL"", ""total"": ""7604539.18"", ""count"": 18, ""page"": 6, ""section"": 3}, {""class"": ""IV"", ""currency"": ""BRL"", ""total"": ""479659.62"", ""count"": 62, ""page"": 9, ""section"": 4}, {""class"": ""I"", ""currency"": ""BRL"", ""total"": null, ""count"": null, ""page"": 11, ""section"": 5}, {""class"": ""III"", ""currency"": ""BRL"", ""total"": null, ""count"": null, ""page"": 11, ""section"": 6}, {""class"": ""III"", ""currency"": ""BRL"", ""total"": null, ""count"": null, ""page"": 11, ""section"": 7}, {""class"": ""IV"", ""currency"": ""BRL"", ""total"": null, ""count"": 205, ""page"": 12, ""section"": 8}]",QUARANTINED,PROSE,PROSE,prose_signal=18; classIII=FAIL,2026-09-03T23:49:38Z,ingest
8741c074b29e05c60fc6da8ab8422dc3cea7b5c4,5032419-57.2023.8.21.0022,AJ_LIST,,https://cataliseaj.com.br/sgc/download.php?file=files/processo_documento/processo_documento16442912072024_1_.pdf&nome=4. SENTENÇA DE FALÊNCIA,/home/user/Anteparo/data/pdfs/cataliseaj.com.br/8741c074b29e05c6.pdf,6,[],NO_ROWS,TABLE,TABLE_BANDS,prose_signal=0; classIII=NO_ROWS,2026-09-03T23:49:38Z,ingest
a57b29e07c6d192ccae2476fff8fe9a49e8ed40d,5012295-78.2023.8.24.0019,QGC,2024-03-05,"https://scalzilliaj.com.br/sgc/download.php?file=files/processo_documento/processo_documento10141405032024_1_.pdf&nome=10 - Edital do art. 7º, §2º da Lei 11.101/2005 (segunda lista de credores)",/home/user/Anteparo/data/pdfs/scalzilliaj.com.br/a57b29e07c6d192c.pdf,2,"[{""class"": ""I"", ""currency"": ""BRL"", ""total"": null, ""count"": null, ""page"": 1, ""section"": 1}, {""class"": ""III"", ""currency"": ""BRL"", ""total"": null, ""count"": null, ""page"": 1, ""section"": 2}, {""class"": ""IV"", ""currency"": ""BRL"", ""total"": null, ""count"": null, ""page"": 2, ""section"": 3}]",OK_NO_TOTALS,PROSE,PROSE,prose_signal=0; fell back to PROSE; classIII=NO_TOTAL,2026-09-03T23:49:38Z,ingest
ff0f17555747d14cd693fc4aa3d15754df293e39,5036084-50.2024.8.21.0021,AJ_LIST,2026-07-01,https://cataliseaj.com.br/sgc/download.php?file=files/processo_documento/processo_documento16363801072026_1_.pdf&nome=14. SENTENÇA FALÊNCIA,/home/user/Anteparo/data/pdfs/cataliseaj.com.br/ff0f17555747d14c.pdf,9,[],OK_NO_TOTALS,TABLE,TABLE_BANDS,prose_signal=0; classIII=NO_ROWS,2026-09-03T23:49:38Z,ingest
1242e83d7015ec319191f622d04ab15832c962fc,0720699-10.2018.8.02.0001,UNKNOWN,,https://recuperacaojudicial.squarespace.com/s/Edital2lista.pdf,/home/user/Anteparo/data/pdfs/recuperacaojudicial.squarespace.com/1242e83d7015ec31.pdf,4,[],NO_ROWS,TABLE,TABLE_BANDS,prose_signal=0; CASE_FROM_PAGE; classIII=NO_ROWS,2026-09-03T23:49:38Z,ingest
e4806b7d39157a7a685b05a5d4076f392271c6d2,0034714-90.2016.8.17.2001,DEBTOR_LIST,2021-09-20,https://lrflideres.com.br/wp-content/plugins/download-attachments/includes/download.php?id=3555,/home/user/Anteparo/data/pdfs/lrflideres.com.br/e4806b7d39157a7a.pdf,4,[],OK_NO_TOTALS,TABLE,TABLE_BANDS,prose_signal=0; classIII=NO_ROWS,2026-09-03T23:49:38Z,ingest
70eb7014739f42d09f9b61cd132e98426b0e40f0,0028131-73.2024.8.16.0017,AJ_LIST,2025-02-19,"https://scalzilliaj.com.br/sgc/download.php?file=files/processo_documento/processo_documento15542620022025_1_.pdf&nome=11 - Relação de credores - art. 7º, §2º, da LREF",/home/user/Anteparo/data/pdfs/scalzilliaj.com.br/70eb7014739f42d0.pdf,2,"[{""class"": ""III"", ""currency"": ""BRL"", ""total"": null, ""count"": null, ""page"": 1, ""section"": 2}, {""class"": ""I"", ""currency"": ""BRL"", ""total"": null, ""count"": null, ""page"": 1, ""section"": 3}, {""class"": ""II"", ""currency"": ""BRL"", ""total"": null, ""count"": null, ""page"": 1, ""section"": 4}, {""class"": ""IV"", ""currency"": ""BRL"", ""total"": null, ""count"": null, ""page"": 2, ""section"": 5}]",OK_NO_TOTALS,PROSE,PROSE,prose_signal=0; fell back to PROSE; classIII=NO_TOTAL,2026-09-03T23:49:38Z,ingest
64f07c6cbda782ca1aea5b7f294be5b8b87b4d9d,,,,https://diligence.adm.br/wp-content/plugins/download-attachments/includes/download.php?id=6265,/home/user/Anteparo/data/pdfs/diligence.adm.br/64f07c6cbda782ca.pdf,,,ERROR,,,WORKER_EXIT_1: pdfplumber.utils.exceptions.PdfminerException: Unable to allocate output buffer.,2026-09-03T23:50:12Z,ingest
53e0bc93ee2b531b9e8be3ef668cc5654efd94c6,5003861-41.2023.8.21.0001,AJ_LIST,2024-12-13,https://cataliseaj.com.br/sgc/download.php?file=files/processo_documento/processo_documento14454313122024_1_.pdf&nome=2. SENTENÇA - DECRETAÇÃO DA FALÊNCIA,/home/user/Anteparo/data/pdfs/cataliseaj.com.br/53e0bc93ee2b531b.pdf,4,[],OK_NO_TOTALS,TABLE,TABLE_BANDS,prose_signal=1; classIII=NO_ROWS,2026-09-03T23:50:12Z,ingest
9c8a0050fb5832f7795851dfbca7915c0e8337a2,0705411-79.2017.8.02.0058,QGC,,https://recuperacaojudicial.squarespace.com/s/doc_36593341.pdf,/home/user/Anteparo/data/pdfs/recuperacaojudicial.squarespace.com/9c8a0050fb5832f7.pdf,7,"[{""class"": ""I"", ""currency"": ""BRL"", ""total"": null, ""count"": 3, ""page"": 6, ""section"": 1}, {""class"": ""III"", ""currency"": ""BRL"", ""total"": null, ""count"": 19, ""page"": 6, ""section"": 2}, {""class"": ""IV"", ""currency"": ""BRL"", ""total"": null, ""count"": 2, ""page"": 6, ""section"": 3}, {""class"": ""I"", ""currency"": ""BRL"", ""total"": null, ""count"": 3, ""page"": 6, ""section"": 4}, {""class"": ""III"", ""currency"": ""BRL"", ""total"": null, ""count"": 19, ""page"": 6, ""section"": 5}, {""class"": ""IV"", ""currency"": ""BRL"", ""total"": null, ""count"": 2, ""page"": 7, ""section"": 6}]",QUARANTINED,PROSE,PROSE,prose_signal=0; fell back to PROSE; classIII=FAIL,2026-09-03T23:50:12Z,ingest
6fb9e676279fa77c22532f7456586e12fd9adc44,,UNKNOWN,,https://cataliseaj.com.br/sgc/download.php?file=files/processo_documento/processo_documento17195710062024_1_.pdf&nome=5. SENTENÇA,/home/user/Anteparo/data/pdfs/cataliseaj.com.br/6fb9e676279fa77c.pdf,3,[],NO_TEXT_LAYER,NONE,,NO_TEXT_LAYER: needs OCR; CASE_NUMBER_MISSING; classIII=NO_ROWS,2026-09-03T23:50:12Z,ingest
a3ec2a16cff4f58c749d55c4ed2458f04e366da4,0804074-43.2026.8.12.0002,UNKNOWN,2026-01-04,https://scalzilliaj.com.br/sgc/download.php?file=files/processo_documento/processo_documento16563107072026_1_.pdf&nome=05. Lista de credores apresentada pelas Recuperandas,/home/user/Anteparo/data/pdfs/scalzilliaj.com.br/a3ec2a16cff4f58c.pdf,43,"[{""class"": ""I"", ""currency"": ""BRL"", ""total"": ""62996.24"", ""count"": null, ""page"": 1, ""section"": 5}, {""class"": ""III"", ""currency"": ""BRL"", ""total"": ""24792506.66"", ""count"": null, ""page"": 1, ""section"": 7}, {""class"": ""IV"", ""currency"": ""BRL"", ""total"": ""66216.98"", ""count"": null, ""page"": 1, ""section"": 8}, {""class"": ""IV"", ""currency"": ""BRL"", ""total"": ""24921719.88"", ""count"": null, ""page"": 1, ""section"": 8}]",QUARANTINED,TABLE,TABLE_BANDS,prose_signal=0; CASE_FROM_PAGE; classIII=FAIL,2026-09-03T23:50:12Z,ingest
2e68d9417d05d7222e33a1d190c788d758abcbf8,0034714-90.2016.8.17.2001,AJ_LIST,2021-09-20,https://lrflideres.com.br/wp-content/plugins/download-attachments/includes/download.php?id=3556,/home/user/Anteparo/data/pdfs/lrflideres.com.br/2e68d9417d05d722.pdf,6,"[{""class"": ""III"", ""currency"": ""BRL"", ""total"": ""1769869.16"", ""count"": null, ""page"": 6, ""section"": 3}, {""class"": ""III"", ""currency"": ""BRL"", ""total"": ""114898.00"", ""count"": null, ""page"": 6, ""section"": 3}, {""class"": ""III"", ""currency"": ""BRL"", ""total"": ""88233.68"", ""count"": null, ""page"": 6, ""section"": 3}, {""class"": ""III"", ""currency"": ""BRL"", ""total"": ""1738.55"", ""count"": null, ""page"": 6, ""section"": 3}, {""class"": ""III"", ""currency"": ""BRL"", ""total"": ""117.00"", ""count"": null, ""page"": 6, ""section"": 3}, {""class"": ""III"", ""currency"": ""BRL"", ""total"": ""350.30"", ""count"": null, ""page"": 6, ""section"": 3}, {""class"": ""III"", ""currency"": ""BRL"", ""total"": ""532.20"", ""count"": null, ""page"": 6, ""section"": 3}, {""class"": ""III"", ""currency"": ""BRL"", ""total"": ""2000.00"", ""count"": null, ""page"": 6, ""section"": 3}, {""class"": ""III"", ""currency"": ""BRL"", ""total"": ""232.50"", ""count"": null, ""page"": 6, ""section"": 3}, {""class"": ""III"", ""currency"": ""BRL"", ""total"": ""1664711.76"", ""count"": null, ""page"": 6, ""section"": 3}, {""class"": ""III"", ""currency"": ""BRL"", ""total"": ""701793.87"", ""count"": null, ""page"": 6, ""section"": 3}, {""class"": ""III"", ""currency"": ""BRL"", ""total"": ""378.00"", ""count"": null, ""page"": 6, ""section"": 3}, {""class"": ""III"", ""currency"": ""BRL"", ""total"": ""976.96"", ""count"": null, ""page"": 6, ""section"": 3}, {""class"": ""III"", ""currency"": ""BRL"", ""total"": ""2603291.53"", ""count"": null, ""page"": 6, ""section"": 3}, {""class"": ""III"", ""currency"": ""BRL"", ""total"": ""253.42"", ""count"": null, ""page"": 6, ""section"": 3}, {""class"": ""III"", ""currency"": ""BRL"", ""total"": ""152.00"", ""count"": null, ""page"": 6, ""section"": 3}, {""class"": ""III"", ""currency"": ""BRL"", ""total"": ""122.82"", ""count"": null, ""page"": 6, ""section"": 3}, {""class"": ""III"", ""currency"": ""BRL"", ""total"": ""2870.56"", ""count"": null, ""page"": 6, ""section"": 3}, {""class"": ""III"", ""currency"": ""BRL"", ""total"": ""5338.36"", ""count"": null, ""page"": 6, ""section"": 3}, {""class"": ""IV"", ""currency"": ""BRL"", ""total"": ""390.00"", ""count"": null, ""page"": 6, ""section"": 4}, {""class"": ""IV"", ""currency"": ""BRL"", ""total"": ""20079.00"", ""count"": null, ""page"": 6, ""section"": 4}, {""class"": ""IV"", ""currency"": ""BRL"", ""total"": ""180.00"", ""count"": null, ""page"": 6, ""section"": 4}, {""class"": ""IV"", ""currency"": ""BRL"", ""total"": ""128.29"", ""count"": null, ""page"": 6, ""section"": 4}, {""class"": ""IV"", ""currency"": ""BRL"", ""total"": ""250.00"", ""count"": null, ""page"": 6, ""section"": 4}, {""class"": ""IV"", ""currency"": ""BRL"", ""total"": ""5200.00"", ""count"": null, ""page"": 6, ""section"": 4}, {""class"": ""IV"", ""currency"": ""BRL"", ""total"": ""80.00"", ""count"": null, ""page"": 6, ""section"": 4}, {""class"": ""IV"", ""currency"": ""BRL"", ""total"": ""519.00"", ""count"": null, ""page"": 6, ""section"": 4}, {""class"": ""IV"", ""currency"": ""BRL"", ""total"": ""1200.00"", ""count"": null, ""page"": 6, ""section"": 4}, {""class"": ""IV"", ""currency"": ""BRL"", ""total"": ""200.00"", ""count"": null, ""page"": 6, ""section"": 4}, {""class"": ""IV"", ""currency"": ""BRL"", ""total"": ""233.61"", ""count"": null, ""page"": 6, ""section"": 4}, {""class"": ""IV"", ""currency"": ""BRL"", ""total"": ""6986320.57"", ""count"": null, ""page"": 6, ""section"": 4}]",OK,TABLE,TABLE_BANDS,prose_signal=0; classIII=PASS,2026-09-03T23:50:12Z,ingest
1f7034a9c4cd34f1026ab1d2ccd32393cef6b826,0705411-79.2017.8.02.0058,AJ_LIST,,https://recuperacaojudicial.squarespace.com/s/doc_40308947.pdf,/home/user/Anteparo/data/pdfs/recuperacaojudicial.squarespace.com/1f7034a9c4cd34f1.pdf,12,"[{""class"": ""I"", ""currency"": ""BRL"", ""total"": ""1083.91"", ""count"": null, ""page"": 3, ""section"": 1}, {""class"": ""III"", ""currency"": ""BRL"", ""total"": ""1663460.60"", ""count"": null, ""page"": 3, ""section"": 2}, {""class"": ""IV"", ""currency"": ""BRL"", ""total"": ""380.00"", ""count"": null, ""page"": 4, ""section"": 3}, {""class"": ""III"", ""currency"": ""BRL"", ""total"": ""829205.63"", ""count"": null, ""page"": 9, ""section"": 4}, {""class"": ""III"", ""currency"": ""BRL"", ""total"": ""287473.73"", ""count"": null, ""page"": 10, ""section"": 4}, {""class"": ""III"", ""currency"": ""BRL"", ""total"": ""221499.03"", ""count"": null, ""page"": 10, ""section"": 4}, {""class"": ""III"", ""currency"": ""BRL"", ""total"": ""1446882.88"", ""count"": null, ""page"": 12, ""section"": 4}]",QUARANTINED,TABLE,TABLE_RULED,prose_signal=1; classIII=FAIL,2026-09-03T23:50:12Z,ingest
bf3c4e448c3e0499bc7b3b13b6efa1d1598d598a,0032731-52.2010.8.17.0001,AJ_LIST,2024-06-11,https://diligence.adm.br/wp-content/plugins/download-attachments/includes/download.php?id=4579,/home/user/Anteparo/data/pdfs/diligence.adm.br/bf3c4e448c3e0499.pdf,8,[],OK_NO_TOTALS,TABLE,TABLE_RULED,prose_signal=1; classIII=NO_TOTAL,2026-09-03T23:50:12Z,ingest
aef8f9fc21201753859b2d7f9c5303729c2913ec,5082193-22.2023.8.21.0001,AJ_LIST,2023-05-12,https://cataliseaj.com.br/sgc/download.php?file=files/processo_documento/processo_documento17281910062024_1_.pdf&nome=01. SENTENCA DE FALÊNCIA,/home/user/Anteparo/data/pdfs/cataliseaj.com.br/aef8f9fc21201753.pdf,4,[],NO_ROWS,TABLE,TABLE_BANDS,prose_signal=1; classIII=NO_ROWS,2026-09-03T23:50:12Z,ingest
3a2906fdf12974f9d8398305a4ff3af8f66dcb5d,5002620-23.2025.8.24.0019,AJ_LIST,2026-05-08,https://scalzilliaj.com.br/sgc/download.php?file=files/processo_documento/processo_documento10583008052026_1_.pdf&nome= 14. Edital de intimação aos credores acerca da decisão que concede a Recuperação Judicial,/home/user/Anteparo/data/pdfs/scalzilliaj.com.br/3a2906fdf12974f9.pdf,5,[],NO_ROWS,TABLE,TABLE_BANDS,prose_signal=2; classIII=NO_ROWS,2026-09-03T23:50:12Z,ingest
b16f689cea20786fa22a3b8598cf578e7ad0e697,0034714-90.2016.8.17.2001,AJ_LIST,2021-09-20,https://lrflideres.com.br/wp-content/plugins/download-attachments/includes/download.php?id=3557,/home/user/Anteparo/data/pdfs/lrflideres.com.br/b16f689cea20786f.pdf,3,[],OK_NO_TOTALS,TABLE,TABLE_BANDS,prose_signal=0; classIII=NO_ROWS,2026-09-03T23:50:12Z,ingest
69d7d08219363c300c49ea3d830b1e9297cc7992,1021191-85.2025.8.11.0015,UNKNOWN,,https://scalzilliaj.com.br/sgc/download.php?file=files/processo_documento/processo_documento17331017092025_1_.pdf&nome=09 - Relação de credores apresentada pelo Grupo Devedor,/home/user/Anteparo/data/pdfs/scalzilliaj.com.br/69d7d08219363c30.pdf,11,[],OK_NO_TOTALS,PROSE,PROSE,prose_signal=22; CASE_FROM_PAGE; classIII=NO_ROWS,2026-09-03T23:50:12Z,ingest
aa296c7b733a633cc5643d5c8467dd4bf1ea0521,5087077-02.2020.8.21.0001,QGC,2021-01-20,https://cataliseaj.com.br/sgc/download.php?file=files/processo_documento/processo_documento17325610062024_1_.pdf&nome=3. SENTENÇA DECRETANDO FALÊNCIA,/home/user/Anteparo/data/pdfs/cataliseaj.com.br/aa296c7b733a633c.pdf,4,[],NO_ROWS,TABLE,TABLE_BANDS,prose_signal=1; classIII=NO_ROWS,2026-09-03T23:50:12Z,ingest
74acccd5aa11330a5ed51944277b0d8460e0e875,0705411-79.2017.8.02.0058,AJ_LIST,,https://recuperacaojudicial.squarespace.com/s/doc_48744068-2z93.pdf,/home/user/Anteparo/data/pdfs/recuperacaojudicial.squarespace.com/74acccd5aa11330a.pdf,1,"[{""class"": ""I"", ""currency"": ""BRL"", ""total"": ""1083.91"", ""count"": 3, ""page"": 1, ""section"": 1}, {""class"": ""III"", ""currency"": ""BRL"", ""total"": ""1663460.60"", ""count"": 19, ""page"": 1, ""section"": 2}, {""class"": ""IV"", ""currency"": ""BRL"", ""total"": ""380.00"", ""count"": 2, ""page"": 1, ""section"": 3}, {""class"": ""I"", ""currency"": ""BRL"", ""total"": ""1083.91"", ""count"": 3, ""page"": 1, ""section"": 4}, {""class"": ""III"", ""currency"": ""BRL"", ""total"": ""1663460.60"", ""count"": 19, ""page"": 1, ""section"": 5}]",QUARANTINED,PROSE,PROSE,prose_signal=0; fell back to PROSE; classIII=FAIL,2026-09-03T23:50:12Z,ingest
0ecae0dabc2caeedf18aae3dbfbf8056f4120d58,0032731-52.2010.8.17.0001,UNKNOWN,2024-06-11,https://diligence.adm.br/wp-content/plugins/download-attachments/includes/download.php?id=4581,/home/user/Anteparo/data/pdfs/diligence.adm.br/0ecae0dabc2caeed.pdf,6,[],OK_NO_TOTALS,PROSE,PROSE,prose_signal=1; fell back to PROSE; classIII=NO_ROWS,2026-09-03T23:50:12Z,ingest
b4ccebb76ba96cd3b6a89bea7b57a98d7513f1a3,5038430-81.2024.8.24.0023,QGC,2025-11-04,https://scalzilliaj.com.br/sgc/download.php?file=files/processo_documento/processo_documento14115504112025_1_.pdf&nome=22 - Edital QGC Provisório,/home/user/Anteparo/data/pdfs/scalzilliaj.com.br/b4ccebb76ba96cd3.pdf,4,[],NO_ROWS,TABLE,TABLE_BANDS,prose_signal=0; classIII=NO_ROWS,2026-09-03T23:50:12Z,ingest
8ec4d41971bd3351f7e623c14ca085e9821e8a8a,0700256-03.2019.8.02.0066,DEBTOR_LIST,2018-10-31,https://recuperacaojudicial.squarespace.com/s/Edital-1a-lista-publicado-tes5.pdf,/home/user/Anteparo/data/pdfs/recuperacaojudicial.squarespace.com/8ec4d41971bd3351.pdf,4,"[{""class"": ""I"", ""currency"": ""BRL"", ""total"": null, ""count"": 235, ""page"": 2, ""section"": 1}, {""class"": ""III"", ""currency"": ""BRL"", ""total"": null, ""count"": 195, ""page"": 2, ""section"": 2}, {""class"": ""IV"", ""currency"": ""BRL"", ""total"": null, ""count"": 72, ""page"": 2, ""section"": 3}, {""class"": ""I"", ""currency"": ""BRL"", ""total"": null, ""count"": 235, ""page"": 2, ""section"": 4}, {""class"": ""III"", ""currency"": ""BRL"", ""total"": null, ""count"": 195, ""page"": 3, ""section"": 5}, {""class"": ""IV"", ""currency"": ""BRL"", ""total"": null, ""count"": 72, ""page"": 4, ""section"": 6}]",QUARANTINED,PROSE,PROSE,prose_signal=0; fell back to PROSE; classIII=FAIL,2026-09-03T23:50:12Z,ingest
86de325402a1013e89fdb82496999b27b7a3345d,1001765-57.2024.8.26.0451,AJ_LIST,2025-08-26,https://lrflideres.com.br/wp-content/plugins/download-attachments/includes/download.php?id=6626,/home/user/Anteparo/data/pdfs/lrflideres.com.br/86de325402a1013e.pdf,3,[],NO_ROWS,TABLE,TABLE_BANDS,prose_signal=0; classIII=NO_ROWS,2026-09-03T23:50:12Z,ingest
408a227c8c2b58f7a5368eb6a3cf163a5579641d,5178617-63.2022.8.21.0001,UNKNOWN,,https://cataliseaj.com.br/sgc/download.php?file=files/processo_documento/processo_documento21493230042025_1_.pdf&nome=SENTENÇA - DECRETAÇÃO DE FALÊNCIA,/home/user/Anteparo/data/pdfs/cataliseaj.com.br/408a227c8c2b58f7.pdf,8,[],NO_TEXT_LAYER,NONE,,NO_TEXT_LAYER: needs OCR; CASE_FROM_PAGE; classIII=NO_ROWS,2026-09-03T23:50:12Z,ingest
8d882092195ab5c683e3343ecb4f03a01e16359e,0700256-03.2019.8.02.0066,AJ_LIST,,https://recuperacaojudicial.squarespace.com/s/Edital2alista.pdf,/home/user/Anteparo/data/pdfs/recuperacaojudicial.squarespace.com/8d882092195ab5c6.pdf,13,[],OK_NO_TOTALS,TABLE,TABLE_BANDS,prose_signal=0; classIII=NO_TOTAL,2026-09-03T23:50:12Z,ingest
24ed98480a572989bb0ce06fbd92e30151b7c249,0000472-94.2012.5.06.0193,DEBTOR_LIST,,https://scalzilliaj.com.br/sgc/download.php?file=files/processo_documento/processo_documento09514021082025_1_.pdf&nome=04 - Relação de credores das Recuperandas,/home/user/Anteparo/data/pdfs/scalzilliaj.com.br/24ed98480a572989.pdf,93,"[{""class"": ""I"", ""currency"": ""BRL"", ""total"": ""96608737.27"", ""count"": null, ""page"": 59, ""section"": 6}, {""class"": ""II"", ""currency"": ""BRL"", ""total"": ""256309355.07"", ""count"": null, ""page"": 60, ""section"": 8}, {""class"": ""III"", ""currency"": ""BRL"", ""total"": ""2382314409.57"", ""count"": null, ""page"": 76, ""section"": 10}, {""class"": ""IV"", ""currency"": ""BRL"", ""total"": ""13133271.17"", ""count"": null, ""page"": 80, ""section"": 12}]",OK,TABLE,TABLE_RULED,prose_signal=1; classIII=PASS,2026-09-03T23:50:12Z,ingest
9f9b321436d8519715ceffd105409413bc52dc98,0032731-52.2010.8.17.0001,UNKNOWN,2024-06-11,https://diligence.adm.br/wp-content/plugins/download-attachments/includes/download.php?id=4582,/home/user/Anteparo/data/pdfs/diligence.adm.br/9f9b321436d85197.pdf,20,"[{""class"": null, ""currency"": ""BRL"", ""total"": ""675021.81"", ""count"": null, ""page"": 11, ""section"": 5}, {""class"": null, ""currency"": ""BRL"", ""total"": ""11125485.26"", ""count"": null, ""page"": 11, ""section"": 7}, {""class"": null, ""currency"": ""BRL"", ""total"": ""294922.24"", ""count"": null, ""page"": 11, ""section"": 8}, {""class"": null, ""currency"": ""BRL"", ""total"": ""6617021.23"", ""count"": null, ""page"": 11, ""section"": 9}, {""class"": null, ""currency"": ""BRL"", ""total"": ""134772299.04"", ""count"": null, ""page"": 12, ""section"": 10}, {""class"": null, ""currency"": ""BRL"", ""total"": ""9455925.74"", ""count"": null, ""page"": 12, ""section"": 11}]",OK_NO_TOTALS,TABLE,TABLE_RULED,prose_signal=0; classIII=NO_TOTAL,2026-09-03T23:50:12Z,ingest
c60fd9bfbd151e46f79f1432ac224e38fc68d5f8,5297011-58.2024.8.21.0001,UNKNOWN,,https://cataliseaj.com.br/sgc/download.php?file=files/processo_documento/processo_documento14574726022026_1_.pdf&nome=8. SENTENÇA DE DECRETAÇÃO DA FALÊNCIA,/home/user/Anteparo/data/pdfs/cataliseaj.com.br/c60fd9bfbd151e46.pdf,4,[],NO_TEXT_LAYER,NONE,,NO_TEXT_LAYER: needs OCR; CASE_FROM_PAGE; classIII=NO_ROWS,2026-09-03T23:50:12Z,ingest
60fd9c017d90deffa5bd422d7dce534a8fd355a3,0700256-03.2019.8.02.0066,AJ_LIST,,https://recuperacaojudicial.squarespace.com/s/RJ-Grupo-Arnon-de-Melo-Lista-de-Credores-Consolidada-abril-2022.pdf,/home/user/Anteparo/data/pdfs/recuperacaojudicial.squarespace.com/60fd9c017d90deff.pdf,12,[],OK_NO_TOTALS,TABLE,TABLE_RULED,prose_signal=0; classIII=NO_TOTAL,2026-09-03T23:50:12Z,ingest
d5ae9aee45e0fd9fa4c002ba093ac121c5025f33,0837278-92.2018.8.15.2001,UNKNOWN,2021-09-09,https://lrflideres.com.br/wp-content/plugins/download-attachments/includes/download.php?id=3682,/home/user/Anteparo/data/pdfs/lrflideres.com.br/d5ae9aee45e0fd9f.pdf,13,[],OK_NO_TOTALS,TABLE,TABLE_BANDS,prose_signal=0; classIII=NO_ROWS,2026-09-03T23:50:12Z,ingest
2487bf3f997a062c763b7c490f30ee05f2b7fe14,5088952-81.2025.8.13.0024,UNKNOWN,2025-10-06,"https://scalzilliaj.com.br/sgc/download.php?file=files/processo_documento/processo_documento09212913012026_1_.pdf&nome=12 - Decisão: prorrogação do prazo para apresentação da relação de credores do art. 7º, §2º, da Lei 11.101/2005",/home/user/Anteparo/data/pdfs/scalzilliaj.com.br/2487bf3f997a062c.pdf,5,[],OK_NO_TOTALS,TABLE,TABLE_BANDS,prose_signal=2; classIII=NO_ROWS,2026-09-03T23:50:12Z,ingest
f349ab01ffead9229828dd15055c4b97edd9278b,0009914-62.2008.8.17.0001,AJ_LIST,2024-07-12,https://diligence.adm.br/wp-content/plugins/download-attachments/includes/download.php?id=4914,/home/user/Anteparo/data/pdfs/diligence.adm.br/f349ab01ffead922.pdf,3,[],OK_NO_TOTALS,PROSE,PROSE,prose_signal=2; fell back to PROSE; classIII=NO_ROWS,2026-09-03T23:50:12Z,ingest
c536a2fa4da39efaa9c4b859cacb48e293873548,5011369-81.2026.8.09.0093,UNKNOWN,,"https://scalzilliaj.com.br/sgc/download.php?file=files/processo_documento/processo_documento11421222052026_1_.pdf&nome=08. Lista de credores do edital do art. 52, §1º da LREF",/home/user/Anteparo/data/pdfs/scalzilliaj.com.br/c536a2fa4da39efa.pdf,5,"[{""class"": null, ""currency"": ""BRL"", ""total"": ""123213065.43"", ""count"": null, ""page"": 5, ""section"": 3}, {""class"": null, ""currency"": ""BRL"", ""total"": ""61211643.53"", ""count"": null, ""page"": 5, ""section"": 3}]",OK_NO_TOTALS,TABLE,TABLE_RULED,prose_signal=2; CASE_FROM_PAGE; classIII=NO_TOTAL,2026-09-03T23:50:12Z,ingest
08efc38b702093124c792cfa1e6702ae2faa7765,0700707-87.2025.8.02.0043,UNKNOWN,2025-06-11,https://recuperacaojudicial.squarespace.com/s/02-1-LISTA-DE-CREDORES_5613.pdf,/home/user/Anteparo/data/pdfs/recuperacaojudicial.squarespace.com/08efc38b70209312.pdf,1,"[{""class"": ""I"", ""currency"": ""BRL"", ""total"": ""116666.49"", ""count"": null, ""page"": 1, ""section"": 1}, {""class"": ""II"", ""currency"": ""BRL"", ""total"": ""1445170.58"", ""count"": null, ""page"": 1, ""section"": 3}, {""class"": ""III"", ""currency"": ""BRL"", ""total"": ""82592.00"", ""count"": null, ""page"": 1, ""section"": 5}, {""class"": null, ""currency"": ""BRL"", ""total"": ""987242.07"", ""count"": null, ""page"": 1, ""section"": 7}, {""class"": ""IV"", ""currency"": ""BRL"", ""total"": ""6294059.16"", ""count"": null, ""page"": 1, ""section"": 10}, {""class"": ""IV"", ""currency"": ""BRL"", ""total"": ""7821821.74"", ""count"": null, ""page"": 1, ""section"": 10}]",QUARANTINED,TABLE,TABLE_BANDS,prose_signal=0; CASE_FROM_PAGE; classIII=FAIL,2026-09-03T23:50:12Z,ingest
dce5db3d4bde512f4a32a1e0fd9b9d0360194d91,5009474-18.2019.8.21.0022,UNKNOWN,,https://cataliseaj.com.br/sgc/download.php?file=files/processo_documento/processo_documento17423610062024_1_.pdf&nome= 8. PLANO DE RECUPERAÇÃO JUDICIAL GRAINTEK,/home/user/Anteparo/data/pdfs/cataliseaj.com.br/dce5db3d4bde512f.pdf,150,[],NO_TEXT_LAYER,NONE,,NO_TEXT_LAYER: needs OCR; CASE_FROM_PAGE; classIII=NO_ROWS,2026-09-03T23:50:12Z,ingest
fc3f57178c552a2f392628443f3afb26397a39d8,0837278-92.2018.8.15.2001,UNKNOWN,2021-09-29,https://lrflideres.com.br/wp-content/plugins/download-attachments/includes/download.php?id=3683,/home/user/Anteparo/data/pdfs/lrflideres.com.br/fc3f57178c552a2f.pdf,23,"[{""class"": ""III"", ""currency"": ""BRL"", ""total"": ""71454705.20"", ""count"": null, ""page"": 20, ""section"": 14}, {""class"": ""IV"", ""currency"": ""BRL"", ""total"": ""103724.66"", ""count"": null, ""page"": 23, ""section"": 15}]",OK,TABLE,TABLE_RULED,prose_signal=0; classIII=PASS,2026-09-03T23:50:12Z,ingest
1bd0c2305eaf805fb21edb8b6df3c366c43b09e6,0001021-69.2017.8.21.0126,AJ_LIST,2017-10-19,"https://scalzilliaj.com.br/sgc/download.php?file=files/processo_documento/processo_documento14231707012022_1_.pdf&nome=07 - Edital do art. 7º, §2º da Lei 11.101/2005 (segunda lista de credores)",/home/user/Anteparo/data/pdfs/scalzilliaj.com.br/1bd0c2305eaf805f.pdf,1,[],OK_NO_TOTALS,TABLE,TABLE_BANDS,prose_signal=0; classIII=NO_ROWS,2026-09-03T23:50:12Z,ingest
424b54fee6a110938dcb9ca54168acdb6434dece,0000436-69.2024.5.09.0671,AJ_LIST,2025-08-01,https://administradorajudicialgs.com.br/wp-content/uploads/2025/09/relacao-de-credores-forest-sa.pdf,/home/user/Anteparo/data/pdfs/administradorajudicialgs.com.br/424b54fee6a11093.pdf,36,"[{""class"": ""I"", ""currency"": ""BRL"", ""total"": null, ""count"": null, ""page"": 2, ""section"": 1}, {""class"": ""I"", ""currency"": ""BRL"", ""total"": null, ""count"": null, ""page"": 2, ""section"": 2}, {""class"": ""II"", ""currency"": ""BRL"", ""total"": null, ""count"": null, ""page"": 3, ""section"": 3}, {""class"": ""II"", ""currency"": ""BRL"", ""total"": null, ""count"": null, ""page"": 4, ""section"": 4}, {""class"": ""II"", ""currency"": ""BRL"", ""total"": null, ""count"": null, ""page"": 5, ""section"": 5}, {""class"": ""II"", ""currency"": ""BRL"", ""total"": null, ""count"": null, ""page"": 6, ""section"": 6}, {""class"": ""II"", ""currency"": ""BRL"", ""total"": null, ""count"": null, ""page"": 7, ""section"": 7}, {""class"": ""II"", ""currency"": ""BRL"", ""total"": null, ""count"": null, ""page"": 8, ""section"": 8}, {""class"": ""II"", ""currency"": ""BRL"", ""total"": null, ""count"": null, ""page"": 9, ""section"": 9}, {""class"": ""II"", ""currency"": ""BRL"", ""total"": null, ""count"": null, ""page"": 10, ""section"": 10}, {""class"": ""II"", ""currency"": ""BRL"", ""total"": null, ""count"": null, ""page"": 10, ""section"": 11}, {""class"": ""III"", ""currency"": ""BRL"", ""total"": null, ""count"": null, ""page"": 11, ""section"": 12}, {""class"": ""III"", ""currency"": ""BRL"", ""total"": null, ""count"": null, ""page"": 12, ""section"": 13}, {""class"": ""III"", ""currency"": ""BRL"", ""total"": null, ""count"": null, ""page"": 13, ""section"": 14}, {""class"": ""III"", ""currency"": ""BRL"", ""total"": null, ""count"": null, ""page"": 14, ""section"": 15}, {""class"": ""III"", ""currency"": ""BRL"", ""total"": null, ""count"": null, ""page"": 15, ""section"": 16}, {""class"": ""III"", ""currency"": ""BRL"", ""total"": null, ""count"": null, ""page"": 16, ""section"": 17}, {""class"": ""III"", ""currency"": ""BRL"", ""total"": null, ""count"": null, ""page"": 17, ""section"": 18}, {""class"": ""III"", ""currency"": ""BRL"", ""total"": null, ""count"": null, ""page"": 18, ""section"": 19}, {""class"": ""III"", ""currency"": ""BRL"", ""total"": null, ""count"": null, ""page"": 19, ""section"": 20}, {""class"": ""III"", ""currency"": ""BRL"", ""total"": null, ""count"": null, ""page"": 20, ""section"": 21}, {""class"": ""III"", ""currency"": ""BRL"", ""total"": null, ""count"": null, ""page"": 21, ""section"": 22}, {""class"": ""III"", ""currency"": ""BRL"", ""total"": null, ""count"": null, ""page"": 22, ""section"": 23}, {""class"": ""III"", ""currency"": ""BRL"", ""total"": null, ""count"": null, ""page"": 23, ""section"": 24}, {""class"": ""III"", ""currency"": ""BRL"", ""total"": null, ""count"": null, ""page"": 24, ""section"": 25}, {""class"": ""III"", ""currency"": ""BRL"", ""total"": null, ""count"": null, ""page"": 25, ""section"": 26}, {""class"": ""III"", ""currency"": ""BRL"", ""total"": null, ""count"": null, ""page"": 26, ""section"": 27}, {""class"": ""III"", ""currency"": ""BRL"", ""total"": null, ""count"": null, ""page"": 27, ""section"": 28}, {""class"": ""III"", ""currency"": ""BRL"", ""total"": null, ""count"": null, ""page"": 28, ""section"": 29}, {""class"": ""III"", ""currency"": ""BRL"", ""total"": null, ""count"": null, ""page"": 29, ""section"": 30}, {""class"": ""III"", ""currency"": ""BRL"", ""total"": null, ""count"": null, ""page"": 30, ""section"": 31}, {""class"": ""III"", ""currency"": ""BRL"", ""total"": null, ""count"": null, ""page"": 31, ""section"": 32}, {""class"": ""III"", ""currency"": ""BRL"", ""total"": null, ""count"": null, ""page"": 32, ""section"": 33}, {""class"": ""III"", ""currency"": ""BRL"", ""total"": null, ""count"": null, ""page"": 33, ""section"": 34}, {""class"": ""III"", ""currency"": ""BRL"", ""total"": null, ""count"": null, ""page"": 33, ""section"": 35}, {""class"": ""IV"", ""currency"": ""BRL"", ""total"": null, ""count"": null, ""page"": 34, ""section"": 36}, {""class"": ""IV"", ""currency"": ""BRL"", ""total"": null, ""count"": null, ""page"": 35, ""section"": 37}, {""class"": ""IV"", ""currency"": ""BRL"", ""total"": null, ""count"": null, ""page"": 35, ""section"": 38}]",OK_NO_TOTALS,PROSE,PROSE,prose_signal=40; classIII=NO_TOTAL,2026-09-03T23:50:32Z,ingest
b0a6e8c2de49503b1ae083f07ad907b5b584679b,0051989-19.2008.8.17.0001,DEBTOR_LIST,2015-07-27,https://diligence.adm.br/wp-content/plugins/download-attachments/includes/download.php?id=4712,/home/user/Anteparo/data/pdfs/diligence.adm.br/b0a6e8c2de49503b.pdf,3,[],OK_NO_TOTALS,PROSE,PROSE,prose_signal=0; fell back to PROSE; classIII=NO_ROWS,2026-09-03T23:50:32Z,ingest
51cf59f3169023e2d6cb6c4b9ec8b3f8190fec9d,0700707-87.2025.8.02.0043,DEBTOR_LIST,,https://recuperacaojudicial.squarespace.com/s/RJ-PISEBEM-EDITAL-COM-A-1-LISTA-DE-CREDORES-1.pdf,/home/user/Anteparo/data/pdfs/recuperacaojudicial.squarespace.com/51cf59f3169023e2.pdf,5,[],OK_NO_TOTALS,TABLE,TABLE_BANDS,prose_signal=0; classIII=NO_ROWS,2026-09-03T23:50:32Z,ingest
375eb9076d9aac55485e52fa66e000a275cc97c7,1001917-20.2026.8.13.0024,QGC,2026-08-26,"https://scalzilliaj.com.br/sgc/download.php?file=files/processo_documento/processo_documento18311426082026_1_.pdf&nome=03 - Relação de credores (Edital do art. 52, §1º)",/home/user/Anteparo/data/pdfs/scalzilliaj.com.br/375eb9076d9aac55.pdf,5,[],OK_NO_TOTALS,PROSE,PROSE,prose_signal=5; classIII=NO_ROWS,2026-09-03T23:50:32Z,ingest
ea386fdc2c442b1db314fcc625f68ff580b71566,0700707-87.2025.8.02.0043,DEBTOR_LIST,2025-06-11,https://recuperacaojudicial.squarespace.com/s/PUBLICACO-DO-EDITAL-COM-A-1-LISTA-DE-CREDORES_1305.pdf,/home/user/Anteparo/data/pdfs/recuperacaojudicial.squarespace.com/ea386fdc2c442b1d.pdf,3,"[{""class"": ""II"", ""currency"": ""BRL"", ""total"": ""123097.82"", ""count"": null, ""page"": 3, ""section"": 2}]",QUARANTINED,TABLE,TABLE_BANDS,prose_signal=0; classIII=NO_TOTAL,2026-09-03T23:50:32Z,ingest
2410c02b40cbe2dac2ce50e75200672ea36ee37d,0837278-92.2018.8.15.2001,UNKNOWN,2021-09-09,https://lrflideres.com.br/wp-content/plugins/download-attachments/includes/download.php?id=3684,/home/user/Anteparo/data/pdfs/lrflideres.com.br/2410c02b40cbe2da.pdf,12,[],OK_NO_TOTALS,TABLE,TABLE_BANDS,prose_signal=0; classIII=NO_ROWS,2026-09-03T23:50:32Z,ingest
030b8070be9a46e98bec1a334d486a3761c92d51,0026395-77.2025.8.16.0019,UNKNOWN,2025-08-01,https://administradorajudicialgs.com.br/wp-content/uploads/2025/09/relacao-de-credores-forest-espirito-santo.pdf,/home/user/Anteparo/data/pdfs/administradorajudicialgs.com.br/030b8070be9a46e9.pdf,3,[],NO_ROWS,TABLE,TABLE_BANDS,prose_signal=0; classIII=NO_ROWS,2026-09-03T23:50:37Z,ingest
b2fd5d0ba0e5370343903111594091163933ddab,0032030-18.2015.8.17.0001,UNKNOWN,2024-07-05,https://diligence.adm.br/wp-content/plugins/download-attachments/includes/download.php?id=4714,/home/user/Anteparo/data/pdfs/diligence.adm.br/b2fd5d0ba0e53703.pdf,9,[],OK_NO_TOTALS,TABLE,TABLE_BANDS,prose_signal=0; classIII=NO_ROWS,2026-09-03T23:50:37Z,ingest
d12bfc9ff74f1eb93e69d66e60e120fc468760e2,5008828-91.2023.8.24.0019,AJ_LIST,2024-02-14,https://scalzilliaj.com.br/sgc/download.php?file=files/processo_documento/processo_documento15355005082024_1_.pdf&nome=10 - Petição de juntada da segunda lista de credores,/home/user/Anteparo/data/pdfs/scalzilliaj.com.br/d12bfc9ff74f1eb9.pdf,12,"[{""class"": ""I"", ""currency"": ""BRL"", ""total"": ""4968502.72"", ""count"": null, ""page"": 11, ""section"": 1}, {""class"": ""II"", ""currency"": ""BRL"", ""total"": ""88605336.73"", ""count"": null, ""page"": 11, ""section"": 2}, {""class"": ""III"", ""currency"": ""BRL"", ""total"": ""102112487.66"", ""count"": null, ""page"": 11, ""section"": 3}, {""class"": ""IV"", ""currency"": ""BRL"", ""total"": ""5292774.65"", ""count"": null, ""page"": 11, ""section"": 4}, {""class"": ""IV"", ""currency"": ""BRL"", ""total"": ""200979101.76"", ""count"": null, ""page"": 11, ""section"": 4}, {""class"": ""I"", ""currency"": ""BRL"", ""total"": ""9738354.94"", ""count"": null, ""page"": 11, ""section"": 6}, {""class"": ""II"", ""currency"": ""BRL"", ""total"": ""30835175.27"", ""count"": null, ""page"": 11, ""section"": 7}, {""class"": ""III"", ""currency"": ""BRL"", ""total"": ""128519666.96"", ""count"": null, ""page"": 11, ""section"": 8}, {""class"": ""IV"", ""currency"": ""BRL"", ""total"": ""1043721.80"", ""count"": null, ""page"": 11, ""section"": 9}, {""class"": ""IV"", ""currency"": ""BRL"", ""total"": ""170136918.97"", ""count"": null, ""page"": 11, ""section"": 9}]",NO_ROWS,TABLE,TABLE_BANDS,prose_signal=0; classIII=FAIL,2026-09-03T23:50:37Z,ingest
cccce5de30a82f9735a6e403dd028e11ec63e09c,5009474-18.2019.8.21.0022,UNKNOWN,,https://cataliseaj.com.br/sgc/download.php?file=files/processo_documento/processo_documento17433310062024_1_.pdf&nome=10. PLANO DE RJ REORGANIZADO,/home/user/Anteparo/data/pdfs/cataliseaj.com.br/cccce5de30a82f97.pdf,148,[],NO_TEXT_LAYER,NONE,,NO_TEXT_LAYER: needs OCR; CASE_FROM_PAGE; classIII=NO_ROWS,2026-09-03T23:50:37Z,ingest
40e23db8ca6b38350c74809ca216704ff472ac52,0700707-87.2025.8.02.0043,AJ_LIST,2025-09-24,https://recuperacaojudicial.squarespace.com/s/0700707-8720258020043.pdf,/home/user/Anteparo/data/pdfs/recuperacaojudicial.squarespace.com/40e23db8ca6b3835.pdf,33,"[{""class"": ""II"", ""currency"": ""BRL"", ""total"": null, ""count"": 83, ""page"": 32, ""section"": 17}, {""class"": ""III"", ""currency"": ""BRL"", ""total"": null, ""count"": 26, ""page"": 33, ""section"": 18}]",QUARANTINED,PROSE,PROSE,prose_signal=7; classIII=FAIL,2026-09-03T23:50:37Z,ingest
61f267a0bd1c12e426984f3a7cd91686609e33c5,,,,https://administradorajudicialgs.com.br/wp-content/uploads/2025/09/relacao-de-credores-forest-lages.pdf,/home/user/Anteparo/data/pdfs/administradorajudicialgs.com.br/61f267a0bd1c12e4.pdf,,,ERROR,,,WORKER_EXIT_1: <built-in function unraisablehook>,2026-09-03T23:51:48Z,ingest
0b5e48a7dc9e3b2ffc236b63752c194544f4b046,0067168-21.2019.8.17.2001,QGC,,https://lrflideres.com.br/wp-content/plugins/download-attachments/includes/download.php?id=3751,/home/user/Anteparo/data/pdfs/lrflideres.com.br/0b5e48a7dc9e3b2f.pdf,7,"[{""class"": ""I"", ""currency"": ""BRL"", ""total"": null, ""count"": null, ""page"": 2, ""section"": 1}, {""class"": ""III"", ""currency"": ""BRL"", ""total"": null, ""count"": null, ""page"": 2, ""section"": 2}, {""class"": ""IV"", ""currency"": ""BRL"", ""total"": null, ""count"": null, ""page"": 4, ""section"": 3}]",OK_NO_TOTALS,PROSE,PROSE,prose_signal=0; fell back to PROSE; classIII=NO_TOTAL,2026-09-03T23:51:48Z,ingest
ee756445aa1e3095e52d18805dd95436274970e5,5008261-83.2019.8.21.0019,AJ_LIST,2020-05-21,"https://scalzilliaj.com.br/sgc/download.php?file=files/processo_documento/processo_documento15475207012022_1_.pdf&nome=08 - Edital do art. 7º, §2º da Lei 11.101/2005 (segunda lista de credores)",/home/user/Anteparo/data/pdfs/scalzilliaj.com.br/ee756445aa1e3095.pdf,15,"[{""class"": ""I"", ""currency"": ""BRL"", ""total"": null, ""count"": null, ""page"": 1, ""section"": 1}, {""class"": ""III"", ""currency"": ""BRL"", ""total"": null, ""count"": null, ""page"": 10, ""section"": 2}, {""class"": ""IV"", ""currency"": ""BRL"", ""total"": null, ""count"": null, ""page"": 12, ""section"": 3}]",OK_NO_TOTALS,PROSE,PROSE,prose_signal=0; fell back to PROSE; classIII=NO_TOTAL,2026-09-03T23:51:48Z,ingest
53219dc5d505bef1feaa728349baa2c4128c99a8,0032030-18.2015.8.17.0001,UNKNOWN,2024-07-05,https://diligence.adm.br/wp-content/plugins/download-attachments/includes/download.php?id=4715,/home/user/Anteparo/data/pdfs/diligence.adm.br/53219dc5d505bef1.pdf,6,[],OK_NO_TOTALS,TABLE,TABLE_BANDS,prose_signal=0; classIII=NO_ROWS,2026-09-03T23:51:48Z,ingest
d7c426fbd475685a322559791802848a6b81e7db,0700536-67.2024.8.02.0043,AJ_LIST,,https://recuperacaojudicial.squarespace.com/s/EDITAL-COM-A-2-LISTA-DE-CREDORES-E-INFORMANDO-A-APRESENTACO-DO-PRJ_1532.pdf,/home/user/Anteparo/data/pdfs/recuperacaojudicial.squarespace.com/d7c426fbd475685a.pdf,2,"[{""class"": ""II"", ""currency"": ""BRL"", ""total"": null, ""count"": null, ""page"": 2, ""section"": 1}, {""class"": ""III"", ""currency"": ""BRL"", ""total"": null, ""count"": null, ""page"": 2, ""section"": 2}]",OK_NO_TOTALS,PROSE,PROSE,prose_signal=19; classIII=NO_TOTAL,2026-09-03T23:51:48Z,ingest
dc7fa235a7c177b8d8c85493d4ba65713f700e3f,5008261-83.2019.8.21.0019,QGC,,https://scalzilliaj.com.br/sgc/download.php?file=files/processo_documento/processo_documento13180420072022_1_.pdf&nome=13 - QGC provisório,/home/user/Anteparo/data/pdfs/scalzilliaj.com.br/dc7fa235a7c177b8.pdf,16,[],OK_NO_TOTALS,TABLE,TABLE_BANDS,prose_signal=0; CASE_FROM_PAGE; classIII=NO_ROWS,2026-09-03T23:51:48Z,ingest
203e140fab27b603aabc7e67de97e12b2d22ee08,,,,https://administradorajudicialgs.com.br/wp-content/uploads/2025/09/relacao-de-credores-forest-mairipora.pdf,/home/user/Anteparo/data/pdfs/administradorajudicialgs.com.br/203e140fab27b603.pdf,,,ERROR,,,WORKER_EXIT_1: SystemError: error return without exception set,2026-09-03T23:51:49Z,ingest
328d87753c815dcb23e3071648919991f4711e4b,0067168-21.2019.8.17.2001,UNKNOWN,2021-09-24,https://lrflideres.com.br/wp-content/plugins/download-attachments/includes/download.php?id=3752,/home/user/Anteparo/data/pdfs/lrflideres.com.br/328d87753c815dcb.pdf,24,"[{""class"": ""I"", ""currency"": ""BRL"", ""total"": ""79765.33"", ""count"": null, ""page"": 5, ""section"": 3}, {""class"": ""III"", ""currency"": ""BRL"", ""total"": ""11107249.52"", ""count"": null, ""page"": 7, ""section"": 7}, {""class"": ""III"", ""currency"": ""BRL"", ""total"": ""20919000.31"", ""count"": null, ""page"": 7, ""section"": 7}, {""class"": ""I"", ""currency"": ""BRL"", ""total"": ""79765.33"", ""count"": null, ""page"": 9, ""section"": 9}, {""class"": ""III"", ""currency"": ""BRL"", ""total"": ""11107249.52"", ""count"": null, ""page"": 10, ""section"": 10}, {""class"": ""III"", ""currency"": ""BRL"", ""total"": ""11107249.52"", ""count"": null, ""page"": 11, ""section"": 10}, {""class"": ""III"", ""currency"": ""BRL"", ""total"": ""11107249.52"", ""count"": null, ""page"": 12, ""section"": 11}, {""class"": ""III"", ""currency"": ""BRL"", ""total"": ""11107249.52"", ""count"": null, ""page"": 13, ""section"": 12}, {""class"": ""III"", ""currency"": ""BRL"", ""total"": ""11107249.52"", ""count"": null, ""page"": 14, ""section"": 13}, {""class"": ""III"", ""currency"": ""BRL"", ""total"": ""11107249.52"", ""count"": null, ""page"": 15, ""section"": 14}, {""class"": ""IV"", ""currency"": ""BRL"", ""total"": ""9731985.46"", ""count"": null, ""page"": 16, ""section"": 16}, {""class"": ""IV"", ""currency"": ""BRL"", ""total"": ""9731985.46"", ""count"": null, ""page"": 17, ""section"": 16}, {""class"": ""IV"", ""currency"": ""BRL"", ""total"": ""9731985.46"", ""count"": null, ""page"": 18, ""section"": 17}, {""class"": ""IV"", ""currency"": ""BRL"", ""total"": ""9731985.46"", ""count"": null, ""page"": 19, ""section"": 18}, {""class"": ""IV"", ""currency"": ""BRL"", ""total"": ""9731985.46"", ""count"": null, ""page"": 20, ""section"": 19}, {""class"": ""IV"", ""currency"": ""BRL"", ""total"": ""9731985.46"", ""count"": null, ""page"": 21, ""section"": 20}, {""class"": ""IV"", ""currency"": ""BRL"", ""total"": ""9731985.46"", ""count"": null, ""page"": 22, ""section"": 21}, {""class"": ""IV"", ""currency"": ""BRL"", ""total"": ""9731985.46"", ""count"": null, ""page"": 23, ""section"": 22}, {""class"": ""I"", ""currency"": ""BRL"", ""total"": ""79765.33"", ""count"": null, ""page"": 24, ""section"": 27}, {""class"": ""III"", ""currency"": ""BRL"", ""total"": ""11107249.52"", ""count"": null, ""page"": 24, ""section"": 28}, {""class"": ""IV"", ""currency"": ""BRL"", ""total"": ""9731985.46"", ""count"": null, ""page"": 24, ""section"": 29}, {""class"": ""IV"", ""currency"": ""BRL"", ""total"": ""20919000.31"", ""count"": null, ""page"": 24, ""section"": 29}]",QUARANTINED,TABLE,TABLE_BANDS,prose_signal=0; classIII=FAIL,2026-09-03T23:51:49Z,ingest
893648330cd264b5b026fa28885efed9726349ef,0160454-48.2022.8.17.2001,QGC,,https://diligence.adm.br/wp-content/uploads/2024/04/Relacao-de-Credores-Classe-I-Atualizada-Outubro-25-1.pdf,/home/user/Anteparo/data/pdfs/diligence.adm.br/893648330cd264b5.pdf,27,[],OK_NO_TOTALS,TABLE,TABLE_RULED,prose_signal=0; classIII=NO_ROWS,2026-09-03T23:51:49Z,ingest
28df82ff9f962e46ed33b6fdffa2f2c068ab101a,5009474-18.2019.8.21.0022,QGC,2021-08-06,https://cataliseaj.com.br/sgc/download.php?file=files/processo_documento/processo_documento09035011062024_1_.pdf&nome=14. 2º PLANO MODIFICATIVO,/home/user/Anteparo/data/pdfs/cataliseaj.com.br/28df82ff9f962e46.pdf,186,"[{""class"": null, ""currency"": ""BRL"", ""total"": ""1372596.81"", ""count"": null, ""page"": 10, ""section"": 8}, {""class"": null, ""currency"": ""BRL"", ""total"": ""12073718.00"", ""count"": null, ""page"": 11, ""section"": 8}, {""class"": null, ""currency"": ""BRL"", ""total"": ""9658975.40"", ""count"": null, ""page"": 11, ""section"": 9}, {""class"": null, ""currency"": ""BRL"", ""total"": ""10478630.84"", ""count"": null, ""page"": 11, ""section"": 10}, {""class"": null, ""currency"": ""BRL"", ""total"": ""6188514.77"", ""count"": null, ""page"": 12, ""section"": 10}, {""class"": null, ""currency"": ""BRL"", ""total"": ""3099257.39"", ""count"": null, ""page"": 12, ""section"": 11}, {""class"": null, ""currency"": ""BRL"", ""total"": ""2626708.62"", ""count"": null, ""page"": 13, ""section"": 11}, {""class"": null, ""currency"": ""BRL"", ""total"": ""25000.00"", ""count"": null, ""page"": 14, ""section"": 13}, {""class"": null, ""currency"": ""BRL"", ""total"": ""15000.00"", ""count"": null, ""page"": 14, ""section"": 14}, {""class"": null, ""currency"": ""BRL"", ""total"": ""27472120.63"", ""count"": null, ""page"": 36, ""section"": 20}, {""class"": null, ""currency"": ""BRL"", ""total"": ""1100000.00"", ""count"": null, ""page"": 36, ""section"": 22}, {""class"": null, ""currency"": ""BRL"", ""total"": ""550000.00"", ""count"": null, ""page"": 36, ""section"": 23}, {""class"": null, ""currency"": ""BRL"", ""total"": ""12073718.00"", ""count"": null, ""page"": 37, ""section"": 24}, {""class"": null, ""currency"": ""BRL"", ""total"": ""9658975.40"", ""count"": null, ""page"": 37, ""section"": 25}, {""class"": null, ""currency"": ""BRL"", ""total"": ""6188514.77"", ""count"": null, ""page"": 37, ""section"": 25}, {""class"": null, ""currency"": ""BRL"", ""total"": ""3099257.39"", ""count"": null, ""page"": 37, ""section"": 26}, {""class"": null, ""currency"": ""BRL"", ""total"": ""1372596.81"", ""count"": null, ""page"": 38, ""section"": 26}, {""class"": null, ""currency"": ""BRL"", ""total"": ""680000.00"", ""count"": null, ""page"": 54, ""section"": 27}, {""class"": null, ""currency"": ""BRL"", ""total"": ""108711.65"", ""count"": null, ""page"": 77, ""section"": 30}, {""class"": null, ""currency"": ""BRL"", ""total"": ""123485.72"", ""count"": null, ""page"": 77, ""section"": 31}, {""class"": null, ""currency"": ""BRL"", ""total"": ""9756.00"", ""count"": null, ""page"": 88, ""section"": 32}, {""class"": null, ""currency"": ""BRL"", ""total"": ""810000.00"", ""count"": null, ""page"": 161, ""section"": 33}, {""class"": null, ""currency"": ""BRL"", ""total"": ""16920000.00"", ""count"": null, ""page"": 161, ""section"": 34}]",OK_NO_TOTALS,TABLE,TABLE_RULED,prose_signal=2; classIII=NO_TOTAL,2026-09-03T23:51:49Z,ingest
fc459b230338e46453c13ce7b51738e603ec1c73,5008261-83.2019.8.21.0019,QGC,2023-12-18,https://scalzilliaj.com.br/sgc/download.php?file=files/processo_documento/processo_documento18432315122023_1_.pdf&nome=15 - Edital do art. 18 da Lei 11.101/2005 (quadro geral de credores),/home/user/Anteparo/data/pdfs/scalzilliaj.com.br/fc459b230338e464.pdf,9,[],OK_NO_TOTALS,TABLE,TABLE_BANDS,prose_signal=0; classIII=NO_TOTAL,2026-09-03T23:51:49Z,ingest
35e3afbc2e27b7f8ec4aee642d8e825dc85a1735,0160454-48.2022.8.17.2001,QGC,,https://diligence.adm.br/wp-content/uploads/2024/04/Relacao-de-Credores-Classe-III-Atualizada-Outubro-25-1.pdf,/home/user/Anteparo/data/pdfs/diligence.adm.br/35e3afbc2e27b7f8.pdf,4,[],OK_NO_TOTALS,TABLE,TABLE_BANDS,prose_signal=0; classIII=NO_TOTAL,2026-09-03T23:51:49Z,ingest
1bba3f128f5ff9d620f1e155b19f16556a5a6231,,,,https://administradorajudicialgs.com.br/wp-content/uploads/2025/09/relacao-de-credores-onze-1.pdf,/home/user/Anteparo/data/pdfs/administradorajudicialgs.com.br/1bba3f128f5ff9d6.pdf,,,ERROR,,,WORKER_EXIT_1: SystemError: error return without exception set,2026-09-03T23:52:05Z,ingest
fbeaa10658de9334838dff520e86d1076623f9c9,0705602-96.2020.8.02.0001,UNKNOWN,,https://recuperacaojudicial.squarespace.com/s/RJ-JC-Magalhes-Edital-1a-lista-publicado-dezembro-2020.pdf,/home/user/Anteparo/data/pdfs/recuperacaojudicial.squarespace.com/fbeaa10658de9334.pdf,4,[],NO_ROWS,TABLE,TABLE_BANDS,prose_signal=0; CASE_FROM_PAGE; classIII=NO_ROWS,2026-09-03T23:52:05Z,ingest
89a28b144472270ebb2044a7e592437551e70097,0067168-21.2019.8.17.2001,AJ_LIST,,https://lrflideres.com.br/wp-content/plugins/download-attachments/includes/download.php?id=3753,/home/user/Anteparo/data/pdfs/lrflideres.com.br/89a28b144472270e.pdf,6,"[{""class"": ""I"", ""currency"": ""BRL"", ""total"": null, ""count"": 6, ""page"": 1, ""section"": 1}, {""class"": ""III"", ""currency"": ""BRL"", ""total"": null, ""count"": 380, ""page"": 1, ""section"": 2}, {""class"": ""IV"", ""currency"": ""BRL"", ""total"": null, ""count"": 551, ""page"": 3, ""section"": 3}]",QUARANTINED,PROSE,PROSE,prose_signal=0; fell back to PROSE; classIII=PASS,2026-09-03T23:52:05Z,ingest
faec85d0dc38e306f69e580e2434c4a261afcdc7,5009474-18.2019.8.21.0022,QGC,,https://cataliseaj.com.br/sgc/download.php?file=files/processo_documento/processo_documento09045611062024_1_.pdf&nome=15. 3º PLANO MODIFICATIVO,/home/user/Anteparo/data/pdfs/cataliseaj.com.br/faec85d0dc38e306.pdf,45,"[{""class"": null, ""currency"": ""BRL"", ""total"": ""1372596.81"", ""count"": null, ""page"": 8, ""section"": 3}, {""class"": null, ""currency"": ""BRL"", ""total"": ""12073718.00"", ""count"": null, ""page"": 9, ""section"": 3}, {""class"": null, ""currency"": ""BRL"", ""total"": ""9658975.40"", ""count"": null, ""page"": 9, ""section"": 4}, {""class"": null, ""currency"": ""BRL"", ""total"": ""10582045.36"", ""count"": null, ""page"": 9, ""section"": 5}, {""class"": null, ""currency"": ""BRL"", ""total"": ""2626708.62"", ""count"": null, ""page"": 12, ""section"": 5}, {""class"": null, ""currency"": ""BRL"", ""total"": ""25000.00"", ""count"": null, ""page"": 13, ""section"": 7}, {""class"": null, ""currency"": ""BRL"", ""total"": ""15000.00"", ""count"": null, ""page"": 13, ""section"": 8}, {""class"": null, ""currency"": ""BRL"", ""total"": ""27472120.63"", ""count"": null, ""page"": 35, ""section"": 10}, {""class"": null, ""currency"": ""BRL"", ""total"": ""12073718.00"", ""count"": null, ""page"": 36, ""section"": 13}, {""class"": null, ""currency"": ""BRL"", ""total"": ""9658975.40"", ""count"": null, ""page"": 36, ""section"": 14}, {""class"": null, ""currency"": ""BRL"", ""total"": ""6188514.77"", ""count"": null, ""page"": 36, ""section"": 14}, {""class"": null, ""currency"": ""BRL"", ""total"": ""3099257.39"", ""count"": null, ""page"": 36, ""section"": 15}, {""class"": null, ""currency"": ""BRL"", ""total"": ""1372596.81"", ""count"": null, ""page"": 37, ""section"": 15}, {""class"": null, ""currency"": ""BRL"", ""total"": ""6188514.77"", ""count"": null, ""page"": 38, ""section"": 16}]",OK_NO_TOTALS,TABLE,TABLE_RULED,prose_signal=0; CASE_FROM_PAGE; classIII=NO_ROWS,2026-09-03T23:52:05Z,ingest
0692d6834236ee0fc7967d58b5fbaf257a1f815c,5008261-83.2019.8.21.0019,QGC,2025-01-13,https://scalzilliaj.com.br/sgc/download.php?file=files/processo_documento/processo_documento11564713012025_1_.pdf&nome=17 - Edital de retificação do Quadro Geral de Credores (referente apenas à Classe I),/home/user/Anteparo/data/pdfs/scalzilliaj.com.br/0692d6834236ee0f.pdf,12,"[{""class"": ""I"", ""currency"": ""BRL"", ""total"": null, ""count"": null, ""page"": 1, ""section"": 1}, {""class"": ""I"", ""currency"": ""BRL"", ""total"": null, ""count"": null, ""page"": 1, ""section"": 2}]",OK_NO_TOTALS,PROSE,PROSE,prose_signal=0; fell back to PROSE; classIII=NO_ROWS,2026-09-03T23:52:05Z,ingest
0ed909b49e56904c364c35a6082ab7cbf5cabf3d,0160454-48.2022.8.17.2001,QGC,,https://diligence.adm.br/wp-content/uploads/2024/04/Relacao-de-Credores-Classe-IV-Atualizada-Outubro-25-1.pdf,/home/user/Anteparo/data/pdfs/diligence.adm.br/0ed909b49e56904c.pdf,2,[],OK_NO_TOTALS,TABLE,TABLE_BANDS,prose_signal=0; classIII=NO_ROWS,2026-09-03T23:52:05Z,ingest
fde51df7a044434f86a84bb5514f0ff8741a28cc,0705602-96.2020.8.02.0001,AJ_LIST,,https://recuperacaojudicial.squarespace.com/s/RJJCMagalhesEdital2alistapublicadomaio2021.pdf,/home/user/Anteparo/data/pdfs/recuperacaojudicial.squarespace.com/fde51df7a044434f.pdf,2,"[{""class"": ""II"", ""currency"": ""BRL"", ""total"": null, ""count"": 1, ""page"": 1, ""section"": 1}, {""class"": ""III"", ""currency"": ""BRL"", ""total"": null, ""count"": 52, ""page"": 1, ""section"": 2}, {""class"": ""IV"", ""currency"": ""BRL"", ""total"": null, ""count"": 5, ""page"": 1, ""section"": 3}, {""class"": ""II"", ""currency"": ""BRL"", ""total"": null, ""count"": 1, ""page"": 1, ""section"": 4}, {""class"": ""III"", ""currency"": ""BRL"", ""total"": null, ""count"": 52, ""page"": 1, ""section"": 5}, {""class"": ""IV"", ""currency"": ""BRL"", ""total"": null, ""count"": 5, ""page"": 1, ""section"": 6}, {""class"": ""III"", ""currency"": ""BRL"", ""total"": null, ""count"": 11, ""page"": 2, ""section"": 8}]",QUARANTINED,PROSE,PROSE,prose_signal=0; fell back to PROSE; classIII=PASS,2026-09-03T23:52:05Z,ingest
