cnpj_basico,case_number,class_iii_face_sum,establishment_cnpjs,claim_count,debtor_name,stage,is_related_party,above_floor,band,doc_id,creditor_name_as_printed,flags,extracted_at,extracted_by
45741898,0000472-94.2012.5.06.0193,860209703.42,45741898000197,5,SCZ Scalzilli Administração Judicial,,,1,FLOOR,24ed98480a572989bb0ce06fbd92e30151b7c249,Operação atual n° 16/30209-5; Operação atual n° 16/30210- 9;Operação atual n° 16/30211- 7;Operação atual n° 16/30212- 5;Operação atual n° 16/30213- 3;Operação atual n° 16/30214- 1;Operação atual n° 16/30219- 2;Operação atual n° 16/30220- 6;Operação atual n° 16/30221- 4;Operação atual n° 16/30222- 2;Operação atual n° 16/30225- 7;Operação atual n° 16/30226- 5;Operação atual n° 16/30227- 3;Operação atual n° 16/30228- 1;Operação atual n° 16/30230- 3;Operação atual n° 16/30231- 1;Operação atual n° 16/30232- X;Operação atual n° 16/30233- 8;Operação atual n° 16/30234- 6;Operação atual n° 16/30235- 4;Operação atual n° 16/30236- 2;Operação atual n° 16/30237- 0;Operação atual n° 16/30239- 7;Operação atual n° 16/30240- 0;Operação atual n° 16/30241- 9;Operação atual n° 16/30242- 7;Operação atual n° 16/30243- 5;Operação atual n° 16/30263- X;Operação atual n° 16/30264- 8;Operação atual n° 16/30265- 6;Operação atual n° 18/61539- 2;Operação atual n° 18/61540-6,"ROWS:p74r14,p74r15,p75r1,p75r2,p75r3|VALUE_COL:Valor_Atualizado",2026-09-03T23:36:47Z,build
00360305,0000472-94.2012.5.06.0193,426018950.32,00360305000104,1,SCZ Scalzilli Administração Judicial,,,1,FLOOR,24ed98480a572989bb0ce06fbd92e30151b7c249,"Rua Tupinambás, n. 486, Bairro Centro, Belo Horizonte/MG",ROWS:p63r17|VALUE_COL:Valor_Atualizado,2026-09-03T23:36:47Z,build
33000167,0000472-94.2012.5.06.0193,330054762.86,33000167000101,1,SCZ Scalzilli Administração Judicial,,,1,FLOOR,24ed98480a572989bb0ce06fbd92e30151b7c249,"Av. República do Chile n.º 65, 5º andar, Centro, CEP 20031-912 - Rio de Janeiro/RJ",ROWS:p71r9|VALUE_COL:Valor_Atualizado,2026-09-03T23:36:47Z,build
76483726,0016033-22.2025.8.16.0017,178052183.86,76483726000194,1,KADIMA EMPREENDIMENTOS subscrevi e assinei. E PARTICIPAÇÕES S.A,,,1,FLOOR,fcb10a251582ff4fff1b8864bf38719cc11c0e03,DM Construtora de Obras LTDA,ROWS:p4r8,2026-09-03T23:36:48Z,build
60746948,0000472-94.2012.5.06.0193,166745196.81,60746948000112,1,SCZ Scalzilli Administração Judicial,,,1,FLOOR,24ed98480a572989bb0ce06fbd92e30151b7c249,"Cidade de Deus, s/n - Vila Yara, Osasco - SP, CEP: 06029-900",ROWS:p62r14|VALUE_COL:Valor_Atualizado,2026-09-03T23:36:47Z,build
33124959,0000472-94.2012.5.06.0193,91334195.52,33124959000198,1,SCZ Scalzilli Administração Judicial,,,1,FLOOR,24ed98480a572989bb0ce06fbd92e30151b7c249,"Rua Rio de Janeiro, n°. 927, 14° andar, Centro, Belo Horizonte, CEP: 30.160-04",ROWS:p62r16|VALUE_COL:Valor_Atualizado,2026-09-03T23:36:47Z,build
07450604,0000472-94.2012.5.06.0193,84072313.37,07450604000189,1,SCZ Scalzilli Administração Judicial,,,1,FLOOR,24ed98480a572989bb0ce06fbd92e30151b7c249,"Avenida Brigadeiro Faria Lima, nº 4.400, Bairro Itaim Bibi, São Paulo/SP, CEP: 04538-132",ROWS:p64r8|VALUE_COL:Valor_Atualizado,2026-09-03T23:36:47Z,build
90400888,0000472-94.2012.5.06.0193,81755024.22,90400888000142,1,SCZ Scalzilli Administração Judicial,,,1,FLOOR,24ed98480a572989bb0ce06fbd92e30151b7c249,"Avenida Presidente JuscelinoKubitschek, nºs 2041 e 2235 – Bloco A, Vila Olímpia, São Paulo/SP",ROWS:p62r17|VALUE_COL:Valor_Atualizado,2026-09-03T23:36:47Z,build
59588111,0000472-94.2012.5.06.0193,65326446.86,59588111000103,1,SCZ Scalzilli Administração Judicial,,,1,FLOOR,24ed98480a572989bb0ce06fbd92e30151b7c249,"Avenida Nações Unidas nº 14.171, Torre A, 18º andar - São Paulo/SP",ROWS:p63r1|VALUE_COL:Valor_Atualizado,2026-09-03T23:36:47Z,build
33233778,8005129-09.2023.8.05.0039,64713515.06,33233778000108,2,e na falência,,,1,FLOOR,a0ae32a59c2928e385c610811f80949f98723486,TAG INDUSTRIA E LAMINACAO LTDA,"ROWS:p10r4,p19r8|UNRECONCILED_SOURCE",2026-09-03T23:36:47Z,build
00360305,5012306-16.2022.8.21.0023,62052412.02,00360305000104,1,SCZ Scalzilli Administração Judicial,,,1,FLOOR,ebfb999b457caf45140ea7446a22cd3751154eaf,CAIXA ECONOMICA FEDERAL (,LIKELY_FINANCIAL_BY_NAME|ROWS:p26r16|UNRECONCILED_SOURCE,2026-09-03T23:36:47Z,build
90400888,5057720-48.2025.8.24.0023,53119917.67,90400888000142,1,Grupo Rech | Administração Judicial - Credibilità,,,1,FLOOR,cf92cff797d25108be0439a46ee6864d615a1be4,SIM,ROWS:p1r13|UNRECONCILED_SOURCE|VALUE_COL:Valor_Após_Analise,2026-09-03T23:36:48Z,build
00000000,5057720-48.2025.8.24.0023,49456863.81,00000000000191,1,Grupo Rech | Administração Judicial - Credibilità,,,1,FLOOR,cf92cff797d25108be0439a46ee6864d615a1be4,SIM,ROWS:p1r10|UNRECONCILED_SOURCE|VALUE_COL:Valor_Após_Analise,2026-09-03T23:36:48Z,build
60701190,5057720-48.2025.8.24.0023,46224793.46,60701190071117,1,Grupo Rech | Administração Judicial - Credibilità,,,1,FLOOR,cf92cff797d25108be0439a46ee6864d615a1be4,SIM,ROWS:p1r28|UNRECONCILED_SOURCE|VALUE_COL:Valor_Após_Analise,2026-09-03T23:36:48Z,build
58616418,0000472-94.2012.5.06.0193,45662831.72,58616418000108,1,SCZ Scalzilli Administração Judicial,,,1,FLOOR,24ed98480a572989bb0ce06fbd92e30151b7c249,"Av. Juscelino Kubitschek nº 360, 5º ao 9º andar, São Paulo/SP",ROWS:p62r15|VALUE_COL:Valor_Atualizado,2026-09-03T23:36:47Z,build
19256534,0000472-94.2012.5.06.0193,45075482.57,19256534000101,1,SCZ Scalzilli Administração Judicial,,,1,FLOOR,24ed98480a572989bb0ce06fbd92e30151b7c249,"Rua Curitiba, nº 1279, Centro, Belo Horizonte/MG, CEP 30170-121",ROWS:p68r4|VALUE_COL:Valor_Atualizado,2026-09-03T23:36:47Z,build
00000000,8005129-09.2023.8.05.0039,43161497.61,00000000000191,2,e na falência,,,1,FLOOR,a0ae32a59c2928e385c610811f80949f98723486,BANCO DO BRASIL,"LIKELY_FINANCIAL_BY_NAME|ROWS:p5r9,p17r3|UNRECONCILED_SOURCE|VALUE_COL:Valor_Do_Crédito_2º_Edital_De_Credores",2026-09-03T23:36:47Z,build
08467115,5012306-16.2022.8.21.0023,31446843.91,08467115000100,1,SCZ Scalzilli Administração Judicial,,,1,FLOOR,ebfb999b457caf45140ea7446a22cd3751154eaf,CIA.EST.DE ENERG.ELETRICA-CEE (,ROWS:p26r26|UNRECONCILED_SOURCE,2026-09-03T23:36:47Z,build
00360305,5057720-48.2025.8.24.0023,31052221.17,00360305000104,1,Grupo Rech | Administração Judicial - Credibilità,,,1,FLOOR,cf92cff797d25108be0439a46ee6864d615a1be4,NÃO,ROWS:p1r18|UNRECONCILED_SOURCE|VALUE_COL:Valor_Após_Analise,2026-09-03T23:36:48Z,build
00360305,0001639-09.2026.8.17.2810,29895475.21,00360305000104,1,E FALENCIA,,,1,FLOOR,5da7b77bb56987c0953fc02532d71c91d78b3527,CAIXA ECONOMICA FEDERAL,LIKELY_FINANCIAL_BY_NAME|ROWS:p13r10,2026-09-03T23:36:48Z,build
00000000,5341375-33.2026.8.09.0049,29399788.89,00000000000191,1,"Grupo 3E, em consolidação substancia",,,1,FLOOR,8e8832093a15aa7f9dc936a37e882fe66a1fe43d,Banco do Brasil S.A.,LIKELY_FINANCIAL_BY_NAME|ROWS:p10r35|UNRECONCILED_SOURCE,2026-09-03T23:36:48Z,build
02932074,0005010-98.2023.8.16.0001,25912507.68,02932074004260,1,Marques Administrações Judiciais,,,1,FLOOR,b465a5d11eec7a46656b594fa59c62d80724e0a1,Hypera S/A,PARTIAL_DOC_CLASS_III_RECONCILED|ROWS:p26r9,2026-09-03T23:36:48Z,build
02282709,5341375-33.2026.8.09.0049,25688383.88,02282709000152,1,"Grupo 3E, em consolidação substancia",,,1,FLOOR,8e8832093a15aa7f9dc936a37e882fe66a1fe43d,Cooperativa de Crédito de Livre Admissão do Centro Norte Brasileiro - Sicoob Unicentro Norte Brasileiro,LIKELY_FINANCIAL_BY_NAME|ROWS:p12r8|UNRECONCILED_SOURCE,2026-09-03T23:36:48Z,build
90400888,0001639-09.2026.8.17.2810,21041903.06,90400888000142,1,E FALENCIA,,,1,FLOOR,5da7b77bb56987c0953fc02532d71c91d78b3527,SANTANDER S.A,LIKELY_FINANCIAL_BY_NAME|ROWS:p13r19,2026-09-03T23:36:48Z,build
00968602,5341375-33.2026.8.09.0049,20802131.71,00968602000137,1,"Grupo 3E, em consolidação substancia",,,1,FLOOR,8e8832093a15aa7f9dc936a37e882fe66a1fe43d,Cooperativa de Crédito de Livre Admissão do Vale do São Patrício Ltda - Sicoob Coopercred,LIKELY_FINANCIAL_BY_NAME|ROWS:p12r9|UNRECONCILED_SOURCE,2026-09-03T23:36:48Z,build
11436813,0019761-43.2024.8.17.2001,20647588.14,11436813000145,2,GRUPO ADLIM – LRF Líderes em Recuperação Judicial e Falência,,,1,FLOOR,a32497797bacd26aee3d411b89e47dce32e5a250,"ADLIM TERCEIRIZACAO EM SERVICOS LTDA, CPF/CNPJ/OAB nº","PARTIAL_DOC_CLASS_III_RECONCILED|ROWS:p85r37,p97r26",2026-09-03T23:36:48Z,build
11303092,5057720-48.2025.8.24.0023,20417361.13,11303092000103,1,Grupo Rech | Administração Judicial - Credibilità,,,1,FLOOR,cf92cff797d25108be0439a46ee6864d615a1be4,NÃO,ROWS:p1r31|UNRECONCILED_SOURCE|VALUE_COL:Valor_Após_Analise,2026-09-03T23:36:48Z,build
29644666,0037411-27.2022.8.16.0021,19901498.91,00000000000191|29644666000245,1,"APRESENTADO PELA RECUPERANDA, NA FORMA Distribuidora S.A",,,1,FLOOR,437e79745649ebc229e33ceff1017c077113003a,Banco do Veneza Equipamentos Sul Comercio LTDA (CNPJ nº,LIKELY_FINANCIAL_BY_NAME|MULTI_ROOT|ROWS:p1r43|UNRECONCILED_SOURCE,2026-09-03T23:36:48Z,build
29341643,0001639-09.2026.8.17.2810,18875473.82,29341643000342,1,E FALENCIA,,,1,FLOOR,5da7b77bb56987c0953fc02532d71c91d78b3527,BRASIL S.A,ROWS:p13r8,2026-09-03T23:36:48Z,build
28195667,5057720-48.2025.8.24.0023,18590200.29,28195667000106,2,Grupo Rech | Administração Judicial - Credibilità,,,1,FLOOR,cf92cff797d25108be0439a46ee6864d615a1be4,SIM,"ROWS:p1r4,p1r5|UNRECONCILED_SOURCE|VALUE_COL:Valor_Após_Analise",2026-09-03T23:36:48Z,build
92802784,5012306-16.2022.8.21.0023,18555954.55,92802784000190,1,SCZ Scalzilli Administração Judicial,,,1,FLOOR,ebfb999b457caf45140ea7446a22cd3751154eaf,CIA.RIOGRANDENSE SANEAMENTO CORSAN (,ROWS:p26r27|UNRECONCILED_SOURCE,2026-09-03T23:36:47Z,build
00795423,0000472-94.2012.5.06.0193,17013791.05,00795423000145,1,SCZ Scalzilli Administração Judicial,,,1,FLOOR,24ed98480a572989bb0ce06fbd92e30151b7c249,"Av. Afonso Pena, 3577, 3S andar, Bairro Serra, CEP 30.130-008",ROWS:p62r18|VALUE_COL:Valor_Atualizado,2026-09-03T23:36:47Z,build
92702067,5012306-16.2022.8.21.0023,16715841.17,92702067000196,1,SCZ Scalzilli Administração Judicial,,,1,FLOOR,ebfb999b457caf45140ea7446a22cd3751154eaf,BANCO DO ESTADO DO RIO GRANDE DO SUL - BANRISUL (,LIKELY_FINANCIAL_BY_NAME|LIKELY_PUBLIC_BY_NAME|ROWS:p25r62|UNRECONCILED_SOURCE,2026-09-03T23:36:47Z,build
57507378,0005010-98.2023.8.16.0001,16590576.49,57507378000365,1,Marques Administrações Judiciais,,,1,FLOOR,b465a5d11eec7a46656b594fa59c62d80724e0a1,EMS S.A.,PARTIAL_DOC_CLASS_III_RECONCILED|ROWS:p24r13,2026-09-03T23:36:48Z,build
34590184,5341375-33.2026.8.09.0049,16005897.08,34590184000109,1,"Grupo 3E, em consolidação substancia",,,1,FLOOR,8e8832093a15aa7f9dc936a37e882fe66a1fe43d,Stone Sociedade de Crédito Direto S.A.,ROWS:p18r11|UNRECONCILED_SOURCE,2026-09-03T23:36:48Z,build
09135789,0000472-94.2012.5.06.0193,15999496.52,09135789000162,1,SCZ Scalzilli Administração Judicial,,,1,FLOOR,24ed98480a572989bb0ce06fbd92e30151b7c249,"Rua Piranhas, 361, Santo Andre/SP",ROWS:p71r10|VALUE_COL:Valor_Atualizado,2026-09-03T23:36:47Z,build
38725768,0000472-94.2012.5.06.0193,15143906.34,38725768000103,1,SCZ Scalzilli Administração Judicial,,,1,FLOOR,24ed98480a572989bb0ce06fbd92e30151b7c249,"Rua Sergipe nº 1.440, 6º andar, bairro Savassi, Belo Horizonte-MG, CEP 30.130-174",ROWS:p61r1|VALUE_COL:Valor_Atualizado,2026-09-03T23:36:47Z,build
26419229,,15134865.10,26419229000159,1,,,,1,FLOOR,8b4c169de6295c4f44a02d86552064b9d0398e20,DREYMOOR BRASIL COMÉRCIO DE FERTILIZANTES LTDA,CASE_NUMBER_MISSING|ROWS:p1r9|UNRECONCILED_SOURCE|VALUE_COL:Valor_Do_Crédito,2026-09-03T23:36:47Z,build
12428086,8005129-09.2023.8.05.0039,14857604.68,12428086000137,3,e na falência,,,1,FLOOR,a0ae32a59c2928e385c610811f80949f98723486,FUNDO DE INVESTIMENTO EM DIREITOS CREDITÓRIOS NÃO PADRONIZADOS MULTISSETORIA L BS NP,"LIKELY_FINANCIAL_BY_NAME|ROWS:p7r8,p10r1,p18r2|UNRECONCILED_SOURCE",2026-09-03T23:36:47Z,build
01440590,,14567733.99,01440590000136,1,,,,1,FLOOR,6a92d74da333ce21f5461767626e7ff05b8f474a,FRESENIUS MEDICAL CARE LTDA,CASE_NUMBER_MISSING|ROWS:p3r16,2026-09-03T23:36:47Z,build
34799393,5057720-48.2025.8.24.0023,14500488.51,34799393000167,1,Grupo Rech | Administração Judicial - Credibilità,,,1,FLOOR,cf92cff797d25108be0439a46ee6864d615a1be4,SIM,ROWS:p1r15|UNRECONCILED_SOURCE|VALUE_COL:Valor_Após_Analise,2026-09-03T23:36:48Z,build
33657248,0700256-03.2019.8.02.0066,14441558.60,33657248000189,1,Grupo Arnon de Mello — Lindoso e Araujo,,,1,FLOOR,60fd9c017d90deffa5bd422d7dce534a8fd355a3,BANCO NACIONAL DE DESENVOLVIMENTO ECONOMICO E SOCIAL,LIKELY_FINANCIAL_BY_NAME|ROWS:p7r21|UNRECONCILED_SOURCE,2026-09-03T23:36:47Z,build
60746948,0000410-68.2021.8.16.0174,14366044.44,60746948000112,1,consonância,,,1,FLOOR,b1a9f73b4c119a16aede49b05ad9f554fb74bc97,e Banco Bradesco S.A.,LIKELY_FINANCIAL_BY_NAME|PARTIAL_DOC_CLASS_III_RECONCILED|ROWS:p13r7,2026-09-03T23:36:48Z,build
98521909,0008526-45.2025.8.17.2001,13980345.50,98521909000190|98521909000270,2,E FALENCIA,,,1,FLOOR,1658892fa167d2330f5086c9fbc19999d00549f1,VINICOLA CAMPESTRE LTDA,"ROWS:p5r60,p5r61",2026-09-03T23:36:47Z,build
11516861,0019761-43.2024.8.17.2001,13645091.92,11516861000143,1,GRUPO ADLIM – LRF Líderes em Recuperação Judicial e Falência,,,1,FLOOR,a32497797bacd26aee3d411b89e47dce32e5a250,"AGUIA SERVICOS DE VIGILANCIA LTDA, CPF/CNPJ/OAB nº",PARTIAL_DOC_CLASS_III_RECONCILED|ROWS:p97r27,2026-09-03T23:36:48Z,build
90400888,0074500-63.2024.8.17.2001,13569297.24,90400888000142,1,GRUPO IMOBI – LRF Líderes em Recuperação Judicial e Falência,,,1,FLOOR,795d57c3b1a6263f35fd080afd0a6ea1ad727ea3,BANCO SANTANDER (BRASIL) S.A,LIKELY_FINANCIAL_BY_NAME|ROWS:p3r95,2026-09-03T23:36:48Z,build
03519135,0873061-47.2023.8.19.0001,13499976.37,03519135000156,1,Real Distribuidora – Processo nº 0873061-47.2023.8.19.0001 – e-mail: admjudunica@inova-aj.com.br – INOVA,,,1,FLOOR,8eb5d0d64353bf5fcd1122d1a511b7ca9884e3bd,"Avenida dos Oitis, Distrito Industrial, Distr Industrial 2, Manaus/AM - CEP 69007002","ALT_VALUE:R$9.815.941,50|ROWS:p1r32",2026-09-03T23:36:48Z,build
00360305,0019761-43.2024.8.17.2001,13335951.83,00360305000104,3,GRUPO ADLIM – LRF Líderes em Recuperação Judicial e Falência,,,1,FLOOR,a32497797bacd26aee3d411b89e47dce32e5a250,"CAIXA ECONOMICA FEDERAL, CPF/CNPJ/OAB nº","LIKELY_FINANCIAL_BY_NAME|PARTIAL_DOC_CLASS_III_RECONCILED|ROWS:p66r74,p85r24,p97r23",2026-09-03T23:36:48Z,build
00831373,0000941-21.2012.8.26.0101,13129217.80,00831373000104,1,Recuperações Judiciais – Brasil Trustee,,,1,FLOOR,cefc6f1f4e0b0de0562158c57eae626fe9aac144,"AV. BRIGADEIRO FARIA LIMA, 1355 CJ. 1401",ROWS:p4r1|VALUE_COL:Valor,2026-09-03T23:36:48Z,build
59981829,0001639-09.2026.8.17.2810,13075093.63,59981829000165,1,E FALENCIA,,,1,FLOOR,5da7b77bb56987c0953fc02532d71c91d78b3527,RODOBENS S.A,ROWS:p13r17,2026-09-03T23:36:48Z,build
09402999,0000410-68.2021.8.16.0174,12966349.62,09402999000170,1,consonância,,,1,FLOOR,b1a9f73b4c119a16aede49b05ad9f554fb74bc97,Tableros Indústria e e Comércio de Painéis Ltda,PARTIAL_DOC_CLASS_III_RECONCILED|ROWS:p16r3,2026-09-03T23:36:48Z,build
60872504,5341375-33.2026.8.09.0049,12852151.77,60872504000123,1,"Grupo 3E, em consolidação substancia",,,1,FLOOR,8e8832093a15aa7f9dc936a37e882fe66a1fe43d,Itaú Unibanco Holding S.A.,LIKELY_FINANCIAL_BY_NAME|ROWS:p14r63|UNRECONCILED_SOURCE,2026-09-03T23:36:48Z,build
02553526,0005010-50.2013.8.24.0026,12841448.00,02553526000124,1,MANNES LTDA E BM EMPREENDIMENTOS E PARTICIPAÇÕES – Sgrott Administradora Judicial e Consultoria Empresarial,,,1,FLOOR,ea17ba43b2611e60da78d77cd10f534a8d7ffa56,J G M EMPREEND E PARTICIPACOES LTDA,ROWS:p15r42|UNRECONCILED_SOURCE,2026-09-03T23:36:48Z,build
15114366,5057720-48.2025.8.24.0023,12763083.47,15114366000320,2,Grupo Rech | Administração Judicial - Credibilità,,,1,FLOOR,cf92cff797d25108be0439a46ee6864d615a1be4,SIM,"ROWS:p1r7,p1r8|UNRECONCILED_SOURCE|VALUE_COL:Valor_Após_Analise",2026-09-03T23:36:48Z,build
60770336,5057720-48.2025.8.24.0023,12737378.82,60770336000165,1,Grupo Rech | Administração Judicial - Credibilità,,,1,FLOOR,cf92cff797d25108be0439a46ee6864d615a1be4,NÃO,ROWS:p1r6|UNRECONCILED_SOURCE|VALUE_COL:Valor_Após_Analise,2026-09-03T23:36:48Z,build
60746948,4000167-23.2025.8.26.0373,12430000.00,60746948000112,4,Cerealista Sa,,,1,FLOOR,18975be46188194b42b5cec2007635d33a16225c,BANCO BRADESCO S.A.,"LIKELY_FINANCIAL_BY_NAME|ROWS:p8r16,p8r17,p8r18,p8r19|UNRECONCILED_SOURCE",2026-09-03T23:36:48Z,build
00360305,0005010-98.2023.8.16.0001,12089694.64,00360305000104,1,Marques Administrações Judiciais,,,1,FLOOR,b465a5d11eec7a46656b594fa59c62d80724e0a1,Caixa Econômica Federal,LIKELY_FINANCIAL_BY_NAME|PARTIAL_DOC_CLASS_III_RECONCILED|ROWS:p22r10,2026-09-03T23:36:48Z,build
72145931,0000472-94.2012.5.06.0193,12002084.64,72145931000199,1,SCZ Scalzilli Administração Judicial,,,1,FLOOR,24ed98480a572989bb0ce06fbd92e30151b7c249,"Avenida Paulista, nº 500, 5º e 6º andares, Bela Vista,São Paulo, SP, CEP 01310-000",ROWS:p73r16|VALUE_COL:Valor_Atualizado,2026-09-03T23:36:47Z,build
02134825,0000721-61.2024.8.17.2620,11835000.00,02134825000124,1,GRUPO DIVINA INDUSTRIA DE COURO LTDA – LRF Líderes em Recuperação Judicial e Falência,,,1,FLOOR,38f0c15b8a2d8dc124ae88df3b8958088a54cfcc,ASSOCIACAO DOS AGROPECUARISTAS CABRITOS DA FLORESTA,PARTIAL_DOC_CLASS_III_RECONCILED|ROWS:p2r7,2026-09-03T23:36:48Z,build
00000000,0020255-24.2020.5.04.0104,11716157.97,00000000000191,1,Base | AJ RUIZ - Administração Judicial,,,1,FLOOR,2407a56c35028c413305535a1dd008db0d00dcd7,"Q SAUN QUADRA 5 LOTE B TORRES I,II,III , S/N - 1º ANDAR SL 1 A 16 / 101 A 1601 - ASA NORTE - BRASILIA - DF - CEP 70040-912",ALT_VALUE:BANCOS|ROWS:p2r13|VALUE_COL:Valor_Do_Crédito,2026-09-03T23:36:48Z,build
24785274,,11676960.19,24785274000444,1,,,,1,FLOOR,8b4c169de6295c4f44a02d86552064b9d0398e20,GRANELES BRASIL COMERC IMPORT EXPORTADORA AGRICO,CASE_NUMBER_MISSING|ROWS:p1r10|UNRECONCILED_SOURCE|VALUE_COL:Valor_Do_Crédito,2026-09-03T23:36:47Z,build
00360305,5341375-33.2026.8.09.0049,11652776.23,00360305000104,1,"Grupo 3E, em consolidação substancia",,,1,FLOOR,8e8832093a15aa7f9dc936a37e882fe66a1fe43d,Caixa Econômica Federal,LIKELY_FINANCIAL_BY_NAME|ROWS:p11r27|UNRECONCILED_SOURCE,2026-09-03T23:36:48Z,build
01789121,0804401-51.2025.8.14.0039,11525550.26,01789121000470|01789121000984|01789121001107,1,SOJAL COMERCIA,,,1,FLOOR,c56751547323616443dc07ccc6d6c553539dec25,ALBAUGH AGRO BRASIL LTDA,ROWS:p1r4,2026-09-03T23:36:47Z,build
01181521,5341375-33.2026.8.09.0049,11225999.29,01181521000155,1,"Grupo 3E, em consolidação substancia",,,1,FLOOR,8e8832093a15aa7f9dc936a37e882fe66a1fe43d,Banco Cooperativo Sicredi S.A.,LIKELY_FINANCIAL_BY_NAME|ROWS:p10r34|UNRECONCILED_SOURCE,2026-09-03T23:36:48Z,build
09036221,0002484-82.2022.8.17.2001,11125000.00,09036221000194,3,e Falência,,,1,FLOOR,f3b6182e3aa2715450af4d59223acc49f7047632,"DC COMERCIO, REPRESENTACOES, INVESTIMENTOS E PARTICIPACOES LTDA","PARTIAL_DOC_CLASS_III_RECONCILED|ROWS:p4r68,p7r92,p9r68",2026-09-03T23:36:48Z,build
28195667,0873061-47.2023.8.19.0001,11070395.80,28195667000106,1,Real Distribuidora – Processo nº 0873061-47.2023.8.19.0001 – e-mail: admjudunica@inova-aj.com.br – INOVA,,,1,FLOOR,8eb5d0d64353bf5fcd1122d1a511b7ca9884e3bd,"Av. Cidade Jardim, 803, 2° andar, Itaim Bibi, São Paulo/SP - CEP 01453000","ALT_VALUE:R$8.049.373,91|ROWS:p1r14",2026-09-03T23:36:48Z,build
00000000,4054599-35.2025.8.26.0100,11024401.03,00000000000191,1,Ativos,,,1,FLOOR,2fe04bf4466d0420480f240ab82ca5b210606a24,"CORP BANK PINHEIROS: AV PAULISTA,1230, 14º ANDAR, B VISTA, CEP: 01.310-901",ROWS:p2r19|UNRECONCILED_SOURCE|VALUE_COL:Valor,2026-09-03T23:36:48Z,build
00000000,0044747-14.2024.8.16.0021,10935147.95,00000000000191,1,"foi apresentado no movimento 103 dos autos supramencionados, em consonância",,,1,FLOOR,739e29399ac0ac7b1b2e0e4fd55e6fb324d5457f,,NAME_MISSING|PARTIAL_DOC_CLASS_III_RECONCILED|ROWS:p4r4,2026-09-03T23:36:48Z,build
61286647,0005010-98.2023.8.16.0001,10696833.99,61286647001007,1,Marques Administrações Judiciais,,,1,FLOOR,b465a5d11eec7a46656b594fa59c62d80724e0a1,Sandoz do Brasil Industria Farmaceutica Ltda,PARTIAL_DOC_CLASS_III_RECONCILED|ROWS:p31r4,2026-09-03T23:36:48Z,build
05855974,0005010-98.2023.8.16.0001,10636330.31,05855974000170,1,Marques Administrações Judiciais,,,1,FLOOR,b465a5d11eec7a46656b594fa59c62d80724e0a1,Baston Industria de Aerossois Ltda,PARTIAL_DOC_CLASS_III_RECONCILED|ROWS:p21r8,2026-09-03T23:36:48Z,build
58160789,0001639-09.2026.8.17.2810,10547523.23,58160789000128,1,E FALENCIA,,,1,FLOOR,5da7b77bb56987c0953fc02532d71c91d78b3527,SAFRA S.A,ROWS:p13r18,2026-09-03T23:36:48Z,build
11486977,0000472-94.2012.5.06.0193,10310428.56,11486977000187,1,SCZ Scalzilli Administração Judicial,,,1,FLOOR,24ed98480a572989bb0ce06fbd92e30151b7c249,"Rua Dr. Rocha, nº 1.017, Bairro Centro,CEP: 33.600-000, Pedro Leopoldo/MG",ROWS:p66r6|VALUE_COL:Valor_Atualizado,2026-09-03T23:36:47Z,build
60701190,0002484-82.2022.8.17.2001,10230308.04,60701190000104,4,e Falência,,,1,FLOOR,f3b6182e3aa2715450af4d59223acc49f7047632,ITAÚ UNIBANCO S.A,"LIKELY_FINANCIAL_BY_NAME|PARTIAL_DOC_CLASS_III_RECONCILED|ROWS:p4r79,p7r104,p8r83,p9r78",2026-09-03T23:36:48Z,build
90400888,0019761-43.2024.8.17.2001,10130566.25,90400888000142,2,GRUPO ADLIM – LRF Líderes em Recuperação Judicial e Falência,,,1,FLOOR,a32497797bacd26aee3d411b89e47dce32e5a250,"BANCO SANTANDER (BRASIL) S.A., CPF/CNPJ/OAB nº","LIKELY_FINANCIAL_BY_NAME|PARTIAL_DOC_CLASS_III_RECONCILED|ROWS:p66r71,p85r23",2026-09-03T23:36:48Z,build
23643315,0005010-98.2023.8.16.0001,9093937.71,23643315014455,1,Marques Administrações Judiciais,,,1,FLOOR,b465a5d11eec7a46656b594fa59c62d80724e0a1,Danone Ltda,PARTIAL_DOC_CLASS_III_RECONCILED|ROWS:p24r6,2026-09-03T23:36:48Z,build
03237583,0001639-09.2026.8.17.2810,9000000.00,03237583000167,1,E FALENCIA,,,1,FLOOR,5da7b77bb56987c0953fc02532d71c91d78b3527,COPA ENERGIA DISTRIBUIDORA DE GÁS S.A,ROWS:p13r12,2026-09-03T23:36:48Z,build
62232889,0005010-98.2023.8.16.0001,8739976.12,62232889000190,1,Marques Administrações Judiciais,,,1,FLOOR,b465a5d11eec7a46656b594fa59c62d80724e0a1,Banco Daycoval S.A.,LIKELY_FINANCIAL_BY_NAME|PARTIAL_DOC_CLASS_III_RECONCILED|ROWS:p20r9,2026-09-03T23:36:48Z,build
58160789,5341375-33.2026.8.09.0049,8644481.52,58160789000128,1,"Grupo 3E, em consolidação substancia",,,1,FLOOR,8e8832093a15aa7f9dc936a37e882fe66a1fe43d,Banco Safra S.A.,LIKELY_FINANCIAL_BY_NAME|ROWS:p10r38|UNRECONCILED_SOURCE,2026-09-03T23:36:48Z,build
59588111,0001639-09.2026.8.17.2810,8555161.50,59588111000103,1,E FALENCIA,,,1,FLOOR,5da7b77bb56987c0953fc02532d71c91d78b3527,VOTORANTIM S.A,ROWS:p13r24,2026-09-03T23:36:48Z,build
14263981,1000117-72.2020.8.26.0260,8492500.00,14263981000174,1,Ativos,,,1,FLOOR,f41f56937a1d74e42342159ecc0f7b0b6cac3202,MG6 INVESTIMENTOS LTDA,ROWS:p3r18|UNRECONCILED_SOURCE,2026-09-03T23:36:48Z,build
10509915,0000880-57.2020.8.17.2001,8433590.01,10509915000180,1,e Falência,,,1,FLOOR,44ecd0afa707dc9a78430215646a429a26d22516,MINERACAO AURORA LTDA,"ALT_VALUE:R$2.710.146,67|ALT_VALUE:R$5.723.443,34|ROWS:p10r60|UNRECONCILED_SOURCE|VALUE_COL:2ª_Lista",2026-09-03T23:36:47Z,build
00802235,5057720-48.2025.8.24.0023,8354815.13,00802235000105,1,Grupo Rech | Administração Judicial - Credibilità,,,1,FLOOR,cf92cff797d25108be0439a46ee6864d615a1be4,PENDENTE DE REGULARIZAÇÃO,ROWS:p1r23|UNRECONCILED_SOURCE|VALUE_COL:Valor_Após_Analise,2026-09-03T23:36:48Z,build
05607230,5057720-48.2025.8.24.0023,8353250.00,05607230000480,1,Grupo Rech | Administração Judicial - Credibilità,,,1,FLOOR,cf92cff797d25108be0439a46ee6864d615a1be4,NÃO,ROWS:p1r27|UNRECONCILED_SOURCE|VALUE_COL:Valor_Após_Analise,2026-09-03T23:36:48Z,build
37255049,5164979-18.2026.8.09.0110,8134852.72,37255049000103,9,"e informem eventuais créditos perante as devedoras, para divulgação aos demais interessa",,,1,FLOOR,9eb5be419208c690ce6c04d698cfa411fba51ded,SICOOB CREDIGOIAS COOPERATIVA DE CREDITO LTDA,"LIKELY_FINANCIAL_BY_NAME|ROWS:p5r25,p5r26,p5r27,p5r28,p5r29,p5r30,p5r31,p5r32,p5r33|UNRECONCILED_SOURCE",2026-09-03T23:36:48Z,build
04222931,0873061-47.2023.8.19.0001,8012248.57,04222931000195,1,Real Distribuidora – Processo nº 0873061-47.2023.8.19.0001 – e-mail: admjudunica@inova-aj.com.br – INOVA,,,1,FLOOR,8eb5d0d64353bf5fcd1122d1a511b7ca9884e3bd,"Avenida Torquato Tapajos, 7937, Lote 14, 14B, Taruma, Manaus/ AM - CEP 69041025","ALT_VALUE:R$5.825.770,44|ROWS:p1r25",2026-09-03T23:36:48Z,build
54366547,4000807-49.2026.8.26.0354,8000000.00,00000000000191|02398976000190|28138113004164|54366547000134|54366547003400|60701190481609,1,Nair Kawakami Morioka e Outros – VTL,,,1,FLOOR,abf6f46571cf6e72ecac4025383c82de99ef2939,TITULARES DE CRÉDITOS QUIROGRAFÁRIOS SEQUENCIA EMPRESA CREDOR CNPJ / CPF ENDEREÇO BAIRRO CEP CIDADE UF ENDEREÇO ELETRONICO NATUREZA DOCUMENTO VALOR EM R$ 1 PRODUTOR RURAL (TAIKI MORIOKA) COOPERATIVA DOS PLANTADORES DE CANA DO ESTADO SÃO PAULO,LONG_CHUNK|MULTI_ROOT|ROWS:p4r1|UNRECONCILED_SOURCE,2026-09-03T23:36:48Z,build
07502031,5341375-33.2026.8.09.0049,7977879.63,07502031000190,1,"Grupo 3E, em consolidação substancia",,,1,FLOOR,8e8832093a15aa7f9dc936a37e882fe66a1fe43d,Cooperativa de Crédito de Livre Admissão Centro Oeste Ltda - Sicoob Emprecred,LIKELY_FINANCIAL_BY_NAME|ROWS:p12r7|UNRECONCILED_SOURCE,2026-09-03T23:36:48Z,build
35571249,0822279-56.2026.8.15.2001,7778971.39,35571249000131,1,DIAGSON DIAGNOSTICO EM ULTRA SONOGRAFIA MED FETAL LTDA – EPP – LRF Líderes em Recuperação Judicial e Falência,,,1,FLOOR,088be5223af3f8c9fa20abea588d45b3da85a782,SICREDI EVOLUCAO - COOP CREDITO POUPANCA E INVESTIME NTO,LIKELY_FINANCIAL_BY_NAME|PARTIAL_DOC_CLASS_III_RECONCILED|ROWS:p2r81,2026-09-03T23:36:48Z,build
05044984,0005010-98.2023.8.16.0001,7715049.72,05044984000126,1,Marques Administrações Judiciais,,,1,FLOOR,b465a5d11eec7a46656b594fa59c62d80724e0a1,Legrand Pharma Industria Farmaceutica Ltda,PARTIAL_DOC_CLASS_III_RECONCILED|ROWS:p28r5,2026-09-03T23:36:48Z,build
12447077,0000880-57.2020.8.17.2001,7707516.40,12447077000193,1,e Falência,,,1,FLOOR,44ecd0afa707dc9a78430215646a429a26d22516,BRASIL ASFALTOS LTDA,"ALT_VALUE:R$613.244,70|ALT_VALUE:R$7.094.271,70|ROWS:p10r9|UNRECONCILED_SOURCE|VALUE_COL:2ª_Lista",2026-09-03T23:36:47Z,build
81192106,4000167-23.2025.8.26.0373,7666039.90,81192106000136,4,Cerealista Sa,,,1,FLOOR,18975be46188194b42b5cec2007635d33a16225c,COOPERATIVA DE CREDITO POUPANCA E INVESTIMENTO NOSSA TERRA SICREDI NOSSA TERRA PRSP,"LIKELY_FINANCIAL_BY_NAME|ROWS:p8r10,p8r11,p8r12,p8r13|UNRECONCILED_SOURCE",2026-09-03T23:36:48Z,build
10860776,0000721-61.2024.8.17.2620,7562593.19,10860776000135,1,GRUPO DIVINA INDUSTRIA DE COURO LTDA – LRF Líderes em Recuperação Judicial e Falência,,,1,FLOOR,38f0c15b8a2d8dc124ae88df3b8958088a54cfcc,FINANCA FOMENTO MERCANTIL LTDA,LIKELY_FINANCIAL_BY_NAME|PARTIAL_DOC_CLASS_III_RECONCILED|ROWS:p2r41,2026-09-03T23:36:48Z,build
11385941,5057720-48.2025.8.24.0023,7525940.00,11385941000107,1,Grupo Rech | Administração Judicial - Credibilità,,,1,FLOOR,cf92cff797d25108be0439a46ee6864d615a1be4,SIM,ROWS:p2r23|UNRECONCILED_SOURCE|VALUE_COL:Valor_Após_Analise,2026-09-03T23:36:48Z,build
10956258,0011283-80.2023.8.17.2001,7251967.09,10956258000110,1,Náutico - Página — Lindoso e Araujo,,,1,FLOOR,677be5783c06848acb5f46b0d8db0aea7876624a,"FEDERACAO PERNAMBUCANA DE FUTEBOL, CPF/CNPJ Nº",PARTIAL_DOC_CLASS_III_RECONCILED|ROWS:p12r9,2026-09-03T23:36:47Z,build
07207996,0020255-24.2020.5.04.0104,7186584.64,07207996000150,1,Base | AJ RUIZ - Administração Judicial,,,1,FLOOR,2407a56c35028c413305535a1dd008db0d00dcd7,NUC CIDADE DE DEUS - S/N - 4º ANDAR PRED PRATA - VL YARA - OSASCO - SP - CEP 06029-900,ALT_VALUE:BANCOS|ROWS:p2r12|VALUE_COL:Valor_Do_Crédito,2026-09-03T23:36:48Z,build
31872495,0005010-98.2023.8.16.0001,7160294.01,31872495000172,1,Marques Administrações Judiciais,,,1,FLOOR,b465a5d11eec7a46656b594fa59c62d80724e0a1,Banco C6 S.A.,LIKELY_FINANCIAL_BY_NAME|PARTIAL_DOC_CLASS_III_RECONCILED|ROWS:p20r8,2026-09-03T23:36:48Z,build
48430290,0804401-51.2025.8.14.0039,7135516.97,48430290000130,1,SOJAL COMERCIA,,,1,FLOOR,c56751547323616443dc07ccc6d6c553539dec25,ADDIANTE S.A,ROWS:p1r2,2026-09-03T23:36:47Z,build
21203489,0804401-51.2025.8.14.0039,7058181.50,21203489000764|21203489000926,1,SOJAL COMERCIA,,,1,FLOOR,c56751547323616443dc07ccc6d6c553539dec25,SOLUS INDUSTRIA QUIMICA LTDA,ROWS:p2r10,2026-09-03T23:36:47Z,build
92693118,0000472-94.2012.5.06.0193,6917473.54,92693118000160,1,SCZ Scalzilli Administração Judicial,,,1,FLOOR,24ed98480a572989bb0ce06fbd92e30151b7c249,"Rua Barão de Itapagipe, 225, Rio Comprido/RJ",ROWS:p63r12|VALUE_COL:Valor_Atualizado,2026-09-03T23:36:47Z,build
60701190,0000410-68.2021.8.16.0174,6832295.57,60701190000104,1,consonância,,,1,FLOOR,b1a9f73b4c119a16aede49b05ad9f554fb74bc97,e Itaú Unibanco S.A.,LIKELY_FINANCIAL_BY_NAME|PARTIAL_DOC_CLASS_III_RECONCILED|ROWS:p14r16,2026-09-03T23:36:48Z,build
60746948,0008897-71.2025.8.16.0017,6831802.56,60746948000112,1,Marques Administrações Judiciais,,,1,FLOOR,1180d0ff83f8b661ab4fd94fbaaced46755aea7c,"Banco Bradesco S.A. (CNPJ agosto de 2025. Eu, Anastácio Borges dos Santos Jr, Analista Judiciário, conferi, n°",LIKELY_FINANCIAL_BY_NAME|ROWS:p2r149|UNRECONCILED_SOURCE,2026-09-03T23:36:48Z,build
29720639,0001639-09.2026.8.17.2810,6750000.00,29720639000123,2,E FALENCIA,,,1,FLOOR,5da7b77bb56987c0953fc02532d71c91d78b3527,FUNDO DE INVESTIMENTO EM DIREITOS CREDITORIOS JPM III,"LIKELY_FINANCIAL_BY_NAME|ROWS:p13r14,p13r16",2026-09-03T23:36:48Z,build
18563847,5008793-34.2023.8.24.0019,6738246.38,18563847000140,1,AZEPLAST INDÚSTRIA E COMÉRCIO LTDA,,,1,FLOOR,229081edb0eaccd400fcad129b25a20d453416b7,LIBRA II NP FUNDO DE INVESTIMENTO EM DIREITOS CREDITÓRIOS NÃO PADRONIZADOS MULTISSETORIAL,LIKELY_FINANCIAL_BY_NAME|PARTIAL_DOC_CLASS_III_RECONCILED|ROWS:p1r38,2026-09-03T23:36:48Z,build
41324359,5341375-33.2026.8.09.0049,6642118.99,41324359000100,1,"Grupo 3E, em consolidação substancia",,,1,FLOOR,8e8832093a15aa7f9dc936a37e882fe66a1fe43d,Fabrica De Ração,ROWS:p13r19|UNRECONCILED_SOURCE,2026-09-03T23:36:48Z,build
61615191,0000472-94.2012.5.06.0193,6623625.24,61615191000190,1,SCZ Scalzilli Administração Judicial,,,1,FLOOR,24ed98480a572989bb0ce06fbd92e30151b7c249,"Rua Joaquim Antunes, 578, Pinheiros, São Paulo – SP, Cep: 05415001",ROWS:p70r9|VALUE_COL:Valor_Atualizado,2026-09-03T23:36:47Z,build
06284974,0032731-52.2010.8.17.0001,6434083.18,06284974000635,1,E FALENCIA,,,1,FLOOR,bf3c4e448c3e0499bc7b3b13b6efa1d1598d598a,,NAME_MISSING|ROWS:p8r2|UNRECONCILED_SOURCE|VALUE_COL:Crédito_1ª_Lista,2026-09-03T23:36:47Z,build
17192451,0020255-24.2020.5.04.0104,6300000.00,17192451000170,1,Base | AJ RUIZ - Administração Judicial,,,1,FLOOR,2407a56c35028c413305535a1dd008db0d00dcd7,"PC ALFREDO EGYDIO DE SOUZA ARANHA, 100 - TORRE OLAVO SETUBAL 7º ANDAR - PQ JABAQUARA - SÃO PAULO - SP - CEP 04344-902",ALT_VALUE:BANCOS|ROWS:p2r14|VALUE_COL:Valor_Do_Crédito,2026-09-03T23:36:48Z,build
15626673,0804401-51.2025.8.14.0039,6258845.34,15626673000129|15626673000390|15626673000552,1,SOJAL COMERCIA,,,1,FLOOR,c56751547323616443dc07ccc6d6c553539dec25,NORTESUL COMERCIAL AGRICOLA LTDA,ROWS:p2r5,2026-09-03T23:36:47Z,build
00000000,0002484-82.2022.8.17.2001,6252701.01,00000000000191,4,e Falência,,,1,FLOOR,f3b6182e3aa2715450af4d59223acc49f7047632,BANCO DO BRASIL S.A,"LIKELY_FINANCIAL_BY_NAME|PARTIAL_DOC_CLASS_III_RECONCILED|ROWS:p4r56,p7r77,p8r82,p9r58",2026-09-03T23:36:48Z,build
90400888,5341375-33.2026.8.09.0049,6202478.95,90400888000142,1,"Grupo 3E, em consolidação substancia",,,1,FLOOR,8e8832093a15aa7f9dc936a37e882fe66a1fe43d,Banco Santander (Brasil) S.A.,LIKELY_FINANCIAL_BY_NAME|ROWS:p10r39|UNRECONCILED_SOURCE,2026-09-03T23:36:48Z,build
30278428,0005010-98.2023.8.16.0001,5955264.10,30278428000323,1,Marques Administrações Judiciais,,,1,FLOOR,b465a5d11eec7a46656b594fa59c62d80724e0a1,L'Oreal Brasil Comercio de Cosmeticos Ltda,PARTIAL_DOC_CLASS_III_RECONCILED|ROWS:p28r10,2026-09-03T23:36:48Z,build
00000000,0003971-03.2023.8.16.0119,5925881.10,00000000000191,1,Marques Administrações Judiciais,,,1,FLOOR,1209dafe77b7708945a17e0f6d11db9b41daea47,Banco Do Brasil S/A,LIKELY_FINANCIAL_BY_NAME|PARTIAL_DOC_CLASS_III_RECONCILED|ROWS:p10r3,2026-09-03T23:36:48Z,build
18871750,5057720-48.2025.8.24.0023,5875236.13,18871750000102,1,Grupo Rech | Administração Judicial - Credibilità,,,1,FLOOR,cf92cff797d25108be0439a46ee6864d615a1be4,NÃO,ROWS:p1r26|UNRECONCILED_SOURCE|VALUE_COL:Valor_Após_Analise,2026-09-03T23:36:48Z,build
10775286,0002484-82.2022.8.17.2001,5843155.75,10775286000807,2,e Falência,,,1,FLOOR,f3b6182e3aa2715450af4d59223acc49f7047632,CATAO CONFECCOES LTDA,"PARTIAL_DOC_CLASS_III_RECONCILED|ROWS:p4r60,p9r62",2026-09-03T23:36:48Z,build
47151680,0804401-51.2025.8.14.0039,5767665.60,31652424000164|47151680000108,1,SOJAL COMERCIA,,,1,FLOOR,c56751547323616443dc07ccc6d6c553539dec25,FARM TECH IBBA I FIDC,LIKELY_FINANCIAL_BY_NAME|MULTI_ROOT|ROWS:p1r13,2026-09-03T23:36:47Z,build
90400888,4000167-23.2025.8.26.0373,5767145.07,90400888000142,6,Cerealista Sa,,,1,FLOOR,18975be46188194b42b5cec2007635d33a16225c,BANCO SANTANDER (BRASIL) S/A,"LIKELY_FINANCIAL_BY_NAME|ROWS:p8r25,p8r26,p8r27,p8r28,p8r29,p8r30|UNRECONCILED_SOURCE",2026-09-03T23:36:48Z,build
60889128,8005129-09.2023.8.05.0039,5733764.93,60889128000180,1,e na falência,,,1,FLOOR,a0ae32a59c2928e385c610811f80949f98723486,BANCO SOFISA S.A.,LIKELY_FINANCIAL_BY_NAME|ROWS:p5r13|UNRECONCILED_SOURCE|VALUE_COL:Valor_Do_Crédito_2º_Edital_De_Credores,2026-09-03T23:36:47Z,build
16404287,0020255-24.2020.5.04.0104,5686333.34,16404287057009,1,Base | AJ RUIZ - Administração Judicial,,,1,FLOOR,2407a56c35028c413305535a1dd008db0d00dcd7,"Av. Brg. Faria Lima, 1355 - Pinheiros, São Paulo - SP - CEP 01452-002",ROWS:p4r14,2026-09-03T23:36:48Z,build
60746948,0019761-43.2024.8.17.2001,5470219.17,60746948000112,2,GRUPO ADLIM – LRF Líderes em Recuperação Judicial e Falência,,,1,FLOOR,a32497797bacd26aee3d411b89e47dce32e5a250,"BANCO BRADESCO S.A., CPF/CNPJ/OAB nº","LIKELY_FINANCIAL_BY_NAME|PARTIAL_DOC_CLASS_III_RECONCILED|ROWS:p66r68,p97r20",2026-09-03T23:36:48Z,build
90400888,0005010-50.2013.8.24.0026,5449019.47,90400888000142,1,MANNES LTDA E BM EMPREENDIMENTOS E PARTICIPAÇÕES – Sgrott Administradora Judicial e Consultoria Empresarial,,,1,FLOOR,ea17ba43b2611e60da78d77cd10f534a8d7ffa56,BANCO SANTANDER (BRASIL) S/A,LIKELY_FINANCIAL_BY_NAME|ROWS:p13r9|UNRECONCILED_SOURCE,2026-09-03T23:36:48Z,build
07237373,0008526-45.2025.8.17.2001,5413142.01,07237373019220,1,E FALENCIA,,,1,FLOOR,1658892fa167d2330f5086c9fbc19999d00549f1,BANCO DO NORDESTE DO BRASIL SA,LIKELY_FINANCIAL_BY_NAME|ROWS:p5r66,2026-09-03T23:36:47Z,build
32193199,0002484-82.2022.8.17.2001,5397872.90,32193199000108,3,e Falência,,,1,FLOOR,f3b6182e3aa2715450af4d59223acc49f7047632,GCD ADMINISTRADORA DE CARTOES DE CREDITO LTDA,"PARTIAL_DOC_CLASS_III_RECONCILED|ROWS:p4r73,p7r97,p9r71",2026-09-03T23:36:48Z,build
15114366,0005010-98.2023.8.16.0001,5372374.77,15114366000240,1,Marques Administrações Judiciais,,,1,FLOOR,b465a5d11eec7a46656b594fa59c62d80724e0a1,Banco Bocom Bbm S.A.,LIKELY_FINANCIAL_BY_NAME|PARTIAL_DOC_CLASS_III_RECONCILED|ROWS:p20r6,2026-09-03T23:36:48Z,build
00360305,0822279-56.2026.8.15.2001,5341268.62,00360305000104,1,DIAGSON DIAGNOSTICO EM ULTRA SONOGRAFIA MED FETAL LTDA – EPP – LRF Líderes em Recuperação Judicial e Falência,,,1,FLOOR,088be5223af3f8c9fa20abea588d45b3da85a782,CAIXA ECONOMICA FEDERAL,LIKELY_FINANCIAL_BY_NAME|PARTIAL_DOC_CLASS_III_RECONCILED|ROWS:p2r44,2026-09-03T23:36:48Z,build
60701190,0008526-45.2025.8.17.2001,5337705.09,60701190000104,1,E FALENCIA,,,1,FLOOR,1658892fa167d2330f5086c9fbc19999d00549f1,ITAU UNIBANCO S.A,LIKELY_FINANCIAL_BY_NAME|ROWS:p5r56,2026-09-03T23:36:47Z,build
60746948,5341375-33.2026.8.09.0049,5316666.67,60746948000112,1,"Grupo 3E, em consolidação substancia",,,1,FLOOR,8e8832093a15aa7f9dc936a37e882fe66a1fe43d,Banco Bradesco S.A.,LIKELY_FINANCIAL_BY_NAME|ROWS:p10r32|UNRECONCILED_SOURCE,2026-09-03T23:36:48Z,build
00000000,0005010-50.2013.8.24.0026,5244189.11,00000000505803,1,MANNES LTDA E BM EMPREENDIMENTOS E PARTICIPAÇÕES – Sgrott Administradora Judicial e Consultoria Empresarial,,,1,FLOOR,ea17ba43b2611e60da78d77cd10f534a8d7ffa56,BANCO DO BRASIL S/A,LIKELY_FINANCIAL_BY_NAME|ROWS:p13r4|UNRECONCILED_SOURCE,2026-09-03T23:36:48Z,build
00000000,0007565-40.2020.8.17.2370,5148206.49,00000000506281,1,e Falência,,,1,FLOOR,849d4fe5adce792f073eb0cbe52a2f1d8075a473,00.000.000/5062-81,ROWS:p15r14,2026-09-03T23:36:48Z,build
33284522,0873061-47.2023.8.19.0001,5064633.83,33284522000626,1,Real Distribuidora – Processo nº 0873061-47.2023.8.19.0001 – e-mail: admjudunica@inova-aj.com.br – INOVA,,,1,FLOOR,8eb5d0d64353bf5fcd1122d1a511b7ca9884e3bd,"Rod. Presidente Dutra, Km 141, s/n, Km 141, Eugenio de Mello, São Paulo CEP 12247901","ALT_VALUE:R$3.682.536,03|ROWS:p1r35",2026-09-03T23:36:48Z,build
34274233,0000472-94.2012.5.06.0193,5004769.60,34274233000102,2,SCZ Scalzilli Administração Judicial,,,1,FLOOR,24ed98480a572989bb0ce06fbd92e30151b7c249,"Rua General Canabarro, 500, Bairro Maracanã, na cidade do Rio de Janeiro/RJ","ROWS:p71r8,p76r5|VALUE_COL:Valor_Atualizado",2026-09-03T23:36:47Z,build
90400888,0020255-24.2020.5.04.0104,5000000.00,90400888000142,1,Base | AJ RUIZ - Administração Judicial,,,1,FLOOR,2407a56c35028c413305535a1dd008db0d00dcd7,"AV PRES JUSCELINO KUBITSCHEK, 2041 - CONJ 281-BLOCO A-COND WTORRE JK - VL NOVA CONCEIÇÃO - SÃO PAULO - CEP 04543-011",ALT_VALUE:BANCOS|ROWS:p2r16|VALUE_COL:Valor_Do_Crédito,2026-09-03T23:36:48Z,build
60746948,5264228-81.2025.8.09.0172,4951238.73,60746948000112,1,CINCOS CONSULTORIA ORGANIZACIONAL LTDA,,,1,FLOOR,301e3cf58b98f2b74920b96d29220c90ddc094e5,,NAME_MISSING|ROWS:p1r1|UNRECONCILED_SOURCE|VALUE_COL:Valor_Do_Crédito,2026-09-03T23:36:48Z,build
03981899,8005129-09.2023.8.05.0039,4940520.91,03981899000169,2,e na falência,,,1,FLOOR,a0ae32a59c2928e385c610811f80949f98723486,JF PASQUA CONDUTORES ELETRICOS LTDA,"ROWS:p8r4,p18r6|UNRECONCILED_SOURCE",2026-09-03T23:36:47Z,build
07237373,0802426-35.2019.8.10.0000,4771560.11,07237373024061,1,Roque Materiais para Construção - Real Brasil Consultoria,,,1,FLOOR,d85bdfbfbdc814ff10df1dbd8c2e47f1e34386aa,"AV. GUAJAJARAS, 300, JARDIM SAO CRISTOVAO - 65055-285, SÃO LUÍS - MA",ROWS:p2r1|VALUE_COL:Saldo_Total,2026-09-03T23:36:48Z,build
58616418,0005010-50.2013.8.24.0026,4760530.36,58616418000108,1,MANNES LTDA E BM EMPREENDIMENTOS E PARTICIPAÇÕES – Sgrott Administradora Judicial e Consultoria Empresarial,,,1,FLOOR,ea17ba43b2611e60da78d77cd10f534a8d7ffa56,BANCO FIBRA S/A,LIKELY_FINANCIAL_BY_NAME|ROWS:p13r6|UNRECONCILED_SOURCE,2026-09-03T23:36:48Z,build
19709369,0000472-94.2012.5.06.0193,4757312.99,19709369000104,1,SCZ Scalzilli Administração Judicial,,,1,FLOOR,24ed98480a572989bb0ce06fbd92e30151b7c249,"RUA AFRICA DO SUL, n.º 01, SALA 206, QUADRA B, LOTE 01, Centro, Igarassú-PE., CEP 53.610-294",ROWS:p74r13|VALUE_COL:Valor_Atualizado,2026-09-03T23:36:47Z,build
00000000,0001943-40.2024.8.16.0115,4719186.39,00000000000191,1,- D & D LOGÍSTICA E TRANSPORTE Comercia,,,1,FLOOR,dfc3207dcd0fa485a74eefea8e9db729618a8aea,Banco Do Brasil S.A.,LIKELY_FINANCIAL_BY_NAME|PARTIAL_DOC_CLASS_III_RECONCILED|ROWS:p4r8,2026-09-03T23:36:48Z,build
58160789,0002484-82.2022.8.17.2001,4717582.89,58160789000128,1,e Falência,,,1,FLOOR,f3b6182e3aa2715450af4d59223acc49f7047632,BANCO SAFRA S.A,LIKELY_FINANCIAL_BY_NAME|PARTIAL_DOC_CLASS_III_RECONCILED|ROWS:p7r79,2026-09-03T23:36:48Z,build
21998451,0005010-98.2023.8.16.0001,4694462.47,21998451001373,1,Marques Administrações Judiciais,,,1,FLOOR,b465a5d11eec7a46656b594fa59c62d80724e0a1,Pro Nova Distribuidora e Comercio de Cosmeticos Ltda,PARTIAL_DOC_CLASS_III_RECONCILED|ROWS:p30r9,2026-09-03T23:36:48Z,build
52311347,5057720-48.2025.8.24.0023,4681142.41,52311347000906,1,Grupo Rech | Administração Judicial - Credibilità,,,1,FLOOR,cf92cff797d25108be0439a46ee6864d615a1be4,NÃO,ROWS:p1r3|UNRECONCILED_SOURCE|VALUE_COL:Valor_Após_Analise,2026-09-03T23:36:48Z,build
05399071,5011460-87.2023.8.24.0020,4680282.82,05399071000122,1,TOP TEXTIL EMBALAGENS LTDA,,,1,FLOOR,741aed48dd004485cbfaf3bc50def81229cab4e3,AV BURITI,ROWS:p2r66|UNRECONCILED_SOURCE,2026-09-03T23:36:47Z,build
32851823,5012743-51.2023.8.24.0019,4672725.10,32851823000117,1,Alto Uruguai Indústria e Comércio de Óleos Ltda,,,1,FLOOR,75336e98f447837fcdb5e795c7aa49c9bea54c52,SERRINHA AMBIENTAL TRANSPORTES LTDA,ROWS:p1r35|VALUE_COL:Valor_Do_Crédito,2026-09-03T23:36:48Z,build
60701190,0019761-43.2024.8.17.2001,4610725.19,60701190000104,1,GRUPO ADLIM – LRF Líderes em Recuperação Judicial e Falência,,,1,FLOOR,a32497797bacd26aee3d411b89e47dce32e5a250,"ITAU UNIBANCO S.A., CPF/CNPJ/OAB nº",LIKELY_FINANCIAL_BY_NAME|PARTIAL_DOC_CLASS_III_RECONCILED|ROWS:p67r21,2026-09-03T23:36:48Z,build
92660604,5011369-81.2026.8.09.0093,4591380.00,92660604014132,1,SCZ Scalzilli Administração Judicial,,,1,FLOOR,c536a2fa4da39efaa9c4b859cacb48e293873548,"Av. Santa Bárbara do Sul, S/N, Jardim Petrópolis, CEP 98030-440, em Cruz Alta - RS.",ROWS:p3r7|UNRECONCILED_SOURCE,2026-09-03T23:36:47Z,build
33337122,0020255-24.2020.5.04.0104,4589364.33,33337122005358,1,Base | AJ RUIZ - Administração Judicial,,,1,FLOOR,2407a56c35028c413305535a1dd008db0d00dcd7,"AV SIDNEY CARDON DE OLIVEIRA,1879 - PAULINIA-SP - CEP 13140-000",ROWS:p3r20,2026-09-03T23:36:48Z,build
00360305,8005129-09.2023.8.05.0039,4585036.12,00360305000104,2,e na falência,,,1,FLOOR,a0ae32a59c2928e385c610811f80949f98723486,CAIXA ECONOMICA FEDERAL,"LIKELY_FINANCIAL_BY_NAME|ROWS:p6r3,p17r8|UNRECONCILED_SOURCE|VALUE_COL:Valor_Do_Crédito_2º_Edital_De_Credores",2026-09-03T23:36:47Z,build
00360305,0000721-61.2024.8.17.2620,4561019.96,00360305000104,2,GRUPO DIVINA INDUSTRIA DE COURO LTDA – LRF Líderes em Recuperação Judicial e Falência,,,1,FLOOR,38f0c15b8a2d8dc124ae88df3b8958088a54cfcc,CAIXA ECONOMICA FEDERAL,"LIKELY_FINANCIAL_BY_NAME|PARTIAL_DOC_CLASS_III_RECONCILED|ROWS:p2r15,p2r24",2026-09-03T23:36:48Z,build
22415372,0005010-50.2013.8.24.0026,4514078.28,22415372000111,1,MANNES LTDA E BM EMPREENDIMENTOS E PARTICIPAÇÕES – Sgrott Administradora Judicial e Consultoria Empresarial,,,1,FLOOR,ea17ba43b2611e60da78d77cd10f534a8d7ffa56,FUNDO DE RECUPERAÇÃO DE ATIVOS,ROWS:p14r57|UNRECONCILED_SOURCE,2026-09-03T23:36:48Z,build
19907274,5341375-33.2026.8.09.0049,4500000.00,19907274000197,1,"Grupo 3E, em consolidação substancia",,,1,FLOOR,8e8832093a15aa7f9dc936a37e882fe66a1fe43d,Bacupari Agroindustria - Lakes Fish,ROWS:p10r29|UNRECONCILED_SOURCE,2026-09-03T23:36:48Z,build
29309127,0000472-94.2012.5.06.0193,4484696.43,29309127000179,1,SCZ Scalzilli Administração Judicial,,,1,FLOOR,24ed98480a572989bb0ce06fbd92e30151b7c249,"Avenida Brasil, nº 703, Jardim América, CEP 01431-000, São Paulo/SP",ROWS:p62r6|VALUE_COL:Valor_Atualizado,2026-09-03T23:36:47Z,build
00000000,0000436-69.2024.5.09.0671,4441128.00,00000000542598|07155032000105|58160789000128,1,GRUPO FOREST – Sgrott Administradora Judicial e Consultoria Empresarial,,,1,FLOOR,424b54fee6a110938dcb9ca54168acdb6434dece,"jaques.iglicky@bancodaycoval.com.br CAPITAL DE GIRO 2023005743 R$ 8 8.895,41 169 BANCO DO BRASIL SA",LIKELY_FINANCIAL_BY_NAME|LONG_CHUNK|MULTI_ROOT|ROWS:p12r2|UNRECONCILED_SOURCE,2026-09-03T23:36:47Z,build
08529013,0000472-94.2012.5.06.0193,4386076.47,08529013000164,2,SCZ Scalzilli Administração Judicial,,,1,FLOOR,24ed98480a572989bb0ce06fbd92e30151b7c249,"Rua Engenheiro Carlos Stevenson, nº 80, 10º andar, conjunto 101, Sala “A”, Nova Campinas, CEP: 13092-132, Campinas/SP","ROWS:p69r4,p71r15|VALUE_COL:Valor_Atualizado",2026-09-03T23:36:47Z,build
00360305,0873061-47.2023.8.19.0001,4362147.27,00360305000104,1,Real Distribuidora – Processo nº 0873061-47.2023.8.19.0001 – e-mail: admjudunica@inova-aj.com.br – INOVA,,,1,FLOOR,8eb5d0d64353bf5fcd1122d1a511b7ca9884e3bd,"Bancario Sul, Quadra 04, 34, Bloca A, Asa Sul, Brasília/DF - CEP 70092900","ALT_VALUE:R$3.171.752,40|ROWS:p1r19",2026-09-03T23:36:48Z,build
00360305,4000167-23.2025.8.26.0373,4312799.65,00360305000104,1,Cerealista Sa,,,1,FLOOR,18975be46188194b42b5cec2007635d33a16225c,CAIXA ECONOMICA FEDERAL,LIKELY_FINANCIAL_BY_NAME|ROWS:p8r20|UNRECONCILED_SOURCE,2026-09-03T23:36:48Z,build
60701190,0873061-47.2023.8.19.0001,4228442.28,60701190000104,1,Real Distribuidora – Processo nº 0873061-47.2023.8.19.0001 – e-mail: admjudunica@inova-aj.com.br – INOVA,,,1,FLOOR,8eb5d0d64353bf5fcd1122d1a511b7ca9884e3bd,"Pca. Alfredo e S. Aranha, 100, Parque Jabaquara, São Paulo/SP - CEP 04344902","ALT_VALUE:R$3.074.534,42|ROWS:p1r15",2026-09-03T23:36:48Z,build
31880826,0005010-98.2023.8.16.0001,4227912.66,31880826000116,1,Marques Administrações Judiciais,,,1,FLOOR,b465a5d11eec7a46656b594fa59c62d80724e0a1,Banco Guanabara S.A.,LIKELY_FINANCIAL_BY_NAME|PARTIAL_DOC_CLASS_III_RECONCILED|ROWS:p21r2,2026-09-03T23:36:48Z,build
60889128,0873061-47.2023.8.19.0001,4204523.67,60889128000180,1,Real Distribuidora – Processo nº 0873061-47.2023.8.19.0001 – e-mail: admjudunica@inova-aj.com.br – INOVA,,,1,FLOOR,8eb5d0d64353bf5fcd1122d1a511b7ca9884e3bd,"Alameda Santos, 1496, São Paulo/SP - CEP 01418100","ALT_VALUE:R$3.057.143,01|ROWS:p1r16",2026-09-03T23:36:48Z,build
10249419,5011369-81.2026.8.09.0093,4173329.00,10249419001530,1,SCZ Scalzilli Administração Judicial,,,1,FLOOR,c536a2fa4da39efaa9c4b859cacb48e293873548,"od. GO-206, s/n, Km 110, Armazém de Grãos, Zona Rural, CEP 75.860-000, em Quirinópolis - GO.",ROWS:p3r8|UNRECONCILED_SOURCE,2026-09-03T23:36:47Z,build
20889236,8005129-09.2023.8.05.0039,4168615.02,20889236000138,1,e na falência,,,1,FLOOR,a0ae32a59c2928e385c610811f80949f98723486,INDUSCOPPER METAIS LTDA,ROWS:p7r13|UNRECONCILED_SOURCE,2026-09-03T23:36:47Z,build
17192451,5341375-33.2026.8.09.0049,4133710.37,17192451000170,1,"Grupo 3E, em consolidação substancia",,,1,FLOOR,8e8832093a15aa7f9dc936a37e882fe66a1fe43d,Itaucard,ROWS:p14r64|UNRECONCILED_SOURCE,2026-09-03T23:36:48Z,build
78840071,5009149-92.2024.8.24.0019,4127569.13,78840071000190,6,e de Falência,,,1,FLOOR,a62ac8ee04589de01e4daef8a199cd9a9df4a91e,2.7 SICOOB CREDIAUC,"LIKELY_FINANCIAL_BY_NAME|ROWS:p1r13,p1r14,p1r15,p1r16,p1r17,p1r18|UNRECONCILED_SOURCE",2026-09-03T23:36:48Z,build
46542000,4054599-35.2025.8.26.0100,4122689.25,46542000000114,1,Ativos,,,1,FLOOR,2fe04bf4466d0420480f240ab82ca5b210606a24,"RUA CARDEAL ARCOVERDE, 2365 - PINHEIROS, CEP 05407-003",ROWS:p2r5|UNRECONCILED_SOURCE|VALUE_COL:Valor,2026-09-03T23:36:48Z,build
02641032,0000721-61.2024.8.17.2620,4069396.91,02641032001254,1,GRUPO DIVINA INDUSTRIA DE COURO LTDA – LRF Líderes em Recuperação Judicial e Falência,,,1,FLOOR,38f0c15b8a2d8dc124ae88df3b8958088a54cfcc,COOPERATIVA DE ECONOMIA E CRÉDITO MÚTUO UNICRED PONTO CAPITAL,LIKELY_FINANCIAL_BY_NAME|PARTIAL_DOC_CLASS_III_RECONCILED|ROWS:p2r31,2026-09-03T23:36:48Z,build
18331491,5012306-16.2022.8.21.0023,3947275.50,18331491000119,1,SCZ Scalzilli Administração Judicial,,,1,FLOOR,ebfb999b457caf45140ea7446a22cd3751154eaf,CENTRO AVANCADO DE NEUROLOGIA E NEUROCIRURGIA S/S (,ROWS:p26r23|UNRECONCILED_SOURCE,2026-09-03T23:36:47Z,build
13829957,0000880-57.2020.8.17.2001,3879789.49,13829957000782,1,e Falência,,,1,FLOOR,44ecd0afa707dc9a78430215646a429a26d22516,BRASQUIMICA PRODUTOS ASFALTICOS LTDA,"ALT_VALUE:R$3.849.447,97|ALT_VALUE:R$30.341,52|ROWS:p10r10|UNRECONCILED_SOURCE|VALUE_COL:2ª_Lista",2026-09-03T23:36:47Z,build
12442737,0700256-03.2019.8.02.0066,3860405.37,12442737000143,1,Grupo Arnon de Mello — Lindoso e Araujo,,,1,FLOOR,60fd9c017d90deffa5bd422d7dce534a8fd355a3,UNIMED DE MACEIO COOP DE TRAB MEDICOS,ROWS:p9r42|UNRECONCILED_SOURCE,2026-09-03T23:36:47Z,build
90400888,0133628-14.2024.8.17.2001,3777366.43,90400888000142,1,CEAM - Recupera Soluções Empresariais,,,1,FLOOR,e9d023c65bbda29539bfe3e4563d7c5e30033a61,BANCO SANTANDER (BRASIL) S.A,LIKELY_FINANCIAL_BY_NAME|ROWS:p5r53,2026-09-03T23:36:48Z,build
07450604,0005010-50.2013.8.24.0026,3761575.26,07450604000189,1,MANNES LTDA E BM EMPREENDIMENTOS E PARTICIPAÇÕES – Sgrott Administradora Judicial e Consultoria Empresarial,,,1,FLOOR,ea17ba43b2611e60da78d77cd10f534a8d7ffa56,BANCO INDUSTRIAL E COMERCIAL S/A,LIKELY_FINANCIAL_BY_NAME|ROWS:p13r7|UNRECONCILED_SOURCE,2026-09-03T23:36:48Z,build
58160789,0003971-03.2023.8.16.0119,3718575.71,58160789000128,1,Marques Administrações Judiciais,,,1,FLOOR,1209dafe77b7708945a17e0f6d11db9b41daea47,Banco Safra S.A.,LIKELY_FINANCIAL_BY_NAME|PARTIAL_DOC_CLASS_III_RECONCILED|ROWS:p10r5,2026-09-03T23:36:48Z,build
79265617,5027051-28.2023.8.24.0008,3666740.59,79265617000199,1,CENTRAL DA EDUCAÇÃO CURSOS LTDA; ESPAÇO DA EDUCAÇÃO CURSOS LTDA; ESPAÇO DA EDUCAÇÃO PACATUBA LTDA; NÚCLEO DA EDUCAÇÃO CURSOS LTDA. – Sgrott Administradora Judicial e Consultoria Empresarial,,,1,FLOOR,219e6d16c94cc4edfcc6efb0c6b752989a670bca,NFSE@UNICESUMAR.EDU.BR,PARTIAL_DOC_CLASS_III_RECONCILED|ROWS:p3r15|VALUE_COL:Valor_Aberto,2026-09-03T23:36:47Z,build
10793428,5057720-48.2025.8.24.0023,3663129.51,10793428000192,1,Grupo Rech | Administração Judicial - Credibilità,,,1,FLOOR,cf92cff797d25108be0439a46ee6864d615a1be4,NÃO,ROWS:p1r22|UNRECONCILED_SOURCE|VALUE_COL:Valor_Após_Analise,2026-09-03T23:36:48Z,build
11193684,0005010-98.2023.8.16.0001,3660943.81,11193684000101,1,Marques Administrações Judiciais,,,1,FLOOR,b465a5d11eec7a46656b594fa59c62d80724e0a1,Gavea Securitizadora S.A.,LIKELY_FINANCIAL_BY_NAME|PARTIAL_DOC_CLASS_III_RECONCILED|ROWS:p25r13,2026-09-03T23:36:48Z,build
60701190,5008793-34.2023.8.24.0019,3660419.48,60701190000104,1,AZEPLAST INDÚSTRIA E COMÉRCIO LTDA,,,1,FLOOR,229081edb0eaccd400fcad129b25a20d453416b7,ITAU UNIBANCO S.A.,LIKELY_FINANCIAL_BY_NAME|PARTIAL_DOC_CLASS_III_RECONCILED|ROWS:p1r32,2026-09-03T23:36:48Z,build
09123654,0829315-43.2023.8.15.0001,3641949.67,09123654000187,1,"consta no Doc 04 aqui acostado, servindo a Rua Padre Carapuceiro, 706, Empresa",,,1,FLOOR,47e92e4db6f8d9b004d158805b0150b0d5f22a9e,COMPANHIA DE ÁGUA E ESGOTOS DA PARAIBA CAGEPA,ROWS:p3r16,2026-09-03T23:36:47Z,build
58160789,0000410-68.2021.8.16.0174,3576397.17,58160789000128,1,consonância,,,1,FLOOR,b1a9f73b4c119a16aede49b05ad9f554fb74bc97,e Banco Safra S.A.,LIKELY_FINANCIAL_BY_NAME|PARTIAL_DOC_CLASS_III_RECONCILED|ROWS:p13r9,2026-09-03T23:36:48Z,build
33721490,8005129-09.2023.8.05.0039,3539955.57,33721490000174,1,e na falência,,,1,FLOOR,a0ae32a59c2928e385c610811f80949f98723486,METAL CREDIT,ROWS:p9r2|UNRECONCILED_SOURCE,2026-09-03T23:36:47Z,build
31895683,5341375-33.2026.8.09.0049,3523132.32,31895683000116,1,"Grupo 3E, em consolidação substancia",,,1,FLOOR,8e8832093a15aa7f9dc936a37e882fe66a1fe43d,Banco Industrial do Brasil S.A.,LIKELY_FINANCIAL_BY_NAME|ROWS:p10r36|UNRECONCILED_SOURCE,2026-09-03T23:36:48Z,build
00360305,0020255-24.2020.5.04.0104,3489161.60,00360305000104,1,Base | AJ RUIZ - Administração Judicial,,,1,FLOOR,2407a56c35028c413305535a1dd008db0d00dcd7,SETOR BANCARIO SUL QUADRA 4 LOTES 3/4 BRASILI - DF - CEP 70092-900,ALT_VALUE:BANCOS|ROWS:p2r24|VALUE_COL:Valor_Do_Crédito,2026-09-03T23:36:48Z,build
60746948,0005010-98.2023.8.16.0001,3441046.15,60746948000112,1,Marques Administrações Judiciais,,,1,FLOOR,b465a5d11eec7a46656b594fa59c62d80724e0a1,Banco Bradesco S.A.,LIKELY_FINANCIAL_BY_NAME|PARTIAL_DOC_CLASS_III_RECONCILED|ROWS:p20r7,2026-09-03T23:36:48Z,build
62232889,0002484-82.2022.8.17.2001,3438942.48,62232889000190,2,e Falência,,,1,FLOOR,f3b6182e3aa2715450af4d59223acc49f7047632,BANCO DAYCOVAL S.A,"LIKELY_FINANCIAL_BY_NAME|PARTIAL_DOC_CLASS_III_RECONCILED|ROWS:p4r55,p7r76",2026-09-03T23:36:48Z,build
30351359,5012743-51.2023.8.24.0019,3397738.03,30351359000174,1,Alto Uruguai Indústria e Comércio de Óleos Ltda,,,1,FLOOR,75336e98f447837fcdb5e795c7aa49c9bea54c52,FOR PARTICIPACOES SOCIAIS LTDA,ROWS:p1r23|VALUE_COL:Valor_Do_Crédito,2026-09-03T23:36:48Z,build
33845322,0000472-94.2012.5.06.0193,3379805.88,33845322000190|33845322001081,6,SCZ Scalzilli Administração Judicial,,,1,FLOOR,24ed98480a572989bb0ce06fbd92e30151b7c249,"Av. Antônio Carlos Magalhães, nº 3244,Edf. Empresarial Thomé de Souza, salas 1601/1607 e 1621/1626, Caminho das Árvores, Salvador-BA","ROWS:p61r2,p61r3,p61r4,p61r5,p61r6,p61r7|VALUE_COL:Valor_Atualizado",2026-09-03T23:36:47Z,build
01080512,5057720-48.2025.8.24.0023,3349893.45,01080512000178,1,Grupo Rech | Administração Judicial - Credibilità,,,1,FLOOR,cf92cff797d25108be0439a46ee6864d615a1be4,NÃO,ROWS:p2r16|UNRECONCILED_SOURCE|VALUE_COL:Valor_Após_Analise,2026-09-03T23:36:48Z,build
00360305,1000119-75.2025.8.26.0354,3336220.00,00360305000104,1,Ativos,,,1,FLOOR,7e2dd0270ed86b1f71e6e3a9cc21d965a29b3955,CAIXA ECONOMICA FEDERAL,LIKELY_FINANCIAL_BY_NAME|ROWS:p3r32|UNRECONCILED_SOURCE,2026-09-03T23:36:48Z,build
07237373,0001639-09.2026.8.17.2810,3330393.67,07237373000120,1,E FALENCIA,,,1,FLOOR,5da7b77bb56987c0953fc02532d71c91d78b3527,BNB S.A,ROWS:p13r5,2026-09-03T23:36:48Z,build
05784234,0002484-82.2022.8.17.2001,3309751.29,05784234000190,3,e Falência,,,1,FLOOR,f3b6182e3aa2715450af4d59223acc49f7047632,M.K. GALONE CONFECCOES E COMERCIO DE ROUPAS LTDA,"PARTIAL_DOC_CLASS_III_RECONCILED|ROWS:p4r87,p7r111,p9r84",2026-09-03T23:36:48Z,build
60701190,,3279415.79,60701190000104,1,,,,1,FLOOR,6a92d74da333ce21f5461767626e7ff05b8f474a,ITAU UNIBANCO S.A.,CASE_NUMBER_MISSING|LIKELY_FINANCIAL_BY_NAME|ROWS:p3r4,2026-09-03T23:36:47Z,build
08785522,0000721-61.2024.8.17.2620,3206338.81,08785522000158,1,GRUPO DIVINA INDUSTRIA DE COURO LTDA – LRF Líderes em Recuperação Judicial e Falência,,,1,FLOOR,38f0c15b8a2d8dc124ae88df3b8958088a54cfcc,DIVINA INDUSTRIA DE COURO LTDA,PARTIAL_DOC_CLASS_III_RECONCILED|ROWS:p2r34,2026-09-03T23:36:48Z,build
60701190,4000167-23.2025.8.26.0373,3183929.48,60701190000104,4,Cerealista Sa,,,1,FLOOR,18975be46188194b42b5cec2007635d33a16225c,ITAU UNIBANCO S.A.,"LIKELY_FINANCIAL_BY_NAME|ROWS:p8r21,p8r22,p8r23,p8r24|UNRECONCILED_SOURCE",2026-09-03T23:36:48Z,build
31880826,0001639-09.2026.8.17.2810,3164000.00,31880826000116,1,E FALENCIA,,,1,FLOOR,5da7b77bb56987c0953fc02532d71c91d78b3527,BANCO GUANABARA,LIKELY_FINANCIAL_BY_NAME|ROWS:p13r3,2026-09-03T23:36:48Z,build
10505803,5341375-33.2026.8.09.0049,3159739.59,10505803000151,1,"Grupo 3E, em consolidação substancia",,,1,FLOOR,8e8832093a15aa7f9dc936a37e882fe66a1fe43d,Lorotti Empreendimentos Imobiliarios,ROWS:p15r31|UNRECONCILED_SOURCE,2026-09-03T23:36:48Z,build
60746948,8005129-09.2023.8.05.0039,3153794.96,60746948000112,2,e na falência,,,1,FLOOR,a0ae32a59c2928e385c610811f80949f98723486,BRADESCO S.A,"LIKELY_FINANCIAL_BY_NAME|ROWS:p5r16,p17r7|UNRECONCILED_SOURCE|VALUE_COL:Valor_Do_Crédito_2º_Edital_De_Credores",2026-09-03T23:36:47Z,build
02524216,0002484-82.2022.8.17.2001,3140000.00,02524216000181,1,e Falência,,,1,FLOOR,f3b6182e3aa2715450af4d59223acc49f7047632,ALFANI CONFECCOES E COMERCIO LTDA,PARTIAL_DOC_CLASS_III_RECONCILED|ROWS:p9r52,2026-09-03T23:36:48Z,build
62232889,8005129-09.2023.8.05.0039,3115885.56,62232889000190,1,e na falência,,,1,FLOOR,a0ae32a59c2928e385c610811f80949f98723486,BANCO DAYCOVAL S.A.,LIKELY_FINANCIAL_BY_NAME|ROWS:p5r8|UNRECONCILED_SOURCE|VALUE_COL:Valor_Do_Crédito_2º_Edital_De_Credores,2026-09-03T23:36:47Z,build
92816560,5012306-16.2022.8.21.0023,3110845.12,92816560000137,1,SCZ Scalzilli Administração Judicial,,,1,FLOOR,ebfb999b457caf45140ea7446a22cd3751154eaf,BANCO REGIONAL DE DESENVOLVIMENTO DO EXTREMO SUL - BRDE (,LIKELY_FINANCIAL_BY_NAME|ROWS:p25r63|UNRECONCILED_SOURCE,2026-09-03T23:36:47Z,build
33124959,0032731-52.2010.8.17.0001,3094127.99,33124959000198,1,E FALENCIA,,,1,FLOOR,bf3c4e448c3e0499bc7b3b13b6efa1d1598d598a,,NAME_MISSING|ROWS:p8r1|UNRECONCILED_SOURCE|VALUE_COL:Crédito_1ª_Lista,2026-09-03T23:36:47Z,build
01631022,0037411-27.2022.8.16.0021,3083893.62,01631022000465|90400888000142,1,"APRESENTADO PELA RECUPERANDA, NA FORMA Distribuidora S.A",,,1,FLOOR,437e79745649ebc229e33ceff1017c077113003a,Vianmaq Equipamentos LTDA (CNPJ nº,MULTI_ROOT|ROWS:p1r45|UNRECONCILED_SOURCE,2026-09-03T23:36:48Z,build
21397569,5011460-87.2023.8.24.0020,3056640.00,21397569000102,1,TOP TEXTIL EMBALAGENS LTDA,,,1,FLOOR,741aed48dd004485cbfaf3bc50def81229cab4e3,AV BRIGADEIRO FARIA LIMA N 1355,ROWS:p2r45|UNRECONCILED_SOURCE,2026-09-03T23:36:47Z,build
90400888,0000880-57.2020.8.17.2001,3015539.04,90400888000142,1,e Falência,,,1,FLOOR,44ecd0afa707dc9a78430215646a429a26d22516,BANCO SANTANDER (BRASIL) S/A,"ALT_VALUE:R$15.539,04|ALT_VALUE:R$3.000.000,00|LIKELY_FINANCIAL_BY_NAME|ROWS:p10r8|UNRECONCILED_SOURCE|VALUE_COL:2ª_Lista",2026-09-03T23:36:47Z,build
05429994,0804401-51.2025.8.14.0039,3014807.20,05429994001313,1,SOJAL COMERCIA,,,1,FLOOR,c56751547323616443dc07ccc6d6c553539dec25,VEGETAL AGRONEGOCIOS LTDA,ROWS:p2r13,2026-09-03T23:36:47Z,build
88305859,5341375-33.2026.8.09.0049,3009813.42,88305859002012,1,"Grupo 3E, em consolidação substancia",,,1,FLOOR,8e8832093a15aa7f9dc936a37e882fe66a1fe43d,Nutrien Solucoes Agricolas,ROWS:p16r30|UNRECONCILED_SOURCE,2026-09-03T23:36:48Z,build
60701190,8005129-09.2023.8.05.0039,3004176.14,60701190000104,2,e na falência,,,1,FLOOR,a0ae32a59c2928e385c610811f80949f98723486,ITAÚ UNIBANCO S.A.,"LIKELY_FINANCIAL_BY_NAME|ROWS:p8r3,p18r5|UNRECONCILED_SOURCE",2026-09-03T23:36:47Z,build
53943098,0020255-24.2020.5.04.0104,3000000.00,53943098000187,1,Base | AJ RUIZ - Administração Judicial,,,1,FLOOR,2407a56c35028c413305535a1dd008db0d00dcd7,ROD JULIANO LORENZETTI KM 04 MARECHAL RONDOM DISTRO INDUSTRIAL - LENÇOIS PAULISTA - SP - CEP 18685-900,ALT_VALUE:cliente|ROWS:p2r21|VALUE_COL:Valor_Do_Crédito,2026-09-03T23:36:48Z,build
58160789,0005010-50.2013.8.24.0026,2978264.57,58160789000128,1,MANNES LTDA E BM EMPREENDIMENTOS E PARTICIPAÇÕES – Sgrott Administradora Judicial e Consultoria Empresarial,,,1,FLOOR,ea17ba43b2611e60da78d77cd10f534a8d7ffa56,BANCO SAFRA S/A,LIKELY_FINANCIAL_BY_NAME|ROWS:p13r8|UNRECONCILED_SOURCE,2026-09-03T23:36:48Z,build
60746948,5012743-51.2023.8.24.0019,2966807.47,60746948000112,1,Alto Uruguai Indústria e Comércio de Óleos Ltda,,,1,FLOOR,75336e98f447837fcdb5e795c7aa49c9bea54c52,BANCO BRADESCO S.A.,LIKELY_FINANCIAL_BY_NAME|ROWS:p1r7|VALUE_COL:Valor_Do_Crédito,2026-09-03T23:36:48Z,build
00000000,1018313-46.2024.8.26.0100,2961832.77,00000000000191,2,JA SANTOS IMPORTAÇÃO E EXPORTAÇÃO DE FERRAMENTAS LTDA. (CONCEPT FERRAMENTAS) - Vivante Gestão e Administração Judicial,,,1,FLOOR,033d29144f63ddddfb2c802c22d6db8f5f1079d8,SAUN - Quadra 5 - Lote B – Ed. Banco do Brasil - 3º andar - CEP: 70040-912 - Brasília - DF,"LIKELY_FINANCIAL_BY_NAME|ROWS:p1r3,p1r4|VALUE_COL:Valor",2026-09-03T23:36:48Z,build
58160789,0008526-45.2025.8.17.2001,2921565.37,58160789000128,1,E FALENCIA,,,1,FLOOR,1658892fa167d2330f5086c9fbc19999d00549f1,BANCO SAFRA S A,LIKELY_FINANCIAL_BY_NAME|ROWS:p5r52,2026-09-03T23:36:47Z,build
00000000,0033736-15.2023.8.16.0185,2921132.88,00000000000191,1,EQUIP SEG INTELIGÊNCIA EM SEGURANÇA LTDA – FALÊNCIA – Brazilio Bacellar Shirai Advogados,,,1,FLOOR,b9895d3bab0574f7ee5fb575d38055b76e20be4b,BANCO DO BRASIL S.A.,LIKELY_FINANCIAL_BY_NAME|ROWS:p38r5|UNRECONCILED_SOURCE,2026-09-03T23:36:48Z,build
47320705,0043030-30.2025.8.16.0021,2916553.74,47320705000150,1,"foi apresentado no movimento 112 dos autos supramencionados, em consonância",,,1,FLOOR,9846e4c0bb373e6d20054e1b22855355a6383506,Irany Comércio Exterior Ltda (CNPJ nº,ROWS:p1r46|UNRECONCILED_SOURCE,2026-09-03T23:36:48Z,build
00000000,0700536-67.2024.8.02.0043,2869597.33,00000000000191,1,GRUPO PISEBEM — Lindoso e Araujo,,,1,FLOOR,d7c426fbd475685a322559791802848a6b81e7db,BANCO DO BRASIL,LIKELY_FINANCIAL_BY_NAME|ROWS:p2r4|UNRECONCILED_SOURCE,2026-09-03T23:36:47Z,build
00000000,0008526-45.2025.8.17.2001,2864591.61,00000000000191,1,E FALENCIA,,,1,FLOOR,1658892fa167d2330f5086c9fbc19999d00549f1,BANCO DO BRASIL SA,LIKELY_FINANCIAL_BY_NAME|ROWS:p5r51,2026-09-03T23:36:47Z,build
40910399,5011369-81.2026.8.09.0093,2859701.32,40910399000162,1,SCZ Scalzilli Administração Judicial,,,1,FLOOR,c536a2fa4da39efaa9c4b859cacb48e293873548,"Av. Governador Luiz Rocha, nº 2080, Sala 13, Malidere III, CEP 65800-000, em Balsas - MA.",ROWS:p3r9|UNRECONCILED_SOURCE,2026-09-03T23:36:47Z,build
61902722,0011283-80.2023.8.17.2001,2823611.80,61902722000126,1,Náutico - Página — Lindoso e Araujo,,,1,FLOOR,677be5783c06848acb5f46b0d8db0aea7876624a,"SPORT CLUB CORINTHIANS PAULISTA, CPF/CNPJ Nº",PARTIAL_DOC_CLASS_III_RECONCILED|ROWS:p12r44,2026-09-03T23:36:47Z,build
90400888,0002484-82.2022.8.17.2001,2800719.20,90400888000142,2,e Falência,,,1,FLOOR,f3b6182e3aa2715450af4d59223acc49f7047632,BANCO SANTANDER (BRASIL) S.A,"LIKELY_FINANCIAL_BY_NAME|PARTIAL_DOC_CLASS_III_RECONCILED|ROWS:p4r57,p7r80",2026-09-03T23:36:48Z,build
59588111,0005010-98.2023.8.16.0001,2800000.00,59588111000103,1,Marques Administrações Judiciais,,,1,FLOOR,b465a5d11eec7a46656b594fa59c62d80724e0a1,Banco Votorantim S.A.,LIKELY_FINANCIAL_BY_NAME|PARTIAL_DOC_CLASS_III_RECONCILED|ROWS:p21r6,2026-09-03T23:36:48Z,build
92702067,0005010-98.2023.8.16.0001,2796663.42,92702067000196,1,Marques Administrações Judiciais,,,1,FLOOR,b465a5d11eec7a46656b594fa59c62d80724e0a1,Banco Do Estado Do Rio Grande Do Sul S.A.,LIKELY_FINANCIAL_BY_NAME|LIKELY_PUBLIC_BY_NAME|PARTIAL_DOC_CLASS_III_RECONCILED|ROWS:p20r11,2026-09-03T23:36:48Z,build
10588595,0005010-98.2023.8.16.0001,2794382.91,10588595001092,1,Marques Administrações Judiciais,,,1,FLOOR,b465a5d11eec7a46656b594fa59c62d80724e0a1,Sanofi Medley Farmaceutica Ltda,PARTIAL_DOC_CLASS_III_RECONCILED|ROWS:p31r6,2026-09-03T23:36:48Z,build
59588111,0005010-50.2013.8.24.0026,2791496.59,59588111000103,1,MANNES LTDA E BM EMPREENDIMENTOS E PARTICIPAÇÕES – Sgrott Administradora Judicial e Consultoria Empresarial,,,1,FLOOR,ea17ba43b2611e60da78d77cd10f534a8d7ffa56,BANCO VOTORANTIM S.A,LIKELY_FINANCIAL_BY_NAME|ROWS:p13r12|UNRECONCILED_SOURCE,2026-09-03T23:36:48Z,build
00360305,,2786495.38,00360305000104,1,,,,1,FLOOR,6a92d74da333ce21f5461767626e7ff05b8f474a,CAIXA ECONOMICA FEDERAL,CASE_NUMBER_MISSING|LIKELY_FINANCIAL_BY_NAME|ROWS:p3r11,2026-09-03T23:36:47Z,build
01181521,0001639-09.2026.8.17.2810,2771887.36,01181521000155,1,E FALENCIA,,,1,FLOOR,5da7b77bb56987c0953fc02532d71c91d78b3527,SICREDI S.A,LIKELY_FINANCIAL_BY_NAME|ROWS:p13r21,2026-09-03T23:36:48Z,build
58160789,0019761-43.2024.8.17.2001,2771401.44,58160789000128,1,GRUPO ADLIM – LRF Líderes em Recuperação Judicial e Falência,,,1,FLOOR,a32497797bacd26aee3d411b89e47dce32e5a250,"BANCO SAFRA S.A., CPF/CNPJ/OAB nº",LIKELY_FINANCIAL_BY_NAME|PARTIAL_DOC_CLASS_III_RECONCILED|ROWS:p66r70,2026-09-03T23:36:48Z,build
73443863,0022845-08.2013.8.24.0008,2753771.14,73443863000107,1,BLUTRAFOS BLUMENAU TRANSFORMADORES LTDA – Sgrott Administradora Judicial e Consultoria Empresarial,,,1,FLOOR,22ac347cfe4f3e48e90db5c47651fa72cb987cca,"CC MEDICOS E DEMAIS PROF SAUDE, CONT, PROF E EMPRES BLUMENAU VALE DO ITAJAI",ROWS:p1r59,2026-09-03T23:36:48Z,build
60498706,5164979-18.2026.8.09.0110,2748939.47,60498706006600,4,"e informem eventuais créditos perante as devedoras, para divulgação aos demais interessa",,,1,FLOOR,9eb5be419208c690ce6c04d698cfa411fba51ded,CARGILL AGRICOLA S.A,"ROWS:p5r10,p5r11,p5r13,p5r15|UNRECONCILED_SOURCE",2026-09-03T23:36:48Z,build
02535864,0033736-15.2023.8.16.0185,2731258.45,02535864000133,1,EQUIP SEG INTELIGÊNCIA EM SEGURANÇA LTDA – FALÊNCIA – Brazilio Bacellar Shirai Advogados,,,1,FLOOR,b9895d3bab0574f7ee5fb575d38055b76e20be4b,VR BENEFÍCIOS E SERVIÇOS DE,ROWS:p42r8|UNRECONCILED_SOURCE,2026-09-03T23:36:48Z,build
18488755,5014104-85.2021.8.21.0010,2727260.07,18488755000142,1,SCZ Scalzilli Administração Judicial,,,1,FLOOR,84c586360a663c7c23a7d5176358d616fe6a93e7,VALOREM SOLUÇÕES FINANCEIRAS S.A. (,ROWS:p10r27|UNRECONCILED_SOURCE,2026-09-03T23:36:47Z,build
00000000,5100227-29.2022.8.24.0023,2715487.96,00000000000191,1,MUNDO BIZARRO IMPORTAÇÃO E EXPORTAÇÃO LTDA – Sgrott Administradora Judicial e Consultoria Empresarial,,,1,FLOOR,0e98068b87bd9301a44b322d50dacac7fd565704,Documento já analisado do pedido da recuperação,ROWS:p16r2|UNRECONCILED_SOURCE,2026-09-03T23:36:48Z,build
62232889,0008526-45.2025.8.17.2001,2710655.64,62232889000190,1,E FALENCIA,,,1,FLOOR,1658892fa167d2330f5086c9fbc19999d00549f1,BANCO DAYCOVAL S.A,LIKELY_FINANCIAL_BY_NAME|ROWS:p5r50,2026-09-03T23:36:47Z,build
08992890,0000472-94.2012.5.06.0193,2680302.42,08992890000177,1,SCZ Scalzilli Administração Judicial,,,1,FLOOR,24ed98480a572989bb0ce06fbd92e30151b7c249,"Praça das Orquídeas, 44, sala 01, Alphaville Comercial, Barueri, SP",ROWS:p69r16|VALUE_COL:Valor_Atualizado,2026-09-03T23:36:47Z,build
76059997,4087055-04.2026.8.26.0100,2656901.01,76059997000117,1,Ativos,,,1,FLOOR,eb0a94ffe21d8842bfaf1a8b454008cac3241e99,OESTE COMERCIAL DE FERRO E AÇO LTDA,PARTIAL_DOC_CLASS_III_RECONCILED|ROWS:p3r4|VALUE_COL:Valor_-,2026-09-03T23:36:48Z,build
09422727,0000472-94.2012.5.06.0193,2654550.86,09422727000131,2,SCZ Scalzilli Administração Judicial,,,1,FLOOR,24ed98480a572989bb0ce06fbd92e30151b7c249,"Av. Professor Benedito Montenegro, 950, Betel, Paulinia/SP","ROWS:p67r2,p67r3|VALUE_COL:Valor_Atualizado",2026-09-03T23:36:47Z,build
00000000,1000119-75.2025.8.26.0354,2653205.78,00000000000191,4,Ativos,,,1,FLOOR,7e2dd0270ed86b1f71e6e3a9cc21d965a29b3955,BANCO DO BRASIL,"LIKELY_FINANCIAL_BY_NAME|ROWS:p3r17,p3r18,p3r19,p3r20|UNRECONCILED_SOURCE",2026-09-03T23:36:48Z,build
00000000,4000167-23.2025.8.26.0373,2646391.58,00000000505129,1,Cerealista Sa,,,1,FLOOR,18975be46188194b42b5cec2007635d33a16225c,BANCO DO BRASIL S.A.,LIKELY_FINANCIAL_BY_NAME|ROWS:p8r1|UNRECONCILED_SOURCE,2026-09-03T23:36:48Z,build
90400888,0043030-30.2025.8.16.0021,2576900.02,90400888000142,1,"foi apresentado no movimento 112 dos autos supramencionados, em consonância",,,1,FLOOR,9846e4c0bb373e6d20054e1b22855355a6383506,Banco Santander (Brasil) S.A. (CNPJ nº,LIKELY_FINANCIAL_BY_NAME|ROWS:p1r39|UNRECONCILED_SOURCE,2026-09-03T23:36:48Z,build
03076832,0005010-50.2013.8.24.0026,2550639.65,03076832000180,1,MANNES LTDA E BM EMPREENDIMENTOS E PARTICIPAÇÕES – Sgrott Administradora Judicial e Consultoria Empresarial,,,1,FLOOR,ea17ba43b2611e60da78d77cd10f534a8d7ffa56,FLEXIVEL IND COM LTDA,ROWS:p14r49|UNRECONCILED_SOURCE,2026-09-03T23:36:48Z,build
28195667,4000167-23.2025.8.26.0373,2550000.00,28195667000106,2,Cerealista Sa,,,1,FLOOR,18975be46188194b42b5cec2007635d33a16225c,BANCO ABC BRASIL S.A.,"LIKELY_FINANCIAL_BY_NAME|ROWS:p8r14,p8r15|UNRECONCILED_SOURCE",2026-09-03T23:36:48Z,build
04247370,5009149-92.2024.8.24.0019,2542689.55,04247370000189,6,e de Falência,,,1,FLOOR,a62ac8ee04589de01e4daef8a199cd9a9df4a91e,2.1 SICOOB TRANSCREDI,"LIKELY_FINANCIAL_BY_NAME|ROWS:p1r7,p1r8,p1r9,p1r10,p1r11,p1r12|UNRECONCILED_SOURCE",2026-09-03T23:36:48Z,build
31895683,0000410-68.2021.8.16.0174,2537596.28,31895683000116,1,consonância,,,1,FLOOR,b1a9f73b4c119a16aede49b05ad9f554fb74bc97,Banco Industrial do e Brasil S.A.,LIKELY_FINANCIAL_BY_NAME|PARTIAL_DOC_CLASS_III_RECONCILED|ROWS:p13r8,2026-09-03T23:36:48Z,build
89468565,5008793-34.2023.8.24.0019,2536775.59,89468565000101,1,AZEPLAST INDÚSTRIA E COMÉRCIO LTDA,,,1,FLOOR,229081edb0eaccd400fcad129b25a20d453416b7,"COOPERATIVA DE CREDITO, POUPANCA E INVESTIMENTO DA REGIAO DA PRODUCAO - SICREDI REGIAO DA PRODUCAO RS/SC/MG",LIKELY_FINANCIAL_BY_NAME|PARTIAL_DOC_CLASS_III_RECONCILED|ROWS:p1r18,2026-09-03T23:36:48Z,build
58160789,3000117-40.2025.8.06.0512,2526000.00,58160789000128,1,PÃ¡gina inicial,,,1,FLOOR,73b45cbf1779afc0265bba96895afb5cec00f12c,BANCO SAFRA S/A,LIKELY_FINANCIAL_BY_NAME|ROWS:p16r2,2026-09-03T23:36:48Z,build
58160789,5057720-48.2025.8.24.0023,2519726.54,58160789000128,1,Grupo Rech | Administração Judicial - Credibilità,,,1,FLOOR,cf92cff797d25108be0439a46ee6864d615a1be4,NÃO,ROWS:p1r12|UNRECONCILED_SOURCE|VALUE_COL:Valor_Após_Analise,2026-09-03T23:36:48Z,build
00000000,0822279-56.2026.8.15.2001,2502948.23,00000000000191,1,DIAGSON DIAGNOSTICO EM ULTRA SONOGRAFIA MED FETAL LTDA – EPP – LRF Líderes em Recuperação Judicial e Falência,,,1,FLOOR,088be5223af3f8c9fa20abea588d45b3da85a782,BANCO DO BRASIL S.A. C NPJ,LIKELY_FINANCIAL_BY_NAME|PARTIAL_DOC_CLASS_III_RECONCILED|ROWS:p2r40,2026-09-03T23:36:48Z,build
11417016,0001639-09.2026.8.17.2810,2485108.25,11417016000110,1,E FALENCIA,,,1,FLOOR,5da7b77bb56987c0953fc02532d71c91d78b3527,SCANIA S.A,ROWS:p13r20,2026-09-03T23:36:48Z,build
20204300,8005129-09.2023.8.05.0039,2463062.80,20204300000108,2,e na falência,,,1,FLOOR,a0ae32a59c2928e385c610811f80949f98723486,MSN FUNDO,"ROWS:p9r4,p18r11|UNRECONCILED_SOURCE",2026-09-03T23:36:47Z,build
60701190,5014104-85.2021.8.21.0010,2433378.27,60701190035668,1,SCZ Scalzilli Administração Judicial,,,1,FLOOR,84c586360a663c7c23a7d5176358d616fe6a93e7,ITAU UNIBANCO S.A. (,LIKELY_FINANCIAL_BY_NAME|ROWS:p7r30|UNRECONCILED_SOURCE,2026-09-03T23:36:47Z,build
60701190,0001639-09.2026.8.17.2810,2425507.40,60701190000104,1,E FALENCIA,,,1,FLOOR,5da7b77bb56987c0953fc02532d71c91d78b3527,ITAU INIBANCO S.A,LIKELY_FINANCIAL_BY_NAME|ROWS:p13r15,2026-09-03T23:36:48Z,build
31281962,0804401-51.2025.8.14.0039,2406485.64,31281962000190|31281962000270,1,SOJAL COMERCIA,,,1,FLOOR,c56751547323616443dc07ccc6d6c553539dec25,CROMO INDUSTRIA QUIMICA S.A,ROWS:p1r11,2026-09-03T23:36:47Z,build
15660513,5009149-92.2024.8.24.0019,2398511.33,15660513000104,1,e de Falência,,,1,FLOOR,a62ac8ee04589de01e4daef8a199cd9a9df4a91e,2.30TRESBOMM COMERCIO E EXPORTACAO DE GRAOS LTDA,ROWS:p1r36|UNRECONCILED_SOURCE,2026-09-03T23:36:48Z,build
02038232,5341375-33.2026.8.09.0049,2389491.93,02038232000164,1,"Grupo 3E, em consolidação substancia",,,1,FLOOR,8e8832093a15aa7f9dc936a37e882fe66a1fe43d,Banco Cooperativo Sicoob S.A. - Banco Sicoob,LIKELY_FINANCIAL_BY_NAME|ROWS:p10r33|UNRECONCILED_SOURCE,2026-09-03T23:36:48Z,build
70241658,0133628-14.2024.8.17.2001,2386846.42,70241658000170,1,CEAM - Recupera Soluções Empresariais,,,1,FLOOR,e9d023c65bbda29539bfe3e4563d7c5e30033a61,"SICREDI RECIFE - COOPERATIVA DE CREDITO, POUPANCA E INVESTIMENTO SICREDI RECIFE",LIKELY_FINANCIAL_BY_NAME|ROWS:p5r68,2026-09-03T23:36:48Z,build
58160789,0007565-40.2020.8.17.2370,2385103.18,58160789000128,1,e Falência,,,1,FLOOR,849d4fe5adce792f073eb0cbe52a2f1d8075a473,58.160.789/0001-28,ROWS:p15r15,2026-09-03T23:36:48Z,build
61352050,5057720-48.2025.8.24.0023,2360226.69,61352050000122,1,Grupo Rech | Administração Judicial - Credibilità,,,1,FLOOR,cf92cff797d25108be0439a46ee6864d615a1be4,PENDENTE DE REGULARIZAÇÃO,ROWS:p1r29|UNRECONCILED_SOURCE|VALUE_COL:Valor_Após_Analise,2026-09-03T23:36:48Z,build
28195667,0001639-09.2026.8.17.2810,2355675.34,28195667000106,1,E FALENCIA,,,1,FLOOR,5da7b77bb56987c0953fc02532d71c91d78b3527,BANCO ABC S.A,LIKELY_FINANCIAL_BY_NAME|ROWS:p13r2,2026-09-03T23:36:48Z,build
06043050,5341375-33.2026.8.09.0049,2343402.47,06043050000132,1,"Grupo 3E, em consolidação substancia",,,1,FLOOR,8e8832093a15aa7f9dc936a37e882fe66a1fe43d,Bb Consorcios,ROWS:p10r46|UNRECONCILED_SOURCE,2026-09-03T23:36:48Z,build
07237373,0822279-56.2026.8.15.2001,2341598.97,07237373000120,1,DIAGSON DIAGNOSTICO EM ULTRA SONOGRAFIA MED FETAL LTDA – EPP – LRF Líderes em Recuperação Judicial e Falência,,,1,FLOOR,088be5223af3f8c9fa20abea588d45b3da85a782,BANCO DO NORDESTE DO BRASIL S.A,LIKELY_FINANCIAL_BY_NAME|PARTIAL_DOC_CLASS_III_RECONCILED|ROWS:p2r41,2026-09-03T23:36:48Z,build
12910431,8005129-09.2023.8.05.0039,2327494.50,12910431000174,3,e na falência,,,1,FLOOR,a0ae32a59c2928e385c610811f80949f98723486,GAVEA FIDC,"LIKELY_FINANCIAL_BY_NAME|ROWS:p7r9,p8r18,p9r15|UNRECONCILED_SOURCE",2026-09-03T23:36:47Z,build
04902979,0802426-35.2019.8.10.0000,2320767.17,04902979004727,1,Roque Materiais para Construção - Real Brasil Consultoria,,,1,FLOOR,d85bdfbfbdc814ff10df1dbd8c2e47f1e34386aa,"AV. DOM PEDRO II, 140, CENTRO - 65010-450, SÃO LUÍS - MA",ROWS:p2r2|VALUE_COL:Saldo_Total,2026-09-03T23:36:48Z,build
50595271,5012306-16.2022.8.21.0023,2311648.44,50595271000105,1,SCZ Scalzilli Administração Judicial,,,1,FLOOR,ebfb999b457caf45140ea7446a22cd3751154eaf,BIOTRONIK COMERCIAL MEDICA LTDA (,ROWS:p26r10|UNRECONCILED_SOURCE,2026-09-03T23:36:47Z,build
00360305,0005010-50.2013.8.24.0026,2299818.75,00360305000104,1,MANNES LTDA E BM EMPREENDIMENTOS E PARTICIPAÇÕES – Sgrott Administradora Judicial e Consultoria Empresarial,,,1,FLOOR,ea17ba43b2611e60da78d77cd10f534a8d7ffa56,CAIXA ECONÔMICA FEDERAL,LIKELY_FINANCIAL_BY_NAME|ROWS:p13r32|UNRECONCILED_SOURCE,2026-09-03T23:36:48Z,build
11417016,5341375-33.2026.8.09.0049,2297915.55,11417016000110,1,"Grupo 3E, em consolidação substancia",,,1,FLOOR,8e8832093a15aa7f9dc936a37e882fe66a1fe43d,Scania Banco S.A.,LIKELY_FINANCIAL_BY_NAME|ROWS:p17r55|UNRECONCILED_SOURCE,2026-09-03T23:36:48Z,build
33453598,0020255-24.2020.5.04.0104,2280760.72,33453598017794,1,Base | AJ RUIZ - Administração Judicial,,,1,FLOOR,2407a56c35028c413305535a1dd008db0d00dcd7,"RODOVIA CASTELO BRANCO,2186, KM 21,5 - BARUERI-SP - CEP 06463-420",ROWS:p3r49,2026-09-03T23:36:48Z,build
44246528,0000410-68.2021.8.16.0174,2270274.68,44246528000110,1,consonância,,,1,FLOOR,b1a9f73b4c119a16aede49b05ad9f554fb74bc97,SI Group Crios Resinas e S.A.,PARTIAL_DOC_CLASS_III_RECONCILED|ROWS:p15r19,2026-09-03T23:36:48Z,build
59109165,5341375-33.2026.8.09.0049,2266536.35,59109165000149,1,"Grupo 3E, em consolidação substancia",,,1,FLOOR,8e8832093a15aa7f9dc936a37e882fe66a1fe43d,Banco Volkswagen S.A.,LIKELY_FINANCIAL_BY_NAME|ROWS:p10r40|UNRECONCILED_SOURCE,2026-09-03T23:36:48Z,build
58160789,5011460-87.2023.8.24.0020,2224584.09,58160789000128,1,TOP TEXTIL EMBALAGENS LTDA,,,1,FLOOR,741aed48dd004485cbfaf3bc50def81229cab4e3,AV PAULISTA 2100,ROWS:p2r15|UNRECONCILED_SOURCE,2026-09-03T23:36:47Z,build
02948030,0007565-40.2020.8.17.2370,2210242.75,02948030000230,1,e Falência,,,1,FLOOR,849d4fe5adce792f073eb0cbe52a2f1d8075a473,02.948.030/0002-30,ROWS:p15r42,2026-09-03T23:36:48Z,build
14177238,0016033-22.2025.8.16.0017,2204283.12,14177238000100,1,KADIMA EMPREENDIMENTOS subscrevi e assinei. E PARTICIPAÇÕES S.A,,,1,FLOOR,fcb10a251582ff4fff1b8864bf38719cc11c0e03,G&F Assessoria Consultoria Empreendimentos e Participações Ltda,ROWS:p4r11,2026-09-03T23:36:48Z,build
23191831,0005010-98.2023.8.16.0001,2199541.23,23191831000193,1,Marques Administrações Judiciais,,,1,FLOOR,b465a5d11eec7a46656b594fa59c62d80724e0a1,"Falcon Distribuição, Armazenamento e Transportes S/A",PARTIAL_DOC_CLASS_III_RECONCILED|ROWS:p25r5,2026-09-03T23:36:48Z,build
33021064,5164979-18.2026.8.09.0110,2198652.05,33021064000128,4,"e informem eventuais créditos perante as devedoras, para divulgação aos demais interessa",,,1,FLOOR,9eb5be419208c690ce6c04d698cfa411fba51ded,COOPERATIVA DE CREDITO POUPANCA E INVESTIMENTO DO ARAGUAIA E XINGU SICREDI ARAXINGU,"LIKELY_FINANCIAL_BY_NAME|ROWS:p5r34,p6r1,p6r2,p6r3|UNRECONCILED_SOURCE",2026-09-03T23:36:48Z,build
20228148,0000472-94.2012.5.06.0193,2189633.16,20228148000195,1,SCZ Scalzilli Administração Judicial,,,1,FLOOR,24ed98480a572989bb0ce06fbd92e30151b7c249,"Rua Prudente de Morais, nº 714, sala 401, Governador Valadares – MG, CEP 35020-460",ROWS:p72r4|VALUE_COL:Valor_Atualizado,2026-09-03T23:36:47Z,build
12592411,0074500-63.2024.8.17.2001,2172949.97,12592411000100,1,GRUPO IMOBI – LRF Líderes em Recuperação Judicial e Falência,,,1,FLOOR,795d57c3b1a6263f35fd080afd0a6ea1ad727ea3,BOA VISTA FUNDO DE INVESTIMENTO EM DIREITOS CREDITORIOS - NAO PADRONIZADO,LIKELY_FINANCIAL_BY_NAME|ROWS:p4r2,2026-09-03T23:36:48Z,build
59128553,0000880-57.2020.8.17.2001,2146226.53,59128553002110,1,e Falência,,,1,FLOOR,44ecd0afa707dc9a78430215646a429a26d22516,STRATURA ASFALTOS S.A.,"ALT_VALUE:R$1.615.549,86|ALT_VALUE:R$530.676,67|ROWS:p10r77|UNRECONCILED_SOURCE|VALUE_COL:2ª_Lista",2026-09-03T23:36:47Z,build
23360870,8005129-09.2023.8.05.0039,2144705.34,23360870000177,2,e na falência,,,1,FLOOR,a0ae32a59c2928e385c610811f80949f98723486,SIGMA,"ROWS:p10r2,p19r7|UNRECONCILED_SOURCE",2026-09-03T23:36:47Z,build
09414255,0003971-03.2023.8.16.0119,2137604.80,09414255000175,1,Marques Administrações Judiciais,,,1,FLOOR,1209dafe77b7708945a17e0f6d11db9b41daea47,Fundo De Investimento Em Direitos Creditorios Multisetorial Daniele Lp,LIKELY_FINANCIAL_BY_NAME|PARTIAL_DOC_CLASS_III_RECONCILED|ROWS:p11r7,2026-09-03T23:36:48Z,build
90400888,0033736-15.2023.8.16.0185,2126885.97,90400888000142,1,EQUIP SEG INTELIGÊNCIA EM SEGURANÇA LTDA – FALÊNCIA – Brazilio Bacellar Shirai Advogados,,,1,FLOOR,b9895d3bab0574f7ee5fb575d38055b76e20be4b,BANCO SANTANDER (BRASIL) S.A.,LIKELY_FINANCIAL_BY_NAME|ROWS:p38r8|UNRECONCILED_SOURCE,2026-09-03T23:36:48Z,build
17417928,0873061-47.2023.8.19.0001,2121705.89,17417928000179,1,Real Distribuidora – Processo nº 0873061-47.2023.8.19.0001 – e-mail: admjudunica@inova-aj.com.br – INOVA,,,1,FLOOR,8eb5d0d64353bf5fcd1122d1a511b7ca9884e3bd,"Rua Azaleia, 2421, Distrito Industrial, Manaus - CEP 69075845","ALT_VALUE:R$1.542.709,43|ROWS:p2r16",2026-09-03T23:36:48Z,build
00000000,0043030-30.2025.8.16.0021,2120288.66,00000000000191,1,"foi apresentado no movimento 112 dos autos supramencionados, em consonância",,,1,FLOOR,9846e4c0bb373e6d20054e1b22855355a6383506,Banco do Brasil S.A. (CNPJ nº,LIKELY_FINANCIAL_BY_NAME|ROWS:p1r37|UNRECONCILED_SOURCE,2026-09-03T23:36:48Z,build
36854495,5341375-33.2026.8.09.0049,2120225.10,36854495002298,1,"Grupo 3E, em consolidação substancia",,,1,FLOOR,8e8832093a15aa7f9dc936a37e882fe66a1fe43d,Nutrien Solucoes Agricolas,ROWS:p16r31|UNRECONCILED_SOURCE,2026-09-03T23:36:48Z,build
31872495,0001639-09.2026.8.17.2810,2115489.72,31872495000172,1,E FALENCIA,,,1,FLOOR,5da7b77bb56987c0953fc02532d71c91d78b3527,C6 S.A,ROWS:p13r9,2026-09-03T23:36:48Z,build
05554669,0002484-82.2022.8.17.2001,2113920.00,05554669000149,1,e Falência,,,1,FLOOR,f3b6182e3aa2715450af4d59223acc49f7047632,SRJ INDUSTRIA COMERCIO E EXPORTACAO DE CONFECCOES LTDA,PARTIAL_DOC_CLASS_III_RECONCILED|ROWS:p4r92,2026-09-03T23:36:48Z,build
02282709,5264228-81.2025.8.09.0172,2092386.84,02282709000233,1,CINCOS CONSULTORIA ORGANIZACIONAL LTDA,,,1,FLOOR,301e3cf58b98f2b74920b96d29220c90ddc094e5,02.282.709/0002-33,ROWS:p2r2|UNRECONCILED_SOURCE|VALUE_COL:Valor_Do_Crédito,2026-09-03T23:36:48Z,build
02003402,5009149-92.2024.8.24.0019,2086675.04,02003402004677,1,e de Falência,,,1,FLOOR,a62ac8ee04589de01e4daef8a199cd9a9df4a91e,2.15ADM DO BRASIL LTDA,ROWS:p1r21|UNRECONCILED_SOURCE,2026-09-03T23:36:48Z,build
94813102,5009149-92.2024.8.24.0019,2076705.80,94813102000846,1,e de Falência,,,1,FLOOR,a62ac8ee04589de01e4daef8a199cd9a9df4a91e,2.14TRES TENTOS AGROINDUSTRIAL S/A,ROWS:p1r20|UNRECONCILED_SOURCE,2026-09-03T23:36:48Z,build
60889128,0001639-09.2026.8.17.2810,2057767.49,60889128000180,1,E FALENCIA,,,1,FLOOR,5da7b77bb56987c0953fc02532d71c91d78b3527,SOFISA S.A,ROWS:p13r22,2026-09-03T23:36:48Z,build
31895683,8005129-09.2023.8.05.0039,2056998.20,31895683000116,2,e na falência,,,1,FLOOR,a0ae32a59c2928e385c610811f80949f98723486,BANCO INDUSTRIAL DO BRASIL S/A,"LIKELY_FINANCIAL_BY_NAME|ROWS:p5r11,p17r5|UNRECONCILED_SOURCE|VALUE_COL:Valor_Do_Crédito_2º_Edital_De_Credores",2026-09-03T23:36:47Z,build
31872495,4000167-23.2025.8.26.0373,2046618.39,31872495000172,2,Cerealista Sa,,,1,FLOOR,18975be46188194b42b5cec2007635d33a16225c,BANCO C6 S.A.,"LIKELY_FINANCIAL_BY_NAME|ROWS:p8r2,p8r3|UNRECONCILED_SOURCE",2026-09-03T23:36:48Z,build
09536120,0804401-51.2025.8.14.0039,2037616.99,09536120000263,1,SOJAL COMERCIA,,,1,FLOOR,c56751547323616443dc07ccc6d6c553539dec25,SEMPRE AGTECH LTDA,ROWS:p2r7,2026-09-03T23:36:47Z,build
00000000,0005010-98.2023.8.16.0001,2023755.17,00000000000191,1,Marques Administrações Judiciais,,,1,FLOOR,b465a5d11eec7a46656b594fa59c62d80724e0a1,Banco Do Brasil S.A.,LIKELY_FINANCIAL_BY_NAME|PARTIAL_DOC_CLASS_III_RECONCILED|ROWS:p20r10,2026-09-03T23:36:48Z,build
05571228,0804401-51.2025.8.14.0039,2016948.56,05571228000155,1,SOJAL COMERCIA,,,1,FLOOR,c56751547323616443dc07ccc6d6c553539dec25,FERTILIZANTES TOCANTINS S.A,ROWS:p2r1,2026-09-03T23:36:47Z,build
58160789,5008793-34.2023.8.24.0019,2014067.89,58160789000128,1,AZEPLAST INDÚSTRIA E COMÉRCIO LTDA,,,1,FLOOR,229081edb0eaccd400fcad129b25a20d453416b7,BANCO SAFRA S.A.,LIKELY_FINANCIAL_BY_NAME|PARTIAL_DOC_CLASS_III_RECONCILED|ROWS:p1r8,2026-09-03T23:36:48Z,build
59128553,0000472-94.2012.5.06.0193,2010640.78,59128553000177,1,SCZ Scalzilli Administração Judicial,,,1,FLOOR,24ed98480a572989bb0ce06fbd92e30151b7c249,"Avenida Paulista, n° 1.754, 7° andar, São Paulo/SP",ROWS:p73r13|VALUE_COL:Valor_Atualizado,2026-09-03T23:36:47Z,build
60889128,0007565-40.2020.8.17.2370,2007489.79,60889128000180,1,e Falência,,,1,FLOOR,849d4fe5adce792f073eb0cbe52a2f1d8075a473,60.889.128/0001-80,ROWS:p15r16,2026-09-03T23:36:48Z,build
22007308,5014104-85.2021.8.21.0010,2006117.28,22007308000100,1,SCZ Scalzilli Administração Judicial,,,1,FLOOR,84c586360a663c7c23a7d5176358d616fe6a93e7,EVOQUE SECURITIZADORA S.A. (,LIKELY_FINANCIAL_BY_NAME|ROWS:p7r2|UNRECONCILED_SOURCE,2026-09-03T23:36:47Z,build
71799001,8005129-09.2023.8.05.0039,2002544.34,71799001000196,1,e na falência,,,1,FLOOR,a0ae32a59c2928e385c610811f80949f98723486,REICHENBACH EQUIP IND.COM. LTDA,ROWS:p19r6|UNRECONCILED_SOURCE,2026-09-03T23:36:47Z,build
08057194,5677250-87.2023.8.09.0051,2000200.00,08057194000254,1,"GRUPO UNIBRÁS, por seu representante legal Dr. STENIUS LACERDA BASTOS, faz sa",,,1,FLOOR,62943bec34234d5fa40566fc7c8dd04d2df2139e,,NAME_MISSING|ROWS:p19r16|UNRECONCILED_SOURCE,2026-09-03T23:36:48Z,build
62063177,0020255-24.2020.5.04.0104,2000000.00,62063177000194,1,Base | AJ RUIZ - Administração Judicial,,,1,FLOOR,2407a56c35028c413305535a1dd008db0d00dcd7,"AV PAULISTA, 2100 - BELA VISTA - SÃO PAULO - SP - CEP 01310-930",ALT_VALUE:BANCOS|ROWS:p2r15|VALUE_COL:Valor_Do_Crédito,2026-09-03T23:36:48Z,build
60746948,0001639-09.2026.8.17.2810,1995033.90,60746948000112,1,E FALENCIA,,,1,FLOOR,5da7b77bb56987c0953fc02532d71c91d78b3527,BRADESCO S.A,LIKELY_FINANCIAL_BY_NAME|ROWS:p13r7,2026-09-03T23:36:48Z,build
29652131,5012743-51.2023.8.24.0019,1993755.38,29652131000135,1,Alto Uruguai Indústria e Comércio de Óleos Ltda,,,1,FLOOR,75336e98f447837fcdb5e795c7aa49c9bea54c52,AGRO INDUSTRIA NUTRIHORTO LTDA,ROWS:p1r3|VALUE_COL:Valor_Do_Crédito,2026-09-03T23:36:48Z,build
59438325,0020255-24.2020.5.04.0104,1970000.00,59438325000101,1,Base | AJ RUIZ - Administração Judicial,,,1,FLOOR,2407a56c35028c413305535a1dd008db0d00dcd7,NUC CIDADE DE DEUS - S/N - 4º ANDAR PRED PRATA - VL YARA - OSASCO - SP - CEP 06029-899,ALT_VALUE:BANCOS|ROWS:p2r11|VALUE_COL:Valor_Do_Crédito,2026-09-03T23:36:48Z,build
60701190,0822279-56.2026.8.15.2001,1968048.14,60701190000104,1,DIAGSON DIAGNOSTICO EM ULTRA SONOGRAFIA MED FETAL LTDA – EPP – LRF Líderes em Recuperação Judicial e Falência,,,1,FLOOR,088be5223af3f8c9fa20abea588d45b3da85a782,ITAU UNIBANCO S.A,LIKELY_FINANCIAL_BY_NAME|PARTIAL_DOC_CLASS_III_RECONCILED|ROWS:p2r67,2026-09-03T23:36:48Z,build
14325185,0000472-94.2012.5.06.0193,1955788.12,14325185000119,1,SCZ Scalzilli Administração Judicial,,,1,FLOOR,24ed98480a572989bb0ce06fbd92e30151b7c249,"Rua Montevidéu, n° 486, parte, Penha, Rio de Janeiro-RJ, CEP 21.020-290",ROWS:p71r18|VALUE_COL:Valor_Atualizado,2026-09-03T23:36:47Z,build
40895649,5341375-33.2026.8.09.0049,1945689.50,40895649000132,1,"Grupo 3E, em consolidação substancia",,,1,FLOOR,8e8832093a15aa7f9dc936a37e882fe66a1fe43d,Audax Capital Fundo de Investimento em Direitos Creditórios,LIKELY_FINANCIAL_BY_NAME|ROWS:p10r19|UNRECONCILED_SOURCE,2026-09-03T23:36:48Z,build
01489979,0003971-03.2023.8.16.0119,1941127.48,01489979000176,1,Marques Administrações Judiciais,,,1,FLOOR,1209dafe77b7708945a17e0f6d11db9b41daea47,Mrk Investimentos E Negocios As - Katayose,PARTIAL_DOC_CLASS_III_RECONCILED|ROWS:p12r9,2026-09-03T23:36:48Z,build
07777160,0000472-94.2012.5.06.0193,1927379.62,07777160000190,1,SCZ Scalzilli Administração Judicial,,,1,FLOOR,24ed98480a572989bb0ce06fbd92e30151b7c249,"Rua Pandiá Galógeras, 106 - Prado - Recife/PE",ROWS:p65r8|VALUE_COL:Valor_Atualizado,2026-09-03T23:36:47Z,build
03485572,0005010-98.2023.8.16.0001,1918724.72,03485572000104,1,Marques Administrações Judiciais,,,1,FLOOR,b465a5d11eec7a46656b594fa59c62d80724e0a1,Geolab Industria Farmaceutica S/A,PARTIAL_DOC_CLASS_III_RECONCILED|ROWS:p26r3,2026-09-03T23:36:48Z,build
02748323,0007565-40.2020.8.17.2370,1902217.38,02748323000193,1,e Falência,,,1,FLOOR,849d4fe5adce792f073eb0cbe52a2f1d8075a473,02.748.323/0001-93,ROWS:p16r36,2026-09-03T23:36:48Z,build
01701201,0032731-52.2010.8.17.0001,1894260.28,01701201000189,1,E FALENCIA,,,1,FLOOR,bf3c4e448c3e0499bc7b3b13b6efa1d1598d598a,0059322-51.2010.8.17.0001,ROWS:p8r7|UNRECONCILED_SOURCE|VALUE_COL:Crédito_1ª_Lista,2026-09-03T23:36:47Z,build
07651282,0000472-94.2012.5.06.0193,1886828.69,07651282000136,1,SCZ Scalzilli Administração Judicial,,,1,FLOOR,24ed98480a572989bb0ce06fbd92e30151b7c249,"Vespasiano/MG, na rua São Paulo, 1850, bairro Fagundes, CEP: 33.200- 000",ROWS:p63r7|VALUE_COL:Valor_Atualizado,2026-09-03T23:36:47Z,build
11581339,1000119-75.2025.8.26.0354,1881174.37,11581339000145,2,Ativos,,,1,FLOOR,7e2dd0270ed86b1f71e6e3a9cc21d965a29b3955,BMP MONEYPLUS,"ROWS:p3r28,p3r29|UNRECONCILED_SOURCE",2026-09-03T23:36:48Z,build
61750345,0011283-80.2023.8.17.2001,1867912.24,61750345000157,1,Náutico - Página — Lindoso e Araujo,,,1,FLOOR,677be5783c06848acb5f46b0d8db0aea7876624a,"SOCIEDADE ESPORTIVA PALMEIRAS, CPF/CNPJ Nº",PARTIAL_DOC_CLASS_III_RECONCILED|ROWS:p12r43,2026-09-03T23:36:47Z,build
00360305,0008897-71.2025.8.16.0017,1850337.87,00360305000104,1,Marques Administrações Judiciais,,,1,FLOOR,1180d0ff83f8b661ab4fd94fbaaced46755aea7c,Caixa Economica Federal Juiz de Direito (CNPJ n°,LIKELY_FINANCIAL_BY_NAME|ROWS:p2r152|UNRECONCILED_SOURCE,2026-09-03T23:36:48Z,build
62232889,0000436-69.2024.5.09.0671,1850000.00,62232889000190,1,GRUPO FOREST – Sgrott Administradora Judicial e Consultoria Empresarial,,,1,FLOOR,424b54fee6a110938dcb9ca54168acdb6434dece,"diretoria_ri@bradesco.com.br CAPITAL DE GIRO 237/6349/2896 R$ 1.850.000,00 132 BANCO DAYCOVAL S.A",LIKELY_FINANCIAL_BY_NAME|ROWS:p12r1|UNRECONCILED_SOURCE,2026-09-03T23:36:47Z,build
25382606,0804401-51.2025.8.14.0039,1849550.98,25382606000160,1,SOJAL COMERCIA,,,1,FLOOR,c56751547323616443dc07ccc6d6c553539dec25,URA AGRO FUNDO DE INVESTIMENTO EM DIREIT,LIKELY_FINANCIAL_BY_NAME|ROWS:p2r12,2026-09-03T23:36:47Z,build
28127603,0005010-98.2023.8.16.0001,1843833.89,28127603000178,1,Marques Administrações Judiciais,,,1,FLOOR,b465a5d11eec7a46656b594fa59c62d80724e0a1,Banestes SA Banco Do Estado Do Espirito Santo,LIKELY_FINANCIAL_BY_NAME|LIKELY_PUBLIC_BY_NAME|PARTIAL_DOC_CLASS_III_RECONCILED|ROWS:p21r7,2026-09-03T23:36:48Z,build
08632394,8005129-09.2023.8.05.0039,1841469.99,08632394000102,2,e na falência,,,1,FLOOR,a0ae32a59c2928e385c610811f80949f98723486,RED FIDC,"LIKELY_FINANCIAL_BY_NAME|ROWS:p9r10,p19r5|UNRECONCILED_SOURCE",2026-09-03T23:36:47Z,build
42605322,0003971-03.2023.8.16.0119,1832792.20,42605322000104,1,Marques Administrações Judiciais,,,1,FLOOR,1209dafe77b7708945a17e0f6d11db9b41daea47,Ophir Fundo De Investimento Em Direitos Creditorios,LIKELY_FINANCIAL_BY_NAME|PARTIAL_DOC_CLASS_III_RECONCILED|ROWS:p12r11,2026-09-03T23:36:48Z,build
43237254,0005010-50.2013.8.24.0026,1828397.18,43237254000130,1,MANNES LTDA E BM EMPREENDIMENTOS E PARTICIPAÇÕES – Sgrott Administradora Judicial e Consultoria Empresarial,,,1,FLOOR,ea17ba43b2611e60da78d77cd10f534a8d7ffa56,TECELAGEM JOLITEX LTDA.,ROWS:p18r50|UNRECONCILED_SOURCE,2026-09-03T23:36:48Z,build
43587344,0005010-98.2023.8.16.0001,1819744.46,43587344000828,1,Marques Administrações Judiciais,,,1,FLOOR,b465a5d11eec7a46656b594fa59c62d80724e0a1,BS Distribuidora de Produtos de Higiene Ltda,PARTIAL_DOC_CLASS_III_RECONCILED|ROWS:p20r3,2026-09-03T23:36:48Z,build
00000000,5401053-70.2026.8.09.0051,1800000.00,00000000000191,1,em falência,,,1,FLOOR,5cac6a8cb93963b12e48ed925b73e042ea034887,BANCO DO BRASIL,LIKELY_FINANCIAL_BY_NAME|ROWS:p5r20|UNRECONCILED_SOURCE|VALUE_COL:Valor,2026-09-03T23:36:48Z,build
07237373,8005129-09.2023.8.05.0039,1794937.22,07237373000120,2,e na falência,,,1,FLOOR,a0ae32a59c2928e385c610811f80949f98723486,BANCO DO NORDESTE,"LIKELY_FINANCIAL_BY_NAME|ROWS:p5r10,p17r4|UNRECONCILED_SOURCE|VALUE_COL:Valor_Do_Crédito_2º_Edital_De_Credores",2026-09-03T23:36:47Z,build
04136367,5011369-81.2026.8.09.0093,1785400.00,04136367000279,1,SCZ Scalzilli Administração Judicial,,,1,FLOOR,c536a2fa4da39efaa9c4b859cacb48e293873548,"Av. Dr. José Bonifácio Coutinho Nogueira, nº 150, Salas 101 e 102, Jardim Madalena, CEP 13.091-611, em Campinas - SP",ROWS:p3r10|UNRECONCILED_SOURCE,2026-09-03T23:36:47Z,build
61088894,0011283-80.2023.8.17.2001,1782661.24,61088894000108,1,Náutico - Página — Lindoso e Araujo,,,1,FLOOR,677be5783c06848acb5f46b0d8db0aea7876624a,"CAMBUCI S/A, CPF/CNPJ Nº",PARTIAL_DOC_CLASS_III_RECONCILED|ROWS:p11r68,2026-09-03T23:36:47Z,build
00360305,0033736-15.2023.8.16.0185,1776656.29,00360305000104,2,EQUIP SEG INTELIGÊNCIA EM SEGURANÇA LTDA – FALÊNCIA – Brazilio Bacellar Shirai Advogados,,,1,FLOOR,b9895d3bab0574f7ee5fb575d38055b76e20be4b,CHIELLA E DONATTI - CONSULTORES E,"ROWS:p38r11,p38r12|UNRECONCILED_SOURCE",2026-09-03T23:36:48Z,build
05056082,5009149-92.2024.8.24.0019,1771559.50,05056082000100,1,e de Falência,,,1,FLOOR,a62ac8ee04589de01e4daef8a199cd9a9df4a91e,2.25COMERCIO E EXPORTACAO DE CEREAIS RIO ELIAS LTDA,ROWS:p1r31|UNRECONCILED_SOURCE,2026-09-03T23:36:48Z,build
57691429,0001639-09.2026.8.17.2810,1767950.00,57691429000190,1,E FALENCIA,,,1,FLOOR,5da7b77bb56987c0953fc02532d71c91d78b3527,VERTIS CAPITAL FUNDO DE INVESTIMENTO,LIKELY_FINANCIAL_BY_NAME|ROWS:p13r23,2026-09-03T23:36:48Z,build
48703388,5341375-33.2026.8.09.0049,1766223.81,48703388000113,1,"Grupo 3E, em consolidação substancia",,,1,FLOOR,8e8832093a15aa7f9dc936a37e882fe66a1fe43d,Asa Scfi,ROWS:p10r10|UNRECONCILED_SOURCE,2026-09-03T23:36:48Z,build
03566655,5341375-33.2026.8.09.0049,1743000.52,03566655003135,1,"Grupo 3E, em consolidação substancia",,,1,FLOOR,8e8832093a15aa7f9dc936a37e882fe66a1fe43d,Cooperativa de Crédito Poupança e Investimento Celeiro Centro Oeste - Sicredi Celeiro Centro Oeste,LIKELY_FINANCIAL_BY_NAME|ROWS:p12r10|UNRECONCILED_SOURCE,2026-09-03T23:36:48Z,build
91884981,5341375-33.2026.8.09.0049,1728493.23,91884981000132,1,"Grupo 3E, em consolidação substancia",,,1,FLOOR,8e8832093a15aa7f9dc936a37e882fe66a1fe43d,Banco John Deere S.A.,LIKELY_FINANCIAL_BY_NAME|ROWS:p10r37|UNRECONCILED_SOURCE,2026-09-03T23:36:48Z,build
33676928,5341375-33.2026.8.09.0049,1701742.63,33676928000140,1,"Grupo 3E, em consolidação substancia",,,1,FLOOR,8e8832093a15aa7f9dc936a37e882fe66a1fe43d,Parque Das Estrelas Empreendimentos Imobiliarios,ROWS:p16r39|UNRECONCILED_SOURCE,2026-09-03T23:36:48Z,build
58160789,5012743-51.2023.8.24.0019,1697422.77,58160789000128,1,Alto Uruguai Indústria e Comércio de Óleos Ltda,,,1,FLOOR,75336e98f447837fcdb5e795c7aa49c9bea54c52,BANCO SAFRA S.A.,LIKELY_FINANCIAL_BY_NAME|ROWS:p1r9|VALUE_COL:Valor_Do_Crédito,2026-09-03T23:36:48Z,build
45992062,0005010-98.2023.8.16.0001,1695831.10,45992062000165,1,Marques Administrações Judiciais,,,1,FLOOR,b465a5d11eec7a46656b594fa59c62d80724e0a1,Germed Farmaceutica Ltda,PARTIAL_DOC_CLASS_III_RECONCILED|ROWS:p26r5,2026-09-03T23:36:48Z,build
00000000,3000117-40.2025.8.06.0512,1692874.41,00000000000191,1,PÃ¡gina inicial,,,1,FLOOR,73b45cbf1779afc0265bba96895afb5cec00f12c,BANCO DO BRASIL S. A,LIKELY_FINANCIAL_BY_NAME|ROWS:p15r13,2026-09-03T23:36:48Z,build
59850115,5057720-48.2025.8.24.0023,1687942.83,59850115000118,1,Grupo Rech | Administração Judicial - Credibilità,,,1,FLOOR,cf92cff797d25108be0439a46ee6864d615a1be4,SIM,ROWS:p2r24|UNRECONCILED_SOURCE|VALUE_COL:Valor_Após_Analise,2026-09-03T23:36:48Z,build
47827332,1003322-70.2024.8.26.0260,1685996.32,00000000000191|47827332000108|60746948000112|60906724001445,1,JOAQUIM JOSÉ XAVIER ISA,,,1,FLOOR,710a314c1bca9ce84d2a6e1d5729e179669324c9,COM. ADUBOS LTDA,LONG_CHUNK|MULTI_ROOT|ROWS:p3r2|UNRECONCILED_SOURCE,2026-09-03T23:36:48Z,build
61150348,5011369-81.2026.8.09.0093,1666504.92,61150348000150,1,SCZ Scalzilli Administração Judicial,,,1,FLOOR,c536a2fa4da39efaa9c4b859cacb48e293873548,"Av. Doutor José Arthur Nova, nº 951, São Miguel Paulista, CEP 08.090-000, em Jataí GO.",ROWS:p4r1|UNRECONCILED_SOURCE,2026-09-03T23:36:47Z,build
92894922,0003971-03.2023.8.16.0119,1653305.22,92894922000108,1,Marques Administrações Judiciais,,,1,FLOOR,1209dafe77b7708945a17e0f6d11db9b41daea47,Banco Original S.A.,LIKELY_FINANCIAL_BY_NAME|PARTIAL_DOC_CLASS_III_RECONCILED|ROWS:p10r4,2026-09-03T23:36:48Z,build
24452704,5014104-85.2021.8.21.0010,1647641.77,24452704000163,1,SCZ Scalzilli Administração Judicial,,,1,FLOOR,84c586360a663c7c23a7d5176358d616fe6a93e7,DLR CAPITAL SECURITIZADORA S.A (,LIKELY_FINANCIAL_BY_NAME|ROWS:p6r34|UNRECONCILED_SOURCE,2026-09-03T23:36:47Z,build
20286415,0000472-94.2012.5.06.0193,1645536.00,20286415000180,1,SCZ Scalzilli Administração Judicial,,,1,FLOOR,24ed98480a572989bb0ce06fbd92e30151b7c249,"Rua Dr. Horta, nº 16, Bairro Centro, Viçosa/MG, CEP 36.570-000",ROWS:p65r2|VALUE_COL:Valor_Atualizado,2026-09-03T23:36:47Z,build
60701190,0033736-15.2023.8.16.0185,1639850.58,60701190000104,1,EQUIP SEG INTELIGÊNCIA EM SEGURANÇA LTDA – FALÊNCIA – Brazilio Bacellar Shirai Advogados,,,1,FLOOR,b9895d3bab0574f7ee5fb575d38055b76e20be4b,BANCO ITAÚ S.A.,LIKELY_FINANCIAL_BY_NAME|ROWS:p38r6|UNRECONCILED_SOURCE,2026-09-03T23:36:48Z,build
62143847,8005129-09.2023.8.05.0039,1624039.19,62143847000182|62143847000263,2,e na falência,,,1,FLOOR,a0ae32a59c2928e385c610811f80949f98723486,DACARTO BENVIC LTDA,"ROWS:p6r12,p6r13|UNRECONCILED_SOURCE",2026-09-03T23:36:47Z,build
04661871,0000472-94.2012.5.06.0193,1616915.34,04661871000107,1,SCZ Scalzilli Administração Judicial,,,1,FLOOR,24ed98480a572989bb0ce06fbd92e30151b7c249,"Rua Hum, 166, Itapavussu, Cosmópolis/SP",ROWS:p64r16|VALUE_COL:Valor_Atualizado,2026-09-03T23:36:47Z,build
60701190,0003971-03.2023.8.16.0119,1612972.92,60701190000104,1,Marques Administrações Judiciais,,,1,FLOOR,1209dafe77b7708945a17e0f6d11db9b41daea47,Itau Unibanco S.A.,LIKELY_FINANCIAL_BY_NAME|PARTIAL_DOC_CLASS_III_RECONCILED|ROWS:p12r5,2026-09-03T23:36:48Z,build
21759758,0005010-98.2023.8.16.0001,1610365.54,21759758000188,1,Marques Administrações Judiciais,,,1,FLOOR,b465a5d11eec7a46656b594fa59c62d80724e0a1,Farmax S.A.,PARTIAL_DOC_CLASS_III_RECONCILED|ROWS:p25r6,2026-09-03T23:36:48Z,build
58160789,0008897-71.2025.8.16.0017,1609442.70,58160789000128,1,Marques Administrações Judiciais,,,1,FLOOR,1180d0ff83f8b661ab4fd94fbaaced46755aea7c,Banco Safra S.A. (CNPJ n° subscrevi e assinei,LIKELY_FINANCIAL_BY_NAME|ROWS:p2r150|UNRECONCILED_SOURCE,2026-09-03T23:36:48Z,build
23552212,0005010-98.2023.8.16.0001,1608447.77,23552212000268,1,Marques Administrações Judiciais,,,1,FLOOR,b465a5d11eec7a46656b594fa59c62d80724e0a1,Roche Diabetes Care Brasil Ltda,PARTIAL_DOC_CLASS_III_RECONCILED|ROWS:p30r12,2026-09-03T23:36:48Z,build
34274233,0020255-24.2020.5.04.0104,1607742.88,34274233006488,1,Base | AJ RUIZ - Administração Judicial,,,1,FLOOR,2407a56c35028c413305535a1dd008db0d00dcd7,ROD. PRESIDENTE CASTELO BRANCO KM 20 S/N - BARUERI-SP - CEP 06463-400,ROWS:p3r43,2026-09-03T23:36:48Z,build
00000000,5264228-81.2025.8.09.0172,1604797.64,00000000000191,1,CINCOS CONSULTORIA ORGANIZACIONAL LTDA,,,1,FLOOR,301e3cf58b98f2b74920b96d29220c90ddc094e5,,NAME_MISSING|ROWS:p1r2|UNRECONCILED_SOURCE|VALUE_COL:Valor_Do_Crédito,2026-09-03T23:36:48Z,build
59717553,0007565-40.2020.8.17.2370,1603580.85,59717553000617,1,e Falência,,,1,FLOOR,849d4fe5adce792f073eb0cbe52a2f1d8075a473,59.717.553/0006-17,ROWS:p16r28,2026-09-03T23:36:48Z,build
60746948,0133628-14.2024.8.17.2001,1593391.75,60746948000112,1,CEAM - Recupera Soluções Empresariais,,,1,FLOOR,e9d023c65bbda29539bfe3e4563d7c5e30033a61,BANCO BRADESCO S.A,LIKELY_FINANCIAL_BY_NAME|ROWS:p5r52,2026-09-03T23:36:48Z,build
26628896,5014104-85.2021.8.21.0010,1588129.34,26628896000141,1,SCZ Scalzilli Administração Judicial,,,1,FLOOR,84c586360a663c7c23a7d5176358d616fe6a93e7,GUARDIAN CAPITAL SECURITIZADORA S/A. (,LIKELY_FINANCIAL_BY_NAME|ROWS:p7r22|UNRECONCILED_SOURCE,2026-09-03T23:36:47Z,build
01494867,0005010-50.2013.8.24.0026,1560300.64,01494867000103|01494867000294,2,MANNES LTDA E BM EMPREENDIMENTOS E PARTICIPAÇÕES – Sgrott Administradora Judicial e Consultoria Empresarial,,,1,FLOOR,ea17ba43b2611e60da78d77cd10f534a8d7ffa56,P.R.III DO BRASIL LTDA.,"ROWS:p17r28,p17r43|UNRECONCILED_SOURCE",2026-09-03T23:36:48Z,build
51254159,8005129-09.2023.8.05.0039,1557723.71,51254159000173,1,e na falência,,,1,FLOOR,a0ae32a59c2928e385c610811f80949f98723486,KARINA IND E COM DE PLASTICOS LTDA,ROWS:p8r5|UNRECONCILED_SOURCE,2026-09-03T23:36:47Z,build
23141884,5011460-87.2023.8.24.0020,1547270.31,23141884000108,1,TOP TEXTIL EMBALAGENS LTDA,,,1,FLOOR,741aed48dd004485cbfaf3bc50def81229cab4e3,RECYCLE BAG INDUSTRIA E SERVICOS EIRELI,ROWS:p3r10|UNRECONCILED_SOURCE,2026-09-03T23:36:47Z,build
75724070,0005010-98.2023.8.16.0001,1535860.08,75724070000191,1,Marques Administrações Judiciais,,,1,FLOOR,b465a5d11eec7a46656b594fa59c62d80724e0a1,FML Incorcoporadora Ltda,PARTIAL_DOC_CLASS_III_RECONCILED|ROWS:p25r10,2026-09-03T23:36:48Z,build
02211906,1000119-75.2025.8.26.0354,1533721.91,02211906000180,2,Ativos,,,1,FLOOR,7e2dd0270ed86b1f71e6e3a9cc21d965a29b3955,TRUSTHUB SECURITIZADORA SA,"LIKELY_FINANCIAL_BY_NAME|ROWS:p5r32,p5r33|UNRECONCILED_SOURCE",2026-09-03T23:36:48Z,build
21132562,3000117-40.2025.8.06.0512,1528248.60,21132562000169,1,PÃ¡gina inicial,,,1,FLOOR,73b45cbf1779afc0265bba96895afb5cec00f12c,MOJ CONSULTORIA E NEGOCIOS S/A,ROWS:p16r10,2026-09-03T23:36:48Z,build
58160789,4000167-23.2025.8.26.0373,1504790.25,58160789000128,3,Cerealista Sa,,,1,FLOOR,18975be46188194b42b5cec2007635d33a16225c,BANCO SAFRA S/A,"LIKELY_FINANCIAL_BY_NAME|ROWS:p8r31,p8r32,p8r33|UNRECONCILED_SOURCE",2026-09-03T23:36:48Z,build
60701190,0000880-57.2020.8.17.2001,1501468.80,60701190000104,1,e Falência,,,1,FLOOR,44ecd0afa707dc9a78430215646a429a26d22516,ITAU UNIBANCO S/A,"ALT_VALUE:R$1.468,80|ALT_VALUE:R$1.500.000,00|LIKELY_FINANCIAL_BY_NAME|ROWS:p10r40|UNRECONCILED_SOURCE|VALUE_COL:2ª_Lista",2026-09-03T23:36:47Z,build
60701190,5401053-70.2026.8.09.0051,1500000.00,60701190000104,1,em falência,,,1,FLOOR,5cac6a8cb93963b12e48ed925b73e042ea034887,BANCO ITAÚ,LIKELY_FINANCIAL_BY_NAME|ROWS:p5r19|UNRECONCILED_SOURCE|VALUE_COL:Valor,2026-09-03T23:36:48Z,build
02588815,5057720-48.2025.8.24.0023,1492675.94,02588815000169,1,Grupo Rech | Administração Judicial - Credibilità,,,1,FLOOR,cf92cff797d25108be0439a46ee6864d615a1be4,SIM,ROWS:p1r14|UNRECONCILED_SOURCE|VALUE_COL:Valor_Após_Analise,2026-09-03T23:36:48Z,build
03213075,0005010-50.2013.8.24.0026,1488789.48,03213075000572,1,MANNES LTDA E BM EMPREENDIMENTOS E PARTICIPAÇÕES – Sgrott Administradora Judicial e Consultoria Empresarial,,,1,FLOOR,ea17ba43b2611e60da78d77cd10f534a8d7ffa56,LEGGETT & PLATT DO BRASIL LTDA,ROWS:p16r12|UNRECONCILED_SOURCE,2026-09-03T23:36:48Z,build
04902979,0801893-91.2016.8.12.0011,1484078.44,04902979004301,5,empresa,,,1,FLOOR,cdf3c4d148612ed9b19eac98db005936ae57d4cb,AVENIDA PRESIDENTE DUTRA N°2853 CENTRO,"ALT_VALUE:R$16.856,60|ALT_VALUE:R$26.666,66|ALT_VALUE:R$33.333,33|ALT_VALUE:R$5.555,55|ALT_VALUE:R$6.500,00|ROWS:p2r1,p2r2,p2r3,p2r4,p2r5|UNRECONCILED_SOURCE|VALUE_COL:Valor_Da_Parcela",2026-09-03T23:36:48Z,build
02456955,0005010-98.2023.8.16.0001,1481337.86,02456955000183,1,Marques Administrações Judiciais,,,1,FLOOR,b465a5d11eec7a46656b594fa59c62d80724e0a1,Natulab Laboratório S/A,PARTIAL_DOC_CLASS_III_RECONCILED|ROWS:p29r10,2026-09-03T23:36:48Z,build
58160789,0005010-98.2023.8.16.0001,1465561.74,58160789000128,1,Marques Administrações Judiciais,,,1,FLOOR,b465a5d11eec7a46656b594fa59c62d80724e0a1,Banco Safra S.A.,LIKELY_FINANCIAL_BY_NAME|PARTIAL_DOC_CLASS_III_RECONCILED|ROWS:p21r4,2026-09-03T23:36:48Z,build
00000000,,1456767.85,00000000000191,1,,,,1,FLOOR,6a92d74da333ce21f5461767626e7ff05b8f474a,BANCO DO BRASIL SA,CASE_NUMBER_MISSING|LIKELY_FINANCIAL_BY_NAME|ROWS:p3r3,2026-09-03T23:36:47Z,build
03119889,0802426-35.2019.8.10.0000,1452323.08,03119889000119,1,Roque Materiais para Construção - Real Brasil Consultoria,,,1,FLOOR,d85bdfbfbdc814ff10df1dbd8c2e47f1e34386aa,"V ESTRUTURAL ARTERIAL SN, SN - ARTERIAL 02 KM 13, PEDRA MIUDA - 64038-100, TERESINA - PI",ROWS:p2r3|VALUE_COL:Saldo_Total,2026-09-03T23:36:48Z,build
01181521,0033736-15.2023.8.16.0185,1449579.20,01181521000155,1,EQUIP SEG INTELIGÊNCIA EM SEGURANÇA LTDA – FALÊNCIA – Brazilio Bacellar Shirai Advogados,,,1,FLOOR,b9895d3bab0574f7ee5fb575d38055b76e20be4b,TRABALHO LTDA. BANCO COOPERATIVO SICREDI S.A.,LIKELY_FINANCIAL_BY_NAME|ROWS:p38r4|UNRECONCILED_SOURCE,2026-09-03T23:36:48Z,build
05013050,5341375-33.2026.8.09.0049,1444276.42,05013050000127,1,"Grupo 3E, em consolidação substancia",,,1,FLOOR,8e8832093a15aa7f9dc936a37e882fe66a1fe43d,Marel Brasil Comercial,ROWS:p15r54|UNRECONCILED_SOURCE,2026-09-03T23:36:48Z,build
31158176,0003971-03.2023.8.16.0119,1437303.00,31158176000108,1,Marques Administrações Judiciais,,,1,FLOOR,1209dafe77b7708945a17e0f6d11db9b41daea47,BBR Agro Suplementos Ltda,PARTIAL_DOC_CLASS_III_RECONCILED|ROWS:p10r8,2026-09-03T23:36:48Z,build
00000000,0301015-33.2016.8.24.0031,1428907.29,00000000000191,1,DICARLO MÓVEIS E ACESSÓRIOS PARA CASA E LOJAS LTDA – Sgrott Administradora Judicial e Consultoria Empresarial,,,1,FLOOR,98f99945499b4824d14d0e34451a96945464b6ec,BANCO DO BRASIL S.A CNPJ,LIKELY_FINANCIAL_BY_NAME|ROWS:p2r15|UNRECONCILED_SOURCE,2026-09-03T23:36:47Z,build
90400888,0008526-45.2025.8.17.2001,1400946.80,90400888000142,1,E FALENCIA,,,1,FLOOR,1658892fa167d2330f5086c9fbc19999d00549f1,BANCO SANTANDER (BRASIL) S.A,LIKELY_FINANCIAL_BY_NAME|ROWS:p5r53,2026-09-03T23:36:47Z,build
56643018,0020255-24.2020.5.04.0104,1400000.00,56643018000247,1,Base | AJ RUIZ - Administração Judicial,,,1,FLOOR,2407a56c35028c413305535a1dd008db0d00dcd7,"RUA RIBEIRÃO PRETO, 811 - Salto-SP - CEP 13322-010",ROWS:p3r6,2026-09-03T23:36:48Z,build
00417145,5012306-16.2022.8.21.0023,1372648.38,00417145000192,1,SCZ Scalzilli Administração Judicial,,,1,FLOOR,ebfb999b457caf45140ea7446a22cd3751154eaf,DISCOMED COMERCIO DE PRODUTOS HOSPITALARES LTDA (,ROWS:p27r9|UNRECONCILED_SOURCE,2026-09-03T23:36:47Z,build
20366728,0804401-51.2025.8.14.0039,1367817.98,20366728000149,1,SOJAL COMERCIA,,,1,FLOOR,c56751547323616443dc07ccc6d6c553539dec25,CASA BUGRE GOIAS COMERCIO E REPRESENTACA,ROWS:p1r9,2026-09-03T23:36:47Z,build
00360305,5100227-29.2022.8.24.0023,1361785.37,00360305000104,1,MUNDO BIZARRO IMPORTAÇÃO E EXPORTAÇÃO LTDA – Sgrott Administradora Judicial e Consultoria Empresarial,,,1,FLOOR,0e98068b87bd9301a44b322d50dacac7fd565704,Documento já analisado do pedido da recuperação,ROWS:p16r4|UNRECONCILED_SOURCE,2026-09-03T23:36:48Z,build
60846599,8005129-09.2023.8.05.0039,1359881.30,60846599000534,2,e na falência,,,1,FLOOR,a0ae32a59c2928e385c610811f80949f98723486,IBRAME INDUST RIA BRASILEIRA DE METAIS S,"ROWS:p7r11,p18r3|UNRECONCILED_SOURCE",2026-09-03T23:36:47Z,build
20791371,8005129-09.2023.8.05.0039,1357782.33,20791371000146,1,e na falência,,,1,FLOOR,a0ae32a59c2928e385c610811f80949f98723486,LS INTERBANK,ROWS:p8r14|UNRECONCILED_SOURCE,2026-09-03T23:36:47Z,build
33337122,1004204-09.2020.8.26.0604,1352094.00,33337122007130|33337122020900,2,EMBRAC EMPRESA,,,1,FLOOR,506c627084b6455fa76243c474e38c0fe33daf14,IPIRANGA PRODUTOS DE PETROLEO S.A. (,"ROWS:p2r50,p2r51|UNRECONCILED_SOURCE",2026-09-03T23:36:48Z,build
07159913,0005010-98.2023.8.16.0001,1349574.10,07159913000528,1,Marques Administrações Judiciais,,,1,FLOOR,b465a5d11eec7a46656b594fa59c62d80724e0a1,Multisaude Farmaceutica E Nutricional S.A.,PARTIAL_DOC_CLASS_III_RECONCILED|ROWS:p29r9,2026-09-03T23:36:48Z,build
19684286,5011369-81.2026.8.09.0093,1343951.77,19684286000280,1,SCZ Scalzilli Administração Judicial,,,1,FLOOR,c536a2fa4da39efaa9c4b859cacb48e293873548,"Av. 136, nº 761, Andar 13, Salas B-136 e B-137, Setor Sul, CEP 74.093-250, em Goiânia - GO.",ROWS:p3r11|UNRECONCILED_SOURCE,2026-09-03T23:36:47Z,build
35820448,5012306-16.2022.8.21.0023,1341862.73,35820448006410,1,SCZ Scalzilli Administração Judicial,,,1,FLOOR,ebfb999b457caf45140ea7446a22cd3751154eaf,WHITE MARTINS GASES INDUSTRIAI (,ROWS:p30r37|UNRECONCILED_SOURCE,2026-09-03T23:36:47Z,build
60746948,5057720-48.2025.8.24.0023,1341594.91,60746948000112,1,Grupo Rech | Administração Judicial - Credibilità,,,1,FLOOR,cf92cff797d25108be0439a46ee6864d615a1be4,NÃO,ROWS:p1r9|UNRECONCILED_SOURCE|VALUE_COL:Valor_Após_Analise,2026-09-03T23:36:48Z,build
58160789,0033736-15.2023.8.16.0185,1340263.40,58160789000128,1,EQUIP SEG INTELIGÊNCIA EM SEGURANÇA LTDA – FALÊNCIA – Brazilio Bacellar Shirai Advogados,,,1,FLOOR,b9895d3bab0574f7ee5fb575d38055b76e20be4b,BANCO SAFRA S.A.,LIKELY_FINANCIAL_BY_NAME|ROWS:p38r7|UNRECONCILED_SOURCE,2026-09-03T23:36:48Z,build
07358761,0000472-94.2012.5.06.0193,1340193.75,07358761000169,3,SCZ Scalzilli Administração Judicial,,,1,FLOOR,24ed98480a572989bb0ce06fbd92e30151b7c249,"Avenida João XXIII, n° 6.777, Bairro Santa Cruz, CEP 23.560-900, Rio de Janeiro/RJ","ROWS:p67r6,p67r7,p67r8|VALUE_COL:Valor_Atualizado",2026-09-03T23:36:47Z,build
06043050,0003971-03.2023.8.16.0119,1332074.41,06043050000132,1,Marques Administrações Judiciais,,,1,FLOOR,1209dafe77b7708945a17e0f6d11db9b41daea47,BB Administradora de Consórcios S/A,PARTIAL_DOC_CLASS_III_RECONCILED|ROWS:p10r7,2026-09-03T23:36:48Z,build
05659785,0000472-94.2012.5.06.0193,1327676.76,05659785003652,1,SCZ Scalzilli Administração Judicial,,,1,FLOOR,24ed98480a572989bb0ce06fbd92e30151b7c249,"Rua André Manojo, nº 135, Osasco, São Paulo, CEP.: 06093-100",ROWS:p69r12|VALUE_COL:Valor_Atualizado,2026-09-03T23:36:47Z,build
01608488,5341375-33.2026.8.09.0049,1324133.99,01608488000954|01608488001250,2,"Grupo 3E, em consolidação substancia",,,1,FLOOR,8e8832093a15aa7f9dc936a37e882fe66a1fe43d,Hohl Maquinas Agricolas Ltda,"ROWS:p14r39,p14r40|UNRECONCILED_SOURCE",2026-09-03T23:36:48Z,build
92702067,0005010-50.2013.8.24.0026,1306689.43,92702067000196,1,MANNES LTDA E BM EMPREENDIMENTOS E PARTICIPAÇÕES – Sgrott Administradora Judicial e Consultoria Empresarial,,,1,FLOOR,ea17ba43b2611e60da78d77cd10f534a8d7ffa56,BANCO DO ESTADO DO RIO GRANDE DO SUL S/A,LIKELY_FINANCIAL_BY_NAME|LIKELY_PUBLIC_BY_NAME|ROWS:p13r5|UNRECONCILED_SOURCE,2026-09-03T23:36:48Z,build
13518309,0000472-94.2012.5.06.0193,1288022.82,13518309000110,1,SCZ Scalzilli Administração Judicial,,,1,FLOOR,24ed98480a572989bb0ce06fbd92e30151b7c249,"Rua Professor Nova Gomes, nº 382, Alto de Pinheiros, São Paulo/SP, CEP 05448-100",ROWS:p63r8|VALUE_COL:Valor_Atualizado,2026-09-03T23:36:47Z,build
28622744,5009149-92.2024.8.24.0019,1268978.32,28622744000167,1,e de Falência,,,1,FLOOR,a62ac8ee04589de01e4daef8a199cd9a9df4a91e,2.16AGROCERES MULTIMIX NUTRICAO ANIMAL LTDA,ROWS:p1r22|UNRECONCILED_SOURCE,2026-09-03T23:36:48Z,build
60746948,5100227-29.2022.8.24.0023,1263147.26,60746948000112,1,MUNDO BIZARRO IMPORTAÇÃO E EXPORTAÇÃO LTDA – Sgrott Administradora Judicial e Consultoria Empresarial,,,1,FLOOR,0e98068b87bd9301a44b322d50dacac7fd565704,Documento já analisado do pedido da recuperação,ROWS:p16r1|UNRECONCILED_SOURCE,2026-09-03T23:36:48Z,build
00052803,0000472-94.2012.5.06.0193,1261848.82,00052803000190,1,SCZ Scalzilli Administração Judicial,,,1,FLOOR,24ed98480a572989bb0ce06fbd92e30151b7c249,"Avenida Sibipiruna, Quadra Gleba, Lote 01, S/N, Fazenda Santo Antônio, Município de Aparecida de Goiânia, Estado de Goiás, CEP 74926-800",LIKELY_PUBLIC_BY_NAME|ROWS:p71r6|VALUE_COL:Valor_Atualizado,2026-09-03T23:36:47Z,build
31872495,3000117-40.2025.8.06.0512,1260000.00,31872495000172,1,PÃ¡gina inicial,,,1,FLOOR,73b45cbf1779afc0265bba96895afb5cec00f12c,BANCO C6 S.A,LIKELY_FINANCIAL_BY_NAME|ROWS:p16r5,2026-09-03T23:36:48Z,build
78840071,5009529-81.2025.8.24.0019,1259657.63,78840071000190,2,SCZ Scalzilli Administração Judicial,,,1,FLOOR,2e46411688575df1120bdb73499fa0a31b4d1af8,COOPERATIVA DE CREDITO DE LIVRE ADMISSAO DE ASSOCIADOS DO ALTO URUGUAI CATARINENSE - SICOOB - CREDIAUC/SC,"LIKELY_FINANCIAL_BY_NAME|ROWS:p1r37,p2r34|UNRECONCILED_SOURCE|VALUE_COL:Valor_(Art._7º,_§2º)",2026-09-03T23:36:48Z,build
00474698,0003971-03.2023.8.16.0119,1251475.50,00474698000187,1,Marques Administrações Judiciais,,,1,FLOOR,1209dafe77b7708945a17e0f6d11db9b41daea47,Caminero Industria E Comercio De Oleos Ltda,PARTIAL_DOC_CLASS_III_RECONCILED|ROWS:p10r12,2026-09-03T23:36:48Z,build
32416264,5011369-81.2026.8.09.0093,1241838.00,32416264000389,1,SCZ Scalzilli Administração Judicial,,,1,FLOOR,c536a2fa4da39efaa9c4b859cacb48e293873548,"R. Ruy Barbosa, nº 501, Quadra 16, Lote 08, Centro, CEP 47.850-009, em Luis Eduardo Magalhães - BA.",ROWS:p4r2|UNRECONCILED_SOURCE,2026-09-03T23:36:47Z,build
19357388,5341375-33.2026.8.09.0049,1227904.00,19357388000100,1,"Grupo 3E, em consolidação substancia",,,1,FLOOR,8e8832093a15aa7f9dc936a37e882fe66a1fe43d,Goias Rendering,ROWS:p14r13|UNRECONCILED_SOURCE,2026-09-03T23:36:48Z,build
90251109,5012306-16.2022.8.21.0023,1222974.01,90251109000194,1,SCZ Scalzilli Administração Judicial,,,1,FLOOR,ebfb999b457caf45140ea7446a22cd3751154eaf,DIMACI MATERIAL CIRURGICO LTDA (,ROWS:p27r6|UNRECONCILED_SOURCE,2026-09-03T23:36:47Z,build
31024386,0003971-03.2023.8.16.0119,1218763.30,31024386000103,1,Marques Administrações Judiciais,,,1,FLOOR,1209dafe77b7708945a17e0f6d11db9b41daea47,Gavea Open Fundo De Investimento Em Direitos Creditorios,LIKELY_FINANCIAL_BY_NAME|PARTIAL_DOC_CLASS_III_RECONCILED|ROWS:p11r10,2026-09-03T23:36:48Z,build
85070068,0003971-03.2023.8.16.0119,1218354.25,85070068001929|85070068002577|85070068002909|85070068003387,4,Marques Administrações Judiciais,,,1,FLOOR,1209dafe77b7708945a17e0f6d11db9b41daea47,Goncalves & Tortola S.A.,"PARTIAL_DOC_CLASS_III_RECONCILED|ROWS:p11r11,p11r12,p11r13,p11r14",2026-09-03T23:36:48Z,build
92693118,5011460-87.2023.8.24.0020,1213228.40,92693118000160,1,TOP TEXTIL EMBALAGENS LTDA,,,1,FLOOR,741aed48dd004485cbfaf3bc50def81229cab4e3,AV RIO DE JANEIRO,ROWS:p2r12|UNRECONCILED_SOURCE,2026-09-03T23:36:47Z,build
04686964,0022845-08.2013.8.24.0008,1213121.27,04686964000196,1,BLUTRAFOS BLUMENAU TRANSFORMADORES LTDA – Sgrott Administradora Judicial e Consultoria Empresarial,,,1,FLOOR,22ac347cfe4f3e48e90db5c47651fa72cb987cca,MECMETAL INDUSTRIA E COMERCIO DE TRANSFO,ROWS:p4r17,2026-09-03T23:36:48Z,build
12692416,0000472-94.2012.5.06.0193,1203895.06,12692416000105,4,SCZ Scalzilli Administração Judicial,,,1,FLOOR,24ed98480a572989bb0ce06fbd92e30151b7c249,"R. Visconde de Jequitinhonha, nº 209, sala 105, Boa Viagem, Recife/PE, CEP 51.021-190.","ROWS:p76r1,p76r2,p76r3,p76r4|VALUE_COL:Valor_Atualizado",2026-09-03T23:36:47Z,build
62232889,5011460-87.2023.8.24.0020,1201117.72,62232889000190,1,TOP TEXTIL EMBALAGENS LTDA,,,1,FLOOR,741aed48dd004485cbfaf3bc50def81229cab4e3,AV PAULISTA,ROWS:p2r13|UNRECONCILED_SOURCE,2026-09-03T23:36:47Z,build
22261093,0000472-94.2012.5.06.0193,1200491.42,22261093000140,5,SCZ Scalzilli Administração Judicial,,,1,FLOOR,24ed98480a572989bb0ce06fbd92e30151b7c249,"Avenida Bias Fortes, nº 932 - conjunto 201/202, bairro de Lourdes, em Belo Horizonte/MG, CEP 30.170-011","ROWS:p65r17,p66r1,p66r2,p66r3,p66r4|VALUE_COL:Valor_Atualizado",2026-09-03T23:36:47Z,build
20120709,5401053-70.2026.8.09.0051,1200000.00,20120709000138,1,em falência,,,1,FLOOR,5cac6a8cb93963b12e48ed925b73e042ea034887,MTM BURGUER COMERCIO DE ALIMENTOS EIRELI,ROWS:p5r25|UNRECONCILED_SOURCE|VALUE_COL:Valor,2026-09-03T23:36:48Z,build
28849641,5014104-85.2021.8.21.0010,1170052.77,28849641000134,1,SCZ Scalzilli Administração Judicial,,,1,FLOOR,84c586360a663c7c23a7d5176358d616fe6a93e7,DLR CAPITAL FUNDOS DE INVESTIMENTOS EM DIREITOS CREDITÓRIOS (,LIKELY_FINANCIAL_BY_NAME|ROWS:p6r33|UNRECONCILED_SOURCE,2026-09-03T23:36:47Z,build
12910463,5014104-85.2021.8.21.0010,1169956.13,12910463000170,1,SCZ Scalzilli Administração Judicial,,,1,FLOOR,84c586360a663c7c23a7d5176358d616fe6a93e7,CAPITAL RS NP FUNDO DE INVESTIMENTO EM DIREITOS CREDITÓRIOS NÃO PADRONIZADOS MULTISSETORIAL (,LIKELY_FINANCIAL_BY_NAME|ROWS:p6r10|UNRECONCILED_SOURCE,2026-09-03T23:36:47Z,build
24073694,0007565-40.2020.8.17.2370,1166163.86,24073694000155,1,e Falência,,,1,FLOOR,849d4fe5adce792f073eb0cbe52a2f1d8075a473,24.073.694/0001-55,ROWS:p15r31,2026-09-03T23:36:48Z,build
62232889,4000167-23.2025.8.26.0373,1163007.18,62232889000190,5,Cerealista Sa,,,1,FLOOR,18975be46188194b42b5cec2007635d33a16225c,BANCO DAYCOVAL S.A.,"LIKELY_FINANCIAL_BY_NAME|ROWS:p8r5,p8r6,p8r7,p8r8,p8r9|UNRECONCILED_SOURCE",2026-09-03T23:36:48Z,build
20431395,5401053-70.2026.8.09.0051,1155000.00,20431395000194,1,em falência,,,1,FLOOR,5cac6a8cb93963b12e48ed925b73e042ea034887,NORTEAGRI COMERCIO E REPRESENTAÇÕES DE INSUMOS AGRO.,ROWS:p5r27|UNRECONCILED_SOURCE|VALUE_COL:Valor,2026-09-03T23:36:48Z,build
19108689,5012743-51.2023.8.24.0019,1153122.70,19108689000109,1,Alto Uruguai Indústria e Comércio de Óleos Ltda,,,1,FLOOR,75336e98f447837fcdb5e795c7aa49c9bea54c52,AGROSUL INDUSTRIA AGRICOLA LTDA,ROWS:p1r4|VALUE_COL:Valor_Do_Crédito,2026-09-03T23:36:48Z,build
18329685,5014104-85.2021.8.21.0010,1150184.84,18329685000180,1,SCZ Scalzilli Administração Judicial,,,1,FLOOR,84c586360a663c7c23a7d5176358d616fe6a93e7,OXSS SECURITIZADORA S/A. (,LIKELY_FINANCIAL_BY_NAME|ROWS:p8r39|UNRECONCILED_SOURCE,2026-09-03T23:36:47Z,build
40155056,1000119-75.2025.8.26.0354,1148564.16,40155056000130,2,Ativos,,,1,FLOOR,7e2dd0270ed86b1f71e6e3a9cc21d965a29b3955,LOTUS PERFOMANCE FUNDO DE INVESTIMENTO,"LIKELY_FINANCIAL_BY_NAME|ROWS:p4r47,p4r48|UNRECONCILED_SOURCE",2026-09-03T23:36:48Z,build
07944839,5011460-87.2023.8.24.0020,1139759.72,07944839000127|07944839000208,2,TOP TEXTIL EMBALAGENS LTDA,,,1,FLOOR,741aed48dd004485cbfaf3bc50def81229cab4e3,PAMPARAFIA INDUSTRIA E COMERCIO DE EMBALAGENS LTDA,"ROWS:p3r1,p3r2|UNRECONCILED_SOURCE",2026-09-03T23:36:47Z,build
05696101,0003971-03.2023.8.16.0119,1138844.00,05696101000162,1,Marques Administrações Judiciais,,,1,FLOOR,1209dafe77b7708945a17e0f6d11db9b41daea47,Agroquimica Brasinha Ltda - Recuperacao Judicial,PARTIAL_DOC_CLASS_III_RECONCILED|ROWS:p9r6,2026-09-03T23:36:48Z,build
06294126,5012306-16.2022.8.21.0023,1137831.84,06294126000100,1,SCZ Scalzilli Administração Judicial,,,1,FLOOR,ebfb999b457caf45140ea7446a22cd3751154eaf,RS PRODUTOS HOSPITALARES LTDA (,ROWS:p29r40|UNRECONCILED_SOURCE,2026-09-03T23:36:47Z,build
50202890,0008526-45.2025.8.17.2001,1135255.25,50202890000192,1,E FALENCIA,,,1,FLOOR,1658892fa167d2330f5086c9fbc19999d00549f1,CREDMEI SECURITIZADORA II SPE S.A,LIKELY_FINANCIAL_BY_NAME|ROWS:p5r54,2026-09-03T23:36:47Z,build
40974616,0000721-61.2024.8.17.2620,1131366.06,40974616000188,1,GRUPO DIVINA INDUSTRIA DE COURO LTDA – LRF Líderes em Recuperação Judicial e Falência,,,1,FLOOR,38f0c15b8a2d8dc124ae88df3b8958088a54cfcc,P.S FACTORING,LIKELY_FINANCIAL_BY_NAME|PARTIAL_DOC_CLASS_III_RECONCILED|ROWS:p2r67,2026-09-03T23:36:48Z,build
02770062,0022845-08.2013.8.24.0008,1130990.79,02770062000108,1,BLUTRAFOS BLUMENAU TRANSFORMADORES LTDA – Sgrott Administradora Judicial e Consultoria Empresarial,,,1,FLOOR,22ac347cfe4f3e48e90db5c47651fa72cb987cca,EPHOXAL DO BRASIL INDUSTRIA E COMERCIO,ROWS:p2r46,2026-09-03T23:36:48Z,build
06936357,0000472-94.2012.5.06.0193,1125816.11,06936357000162,1,SCZ Scalzilli Administração Judicial,,,1,FLOOR,24ed98480a572989bb0ce06fbd92e30151b7c249,"Rua Pará n.º 189,Centro, São Caetano do Sul, SP, CEP: 09510-130",ROWS:p68r7|VALUE_COL:Valor_Atualizado,2026-09-03T23:36:47Z,build
00000000,5012295-78.2023.8.24.0019,1125316.46,00000000000191,1,GAMAC IMPORTACAO E EXPORTACAO LTDA,,,1,FLOOR,a57b29e07c6d192ccae2476fff8fe9a49e8ed40d,BANCO DO BRASIL SA (,LIKELY_FINANCIAL_BY_NAME|ROWS:p1r10|UNRECONCILED_SOURCE,2026-09-03T23:36:47Z,build
33233778,0873061-47.2023.8.19.0001,1122336.63,33233778000108,1,Real Distribuidora – Processo nº 0873061-47.2023.8.19.0001 – e-mail: admjudunica@inova-aj.com.br – INOVA,,,1,FLOOR,8eb5d0d64353bf5fcd1122d1a511b7ca9884e3bd,"Av. Jacu-pessego (Nova Trabalhadores), 277, Galpão A, Vila Carmosina, São Paulo - CEP 08290250","ALT_VALUE:R$816.060,00|ROWS:p2r7",2026-09-03T23:36:48Z,build
60746948,,1119574.81,60746948000112,1,,,,1,FLOOR,6a92d74da333ce21f5461767626e7ff05b8f474a,BANCO BRADESCO S.A.,CASE_NUMBER_MISSING|LIKELY_FINANCIAL_BY_NAME|ROWS:p3r1,2026-09-03T23:36:47Z,build
36635483,1018313-46.2024.8.26.0100,1114761.56,36635483000148,1,JA SANTOS IMPORTAÇÃO E EXPORTAÇÃO DE FERRAMENTAS LTDA. (CONCEPT FERRAMENTAS) - Vivante Gestão e Administração Judicial,,,1,FLOOR,033d29144f63ddddfb2c802c22d6db8f5f1079d8,"Rua Vinte e Dois de Abril, 54 - Canhema - Diadema/SP CEP 09941-460",ROWS:p1r36|VALUE_COL:Valor,2026-09-03T23:36:48Z,build
59118133,1000119-75.2025.8.26.0354,1113960.00,59118133000100,1,Ativos,,,1,FLOOR,7e2dd0270ed86b1f71e6e3a9cc21d965a29b3955,BANCO LUSO BRASILEIRO SA,LIKELY_FINANCIAL_BY_NAME|ROWS:p3r21|UNRECONCILED_SOURCE,2026-09-03T23:36:48Z,build
79342069,0003971-03.2023.8.16.0119,1110075.23,79342069000153,1,Marques Administrações Judiciais,,,1,FLOOR,1209dafe77b7708945a17e0f6d11db9b41daea47,Banco Cooperativo Sicredi S.A.,LIKELY_FINANCIAL_BY_NAME|PARTIAL_DOC_CLASS_III_RECONCILED|ROWS:p9r18,2026-09-03T23:36:48Z,build
17159229,0005010-98.2023.8.16.0001,1105911.24,17159229000176,1,Marques Administrações Judiciais,,,1,FLOOR,b465a5d11eec7a46656b594fa59c62d80724e0a1,Laboratorio Teuto Brasileiro S.A.,PARTIAL_DOC_CLASS_III_RECONCILED|ROWS:p27r12,2026-09-03T23:36:48Z,build
60889128,3000117-40.2025.8.06.0512,1101118.00,60889128000180,1,PÃ¡gina inicial,,,1,FLOOR,73b45cbf1779afc0265bba96895afb5cec00f12c,BANCO SOFISA S.A.,LIKELY_FINANCIAL_BY_NAME|ROWS:p16r3,2026-09-03T23:36:48Z,build
67915785,0022845-08.2013.8.24.0008,1097808.59,67915785000101,1,BLUTRAFOS BLUMENAU TRANSFORMADORES LTDA – Sgrott Administradora Judicial e Consultoria Empresarial,,,1,FLOOR,22ac347cfe4f3e48e90db5c47651fa72cb987cca,REDFACTOR FACTORING E FOMENTO COMERCIAL S/A,LIKELY_FINANCIAL_BY_NAME|ROWS:p5r7,2026-09-03T23:36:48Z,build
90400888,4054599-35.2025.8.26.0100,1097205.22,90400888000142,1,Ativos,,,1,FLOOR,2fe04bf4466d0420480f240ab82ca5b210606a24,AV PRES J.KUBITSCHEK 2041/2235A,ROWS:p2r20|UNRECONCILED_SOURCE|VALUE_COL:Valor,2026-09-03T23:36:48Z,build
01790923,0011283-80.2023.8.17.2001,1091422.69,01790923000157,1,Náutico - Página — Lindoso e Araujo,,,1,FLOOR,677be5783c06848acb5f46b0d8db0aea7876624a,"TERRAMAQ COMERCIO E EQUIPAMENTOS LTDA, CPF/CNPJ Nº",PARTIAL_DOC_CLASS_III_RECONCILED|ROWS:p12r48,2026-09-03T23:36:47Z,build
92702067,5014104-85.2021.8.21.0010,1081721.96,92702067000196,1,SCZ Scalzilli Administração Judicial,,,1,FLOOR,84c586360a663c7c23a7d5176358d616fe6a93e7,BANCO DO ESTADO DO RIO GRANDE DO SUL AS (,LIKELY_FINANCIAL_BY_NAME|LIKELY_PUBLIC_BY_NAME|ROWS:p5r39|UNRECONCILED_SOURCE,2026-09-03T23:36:47Z,build
62232889,0001639-09.2026.8.17.2810,1081440.72,62232889000190,1,E FALENCIA,,,1,FLOOR,5da7b77bb56987c0953fc02532d71c91d78b3527,DANCOVAL S.A,ROWS:p13r13,2026-09-03T23:36:48Z,build
08450794,0000472-94.2012.5.06.0193,1080226.03,08450794000105,1,SCZ Scalzilli Administração Judicial,,,1,FLOOR,24ed98480a572989bb0ce06fbd92e30151b7c249,"Campinas, na Rodovia Gal. MiltonTavares de Souza – SP 312, nº 1651 – sala 5, bairro Chácara Recreio Barão",ROWS:p71r5|VALUE_COL:Valor_Atualizado,2026-09-03T23:36:47Z,build
10345462,0005010-98.2023.8.16.0001,1077222.82,10345462000790,1,Marques Administrações Judiciais,,,1,FLOOR,b465a5d11eec7a46656b594fa59c62d80724e0a1,Omron Healthcare Brasil Industria E Comercio De Produtos Medicos Ltda,PARTIAL_DOC_CLASS_III_RECONCILED|ROWS:p30r2,2026-09-03T23:36:48Z,build
27703265,5341375-33.2026.8.09.0049,1077136.54,27703265000102|27703265000374|27703265000455|27703265000536,4,"Grupo 3E, em consolidação substancia",,,1,FLOOR,8e8832093a15aa7f9dc936a37e882fe66a1fe43d,Bem Bom Pescados Ltda - Filial Engenho,"ROWS:p10r52,p10r53,p10r54,p10r55|UNRECONCILED_SOURCE",2026-09-03T23:36:48Z,build
11230832,5008793-34.2023.8.24.0019,1070557.39,11230832000110,1,AZEPLAST INDÚSTRIA E COMÉRCIO LTDA,,,1,FLOOR,229081edb0eaccd400fcad129b25a20d453416b7,PLASTICOS TANGARA LTDA,PARTIAL_DOC_CLASS_III_RECONCILED|ROWS:p2r6,2026-09-03T23:36:48Z,build
21877243,0008526-45.2025.8.17.2001,1068252.89,21877243000182,1,E FALENCIA,,,1,FLOOR,1658892fa167d2330f5086c9fbc19999d00549f1,ARRUDA & MELO COMERCIO E DISTRIBUICAO DE ALIMENTOS E BEBIDAS LTDA,ROWS:p5r48,2026-09-03T23:36:47Z,build
04547784,0005010-50.2013.8.24.0026,1059494.57,04547784000123,1,MANNES LTDA E BM EMPREENDIMENTOS E PARTICIPAÇÕES – Sgrott Administradora Judicial e Consultoria Empresarial,,,1,FLOOR,ea17ba43b2611e60da78d77cd10f534a8d7ffa56,ALPHA MOTION DO BRASIL LTDA,ROWS:p12r42|UNRECONCILED_SOURCE,2026-09-03T23:36:48Z,build
49802148,5011369-81.2026.8.09.0093,1057681.86,49802148000139,1,SCZ Scalzilli Administração Judicial,,,1,FLOOR,c536a2fa4da39efaa9c4b859cacb48e293873548,"Via Pública Antiga, Parte A, Gleba 10, S/N, Qd. LT S/N, Faz. Cabeceira, Perímetro Urbano, CEP 75913-899, em Rio Verde - GO.",ROWS:p4r3|UNRECONCILED_SOURCE,2026-09-03T23:36:47Z,build
73174377,5009149-92.2024.8.24.0019,1057231.29,73174377000645,1,e de Falência,,,1,FLOOR,a62ac8ee04589de01e4daef8a199cd9a9df4a91e,2.28FARMABASE SAUDE ANIMAL LTDA,ROWS:p1r34|UNRECONCILED_SOURCE,2026-09-03T23:36:48Z,build
04756153,0022845-08.2013.8.24.0008,1054854.54,04756153000114,1,BLUTRAFOS BLUMENAU TRANSFORMADORES LTDA – Sgrott Administradora Judicial e Consultoria Empresarial,,,1,FLOOR,22ac347cfe4f3e48e90db5c47651fa72cb987cca,FT IND. E COM. DE TRANSFORMADORES LTDA.,ROWS:p3r8,2026-09-03T23:36:48Z,build
10721377,0000472-94.2012.5.06.0193,1051785.88,10721377000193,3,SCZ Scalzilli Administração Judicial,,,1,FLOOR,24ed98480a572989bb0ce06fbd92e30151b7c249,"Rua Um, n.º:945, bairro Nova Tijuca, município de Coronel Fabriciano/MG, CEP: 35.170-131","LIKELY_PUBLIC_BY_NAME|ROWS:p67r4,p67r5,p67r13|VALUE_COL:Valor_Atualizado",2026-09-03T23:36:47Z,build
10311218,5008793-34.2023.8.24.0019,1049021.30,10311218000110,1,AZEPLAST INDÚSTRIA E COMÉRCIO LTDA,,,1,FLOOR,229081edb0eaccd400fcad129b25a20d453416b7,COOPERATIVA DE CREDITO EVOLUA,LIKELY_FINANCIAL_BY_NAME|PARTIAL_DOC_CLASS_III_RECONCILED|ROWS:p1r16,2026-09-03T23:36:48Z,build
59105999,0007565-40.2020.8.17.2370,1044824.45,59105999000348,1,e Falência,,,1,FLOOR,849d4fe5adce792f073eb0cbe52a2f1d8075a473,59.105.999/0003-48,ROWS:p17r11,2026-09-03T23:36:48Z,build
07237373,0002484-82.2022.8.17.2001,1031880.52,07237373032080,2,e Falência,,,1,FLOOR,f3b6182e3aa2715450af4d59223acc49f7047632,BANCO DO NORDESTE DO BRASIL S/A,"LIKELY_FINANCIAL_BY_NAME|PARTIAL_DOC_CLASS_III_RECONCILED|ROWS:p7r78,p9r59",2026-09-03T23:36:48Z,build
34799162,5057720-48.2025.8.24.0023,1031462.76,34799162000153,1,Grupo Rech | Administração Judicial - Credibilità,,,1,FLOOR,cf92cff797d25108be0439a46ee6864d615a1be4,SIM,ROWS:p1r16|UNRECONCILED_SOURCE|VALUE_COL:Valor_Após_Analise,2026-09-03T23:36:48Z,build
39664088,0005010-98.2023.8.16.0001,1031250.00,39664088000181,1,Marques Administrações Judiciais,,,1,FLOOR,b465a5d11eec7a46656b594fa59c62d80724e0a1,Fundo De Investimento Em Direitos Creditorios ML Bank II,LIKELY_FINANCIAL_BY_NAME|PARTIAL_DOC_CLASS_III_RECONCILED|ROWS:p25r11,2026-09-03T23:36:48Z,build
28109395,5009149-92.2024.8.24.0019,1029654.77,28109395003795,1,e de Falência,,,1,FLOOR,a62ac8ee04589de01e4daef8a199cd9a9df4a91e,2.18AGROCERES PIC SUINOS LTDA,ROWS:p1r24|UNRECONCILED_SOURCE,2026-09-03T23:36:48Z,build
90400888,0022845-08.2013.8.24.0008,1022315.01,90400888000142,1,BLUTRAFOS BLUMENAU TRANSFORMADORES LTDA – Sgrott Administradora Judicial e Consultoria Empresarial,,,1,FLOOR,22ac347cfe4f3e48e90db5c47651fa72cb987cca,BANCO SANTANDER S/A,LIKELY_FINANCIAL_BY_NAME|ROWS:p1r35,2026-09-03T23:36:48Z,build
31443324,0001943-40.2024.8.16.0115,1021319.46,31443324000128,1,- D & D LOGÍSTICA E TRANSPORTE Comercia,,,1,FLOOR,dfc3207dcd0fa485a74eefea8e9db729618a8aea,Truckpag Meios de Pagamento S.A.,PARTIAL_DOC_CLASS_III_RECONCILED|ROWS:p6r6,2026-09-03T23:36:48Z,build
03380763,5341375-33.2026.8.09.0049,1020958.23,03380763001418|03380763001507|03380763001760,3,"Grupo 3E, em consolidação substancia",,,1,FLOOR,8e8832093a15aa7f9dc936a37e882fe66a1fe43d,Coca - Cola - Uruacu,"ROWS:p11r65,p11r66,p11r67|UNRECONCILED_SOURCE",2026-09-03T23:36:48Z,build
90400888,1018313-46.2024.8.26.0100,1019858.75,90400888000142,5,JA SANTOS IMPORTAÇÃO E EXPORTAÇÃO DE FERRAMENTAS LTDA. (CONCEPT FERRAMENTAS) - Vivante Gestão e Administração Judicial,,,1,FLOOR,033d29144f63ddddfb2c802c22d6db8f5f1079d8,"Avenida Juscelino Kubitschek, 2235 e 2241, Vila Olímpia, São Paulo/SP, CEP 04543-011","ROWS:p1r10,p1r11,p1r12,p1r13,p1r14|VALUE_COL:Valor",2026-09-03T23:36:48Z,build
15114366,0001639-09.2026.8.17.2810,1018255.60,15114366000169,1,E FALENCIA,,,1,FLOOR,5da7b77bb56987c0953fc02532d71c91d78b3527,BOCON BBM S.A,ROWS:p13r6,2026-09-03T23:36:48Z,build
90400888,0005010-98.2023.8.16.0001,1013805.75,90400888000142,1,Marques Administrações Judiciais,,,1,FLOOR,b465a5d11eec7a46656b594fa59c62d80724e0a1,Banco Santander (Brasil) S.A.,LIKELY_FINANCIAL_BY_NAME|PARTIAL_DOC_CLASS_III_RECONCILED|ROWS:p21r5,2026-09-03T23:36:48Z,build
62232889,5012743-51.2023.8.24.0019,1012247.65,62232889000190,1,Alto Uruguai Indústria e Comércio de Óleos Ltda,,,1,FLOOR,75336e98f447837fcdb5e795c7aa49c9bea54c52,BANCO DAYCOVAL S.A.,LIKELY_FINANCIAL_BY_NAME|ROWS:p1r8|VALUE_COL:Valor_Do_Crédito,2026-09-03T23:36:48Z,build
31872495,0008526-45.2025.8.17.2001,1009368.30,31872495000172,1,E FALENCIA,,,1,FLOOR,1658892fa167d2330f5086c9fbc19999d00549f1,BANCO C6 S.A,LIKELY_FINANCIAL_BY_NAME|ROWS:p5r65,2026-09-03T23:36:47Z,build
65697260,0020255-24.2020.5.04.0104,1008821.27,65697260000103,1,Base | AJ RUIZ - Administração Judicial,,,1,FLOOR,2407a56c35028c413305535a1dd008db0d00dcd7,ALAMEDA TOCANTINS 75 - BARUERI-SP - CEP 06455-020,ROWS:p3r50,2026-09-03T23:36:48Z,build
60500246,0020255-24.2020.5.04.0104,1007717.64,60500246001630,1,Base | AJ RUIZ - Administração Judicial,,,1,FLOOR,2407a56c35028c413305535a1dd008db0d00dcd7,AV AFFONSO PANSAN - AMERICANA-SP - CEP 13473-620,ROWS:p3r12,2026-09-03T23:36:48Z,build
72096100,0000472-94.2012.5.06.0193,1006062.40,72096100000174,1,SCZ Scalzilli Administração Judicial,,,1,FLOOR,24ed98480a572989bb0ce06fbd92e30151b7c249,"Rodovia BR 470 Km168, n. 1040 - bairro Solivo, CEP: 95.334-000 - Vila Flores/RS",ROWS:p69r18|VALUE_COL:Valor_Atualizado,2026-09-03T23:36:47Z,build
31895683,0005010-98.2023.8.16.0001,1003333.32,31895683000116,1,Marques Administrações Judiciais,,,1,FLOOR,b465a5d11eec7a46656b594fa59c62d80724e0a1,Banco Industrial Do Brasil S.A.,LIKELY_FINANCIAL_BY_NAME|PARTIAL_DOC_CLASS_III_RECONCILED|ROWS:p21r3,2026-09-03T23:36:48Z,build
32847622,0031120-52.2024.8.16.0017,1002340.00,32847622000146,1,"supramencionado, nos autos principais da presente Recuperação Judicia",,,1,FLOOR,200afc9e12c1bc0f1fceba87ce280e371e62aa39,IND. E COM. DE PRODUTOS AGRICOLAS NEWFERT LTDA - ME,PARTIAL_DOC_CLASS_III_RECONCILED|ROWS:p2r5,2026-09-03T23:36:48Z,build
07750075,0003971-03.2023.8.16.0119,1001104.00,07750075000139,1,Marques Administrações Judiciais,,,1,FLOOR,1209dafe77b7708945a17e0f6d11db9b41daea47,Uniao Avicola Agroindustrial Ltda,LIKELY_PUBLIC_BY_NAME|PARTIAL_DOC_CLASS_III_RECONCILED|ROWS:p13r10,2026-09-03T23:36:48Z,build
16551061,1000119-75.2025.8.26.0354,1000149.31,16551061000187,3,Ativos,,,1,FLOOR,7e2dd0270ed86b1f71e6e3a9cc21d965a29b3955,SICOOB ADMINISTRADORA DE CONSORCIOS LTDA,"LIKELY_FINANCIAL_BY_NAME|ROWS:p5r3,p5r4,p5r22|UNRECONCILED_SOURCE",2026-09-03T23:36:48Z,build
08509682,0005010-98.2023.8.16.0001,999930.72,08509682000174,1,Marques Administrações Judiciais,,,1,FLOOR,b465a5d11eec7a46656b594fa59c62d80724e0a1,Nazca Distribuidora de Cosmeticos Ltda,PARTIAL_DOC_CLASS_III_RECONCILED|ROWS:p29r11,2026-09-03T23:36:48Z,build
58160789,8005129-09.2023.8.05.0039,997900.20,58160789000128,2,e na falência,,,1,FLOOR,a0ae32a59c2928e385c610811f80949f98723486,BANCO SAFRA,"LIKELY_FINANCIAL_BY_NAME|ROWS:p5r12,p17r6|UNRECONCILED_SOURCE|VALUE_COL:Valor_Do_Crédito_2º_Edital_De_Credores",2026-09-03T23:36:47Z,build
00360305,0801893-91.2016.8.12.0011,997823.01,00360305000104,10,empresa,,,1,FLOOR,cdf3c4d148612ed9b19eac98db005936ae57d4cb,orP AVENIDA NAÇÕES UNIDAS N°268 NOSSA SENHORA DAS GRAÇAS PORTO VELHO – RO CEP 76800-000 .S,"ALT_VALUE:1.811,26|ALT_VALUE:10.253,77|ALT_VALUE:108.204,17|ALT_VALUE:129.161,99|ALT_VALUE:19.308,49|ALT_VALUE:19.308,61|ALT_VALUE:2.160,98|ALT_VALUE:200.000,00|ALT_VALUE:25.242,98|ALT_VALUE:3.487,60|ALT_VALUE:3.728,97|ALT_VALUE:61.893,97|ALT_VALUE:62.400,25|ALT_VALUE:R$100.000,00|ALT_VALUE:R$12.500,00|ALT_VALUE:R$125.000,00|ALT_VALUE:R$2.472,22|ALT_VALUE:R$450.000,00|ROWS:p11r18,p15r7,p15r8,p15r9,p15r10,p15r11,p15r12,p15r13,p27r3,p27r5|UNRECONCILED_SOURCE|VALUE_COL:Valor_Da_Parcela",2026-09-03T23:36:48Z,build
53877627,0005010-50.2013.8.24.0026,994732.16,53877627000949,1,MANNES LTDA E BM EMPREENDIMENTOS E PARTICIPAÇÕES – Sgrott Administradora Judicial e Consultoria Empresarial,,,1,FLOOR,ea17ba43b2611e60da78d77cd10f534a8d7ffa56,DOW BRASIL SUDESTE INDUSTRIAL LTDA,ROWS:p14r12|UNRECONCILED_SOURCE,2026-09-03T23:36:48Z,build
28195667,1000119-75.2025.8.26.0354,991010.33,28195667000106,1,Ativos,,,1,FLOOR,7e2dd0270ed86b1f71e6e3a9cc21d965a29b3955,BANCO ABC BRASIL S.A.,LIKELY_FINANCIAL_BY_NAME|ROWS:p3r15|UNRECONCILED_SOURCE,2026-09-03T23:36:48Z,build
14051028,5014104-85.2021.8.21.0010,989663.45,14051028000162,1,SCZ Scalzilli Administração Judicial,,,1,FLOOR,84c586360a663c7c23a7d5176358d616fe6a93e7,FUNDO DE INVESTIMENTO EM DIREITOS CREDITORIOS DA INDUSTRIA EXODUS INSTITUCIONAL (,LIKELY_FINANCIAL_BY_NAME|ROWS:p7r13|UNRECONCILED_SOURCE,2026-09-03T23:36:47Z,build
18862277,0003971-03.2023.8.16.0119,980674.00,18862277000199,1,Marques Administrações Judiciais,,,1,FLOOR,1209dafe77b7708945a17e0f6d11db9b41daea47,Brasfor Fundo De Investimento Em Direitos Creditorios Multisetorial,LIKELY_FINANCIAL_BY_NAME|PARTIAL_DOC_CLASS_III_RECONCILED|ROWS:p10r10,2026-09-03T23:36:48Z,build
58099458,0000472-94.2012.5.06.0193,980241.47,58099458000120,1,SCZ Scalzilli Administração Judicial,,,1,FLOOR,24ed98480a572989bb0ce06fbd92e30151b7c249,"Rua Belo Horizonte, 420, sala 03 – Jd. SantaMarta - Santana do Parnaíba",ROWS:p62r13|VALUE_COL:Valor_Atualizado,2026-09-03T23:36:47Z,build
05528196,5009149-92.2024.8.24.0019,979566.00,05528196001691,1,e de Falência,,,1,FLOOR,a62ac8ee04589de01e4daef8a199cd9a9df4a91e,2.22COOPERATIVA AGROPECUÁRIA TRADIÇÃO,ROWS:p1r28|UNRECONCILED_SOURCE,2026-09-03T23:36:48Z,build
00000000,0019761-43.2024.8.17.2001,968216.19,00000000000191,2,GRUPO ADLIM – LRF Líderes em Recuperação Judicial e Falência,,,1,FLOOR,a32497797bacd26aee3d411b89e47dce32e5a250,"BANCO DO BRASIL S.A., CPF/CNPJ/OAB nº","LIKELY_FINANCIAL_BY_NAME|PARTIAL_DOC_CLASS_III_RECONCILED|ROWS:p66r69,p97r21",2026-09-03T23:36:48Z,build
08886407,0804401-51.2025.8.14.0039,962991.90,08886407000170,1,SOJAL COMERCIA,,,1,FLOOR,c56751547323616443dc07ccc6d6c553539dec25,MINERACAO XAMBIOA LTDA,ROWS:p2r4,2026-09-03T23:36:47Z,build
83195628,5009529-81.2025.8.24.0019,950000.00,83195628000206,1,SCZ Scalzilli Administração Judicial,,,1,FLOOR,2e46411688575df1120bdb73499fa0a31b4d1af8,PILLARES PROJETOS E CONSTRUÇÕES,ROWS:p2r21|UNRECONCILED_SOURCE,2026-09-03T23:36:48Z,build
82683376,0000357-17.2024.8.16.0131,949499.80,00000000770540|82683376000102,1,Destro Comercio De Alimentos LTDA,,,1,FLOOR,96830f5ef11b636a49c31aae309bc5dce86f8769,Mirante Comercio E Industria LTDA (CNPJ n°,MULTI_ROOT|ROWS:p1r23|UNRECONCILED_SOURCE,2026-09-03T23:36:48Z,build
60746948,5009529-81.2025.8.24.0019,947813.16,60746948000112,1,SCZ Scalzilli Administração Judicial,,,1,FLOOR,2e46411688575df1120bdb73499fa0a31b4d1af8,BANCO BRADESCO S/A,LIKELY_FINANCIAL_BY_NAME|ROWS:p2r26|UNRECONCILED_SOURCE,2026-09-03T23:36:48Z,build
88305859,5011369-81.2026.8.09.0093,944000.00,88305859000400,1,SCZ Scalzilli Administração Judicial,,,1,FLOOR,c536a2fa4da39efaa9c4b859cacb48e293873548,"R. Maria Plens, nº 57, Sala 02, Jardim Bela Vista, CEP 18207-730, em Itapetininga - SP.",ROWS:p4r4|UNRECONCILED_SOURCE,2026-09-03T23:36:47Z,build
32184798,0011283-80.2023.8.17.2001,935547.55,32184798000165,1,Náutico - Página — Lindoso e Araujo,,,1,FLOOR,677be5783c06848acb5f46b0d8db0aea7876624a,"CREATIVE PROPAGANDA E Este documento foi gerado pelo usuário 077.***.***-60 em 27/11/2023 15:00:11                                                                                                                                                                                                                                                                   MARKETING LTDA, CPF/CNPJ Nº",LONG_CHUNK|PARTIAL_DOC_CLASS_III_RECONCILED|ROWS:p12r1,2026-09-03T23:36:47Z,build
13333090,0015488-29.2018.8.17.2810,928406.79,13333090000184,1,CENTRO DE TRATAMENTO RENAL ZONA SUL LTDA,,,1,FLOOR,05e15e3ab0973ce0b16c39684020161cc0cb705a,NIPRO MEDICAL,ROWS:p3r36,2026-09-03T23:36:48Z,build
09414255,8005129-09.2023.8.05.0039,926408.50,09414255000175,1,e na falência,,,1,FLOOR,a0ae32a59c2928e385c610811f80949f98723486,DANIELE MÚLTIPLO FUNDO DE INVESTIMENTO EM DIREITOS CREDITÓRIOS – NÃO PADRONIZADOS,LIKELY_FINANCIAL_BY_NAME|ROWS:p7r1|UNRECONCILED_SOURCE,2026-09-03T23:36:47Z,build
02965637,0002484-82.2022.8.17.2001,915348.93,02965637000148,4,e Falência,,,1,FLOOR,f3b6182e3aa2715450af4d59223acc49f7047632,VEJA INDUSTRIA E COMERCIO DE CONFECCOES EIRELI,"PARTIAL_DOC_CLASS_III_RECONCILED|ROWS:p4r95,p7r127,p8r85,p9r93",2026-09-03T23:36:48Z,build
58616418,5057720-48.2025.8.24.0023,912282.02,58616418000108,1,Grupo Rech | Administração Judicial - Credibilità,,,1,FLOOR,cf92cff797d25108be0439a46ee6864d615a1be4,NÃO,ROWS:p1r11|UNRECONCILED_SOURCE|VALUE_COL:Valor_Após_Analise,2026-09-03T23:36:48Z,build
40072614,5014104-85.2021.8.21.0010,912212.65,40072614000101,1,SCZ Scalzilli Administração Judicial,,,1,FLOOR,84c586360a663c7c23a7d5176358d616fe6a93e7,FX CAPITAL E SECURITIZACOES S.A. (,ROWS:p7r15|UNRECONCILED_SOURCE,2026-09-03T23:36:47Z,build
12889035,5012306-16.2022.8.21.0023,908703.23,12889035000102,1,SCZ Scalzilli Administração Judicial,,,1,FLOOR,ebfb999b457caf45140ea7446a22cd3751154eaf,INOVAMED COM.DE MEDIC LTD (,ROWS:p28r2|UNRECONCILED_SOURCE,2026-09-03T23:36:47Z,build
10424098,0002484-82.2022.8.17.2001,908132.39,10424098000168,3,e Falência,,,1,FLOOR,f3b6182e3aa2715450af4d59223acc49f7047632,INDUSTRIA DE CONFECCOES K-DU EIRELI,"PARTIAL_DOC_CLASS_III_RECONCILED|ROWS:p4r78,p7r102,p9r76",2026-09-03T23:36:48Z,build
60746948,1018313-46.2024.8.26.0100,895288.95,60746948000112,2,JA SANTOS IMPORTAÇÃO E EXPORTAÇÃO DE FERRAMENTAS LTDA. (CONCEPT FERRAMENTAS) - Vivante Gestão e Administração Judicial,,,1,FLOOR,033d29144f63ddddfb2c802c22d6db8f5f1079d8,"Cidade de Deus, s/nº, 4º andar, Prédio Prata, Vila Yara – Osasco/SP, CEP 06029-900","ROWS:p1r5,p1r6|VALUE_COL:Valor",2026-09-03T23:36:48Z,build
01727929,0822279-56.2026.8.15.2001,890473.20,01727929000180,1,DIAGSON DIAGNOSTICO EM ULTRA SONOGRAFIA MED FETAL LTDA – EPP – LRF Líderes em Recuperação Judicial e Falência,,,1,FLOOR,088be5223af3f8c9fa20abea588d45b3da85a782,COOPERATIVA DE CRÉD ITO UNICRED EVOLUÇÃO LTDA,LIKELY_FINANCIAL_BY_NAME|PARTIAL_DOC_CLASS_III_RECONCILED|ROWS:p2r50,2026-09-03T23:36:48Z,build
34126828,0000721-61.2024.8.17.2620,886711.57,34126828000102,1,GRUPO DIVINA INDUSTRIA DE COURO LTDA – LRF Líderes em Recuperação Judicial e Falência,,,1,FLOOR,38f0c15b8a2d8dc124ae88df3b8958088a54cfcc,VP FOMENTO COMERCIAL LTDA,LIKELY_FINANCIAL_BY_NAME|PARTIAL_DOC_CLASS_III_RECONCILED|ROWS:p3r8,2026-09-03T23:36:48Z,build
03106170,0007565-40.2020.8.17.2370,879621.16,03106170000577,1,e Falência,,,1,FLOOR,849d4fe5adce792f073eb0cbe52a2f1d8075a473,03.106.170/0005-77,ROWS:p16r2,2026-09-03T23:36:48Z,build
00000000,0802426-35.2019.8.10.0000,879178.00,00000000751162,1,Roque Materiais para Construção - Real Brasil Consultoria,,,1,FLOOR,d85bdfbfbdc814ff10df1dbd8c2e47f1e34386aa,"AV. PROF. CARLOS CUNHA, 1000, JARACATY - 65076-907, SÃO LUÍS - MA",ROWS:p2r4|VALUE_COL:Saldo_Total,2026-09-03T23:36:48Z,build
19770372,0000357-17.2024.8.16.0131,875418.05,19770372000125,1,Destro Comercio De Alimentos LTDA,,,1,FLOOR,96830f5ef11b636a49c31aae309bc5dce86f8769,Rafael Marno Neomar Artigos Infantis Em Geral LTDA EPP (CNPJ n°,ROWS:p2r19|UNRECONCILED_SOURCE,2026-09-03T23:36:48Z,build
00939873,5341375-33.2026.8.09.0049,870843.88,00939873000164,1,"Grupo 3E, em consolidação substancia",,,1,FLOOR,8e8832093a15aa7f9dc936a37e882fe66a1fe43d,Brusinox Ind. e Com. De Maquinas,ROWS:p11r17|UNRECONCILED_SOURCE,2026-09-03T23:36:48Z,build
03084842,0700256-03.2019.8.02.0066,864333.30,03084842000167,1,Grupo Arnon de Mello — Lindoso e Araujo,,,1,FLOOR,60fd9c017d90deffa5bd422d7dce534a8fd355a3,TIME CONSULTORIA E FOMENTO MERCANTIL LTDA,LIKELY_FINANCIAL_BY_NAME|ROWS:p9r39|UNRECONCILED_SOURCE,2026-09-03T23:36:47Z,build
21044682,8005129-09.2023.8.05.0039,864147.01,21044682000104,1,e na falência,,,1,FLOOR,a0ae32a59c2928e385c610811f80949f98723486,RG COPPER INDUSTRIA E COMERCIO DE CONDUT,ROWS:p9r14|UNRECONCILED_SOURCE,2026-09-03T23:36:47Z,build
31658884,0000721-61.2024.8.17.2620,858338.78,31658884000108,1,GRUPO DIVINA INDUSTRIA DE COURO LTDA – LRF Líderes em Recuperação Judicial e Falência,,,1,FLOOR,38f0c15b8a2d8dc124ae88df3b8958088a54cfcc,CONFIANÇA FUNDO DE INVESTIMENTO EM DIREITOS CREDITÓRI,LIKELY_FINANCIAL_BY_NAME|PARTIAL_DOC_CLASS_III_RECONCILED|ROWS:p2r29,2026-09-03T23:36:48Z,build
67729178,0041309-42.2014.8.08.0024,857146.93,67729178000220,1,E FALÊNCIA,,,1,FLOOR,bf96785f7a4e919f76a22ff6fcd899efb24bd2d5,COMERCIAL CIRURGICA RIOCLARENSE LTDA,ROWS:p3r23|UNRECONCILED_SOURCE,2026-09-03T23:36:48Z,build
60498706,5011369-81.2026.8.09.0093,852353.71,60498706000157,1,SCZ Scalzilli Administração Judicial,,,1,FLOOR,c536a2fa4da39efaa9c4b859cacb48e293873548,"Av. Doutor Chucri Zaidan, nº 1240, Andar 6 ao 9, Vila São Francisco (Zona Rural), CEP 04.711-130, em São Paulo - SP.",ROWS:p4r5|UNRECONCILED_SOURCE,2026-09-03T23:36:47Z,build
28152650,0041309-42.2014.8.08.0024,850547.08,28152650000171,1,E FALÊNCIA,,,1,FLOOR,bf96785f7a4e919f76a22ff6fcd899efb24bd2d5,EDP - ESPIRITO SANTO CENTRAIS ELETRICAS S.A.,ROWS:p4r11|UNRECONCILED_SOURCE,2026-09-03T23:36:48Z,build
60746948,0037411-27.2022.8.16.0021,846434.97,60746948000112,1,"APRESENTADO PELA RECUPERANDA, NA FORMA Distribuidora S.A",,,1,FLOOR,437e79745649ebc229e33ceff1017c077113003a,Banco Bradesco S.A. (CNPJ nº,LIKELY_FINANCIAL_BY_NAME|ROWS:p1r40|UNRECONCILED_SOURCE,2026-09-03T23:36:48Z,build
11069316,0000880-57.2020.8.17.2001,840995.94,11069316000318,1,e Falência,,,1,FLOOR,44ecd0afa707dc9a78430215646a429a26d22516,TUBOS TIGRE-ADS BRASIL LTDA,"ALT_VALUE:R$840.995,94|ROWS:p10r79|UNRECONCILED_SOURCE|VALUE_COL:2ª_Lista",2026-09-03T23:36:47Z,build
60746948,3000117-40.2025.8.06.0512,840000.00,60746948000112,1,PÃ¡gina inicial,,,1,FLOOR,73b45cbf1779afc0265bba96895afb5cec00f12c,BANCO BRADESCO S.A.,LIKELY_FINANCIAL_BY_NAME|ROWS:p16r4,2026-09-03T23:36:48Z,build
07175357,4000167-23.2025.8.26.0373,837280.86,07175357000150,1,Cerealista Sa,,,1,FLOOR,18975be46188194b42b5cec2007635d33a16225c,TERRA NOVA AGROINDUSTRIAL EM RECUPERAÇÃO JUDICIAL,ROWS:p8r38|UNRECONCILED_SOURCE,2026-09-03T23:36:48Z,build
90400888,3000117-40.2025.8.06.0512,832680.36,90400888000142,1,PÃ¡gina inicial,,,1,FLOOR,73b45cbf1779afc0265bba96895afb5cec00f12c,BANCO SANTANDER BRASIL S.A.,LIKELY_FINANCIAL_BY_NAME|ROWS:p16r20,2026-09-03T23:36:48Z,build
67959015,0005010-50.2013.8.24.0026,830950.06,67959015000152,1,MANNES LTDA E BM EMPREENDIMENTOS E PARTICIPAÇÕES – Sgrott Administradora Judicial e Consultoria Empresarial,,,1,FLOOR,ea17ba43b2611e60da78d77cd10f534a8d7ffa56,NEOPLASTIC PLÁSTICOS LTDA.,ROWS:p17r14|UNRECONCILED_SOURCE,2026-09-03T23:36:48Z,build
04088208,0001943-40.2024.8.16.0115,825597.87,04088208000165,1,- D & D LOGÍSTICA E TRANSPORTE Comercia,,,1,FLOOR,dfc3207dcd0fa485a74eefea8e9db729618a8aea,Sem Parar Instituicao De Pagamento Ltda,PARTIAL_DOC_CLASS_III_RECONCILED|ROWS:p5r17,2026-09-03T23:36:48Z,build
00763251,5011460-87.2023.8.24.0020,824696.62,00763251000128,1,TOP TEXTIL EMBALAGENS LTDA,,,1,FLOOR,741aed48dd004485cbfaf3bc50def81229cab4e3,Rafitec S/A Ind. e Com. De Sacarias,ROWS:p3r8|UNRECONCILED_SOURCE,2026-09-03T23:36:47Z,build
68755545,5008793-34.2023.8.24.0019,820372.25,68755545000141|68755545000222,2,AZEPLAST INDÚSTRIA E COMÉRCIO LTDA,,,1,FLOOR,229081edb0eaccd400fcad129b25a20d453416b7,CTS COM. DE APARAS LTDA.-FILIAL,"PARTIAL_DOC_CLASS_III_RECONCILED|ROWS:p1r23,p1r24",2026-09-03T23:36:48Z,build
03727941,1000119-75.2025.8.26.0354,820000.00,03727941000110,2,Ativos,,,1,FLOOR,7e2dd0270ed86b1f71e6e3a9cc21d965a29b3955,CITROTEC INDUSTRIA E COMERCIO LTDA,"ROWS:p3r48,p3r49|UNRECONCILED_SOURCE",2026-09-03T23:36:48Z,build
40887838,0007565-40.2020.8.17.2370,813501.86,40887838000163,1,e Falência,,,1,FLOOR,849d4fe5adce792f073eb0cbe52a2f1d8075a473,40.887.838/0001-63,ROWS:p16r25,2026-09-03T23:36:48Z,build
62232889,1009827-02.2024.8.26.0576,809807.28,62232889000190,1,formuladopelasempresa,,,1,FLOOR,89671ae49d87f89fdf44efa9c5b9c668ed4162a1,Banco Daycoval S/A,LIKELY_FINANCIAL_BY_NAME|ROWS:p1r14,2026-09-03T23:36:48Z,build
00000000,1009827-02.2024.8.26.0576,802157.46,00000000000191,1,formuladopelasempresa,,,1,FLOOR,89671ae49d87f89fdf44efa9c5b9c668ed4162a1,Banco do Brasil S/A,"ALT_VALUE:802.157,46|LIKELY_FINANCIAL_BY_NAME|ROWS:p1r15",2026-09-03T23:36:48Z,build
17875154,0005010-98.2023.8.16.0001,801264.79,17875154000391,1,Marques Administrações Judiciais,,,1,FLOOR,b465a5d11eec7a46656b594fa59c62d80724e0a1,Medquimica Industria Farmaceutica Ltda,PARTIAL_DOC_CLASS_III_RECONCILED|ROWS:p29r2,2026-09-03T23:36:48Z,build
28195667,0005010-98.2023.8.16.0001,801043.63,28195667000106,1,Marques Administrações Judiciais,,,1,FLOOR,b465a5d11eec7a46656b594fa59c62d80724e0a1,Banco Abc Brasil S.A.,LIKELY_FINANCIAL_BY_NAME|PARTIAL_DOC_CLASS_III_RECONCILED|ROWS:p20r5,2026-09-03T23:36:48Z,build
03308250,0000635-08.2003.8.08.0024,799670.99,03308250000181,1,Refrigerantes Polo Sul - RLG-AJ,,,1,FLOOR,0b51e1c12c63530733e5ae68f73f6f283aef4721,Tampas Plásticas Necesa S/A,ROWS:p2r1|UNRECONCILED_SOURCE,2026-09-03T23:36:48Z,build
60701190,0032731-52.2010.8.17.0001,799334.67,60701190000104,1,E FALENCIA,,,1,FLOOR,bf3c4e448c3e0499bc7b3b13b6efa1d1598d598a,0035665-46.2011.8.17.0001,ROWS:p8r8|UNRECONCILED_SOURCE|VALUE_COL:Crédito_1ª_Lista,2026-09-03T23:36:47Z,build
02149075,5057720-48.2025.8.24.0023,798077.09,02149075000164,1,Grupo Rech | Administração Judicial - Credibilità,,,1,FLOOR,cf92cff797d25108be0439a46ee6864d615a1be4,PENDENTE DE REGULARIZAÇÃO,ROWS:p2r18|UNRECONCILED_SOURCE|VALUE_COL:Valor_Após_Analise,2026-09-03T23:36:48Z,build
60701190,0074500-63.2024.8.17.2001,796319.57,60701190000104,1,GRUPO IMOBI – LRF Líderes em Recuperação Judicial e Falência,,,1,FLOOR,795d57c3b1a6263f35fd080afd0a6ea1ad727ea3,ITAU UNIBANCO S.A,LIKELY_FINANCIAL_BY_NAME|ROWS:p5r2,2026-09-03T23:36:48Z,build
32126501,5341375-33.2026.8.09.0049,793333.33,32126501000105,1,"Grupo 3E, em consolidação substancia",,,1,FLOOR,8e8832093a15aa7f9dc936a37e882fe66a1fe43d,Rakki Pescados,ROWS:p17r8|UNRECONCILED_SOURCE,2026-09-03T23:36:48Z,build
26910194,0007565-40.2020.8.17.2370,788981.82,26910194000156,1,e Falência,,,1,FLOOR,849d4fe5adce792f073eb0cbe52a2f1d8075a473,26.910.194/0001-56,ROWS:p15r2,2026-09-03T23:36:48Z,build
13620193,0003971-03.2023.8.16.0119,788640.00,13620193000397,1,Marques Administrações Judiciais,,,1,FLOOR,1209dafe77b7708945a17e0f6d11db9b41daea47,Pax Brasil Agroindustria Ltda,PARTIAL_DOC_CLASS_III_RECONCILED|ROWS:p12r13,2026-09-03T23:36:48Z,build
17312448,0000472-94.2012.5.06.0193,786462.95,17312448000143,1,SCZ Scalzilli Administração Judicial,,,1,FLOOR,24ed98480a572989bb0ce06fbd92e30151b7c249,"V. Expressa, nº. 3600, Bairro Cinco Petrobrás, Contagem/MG, CEP 32370- 485",ROWS:p74r10|VALUE_COL:Valor_Atualizado,2026-09-03T23:36:47Z,build
11507489,8005129-09.2023.8.05.0039,783839.34,11507489000109,1,e na falência,,,1,FLOOR,a0ae32a59c2928e385c610811f80949f98723486,BFC,ROWS:p5r14|UNRECONCILED_SOURCE|VALUE_COL:Valor_Do_Crédito_2º_Edital_De_Credores,2026-09-03T23:36:47Z,build
13477127,0005010-98.2023.8.16.0001,780881.58,13477127000148,1,Marques Administrações Judiciais,,,1,FLOOR,b465a5d11eec7a46656b594fa59c62d80724e0a1,Portal Do Aeroporto Logistica Ltda,PARTIAL_DOC_CLASS_III_RECONCILED|ROWS:p30r8,2026-09-03T23:36:48Z,build
25331521,0007565-40.2020.8.17.2370,780425.22,25331521000152,1,e Falência,,,1,FLOOR,849d4fe5adce792f073eb0cbe52a2f1d8075a473,25.331.521/0001-52,ROWS:p15r63,2026-09-03T23:36:48Z,build
78242849,0007565-40.2020.8.17.2370,779392.23,78242849000169,1,e Falência,,,1,FLOOR,849d4fe5adce792f073eb0cbe52a2f1d8075a473,78.242.849/0001-69,ROWS:p15r11,2026-09-03T23:36:48Z,build
46955383,3000117-40.2025.8.06.0512,775858.68,46955383000152,1,PÃ¡gina inicial,,,1,FLOOR,73b45cbf1779afc0265bba96895afb5cec00f12c,QI DISTRIBUIDORA DE TITULOS E VALORES MOBILIÁRIOS LTDA,ROWS:p16r1,2026-09-03T23:36:48Z,build
48833163,0001943-40.2024.8.16.0115,770043.00,48833163000181,1,- D & D LOGÍSTICA E TRANSPORTE Comercia,,,1,FLOOR,dfc3207dcd0fa485a74eefea8e9db729618a8aea,Centenaro Pneus LTDA,PARTIAL_DOC_CLASS_III_RECONCILED|ROWS:p4r11,2026-09-03T23:36:48Z,build
21577893,0002484-82.2022.8.17.2001,769232.88,21577893000102,2,e Falência,,,1,FLOOR,f3b6182e3aa2715450af4d59223acc49f7047632,PARADOX JEANS CONFECCOES DE ROUPAS E TECIDOS LTDA,"PARTIAL_DOC_CLASS_III_RECONCILED|ROWS:p7r115,p9r86",2026-09-03T23:36:48Z,build
30080657,5012295-78.2023.8.24.0019,760513.79,30080657000177,1,GAMAC IMPORTACAO E EXPORTACAO LTDA,,,1,FLOOR,a57b29e07c6d192ccae2476fff8fe9a49e8ed40d,RSG GESTAO DE ATIVOS LTDA (,ROWS:p2r15|UNRECONCILED_SOURCE,2026-09-03T23:36:47Z,build
11504852,0005010-98.2023.8.16.0001,758973.08,11504852000132,1,Marques Administrações Judiciais,,,1,FLOOR,b465a5d11eec7a46656b594fa59c62d80724e0a1,Nova S. R. M. Administracao De Recursos E Financas S.A.,PARTIAL_DOC_CLASS_III_RECONCILED|ROWS:p29r12,2026-09-03T23:36:48Z,build
09172117,8005129-09.2023.8.05.0039,758759.36,09172117000127,1,e na falência,,,1,FLOOR,a0ae32a59c2928e385c610811f80949f98723486,ASIA FIDC,LIKELY_FINANCIAL_BY_NAME|ROWS:p5r5|UNRECONCILED_SOURCE|VALUE_COL:Valor_Do_Crédito_2º_Edital_De_Credores,2026-09-03T23:36:47Z,build
00210633,0028131-73.2024.8.16.0017,753950.00,00210633000124,1,SCZ Scalzilli Administração Judicial,,,1,FLOOR,70eb7014739f42d09f9b61cd132e98426b0e40f0,"1 UNIPETRO NOVA ANDRADINA EDITAL DO ART. 7º, §2º, E AVISO DO ART. 53, PARÁGRAFO ÚNICO, DISTRIBUIDORA DE PETRÓLEO LTDA (",ROWS:p1r4|UNRECONCILED_SOURCE,2026-09-03T23:36:47Z,build
22175405,0003971-03.2023.8.16.0119,750053.40,22175405000101,1,Marques Administrações Judiciais,,,1,FLOOR,1209dafe77b7708945a17e0f6d11db9b41daea47,Mr Fundo De Investimento Em Direitos Creditorios,LIKELY_FINANCIAL_BY_NAME|PARTIAL_DOC_CLASS_III_RECONCILED|ROWS:p12r8,2026-09-03T23:36:48Z,build
02802419,0007565-40.2020.8.17.2370,744752.65,02802419000192,1,e Falência,,,1,FLOOR,849d4fe5adce792f073eb0cbe52a2f1d8075a473,02.802.419/0001-92,ROWS:p16r17,2026-09-03T23:36:48Z,build
57497539,0020255-24.2020.5.04.0104,741870.48,57497539000115,1,Base | AJ RUIZ - Administração Judicial,,,1,FLOOR,2407a56c35028c413305535a1dd008db0d00dcd7,AV.QUEIRO DOS SANTOS 1717 - SANTO ANDRE-SP - CEP 03011-590,ALT_VALUE:FORNECEDORES|ROWS:p2r22|VALUE_COL:Valor_Do_Crédito,2026-09-03T23:36:48Z,build
01838723,5341375-33.2026.8.09.0049,741289.90,01838723030891,1,"Grupo 3E, em consolidação substancia",,,1,FLOOR,8e8832093a15aa7f9dc936a37e882fe66a1fe43d,Brf - Brasil Foods S.A.,ROWS:p11r11|UNRECONCILED_SOURCE,2026-09-03T23:36:48Z,build
02036483,0020255-24.2020.5.04.0104,735887.18,02036483000614,1,Base | AJ RUIZ - Administração Judicial,,,1,FLOOR,2407a56c35028c413305535a1dd008db0d00dcd7,AV ATLANTICA S/N - CAMACARI-BA - CEP 42.810-000,ALT_VALUE:FORNECEDORES|ROWS:p2r38|VALUE_COL:Valor_Do_Crédito,2026-09-03T23:36:48Z,build
32522072,5014104-85.2021.8.21.0010,732433.67,32522072000195,1,SCZ Scalzilli Administração Judicial,,,1,FLOOR,84c586360a663c7c23a7d5176358d616fe6a93e7,ZET CAPITAL TECNOLOGIA DE ATIVOS E FOMENTO LTDA (,ROWS:p10r38|UNRECONCILED_SOURCE,2026-09-03T23:36:47Z,build
94868742,5012306-16.2022.8.21.0023,730000.00,94868742000187,1,SCZ Scalzilli Administração Judicial,,,1,FLOOR,ebfb999b457caf45140ea7446a22cd3751154eaf,IMPROTEC COMERCIO DE MATERIAL CIRURGICO LTDA (,ROWS:p27r55|UNRECONCILED_SOURCE,2026-09-03T23:36:47Z,build
07790530,0002484-82.2022.8.17.2001,723908.00,07790530000120,1,e Falência,,,1,FLOOR,f3b6182e3aa2715450af4d59223acc49f7047632,SH INDUSTRIA TEXTIL LTDA,PARTIAL_DOC_CLASS_III_RECONCILED|ROWS:p4r91,2026-09-03T23:36:48Z,build
78825270,5012743-51.2023.8.24.0019,722007.68,78825270000129,1,Alto Uruguai Indústria e Comércio de Óleos Ltda,,,1,FLOOR,75336e98f447837fcdb5e795c7aa49c9bea54c52,COOPERATIVA DE CREDITO MAXI ALFA DE LIVRE ADMISSAO DE ASSOCIADOS - SICOOB MAXICREDITO,LIKELY_FINANCIAL_BY_NAME|ROWS:p1r19|VALUE_COL:Valor_Do_Crédito,2026-09-03T23:36:48Z,build
90400888,0003971-03.2023.8.16.0119,720900.58,90400888000142,1,Marques Administrações Judiciais,,,1,FLOOR,1209dafe77b7708945a17e0f6d11db9b41daea47,Banco Santander (Brasil) S.A.,LIKELY_FINANCIAL_BY_NAME|PARTIAL_DOC_CLASS_III_RECONCILED|ROWS:p10r6,2026-09-03T23:36:48Z,build
05349595,0005010-98.2023.8.16.0001,713320.82,05349595000109,1,Marques Administrações Judiciais,,,1,FLOOR,b465a5d11eec7a46656b594fa59c62d80724e0a1,CNP Consorcio S.A. Administradora De Consorcios,LIKELY_FINANCIAL_BY_NAME|PARTIAL_DOC_CLASS_III_RECONCILED|ROWS:p23r8,2026-09-03T23:36:48Z,build
11261368,0000721-61.2024.8.17.2620,713186.50,11261368000120,1,GRUPO DIVINA INDUSTRIA DE COURO LTDA – LRF Líderes em Recuperação Judicial e Falência,,,1,FLOOR,38f0c15b8a2d8dc124ae88df3b8958088a54cfcc,ALFA FUNDO DE INVET EM DIREITOS CREDITORIOS MULTISSETOR,LIKELY_FINANCIAL_BY_NAME|PARTIAL_DOC_CLASS_III_RECONCILED|ROWS:p2r5,2026-09-03T23:36:48Z,build
60746948,0000357-17.2024.8.16.0131,710562.74,60746948000112,1,Destro Comercio De Alimentos LTDA,,,1,FLOOR,96830f5ef11b636a49c31aae309bc5dce86f8769,Banco Bradesco S.A. (CNPJ n°,LIKELY_FINANCIAL_BY_NAME|ROWS:p1r26|UNRECONCILED_SOURCE,2026-09-03T23:36:48Z,build
90400888,5100227-29.2022.8.24.0023,710368.89,90400888000142,1,MUNDO BIZARRO IMPORTAÇÃO E EXPORTAÇÃO LTDA – Sgrott Administradora Judicial e Consultoria Empresarial,,,1,FLOOR,0e98068b87bd9301a44b322d50dacac7fd565704,Documento já analisado do pedido da recuperação,ROWS:p16r3|UNRECONCILED_SOURCE,2026-09-03T23:36:48Z,build
19362088,5014104-85.2021.8.21.0010,709622.12,19362088000110,1,SCZ Scalzilli Administração Judicial,,,1,FLOOR,84c586360a663c7c23a7d5176358d616fe6a93e7,RDF CONSULTORIA EMPRESARIAL LTDA (,ROWS:p9r12|UNRECONCILED_SOURCE,2026-09-03T23:36:47Z,build
01039011,5008793-34.2023.8.24.0019,706911.18,01039011000148,1,AZEPLAST INDÚSTRIA E COMÉRCIO LTDA,,,1,FLOOR,229081edb0eaccd400fcad129b25a20d453416b7,COOPERATIVA DE CREDITO UNICRED DESBRAVADORA LTDA - UNICRED DESBRAVADORA,LIKELY_FINANCIAL_BY_NAME|PARTIAL_DOC_CLASS_III_RECONCILED|ROWS:p1r17,2026-09-03T23:36:48Z,build
08226396,0000472-94.2012.5.06.0193,706167.48,08226396000100,1,SCZ Scalzilli Administração Judicial,,,1,FLOOR,24ed98480a572989bb0ce06fbd92e30151b7c249,"Av. Professor Luiz Ignacio de Anhaia Melo, 4703, Vila Graciosa, São Paulo/SP",ROWS:p64r6|VALUE_COL:Valor_Atualizado,2026-09-03T23:36:47Z,build
03303563,5057720-48.2025.8.24.0023,705997.79,03303563000147,1,Grupo Rech | Administração Judicial - Credibilità,,,1,FLOOR,cf92cff797d25108be0439a46ee6864d615a1be4,SIM,ROWS:p2r7|UNRECONCILED_SOURCE|VALUE_COL:Valor_Após_Analise,2026-09-03T23:36:48Z,build
11417016,0003971-03.2023.8.16.0119,705235.65,11417016000110,1,Marques Administrações Judiciais,,,1,FLOOR,1209dafe77b7708945a17e0f6d11db9b41daea47,Scania Banco S.A.,LIKELY_FINANCIAL_BY_NAME|PARTIAL_DOC_CLASS_III_RECONCILED|ROWS:p12r18,2026-09-03T23:36:48Z,build
37031044,5341375-33.2026.8.09.0049,704080.00,37031044001241,1,"Grupo 3E, em consolidação substancia",,,1,FLOOR,8e8832093a15aa7f9dc936a37e882fe66a1fe43d,Charrua,ROWS:p11r59|UNRECONCILED_SOURCE,2026-09-03T23:36:48Z,build
12163083,0002484-82.2022.8.17.2001,700000.00,12163083000119,1,e Falência,,,1,FLOOR,f3b6182e3aa2715450af4d59223acc49f7047632,100PORCENTO SOLUCOES CONSULTORIA EM GESTAO EMPRESARIAL LTDA,PARTIAL_DOC_CLASS_III_RECONCILED|ROWS:p7r66,2026-09-03T23:36:48Z,build
12107667,5057720-48.2025.8.24.0023,698356.00,12107667000177,1,Grupo Rech | Administração Judicial - Credibilità,,,1,FLOOR,cf92cff797d25108be0439a46ee6864d615a1be4,NÃO,ROWS:p1r30|UNRECONCILED_SOURCE|VALUE_COL:Valor_Após_Analise,2026-09-03T23:36:48Z,build
00029372,5012306-16.2022.8.21.0023,693357.04,00029372000221,1,SCZ Scalzilli Administração Judicial,,,1,FLOOR,ebfb999b457caf45140ea7446a22cd3751154eaf,GE HEALTHCARE DO BRASIL COM E (,ROWS:p27r39|UNRECONCILED_SOURCE,2026-09-03T23:36:47Z,build
08078241,5011369-81.2026.8.09.0093,691120.00,08078241000165,1,SCZ Scalzilli Administração Judicial,,,1,FLOOR,c536a2fa4da39efaa9c4b859cacb48e293873548,"Rua José Francisco Cabral, Qd. 06, Lt. 015 C, Setor Industrial, CEP 75802-235, em Jataí - GO.",ROWS:p2r2|UNRECONCILED_SOURCE,2026-09-03T23:36:47Z,build
60746948,5164979-18.2026.8.09.0110,689839.74,60746948000112,2,"e informem eventuais créditos perante as devedoras, para divulgação aos demais interessa",,,1,FLOOR,9eb5be419208c690ce6c04d698cfa411fba51ded,BANCO BRADESCO,"LIKELY_FINANCIAL_BY_NAME|ROWS:p5r8,p5r9|UNRECONCILED_SOURCE",2026-09-03T23:36:48Z,build
29957532,0001943-40.2024.8.16.0115,689134.29,29957532000101,1,- D & D LOGÍSTICA E TRANSPORTE Comercia,,,1,FLOOR,dfc3207dcd0fa485a74eefea8e9db729618a8aea,Fundo de Investimento em Direitos Creditórios Sabia Capital Credit,LIKELY_FINANCIAL_BY_NAME|PARTIAL_DOC_CLASS_III_RECONCILED|ROWS:p4r17,2026-09-03T23:36:48Z,build
02494715,5012306-16.2022.8.21.0023,686964.09,02494715000173,1,SCZ Scalzilli Administração Judicial,,,1,FLOOR,ebfb999b457caf45140ea7446a22cd3751154eaf,COOP.CENT.COOPERATIVAS UNIMED (,ROWS:p26r48|UNRECONCILED_SOURCE,2026-09-03T23:36:47Z,build
56819477,0000472-94.2012.5.06.0193,684718.12,56819477000158,1,SCZ Scalzilli Administração Judicial,,,1,FLOOR,24ed98480a572989bb0ce06fbd92e30151b7c249,"Rua Vergueiro, 1759, 5º andar, Vila Mariana, São Paulo/SP",ROWS:p69r3|VALUE_COL:Valor_Atualizado,2026-09-03T23:36:47Z,build
10394384,0011283-80.2023.8.17.2001,680417.28,10394384000128,1,Náutico - Página — Lindoso e Araujo,,,1,FLOOR,677be5783c06848acb5f46b0d8db0aea7876624a,"MMB SPORTS E PARTICIPACOES LTDA, CPF/CNPJ Nº",PARTIAL_DOC_CLASS_III_RECONCILED|ROWS:p12r34,2026-09-03T23:36:47Z,build
10288920,0007565-40.2020.8.17.2370,680366.63,10288920000100,1,e Falência,,,1,FLOOR,849d4fe5adce792f073eb0cbe52a2f1d8075a473,10.288.920/0001-00,ROWS:p15r27,2026-09-03T23:36:48Z,build
23125558,5014104-85.2021.8.21.0010,678577.46,23125558000107,1,SCZ Scalzilli Administração Judicial,,,1,FLOOR,84c586360a663c7c23a7d5176358d616fe6a93e7,DSX SECURITIZADORA S/A (,LIKELY_FINANCIAL_BY_NAME|ROWS:p6r37|UNRECONCILED_SOURCE,2026-09-03T23:36:47Z,build
01424397,0002484-82.2022.8.17.2001,677400.38,01424397000373,3,e Falência,,,1,FLOOR,f3b6182e3aa2715450af4d59223acc49f7047632,FAN STORE ENTRETENIMENTO S.A,"PARTIAL_DOC_CLASS_III_RECONCILED|ROWS:p4r71,p7r95,p9r70",2026-09-03T23:36:48Z,build
43876960,0000472-94.2012.5.06.0193,676208.62,43876960000122,1,SCZ Scalzilli Administração Judicial,,,1,FLOOR,24ed98480a572989bb0ce06fbd92e30151b7c249,"Avenida José Benassi, n° 2.601, Distrito Industrial, Faz Grande, Jundiaí/SP, CEP 13.213/085",ROWS:p69r10|VALUE_COL:Valor_Atualizado,2026-09-03T23:36:47Z,build
15129010,0802426-35.2019.8.10.0000,675124.95,15129010000107,1,Roque Materiais para Construção - Real Brasil Consultoria,,,1,FLOOR,d85bdfbfbdc814ff10df1dbd8c2e47f1e34386aa,"RUA PRINCIPAL, 002 - ACES.BR135, VILA MARANHAO - 65091-242, SAO LUIS - MA",ROWS:p2r5|VALUE_COL:Saldo_Total,2026-09-03T23:36:48Z,build
60889128,0005010-50.2013.8.24.0026,665953.00,60889128000180,1,MANNES LTDA E BM EMPREENDIMENTOS E PARTICIPAÇÕES – Sgrott Administradora Judicial e Consultoria Empresarial,,,1,FLOOR,ea17ba43b2611e60da78d77cd10f534a8d7ffa56,BANCO SOFISA S/A,LIKELY_FINANCIAL_BY_NAME|ROWS:p13r10|UNRECONCILED_SOURCE,2026-09-03T23:36:48Z,build
39452556,0005010-98.2023.8.16.0001,664358.44,39452556000154,1,Marques Administrações Judiciais,,,1,FLOOR,b465a5d11eec7a46656b594fa59c62d80724e0a1,Maxinutri Suplementos Nutricionais Ltda,PARTIAL_DOC_CLASS_III_RECONCILED|ROWS:p28r12,2026-09-03T23:36:48Z,build
05858780,0005010-50.2013.8.24.0026,662505.99,05858780000129,1,MANNES LTDA E BM EMPREENDIMENTOS E PARTICIPAÇÕES – Sgrott Administradora Judicial e Consultoria Empresarial,,,1,FLOOR,ea17ba43b2611e60da78d77cd10f534a8d7ffa56,ITW PPF BRASIL ADESIVOS LTDA,ROWS:p15r41|UNRECONCILED_SOURCE,2026-09-03T23:36:48Z,build
26506898,8005129-09.2023.8.05.0039,661424.53,26506898000168,2,e na falência,,,1,FLOOR,a0ae32a59c2928e385c610811f80949f98723486,TIRRENO,"ROWS:p10r6,p19r9|UNRECONCILED_SOURCE",2026-09-03T23:36:47Z,build
26489103,8005129-09.2023.8.05.0039,658063.00,26489103000150,2,e na falência,,,1,FLOOR,a0ae32a59c2928e385c610811f80949f98723486,INVISTA,"ROWS:p8r2,p18r4|UNRECONCILED_SOURCE",2026-09-03T23:36:47Z,build
02410500,5057720-48.2025.8.24.0023,657691.60,02410500000631,1,Grupo Rech | Administração Judicial - Credibilità,,,1,FLOOR,cf92cff797d25108be0439a46ee6864d615a1be4,PENDENTE DE REGULARIZAÇÃO,ROWS:p2r19|UNRECONCILED_SOURCE|VALUE_COL:Valor_Após_Analise,2026-09-03T23:36:48Z,build
57576274,5057720-48.2025.8.24.0023,651861.65,57576274000140,1,Grupo Rech | Administração Judicial - Credibilità,,,1,FLOOR,cf92cff797d25108be0439a46ee6864d615a1be4,PENDENTE DE REGULARIZAÇÃO,ROWS:p1r32|UNRECONCILED_SOURCE|VALUE_COL:Valor_Após_Analise,2026-09-03T23:36:48Z,build
87156352,0005010-98.2023.8.16.0001,650761.62,87156352000119,1,Marques Administrações Judiciais,,,1,FLOOR,b465a5d11eec7a46656b594fa59c62d80724e0a1,Incoterm Solucoes em Medicao Ltda,PARTIAL_DOC_CLASS_III_RECONCILED|ROWS:p26r11,2026-09-03T23:36:48Z,build
04247370,5009529-81.2025.8.24.0019,646685.02,04247370000340,1,SCZ Scalzilli Administração Judicial,,,1,FLOOR,2e46411688575df1120bdb73499fa0a31b4d1af8,SICOOB TRANSCREDI,LIKELY_FINANCIAL_BY_NAME|ROWS:p2r49|UNRECONCILED_SOURCE,2026-09-03T23:36:48Z,build
19403406,0804204-35.2022.8.15.0731,644893.08,19403406001549,1,SECULAR COMERCIO CONSTRUÇÃO E REPRESENTAÇÃO LTDA,,,1,FLOOR,1355f93a13cd2722ee99a9ba39c71d079fe85ce0,MAGNUM DISTRIBUIDORA DE PNEUS S/A,ROWS:p1r21,2026-09-03T23:36:47Z,build
10835932,0032731-52.2010.8.17.0001,642987.94,10835932000108,1,E FALENCIA,,,1,FLOOR,bf3c4e448c3e0499bc7b3b13b6efa1d1598d598a,0059273-10.2010.8.17.0001,ROWS:p8r9|UNRECONCILED_SOURCE|VALUE_COL:Crédito_1ª_Lista,2026-09-03T23:36:47Z,build
77941490,0007565-40.2020.8.17.2370,641648.34,77941490019506,1,e Falência,,,1,FLOOR,849d4fe5adce792f073eb0cbe52a2f1d8075a473,77.941.490/0195-06,ROWS:p15r46,2026-09-03T23:36:48Z,build
60746948,1001174-80.2024.8.26.0359,641500.00,60746948000112,2,Ativos,,,1,FLOOR,442539f948e05d3b98924984d4ac62e721a54540,"Rua Bernardino de Campos, nº 3.238, Centro, CEP nº 15.015-300, São José do Rio Preto/SP","ROWS:p3r2,p3r13|UNRECONCILED_SOURCE|VALUE_COL:Valor_Do_Créidto",2026-09-03T23:36:48Z,build
60746948,0044747-14.2024.8.16.0021,640790.00,60746948000112,1,"foi apresentado no movimento 103 dos autos supramencionados, em consonância",,,1,FLOOR,739e29399ac0ac7b1b2e0e4fd55e6fb324d5457f,,NAME_MISSING|PARTIAL_DOC_CLASS_III_RECONCILED|ROWS:p4r5,2026-09-03T23:36:48Z,build
04454667,5341375-33.2026.8.09.0049,634021.16,04454667000115,1,"Grupo 3E, em consolidação substancia",,,1,FLOOR,8e8832093a15aa7f9dc936a37e882fe66a1fe43d,Abatedouro Vereda,ROWS:p9r11|UNRECONCILED_SOURCE,2026-09-03T23:36:48Z,build
07243854,1054969-12.2018.8.26.0100,632893.59,07243854000148,1,EVER TON FPS IMPORTAÇÃO E EXPORTAÇÃO LTDA,,,1,FLOOR,814b9783cf4802fc90178ffa6b7a687c09366140,"pessoa jurídica de direito privado, devidamente inscrita no CNPJ/MF sob o nº",ROWS:p4r8|UNRECONCILED_SOURCE,2026-09-03T23:36:48Z,build
07679404,0005010-50.2013.8.24.0026,629629.22,07679404000100,1,MANNES LTDA E BM EMPREENDIMENTOS E PARTICIPAÇÕES – Sgrott Administradora Judicial e Consultoria Empresarial,,,1,FLOOR,ea17ba43b2611e60da78d77cd10f534a8d7ffa56,BANCO TOPÁZIO S/A,LIKELY_FINANCIAL_BY_NAME|ROWS:p13r11|UNRECONCILED_SOURCE,2026-09-03T23:36:48Z,build
71800296,1001174-80.2024.8.26.0359,628894.45,71800296000173,2,Ativos,,,1,FLOOR,442539f948e05d3b98924984d4ac62e721a54540,"Avenida Tucunaré, nº 550, 1º Pavilhão, Escritório 6, Tamboré, CEP nº 06-460-020, Baureri/SP","ROWS:p3r12,p3r28|UNRECONCILED_SOURCE|VALUE_COL:Valor_Do_Créidto",2026-09-03T23:36:48Z,build
10835932,0000721-61.2024.8.17.2620,628007.87,10835932000108,1,GRUPO DIVINA INDUSTRIA DE COURO LTDA – LRF Líderes em Recuperação Judicial e Falência,,,1,FLOOR,38f0c15b8a2d8dc124ae88df3b8958088a54cfcc,NEOENERGIA,PARTIAL_DOC_CLASS_III_RECONCILED|ROWS:p2r63,2026-09-03T23:36:48Z,build
60701190,0001943-40.2024.8.16.0115,623697.48,60701190000104,1,- D & D LOGÍSTICA E TRANSPORTE Comercia,,,1,FLOOR,dfc3207dcd0fa485a74eefea8e9db729618a8aea,Itaú Unibanco S.A.,LIKELY_FINANCIAL_BY_NAME|PARTIAL_DOC_CLASS_III_RECONCILED|ROWS:p5r6,2026-09-03T23:36:48Z,build
60701190,5011460-87.2023.8.24.0020,623067.28,60701190000104,1,TOP TEXTIL EMBALAGENS LTDA,,,1,FLOOR,741aed48dd004485cbfaf3bc50def81229cab4e3,PC ALFREDO EGYDIO DE SOUZA ARANHA 100,ROWS:p2r14|UNRECONCILED_SOURCE,2026-09-03T23:36:47Z,build
58017179,5341375-33.2026.8.09.0049,622937.34,58017179000170,1,"Grupo 3E, em consolidação substancia",,,1,FLOOR,8e8832093a15aa7f9dc936a37e882fe66a1fe43d,Banco Volvo (Brasil) S.A.,LIKELY_FINANCIAL_BY_NAME|ROWS:p10r41|UNRECONCILED_SOURCE,2026-09-03T23:36:48Z,build
06089521,0022845-08.2013.8.24.0008,622086.40,06089521000143,1,BLUTRAFOS BLUMENAU TRANSFORMADORES LTDA – Sgrott Administradora Judicial e Consultoria Empresarial,,,1,FLOOR,22ac347cfe4f3e48e90db5c47651fa72cb987cca,LINK COMERCIAL IMPORTADORA E ESPORTADORA LTDA,ROWS:p4r4,2026-09-03T23:36:48Z,build
17186172,0000472-94.2012.5.06.0193,620879.43,17186172000102,1,SCZ Scalzilli Administração Judicial,,,1,FLOOR,24ed98480a572989bb0ce06fbd92e30151b7c249,"Rua Salgado Filho, s/n, Aeroporto de Uberlândia",ROWS:p62r1|VALUE_COL:Valor_Atualizado,2026-09-03T23:36:47Z,build
04273385,0002484-82.2022.8.17.2001,619038.56,04273385000464,2,e Falência,,,1,FLOOR,f3b6182e3aa2715450af4d59223acc49f7047632,CONFECCOES ALTA MODA LTDA,"PARTIAL_DOC_CLASS_III_RECONCILED|ROWS:p7r86,p9r64",2026-09-03T23:36:48Z,build
07911181,5012306-16.2022.8.21.0023,617079.91,07911181000157,1,SCZ Scalzilli Administração Judicial,,,1,FLOOR,ebfb999b457caf45140ea7446a22cd3751154eaf,TOTALCLEAN - COMERCIO DE PRODUTOS DE HIGIENE E LIMPEZA LTDA (,ROWS:p30r21|UNRECONCILED_SOURCE,2026-09-03T23:36:47Z,build
04250224,5341375-33.2026.8.09.0049,617038.73,04250224000102,1,"Grupo 3E, em consolidação substancia",,,1,FLOOR,8e8832093a15aa7f9dc936a37e882fe66a1fe43d,Maggi Administradora De Consorcios Ltda,ROWS:p15r42|UNRECONCILED_SOURCE,2026-09-03T23:36:48Z,build
03882840,5012306-16.2022.8.21.0023,616054.50,03882840000113,1,SCZ Scalzilli Administração Judicial,,,1,FLOOR,ebfb999b457caf45140ea7446a22cd3751154eaf,RBG PRODUTOS THERAPEUTICOS S/A (,ROWS:p29r30|UNRECONCILED_SOURCE,2026-09-03T23:36:47Z,build
01466091,0001943-40.2024.8.16.0115,614493.12,01466091000460,1,- D & D LOGÍSTICA E TRANSPORTE Comercia,,,1,FLOOR,dfc3207dcd0fa485a74eefea8e9db729618a8aea,Ciapreto Distribuidora De Combustiveis LTDA,PARTIAL_DOC_CLASS_III_RECONCILED|ROWS:p4r12,2026-09-03T23:36:48Z,build
04253854,4000167-23.2025.8.26.0373,614157.33,04253854000130,1,Cerealista Sa,,,1,FLOOR,18975be46188194b42b5cec2007635d33a16225c,ROSINA ALIMENTOS LTDA,ROWS:p8r37|UNRECONCILED_SOURCE,2026-09-03T23:36:48Z,build
00360305,0301015-33.2016.8.24.0031,612992.66,00360305000104,1,DICARLO MÓVEIS E ACESSÓRIOS PARA CASA E LOJAS LTDA – Sgrott Administradora Judicial e Consultoria Empresarial,,,1,FLOOR,98f99945499b4824d14d0e34451a96945464b6ec,"CAIXA ECONOMICA FEDERAL, CNPJ",LIKELY_FINANCIAL_BY_NAME|ROWS:p2r19|UNRECONCILED_SOURCE,2026-09-03T23:36:47Z,build
38733545,0804204-35.2022.8.15.0731,611207.10,38733545000180,1,SECULAR COMERCIO CONSTRUÇÃO E REPRESENTAÇÃO LTDA,,,1,FLOOR,1355f93a13cd2722ee99a9ba39c71d079fe85ce0,SOTIN SOLUÇÕES TECNICAS IND E COMERCIO LTDA,ROWS:p2r9,2026-09-03T23:36:47Z,build
11065453,8005129-09.2023.8.05.0039,611009.25,11065453000201,2,e na falência,,,1,FLOOR,a0ae32a59c2928e385c610811f80949f98723486,COBREMACK INDUSTRIA DE CONDUTORES ELETRI,"ROWS:p6r8,p17r10|UNRECONCILED_SOURCE|VALUE_COL:Valor_Do_Crédito_2º_Edital_De_Credores",2026-09-03T23:36:47Z,build
47365763,5057720-48.2025.8.24.0023,610696.38,47365763000108,1,Grupo Rech | Administração Judicial - Credibilità,,,1,FLOOR,cf92cff797d25108be0439a46ee6864d615a1be4,NÃO,ROWS:p2r1|UNRECONCILED_SOURCE|VALUE_COL:Valor_Após_Analise,2026-09-03T23:36:48Z,build
33337122,0001943-40.2024.8.16.0115,608385.40,33337122019227,1,- D & D LOGÍSTICA E TRANSPORTE Comercia,,,1,FLOOR,dfc3207dcd0fa485a74eefea8e9db729618a8aea,Ipiranga Produtos De Petroleo S.A.,PARTIAL_DOC_CLASS_III_RECONCILED|ROWS:p5r5,2026-09-03T23:36:48Z,build
00000000,5009529-81.2025.8.24.0019,607709.97,00000000000191,1,SCZ Scalzilli Administração Judicial,,,1,FLOOR,2e46411688575df1120bdb73499fa0a31b4d1af8,BANCO DO BRASIL S/A,"LIKELY_FINANCIAL_BY_NAME|ROWS:p1r40|UNRECONCILED_SOURCE|VALUE_COL:Valor_(Art._7º,_§2º)",2026-09-03T23:36:48Z,build
12813212,0003971-03.2023.8.16.0119,606780.00,12813212000177,1,Marques Administrações Judiciais,,,1,FLOOR,1209dafe77b7708945a17e0f6d11db9b41daea47,Rnx Fundo De Investimento Em Direitos Creditorios Multissetorial,LIKELY_FINANCIAL_BY_NAME|PARTIAL_DOC_CLASS_III_RECONCILED|ROWS:p12r15,2026-09-03T23:36:48Z,build
05399862,0700256-03.2019.8.02.0066,605635.32,05399862000152,1,Grupo Arnon de Mello — Lindoso e Araujo,,,1,FLOOR,60fd9c017d90deffa5bd422d7dce534a8fd355a3,ATIVA EMPREENDIMENTOS LTDA,ROWS:p7r17|UNRECONCILED_SOURCE,2026-09-03T23:36:47Z,build
58616418,0003232-89.2024.8.16.0185,604310.64,58616418000108,1,VISÃO ASSESSORIA CONTÁBIL SC LTDA – Falência – Brazilio Bacellar Shirai Advogados,,,1,FLOOR,32987552198c36f8d6599fee561df2f9bb8481f2,"BANCO FIBRA SA A Administradora Judicial, Brazilio",LIKELY_FINANCIAL_BY_NAME|ROWS:p2r3|UNRECONCILED_SOURCE,2026-09-03T23:36:48Z,build
07599206,5401053-70.2026.8.09.0051,599165.83,07599206000129,2,em falência,,,1,FLOOR,5cac6a8cb93963b12e48ed925b73e042ea034887,BANCO SICOOB,"LIKELY_FINANCIAL_BY_NAME|ROWS:p5r21,p5r29|UNRECONCILED_SOURCE|VALUE_COL:Valor",2026-09-03T23:36:48Z,build
04954155,5009529-81.2025.8.24.0019,596077.15,04954155000118,1,SCZ Scalzilli Administração Judicial,,,1,FLOOR,2e46411688575df1120bdb73499fa0a31b4d1af8,ALUMINIO SAO JOSE LTDA,"ROWS:p1r17|UNRECONCILED_SOURCE|VALUE_COL:Valor_(Art._7º,_§2º)",2026-09-03T23:36:48Z,build
44412435,0022845-08.2013.8.24.0008,588544.67,44412435000461,1,BLUTRAFOS BLUMENAU TRANSFORMADORES LTDA – Sgrott Administradora Judicial e Consultoria Empresarial,,,1,FLOOR,22ac347cfe4f3e48e90db5c47651fa72cb987cca,TESSIN IND. E COMERCIO LTDA,ROWS:p6r3,2026-09-03T23:36:48Z,build
08582585,5011460-87.2023.8.24.0020,587814.25,08582585000107,1,TOP TEXTIL EMBALAGENS LTDA,,,1,FLOOR,741aed48dd004485cbfaf3bc50def81229cab4e3,SUPRA EMBALAGENS LTDA,ROWS:p3r22|UNRECONCILED_SOURCE,2026-09-03T23:36:47Z,build
60701190,0302174-63.2015.8.24.0025,585201.40,60701190000104,1,CONFECÇÕES ANDRIMALHAS LTDA – Sgrott Administradora Judicial e Consultoria Empresarial,,,1,FLOOR,d403116b357dac27429fe9e2a0634e3c573603e7,"PRAÇA ALFREDO EGYDIO DE SOUZA ARANHA, Nº 100 - PARQUE JABAQUARA - SÃO PAULO - SP",PARTIAL_DOC_CLASS_III_RECONCILED|ROWS:p1r36|VALUE_COL:Valores,2026-09-03T23:36:48Z,build
53113791,0873061-47.2023.8.19.0001,584334.68,53113791000122,1,Real Distribuidora – Processo nº 0873061-47.2023.8.19.0001 – e-mail: admjudunica@inova-aj.com.br – INOVA,,,1,FLOOR,8eb5d0d64353bf5fcd1122d1a511b7ca9884e3bd,"Av. Rio Branco, 45, Sala 905, lado impar, Centro - CEP 20090003","ALT_VALUE:R$424.874,45|ROWS:p2r11",2026-09-03T23:36:48Z,build
59588111,0022845-08.2013.8.24.0008,582719.90,59588111000103,1,BLUTRAFOS BLUMENAU TRANSFORMADORES LTDA – Sgrott Administradora Judicial e Consultoria Empresarial,,,1,FLOOR,22ac347cfe4f3e48e90db5c47651fa72cb987cca,BANCO VOTORANTIM SA,LIKELY_FINANCIAL_BY_NAME|ROWS:p1r36,2026-09-03T23:36:48Z,build
35473014,5057720-48.2025.8.24.0023,581750.48,35473014000107,1,Grupo Rech | Administração Judicial - Credibilità,,,1,FLOOR,cf92cff797d25108be0439a46ee6864d615a1be4,NÃO,ROWS:p2r20|UNRECONCILED_SOURCE|VALUE_COL:Valor_Após_Analise,2026-09-03T23:36:48Z,build
07120505,5009529-81.2025.8.24.0019,580000.00,07120505000139,1,SCZ Scalzilli Administração Judicial,,,1,FLOOR,2e46411688575df1120bdb73499fa0a31b4d1af8,VÉRTICE INCOPORADORA E CONSTRUTORA,ROWS:p2r43|UNRECONCILED_SOURCE,2026-09-03T23:36:48Z,build
60746948,0302174-63.2015.8.24.0025,571229.34,60746948000112,1,CONFECÇÕES ANDRIMALHAS LTDA – Sgrott Administradora Judicial e Consultoria Empresarial,,,1,FLOOR,d403116b357dac27429fe9e2a0634e3c573603e7,"CIDADE DE DEUS, S/Nº, BAIRRO VILA YARA, OSASCO - SP",PARTIAL_DOC_CLASS_III_RECONCILED|ROWS:p1r35|VALUE_COL:Valores,2026-09-03T23:36:48Z,build
05216859,,569654.02,05216859000156,1,,,,1,FLOOR,6a92d74da333ce21f5461767626e7ff05b8f474a,BIOBASE INDUSTRIA E COMERCIO LTDA,CASE_NUMBER_MISSING|ROWS:p3r7,2026-09-03T23:36:47Z,build
01701201,0301015-33.2016.8.24.0031,568877.29,01701201000189,1,DICARLO MÓVEIS E ACESSÓRIOS PARA CASA E LOJAS LTDA – Sgrott Administradora Judicial e Consultoria Empresarial,,,1,FLOOR,98f99945499b4824d14d0e34451a96945464b6ec,"HSBC BANK BRASIL S.A, CNPJ",ROWS:p2r77|UNRECONCILED_SOURCE,2026-09-03T23:36:47Z,build
84229889,0002484-82.2022.8.17.2001,567952.01,84229889000173,3,e Falência,,,1,FLOOR,f3b6182e3aa2715450af4d59223acc49f7047632,BRANDILI TEXTIL LTDA,"PARTIAL_DOC_CLASS_III_RECONCILED|ROWS:p4r58,p7r81,p9r60",2026-09-03T23:36:48Z,build
60701190,0005010-98.2023.8.16.0001,566658.33,60701190000104,1,Marques Administrações Judiciais,,,1,FLOOR,b465a5d11eec7a46656b594fa59c62d80724e0a1,Itau Unibanco S.A.,LIKELY_FINANCIAL_BY_NAME|PARTIAL_DOC_CLASS_III_RECONCILED|ROWS:p27r3,2026-09-03T23:36:48Z,build
05134355,0000472-94.2012.5.06.0193,565326.29,05134355000197,1,SCZ Scalzilli Administração Judicial,,,1,FLOOR,24ed98480a572989bb0ce06fbd92e30151b7c249,"AV. HERMÍNIO CRISTÓVÃO, Nº 110, III BAIRRO INDUSTRIAL",ROWS:p72r16|VALUE_COL:Valor_Atualizado,2026-09-03T23:36:47Z,build
07954091,5341375-33.2026.8.09.0049,564684.01,07954091000496|07954091001115,2,"Grupo 3E, em consolidação substancia",,,1,FLOOR,8e8832093a15aa7f9dc936a37e882fe66a1fe43d,Msd Saude Animal Ltda,"ROWS:p16r8,p16r9|UNRECONCILED_SOURCE",2026-09-03T23:36:48Z,build
90400888,0804204-35.2022.8.15.0731,561196.46,90400888000142,1,SECULAR COMERCIO CONSTRUÇÃO E REPRESENTAÇÃO LTDA,,,1,FLOOR,1355f93a13cd2722ee99a9ba39c71d079fe85ce0,BANCO SANTANDER,LIKELY_FINANCIAL_BY_NAME|ROWS:p1r5,2026-09-03T23:36:47Z,build
27749786,5014104-85.2021.8.21.0010,558919.72,27749786000109,1,SCZ Scalzilli Administração Judicial,,,1,FLOOR,84c586360a663c7c23a7d5176358d616fe6a93e7,MILANO SECURITIZADORA S.A. (,LIKELY_FINANCIAL_BY_NAME|ROWS:p8r23|UNRECONCILED_SOURCE,2026-09-03T23:36:47Z,build
12272084,0700256-03.2019.8.02.0066,558539.73,12272084000100,1,Grupo Arnon de Mello — Lindoso e Araujo,,,1,FLOOR,60fd9c017d90deffa5bd422d7dce534a8fd355a3,COMPANHIA ENERGETICA DE ALAGOAS (EQUATORIAL),ROWS:p7r46|UNRECONCILED_SOURCE,2026-09-03T23:36:47Z,build
83011460,0005010-50.2013.8.24.0026,555381.14,83011460000142,1,MANNES LTDA E BM EMPREENDIMENTOS E PARTICIPAÇÕES – Sgrott Administradora Judicial e Consultoria Empresarial,,,1,FLOOR,ea17ba43b2611e60da78d77cd10f534a8d7ffa56,SUL BRASIL IND E COM DE ACESS PLAST LTDA,ROWS:p18r46|UNRECONCILED_SOURCE,2026-09-03T23:36:48Z,build
42898825,0822279-56.2026.8.15.2001,553541.83,42898825000115,1,DIAGSON DIAGNOSTICO EM ULTRA SONOGRAFIA MED FETAL LTDA – EPP – LRF Líderes em Recuperação Judicial e Falência,,,1,FLOOR,088be5223af3f8c9fa20abea588d45b3da85a782,SICOOB CREDICOM - COOP. ECONOMIA E CRED MÚTUO MÉDICOS E PROF DA SAÚDE DO BR LTDA,LIKELY_FINANCIAL_BY_NAME|PARTIAL_DOC_CLASS_III_RECONCILED|ROWS:p2r80,2026-09-03T23:36:48Z,build
08928243,0022845-08.2013.8.24.0008,550679.88,08928243000104,1,BLUTRAFOS BLUMENAU TRANSFORMADORES LTDA – Sgrott Administradora Judicial e Consultoria Empresarial,,,1,FLOOR,22ac347cfe4f3e48e90db5c47651fa72cb987cca,TAIPA SECURIZADORA,ROWS:p5r56,2026-09-03T23:36:48Z,build
90316407,5057720-48.2025.8.24.0023,549424.82,90316407000204,1,Grupo Rech | Administração Judicial - Credibilità,,,1,FLOOR,cf92cff797d25108be0439a46ee6864d615a1be4,PENDENTE DE REGULARIZAÇÃO,ROWS:p2r14|UNRECONCILED_SOURCE|VALUE_COL:Valor_Após_Analise,2026-09-03T23:36:48Z,build
32274874,8005129-09.2023.8.05.0039,547127.35,32274874000123,2,e na falência,,,1,FLOOR,a0ae32a59c2928e385c610811f80949f98723486,CREDIT PARTNERS FUNDO DE INVESTIMENTO EM DIREITOS CREDITÓRIOS NÃO PADRONIZADOS,"LIKELY_FINANCIAL_BY_NAME|ROWS:p6r11,p17r11|UNRECONCILED_SOURCE|VALUE_COL:Valor_Do_Crédito_2º_Edital_De_Credores",2026-09-03T23:36:47Z,build
08953848,0002484-82.2022.8.17.2001,545994.16,08953848000147,3,e Falência,,,1,FLOOR,f3b6182e3aa2715450af4d59223acc49f7047632,CONFECCOES TENDENZA LTDA,"PARTIAL_DOC_CLASS_III_RECONCILED|ROWS:p4r65,p7r88,p9r66",2026-09-03T23:36:48Z,build
33157312,3000117-40.2025.8.06.0512,545456.10,33157312000162,1,PÃ¡gina inicial,,,1,FLOOR,73b45cbf1779afc0265bba96895afb5cec00f12c,IFOOD BENEFICIOS E SERVIÇOS LTDA,ROWS:p16r9,2026-09-03T23:36:48Z,build
14064928,0022845-08.2013.8.24.0008,542733.59,14064928000144,1,BLUTRAFOS BLUMENAU TRANSFORMADORES LTDA – Sgrott Administradora Judicial e Consultoria Empresarial,,,1,FLOOR,22ac347cfe4f3e48e90db5c47651fa72cb987cca,CONSORCIO BLUMENAU NORTE SHOPPING,LIKELY_FINANCIAL_BY_NAME|ROWS:p2r13,2026-09-03T23:36:48Z,build
12927088,0002484-82.2022.8.17.2001,541970.00,12927088000170,1,e Falência,,,1,FLOOR,f3b6182e3aa2715450af4d59223acc49f7047632,"CIA DO JEANS INDUSTRIA, COMERCIO E IMPORTACAO LTDA",PARTIAL_DOC_CLASS_III_RECONCILED|ROWS:p4r63,2026-09-03T23:36:48Z,build
00749526,5341375-33.2026.8.09.0049,540317.62,00749526000179,1,"Grupo 3E, em consolidação substancia",,,1,FLOOR,8e8832093a15aa7f9dc936a37e882fe66a1fe43d,Superfine Steel,ROWS:p18r17|UNRECONCILED_SOURCE,2026-09-03T23:36:48Z,build
07746756,5057720-48.2025.8.24.0023,540028.76,07746756000123,1,Grupo Rech | Administração Judicial - Credibilità,,,1,FLOOR,cf92cff797d25108be0439a46ee6864d615a1be4,SIM,ROWS:p2r8|UNRECONCILED_SOURCE|VALUE_COL:Valor_Após_Analise,2026-09-03T23:36:48Z,build
07851247,0003971-03.2023.8.16.0119,535652.00,07851247000160|07851247000675,2,Marques Administrações Judiciais,,,1,FLOOR,1209dafe77b7708945a17e0f6d11db9b41daea47,Agroindustrial Irmaos Dalla Costa Ltda,"PARTIAL_DOC_CLASS_III_RECONCILED|ROWS:p9r4,p9r5",2026-09-03T23:36:48Z,build
07426908,4000167-23.2025.8.26.0373,533171.81,07426908000453,1,Cerealista Sa,,,1,FLOOR,18975be46188194b42b5cec2007635d33a16225c,TRUST IMPORTAÇÃO E EXPORTAÇÃO LTDA,ROWS:p8r36|UNRECONCILED_SOURCE,2026-09-03T23:36:48Z,build
01791741,0000472-94.2012.5.06.0193,531958.59,01791741000109,1,SCZ Scalzilli Administração Judicial,,,1,FLOOR,24ed98480a572989bb0ce06fbd92e30151b7c249,"Av. Parque Sul, 1998, Dist. Industrial, Maracanaú/CE",ROWS:p62r11|VALUE_COL:Valor_Atualizado,2026-09-03T23:36:47Z,build
07358761,0802426-35.2019.8.10.0000,530847.44,07358761005128,1,Roque Materiais para Construção - Real Brasil Consultoria,,,1,FLOOR,d85bdfbfbdc814ff10df1dbd8c2e47f1e34386aa,"AV.GETULIO VARGAS, 3666, DIST INDL CURADO - 50950-000, RECIFE - PE",ROWS:p2r6|VALUE_COL:Saldo_Total,2026-09-03T23:36:48Z,build
20247322,0007565-40.2020.8.17.2370,529483.15,20247322000570,1,e Falência,,,1,FLOOR,849d4fe5adce792f073eb0cbe52a2f1d8075a473,20.247.322/0005-70,ROWS:p15r5,2026-09-03T23:36:48Z,build
01802541,0007565-40.2020.8.17.2370,527489.50,01802541000104,1,e Falência,,,1,FLOOR,849d4fe5adce792f073eb0cbe52a2f1d8075a473,01.802.541/0001-04,ROWS:p17r5,2026-09-03T23:36:48Z,build
12144737,0022845-08.2013.8.24.0008,526332.66,12144737000167,1,BLUTRAFOS BLUMENAU TRANSFORMADORES LTDA – Sgrott Administradora Judicial e Consultoria Empresarial,,,1,FLOOR,22ac347cfe4f3e48e90db5c47651fa72cb987cca,CREDIT BRASIL FOMRNTO MERCANTIL SA,ROWS:p2r20,2026-09-03T23:36:48Z,build
10962529,0804401-51.2025.8.14.0039,526042.93,10962529000140,1,SOJAL COMERCIA,,,1,FLOOR,c56751547323616443dc07ccc6d6c553539dec25,CALMAP INDUSTRIA DE CALCARIO LTDA,ROWS:p1r8,2026-09-03T23:36:47Z,build
47509120,0000472-94.2012.5.06.0193,525845.56,47509120000182,1,SCZ Scalzilli Administração Judicial,,,1,FLOOR,24ed98480a572989bb0ce06fbd92e30151b7c249,"Av. Alphaville,1500 - piso 2, Alphaville, Barueri/SP - CEP: 06.472-010",ROWS:p63r11|VALUE_COL:Valor_Atualizado,2026-09-03T23:36:47Z,build
11225183,5341375-33.2026.8.09.0049,525000.00,11225183000160,1,"Grupo 3E, em consolidação substancia",,,1,FLOOR,8e8832093a15aa7f9dc936a37e882fe66a1fe43d,Gsv Montagens Industriais Ltda Me,ROWS:p14r22|UNRECONCILED_SOURCE,2026-09-03T23:36:48Z,build
10917212,5009149-92.2024.8.24.0019,525000.00,10917212000191,1,e de Falência,,,1,FLOOR,a62ac8ee04589de01e4daef8a199cd9a9df4a91e,2.13CEREAIS FORMIGUENSE LTDA,ROWS:p1r19|UNRECONCILED_SOURCE,2026-09-03T23:36:48Z,build
60701190,1018313-46.2024.8.26.0100,523997.83,60701190000104,3,JA SANTOS IMPORTAÇÃO E EXPORTAÇÃO DE FERRAMENTAS LTDA. (CONCEPT FERRAMENTAS) - Vivante Gestão e Administração Judicial,,,1,FLOOR,033d29144f63ddddfb2c802c22d6db8f5f1079d8,Praça Alfredo Egidio Aranha s/n São Paulo-SP CEP 04344-902,"ROWS:p1r7,p1r8,p1r9|VALUE_COL:Valor",2026-09-03T23:36:48Z,build
39769038,5014104-85.2021.8.21.0010,521700.43,39769038000169,1,SCZ Scalzilli Administração Judicial,,,1,FLOOR,84c586360a663c7c23a7d5176358d616fe6a93e7,PHD FUNDO DE INVESTIMENTO EM DIREITOS CREDITÓRIOS (,LIKELY_FINANCIAL_BY_NAME|ROWS:p9r4|UNRECONCILED_SOURCE,2026-09-03T23:36:47Z,build
33337122,0000472-94.2012.5.06.0193,521273.61,33337122000127,3,SCZ Scalzilli Administração Judicial,,,1,FLOOR,24ed98480a572989bb0ce06fbd92e30151b7c249,"Rua Francisco Eugênio, 329, bairro São Cristovão, Rio de Janeiro/RJ","ROWS:p68r8,p68r9,p68r10|VALUE_COL:Valor_Atualizado",2026-09-03T23:36:47Z,build
51145521,4054599-35.2025.8.26.0100,518978.46,51145521000178,1,Ativos,,,1,FLOOR,2fe04bf4466d0420480f240ab82ca5b210606a24,RUA CAPITÃO CAVALCANTI 156 VILA MARIANA 4017000,ROWS:p3r51|UNRECONCILED_SOURCE,2026-09-03T23:36:48Z,build
29067113,4054599-35.2025.8.26.0100,518509.30,29067113005236|29067113014227|29067113016009|29067113041895,4,Ativos,,,1,FLOOR,2fe04bf4466d0420480f240ab82ca5b210606a24,RUA ÁFRICA 284 DISTRITO INDUSTRIAL II LUIZ TRECENTI 18685740,"ROWS:p4r6,p4r7,p4r8,p4r9|UNRECONCILED_SOURCE",2026-09-03T23:36:48Z,build
39362161,5057720-48.2025.8.24.0023,513802.19,39362161000160,1,Grupo Rech | Administração Judicial - Credibilità,,,1,FLOOR,cf92cff797d25108be0439a46ee6864d615a1be4,NÃO,ROWS:p1r21|UNRECONCILED_SOURCE|VALUE_COL:Valor_Após_Analise,2026-09-03T23:36:48Z,build
03070981,0016033-22.2025.8.16.0017,511325.79,03070981000131,1,KADIMA EMPREENDIMENTOS subscrevi e assinei. E PARTICIPAÇÕES S.A,,,1,FLOOR,fcb10a251582ff4fff1b8864bf38719cc11c0e03,Condomínio do Aspen Park Shopping Center II,ROWS:p4r6,2026-09-03T23:36:48Z,build
04712017,5011369-81.2026.8.09.0093,509576.07,04712017000122,1,SCZ Scalzilli Administração Judicial,,,1,FLOOR,c536a2fa4da39efaa9c4b859cacb48e293873548,"Rod. BR-060, Km 422, s/n, Sala 01 – Dir 18 Km, Zona Rural, CEP 75.901-970, em Rio Verde - GO.",ROWS:p4r6|UNRECONCILED_SOURCE,2026-09-03T23:36:47Z,build
83610790,5057720-48.2025.8.24.0023,508918.34,83610790000154,1,Grupo Rech | Administração Judicial - Credibilità,,,1,FLOOR,cf92cff797d25108be0439a46ee6864d615a1be4,SIM,ROWS:p2r4|UNRECONCILED_SOURCE|VALUE_COL:Valor_Após_Analise,2026-09-03T23:36:48Z,build
46799305,0000721-61.2024.8.17.2620,505186.14,46799305000106,1,GRUPO DIVINA INDUSTRIA DE COURO LTDA – LRF Líderes em Recuperação Judicial e Falência,,,1,FLOOR,38f0c15b8a2d8dc124ae88df3b8958088a54cfcc,INTER SIMPLES FUNDO DE INVESTIMENTO EM DIREITOS CREDITO,LIKELY_FINANCIAL_BY_NAME|PARTIAL_DOC_CLASS_III_RECONCILED|ROWS:p2r52,2026-09-03T23:36:48Z,build
10409614,0028131-73.2024.8.16.0017,505000.00,10409614000185,1,SCZ Scalzilli Administração Judicial,,,1,FLOOR,70eb7014739f42d09f9b61cd132e98426b0e40f0,ALTA AMERICA LATINA (,ROWS:p1r16|UNRECONCILED_SOURCE,2026-09-03T23:36:47Z,build
01358125,0002484-82.2022.8.17.2001,504580.74,01358125000150,3,e Falência,,,1,FLOOR,f3b6182e3aa2715450af4d59223acc49f7047632,WORLD BLUE INDUSTRIA E COMERCIO DE CONFECCOES LTDA,"PARTIAL_DOC_CLASS_III_RECONCILED|ROWS:p4r97,p7r129,p9r95",2026-09-03T23:36:48Z,build
45990181,0010193-34.2013.8.19.0028,503949.11,45990181000189,1,SERMAP Comércio e Serviços LTDA - Real Brasil Consultoria,,,1,FLOOR,c1999368afebc37e51b5f1a193d988840adeffdf,"Vialnhaquera, Km 98. Bairro Boa Vista, Campinas, SP CEP:13065-900",ROWS:p9r15|UNRECONCILED_SOURCE,2026-09-03T23:36:48Z,build
60701190,0802426-35.2019.8.10.0000,503296.89,60701190139870,1,Roque Materiais para Construção - Real Brasil Consultoria,,,1,FLOOR,d85bdfbfbdc814ff10df1dbd8c2e47f1e34386aa,"AV. GUAJAJARAS, 200, TIRIRICAL -65055-285 - SAO LUIS - MA",ROWS:p2r7|VALUE_COL:Saldo_Total,2026-09-03T23:36:48Z,build
29067113,0074500-63.2024.8.17.2001,502157.63,29067113000196|29067113000609,2,GRUPO IMOBI – LRF Líderes em Recuperação Judicial e Falência,,,1,FLOOR,795d57c3b1a6263f35fd080afd0a6ea1ad727ea3,POLIMIX CONCRETO LTDA,"ROWS:p6r17,p6r18",2026-09-03T23:36:48Z,build
03178007,0002484-82.2022.8.17.2001,502047.00,03178007000196,1,e Falência,,,1,FLOOR,f3b6182e3aa2715450af4d59223acc49f7047632,JULE INDUSTRIA TEXTIL LTDA,PARTIAL_DOC_CLASS_III_RECONCILED|ROWS:p4r82,2026-09-03T23:36:48Z,build
02501297,0005010-98.2023.8.16.0001,501630.38,02501297000528,1,Marques Administrações Judiciais,,,1,FLOOR,b465a5d11eec7a46656b594fa59c62d80724e0a1,Pharlab Industria Farmaceutica S.A.,PARTIAL_DOC_CLASS_III_RECONCILED|ROWS:p30r4,2026-09-03T23:36:48Z,build
12554601,0002484-82.2022.8.17.2001,500703.44,12554601000125,2,e Falência,,,1,FLOOR,f3b6182e3aa2715450af4d59223acc49f7047632,"ANJUU IMPORTACAO, EXPORTACAO E COMERCIO DE CONFECCOES LTDA","PARTIAL_DOC_CLASS_III_RECONCILED|ROWS:p7r74,p9r57",2026-09-03T23:36:48Z,build
13241077,0000472-94.2012.5.06.0193,500000.00,13241077000103,1,SCZ Scalzilli Administração Judicial,,,1,FLOOR,24ed98480a572989bb0ce06fbd92e30151b7c249,"Endereço físico da parte credora: R. Anapurus - Jardim Renascença, São Luís - MA, 65075-670",ROWS:p65r1|VALUE_COL:Valor_Atualizado,2026-09-03T23:36:47Z,build
21081976,4054599-35.2025.8.26.0100,499970.87,21081976000106,1,Ativos,,,1,FLOOR,2fe04bf4466d0420480f240ab82ca5b210606a24,AV REBOUCAS 2.942 CEP: 05.402-500,ROWS:p4r56|UNRECONCILED_SOURCE,2026-09-03T23:36:48Z,build
00360305,0700087-51.2020.8.02.0043,499697.60,00360305005505,1,AUTO POSTO FREITAS & MAIA LTDA,,,1,FLOOR,9b292ab966194c5af1755a944c5a9972e0eb16bb,CAIXA ECONÔMICA FEDERAL S/A,LIKELY_FINANCIAL_BY_NAME|ROWS:p4r4|VALUE_COL:Valor_Do_Crédito,2026-09-03T23:36:47Z,build
10431349,5341375-33.2026.8.09.0049,499600.00,10431349000131,1,"Grupo 3E, em consolidação substancia",,,1,FLOOR,8e8832093a15aa7f9dc936a37e882fe66a1fe43d,Gbf Negócios Imobiliarios Ltda,ROWS:p14r1|UNRECONCILED_SOURCE,2026-09-03T23:36:48Z,build
61196119,1001174-80.2024.8.26.0359,498422.00,61196119000176,1,Ativos,,,1,FLOOR,442539f948e05d3b98924984d4ac62e721a54540,"Avenida Tranquillo Giannini, nº 700, Distrito Industrial, CEP nº 13.329-900, Salto/SP",ROWS:p3r18|UNRECONCILED_SOURCE|VALUE_COL:Valor_Do_Créidto,2026-09-03T23:36:48Z,build
00327501,0003971-03.2023.8.16.0119,498000.00,00327501000187,1,Marques Administrações Judiciais,,,1,FLOOR,1209dafe77b7708945a17e0f6d11db9b41daea47,"Guaianas - Transportes, Mineracao, Tratamento E Refino De Oleo Ltda",PARTIAL_DOC_CLASS_III_RECONCILED|ROWS:p11r15,2026-09-03T23:36:48Z,build
07671092,0302174-63.2015.8.24.0025,497707.51,07671092001586,1,CONFECÇÕES ANDRIMALHAS LTDA – Sgrott Administradora Judicial e Consultoria Empresarial,,,1,FLOOR,d403116b357dac27429fe9e2a0634e3c573603e7,"ROD BR 163 KM 109, S/N - ZONA RURAL - RONDONOPOLIS - MT",PARTIAL_DOC_CLASS_III_RECONCILED|ROWS:p2r40,2026-09-03T23:36:48Z,build
00466591,0000206-69.2013.8.17.1340,497078.85,00466591000197,1,AGROPECUÁRIA SERROTE REDONDO – LRF Líderes em Recuperação Judicial e Falência,,,1,FLOOR,7c0ce2830d0d7e22653dbd04dbb70cd8440069c6,COBB - VANTRESS BRASIL LTDA,"ALT_VALUE:497.078,85|ROWS:p1r23|VALUE_COL:Valor_Atualizado",2026-09-03T23:36:47Z,build
90400888,5003439-20.2020.8.24.0282,496312.38,90400888000142,2,ALBERTINA MARTINS PEREIRA FRECCIA / ROBERTO BRUNATO FRECCIA – EPP / SOFIA FRECCIA CONFECÇÕES LTDA – Sgrott Administradora Judicial e Consultoria Empresarial,,,1,FLOOR,102b04dc13b84d35a3ab4ffd3c50dede27cc5d6f,"Avenida Presidente Juscelino Kubitschek, n. 2041 e 2235, São Paulo/SP","ROWS:p3r11,p3r12|UNRECONCILED_SOURCE",2026-09-03T23:36:48Z,build
47747969,0007565-40.2020.8.17.2370,491209.57,47747969000356,1,e Falência,,,1,FLOOR,849d4fe5adce792f073eb0cbe52a2f1d8075a473,47.747.969/0003-56,ROWS:p15r35,2026-09-03T23:36:48Z,build
08439087,0007565-40.2020.8.17.2370,489038.37,08439087000371,1,e Falência,,,1,FLOOR,849d4fe5adce792f073eb0cbe52a2f1d8075a473,08.439.087/0003-71,ROWS:p15r25,2026-09-03T23:36:48Z,build
26401815,5011369-81.2026.8.09.0093,488225.00,26401815000508,1,SCZ Scalzilli Administração Judicial,,,1,FLOOR,c536a2fa4da39efaa9c4b859cacb48e293873548,"Av. VR, s/n, Quadra Área, Lote 005B, Jardim Paraíso Acréscimo, CEP 74.984- 321, em Aparecida de Goiânia - GO.",ROWS:p4r7|UNRECONCILED_SOURCE,2026-09-03T23:36:47Z,build
09576849,5264228-81.2025.8.09.0172,487838.68,09576849000182,1,CINCOS CONSULTORIA ORGANIZACIONAL LTDA,,,1,FLOOR,301e3cf58b98f2b74920b96d29220c90ddc094e5,09.576.849/0001-82,ROWS:p2r1|UNRECONCILED_SOURCE|VALUE_COL:Valor_Do_Crédito,2026-09-03T23:36:48Z,build
00974731,0003971-03.2023.8.16.0119,484066.19,00974731000642,1,Marques Administrações Judiciais,,,1,FLOOR,1209dafe77b7708945a17e0f6d11db9b41daea47,Frangos Pioneiro Industria E Comercio De Alimentos Ltda,PARTIAL_DOC_CLASS_III_RECONCILED|ROWS:p11r6,2026-09-03T23:36:48Z,build
02565876,0000472-94.2012.5.06.0193,483478.41,02565876000100,1,SCZ Scalzilli Administração Judicial,,,1,FLOOR,24ed98480a572989bb0ce06fbd92e30151b7c249,"São José dos Campos, na Avenida Dr. Sebastião Henrique da Cunha Pontes, nº 8000, Galpão E- Chácaras Reunidas, CEP: 12.238-365, Estado de São Paulo",LIKELY_PUBLIC_BY_NAME|ROWS:p68r2|VALUE_COL:Valor_Atualizado,2026-09-03T23:36:47Z,build
03387396,5341375-33.2026.8.09.0049,483031.10,03387396000160|03387396002022,2,"Grupo 3E, em consolidação substancia",,,1,FLOOR,8e8832093a15aa7f9dc936a37e882fe66a1fe43d,Super Frango,"ROWS:p18r14,p18r15|UNRECONCILED_SOURCE",2026-09-03T23:36:48Z,build
60746948,0074500-63.2024.8.17.2001,482000.00,60746948000112,1,GRUPO IMOBI – LRF Líderes em Recuperação Judicial e Falência,,,1,FLOOR,795d57c3b1a6263f35fd080afd0a6ea1ad727ea3,BANCO BRADESCO S.A,LIKELY_FINANCIAL_BY_NAME|ROWS:p3r94,2026-09-03T23:36:48Z,build
33479023,0005010-50.2013.8.24.0026,481718.88,33479023000180,1,MANNES LTDA E BM EMPREENDIMENTOS E PARTICIPAÇÕES – Sgrott Administradora Judicial e Consultoria Empresarial,,,1,FLOOR,ea17ba43b2611e60da78d77cd10f534a8d7ffa56,FUNDO DE INVEST.DIREITO CREDITÓRIOS NÃO PADR. INVISTA FORNEC. MB,ROWS:p14r55|UNRECONCILED_SOURCE,2026-09-03T23:36:48Z,build
30494410,0028131-73.2024.8.16.0017,480000.00,30494410000288,1,SCZ Scalzilli Administração Judicial,,,1,FLOOR,70eb7014739f42d09f9b61cd132e98426b0e40f0,A3AGRO DE MARINGÁ/PR. NATUREZA: RECUPERAÇÃO DE EMPRESA. PROCESSO COMERCIAL AGRICOLA LTDA (,ROWS:p1r6|UNRECONCILED_SOURCE,2026-09-03T23:36:47Z,build
03784035,0005010-50.2013.8.24.0026,479105.31,03784035000157,1,MANNES LTDA E BM EMPREENDIMENTOS E PARTICIPAÇÕES – Sgrott Administradora Judicial e Consultoria Empresarial,,,1,FLOOR,ea17ba43b2611e60da78d77cd10f534a8d7ffa56,QUAKER TEXTIL DO BRASIL LTDA.,ROWS:p17r46|UNRECONCILED_SOURCE,2026-09-03T23:36:48Z,build
60701190,1000119-75.2025.8.26.0354,478222.08,60701190000104,2,Ativos,,,1,FLOOR,7e2dd0270ed86b1f71e6e3a9cc21d965a29b3955,ITAU UNIBANCO S/A,"LIKELY_FINANCIAL_BY_NAME|ROWS:p4r36,p4r37|UNRECONCILED_SOURCE",2026-09-03T23:36:48Z,build
60746948,0000721-61.2024.8.17.2620,476521.11,60746948668458,2,GRUPO DIVINA INDUSTRIA DE COURO LTDA – LRF Líderes em Recuperação Judicial e Falência,,,1,FLOOR,38f0c15b8a2d8dc124ae88df3b8958088a54cfcc,BANCO COOPERATIVO SICOOB S.A,"LIKELY_FINANCIAL_BY_NAME|PARTIAL_DOC_CLASS_III_RECONCILED|ROWS:p2r11,p2r12",2026-09-03T23:36:48Z,build
77991552,0007565-40.2020.8.17.2370,475452.00,77991552000133,1,e Falência,,,1,FLOOR,849d4fe5adce792f073eb0cbe52a2f1d8075a473,77.991.552/0001-33,ROWS:p16r37,2026-09-03T23:36:48Z,build
26233064,5009149-92.2024.8.24.0019,475385.92,26233064000126,1,e de Falência,,,1,FLOOR,a62ac8ee04589de01e4daef8a199cd9a9df4a91e,2.23MICROVET-MICROBIOLOGIA VETERINÁRIA ESPECIAL. LTDA.,ROWS:p1r29|UNRECONCILED_SOURCE,2026-09-03T23:36:48Z,build
11597992,0000721-61.2024.8.17.2620,474036.06,11597992000100,1,GRUPO DIVINA INDUSTRIA DE COURO LTDA – LRF Líderes em Recuperação Judicial e Falência,,,1,FLOOR,38f0c15b8a2d8dc124ae88df3b8958088a54cfcc,FIRMA SECURITIZADORA S/A,LIKELY_FINANCIAL_BY_NAME|PARTIAL_DOC_CLASS_III_RECONCILED|ROWS:p2r42,2026-09-03T23:36:48Z,build
60746948,0008526-45.2025.8.17.2001,470302.13,60746948000112,1,E FALENCIA,,,1,FLOOR,1658892fa167d2330f5086c9fbc19999d00549f1,BANCO BRADESCO S.A,LIKELY_FINANCIAL_BY_NAME|ROWS:p5r49,2026-09-03T23:36:47Z,build
34230979,0000472-94.2012.5.06.0193,470287.72,34230979000106,2,SCZ Scalzilli Administração Judicial,,,1,FLOOR,24ed98480a572989bb0ce06fbd92e30151b7c249,"Rua Professor José Vieira de Mendonça, nº 1.121-B, Bairro Engenho Nogueira","ROWS:p73r14,p73r15|VALUE_COL:Valor_Atualizado",2026-09-03T23:36:47Z,build
11841434,0019761-43.2024.8.17.2001,470000.00,11841434000130,1,GRUPO ADLIM – LRF Líderes em Recuperação Judicial e Falência,,,1,FLOOR,a32497797bacd26aee3d411b89e47dce32e5a250,"LIBER CONSERVAÇÃO EM SERVIÇOS LTDA, CPF/CNPJ/OAB nº",PARTIAL_DOC_CLASS_III_RECONCILED|ROWS:p67r22,2026-09-03T23:36:48Z,build
18373437,0804401-51.2025.8.14.0039,467392.00,18373437000136,1,SOJAL COMERCIA,,,1,FLOOR,c56751547323616443dc07ccc6d6c553539dec25,CROPFERT INDUSTRIA DE FERTILIZANTES E AG,ROWS:p1r12,2026-09-03T23:36:47Z,build
29958527,0000472-94.2012.5.06.0193,462152.49,29958527000105,1,SCZ Scalzilli Administração Judicial,,,1,FLOOR,24ed98480a572989bb0ce06fbd92e30151b7c249,"Rua Guilherme Lino dos Santos, 800/901, Guarulhos/SP",ROWS:p65r7|VALUE_COL:Valor_Atualizado,2026-09-03T23:36:47Z,build
08307549,0002484-82.2022.8.17.2001,460120.80,08307549000135,3,e Falência,,,1,FLOOR,f3b6182e3aa2715450af4d59223acc49f7047632,"ALTOMAX COMERCIO DE MEIAS E COBERTORES, IMPORTACAO E EXPORTACAO EIRELI","PARTIAL_DOC_CLASS_III_RECONCILED|ROWS:p4r53,p7r73,p9r56",2026-09-03T23:36:48Z,build
07108742,5012306-16.2022.8.21.0023,459688.97,07108742000184,1,SCZ Scalzilli Administração Judicial,,,1,FLOOR,ebfb999b457caf45140ea7446a22cd3751154eaf,LIFECOR COMERCIO DE PRODUTOS HOSPITALARES LTDA (,ROWS:p28r29|UNRECONCILED_SOURCE,2026-09-03T23:36:47Z,build
09454490,0005010-50.2013.8.24.0026,459317.41,09454490000170,1,MANNES LTDA E BM EMPREENDIMENTOS E PARTICIPAÇÕES – Sgrott Administradora Judicial e Consultoria Empresarial,,,1,FLOOR,ea17ba43b2611e60da78d77cd10f534a8d7ffa56,LOTEX ELASTICOS LTDA.,ROWS:p16r17|UNRECONCILED_SOURCE,2026-09-03T23:36:48Z,build
09236766,0000472-94.2012.5.06.0193,458601.25,09236766000144,1,SCZ Scalzilli Administração Judicial,,,1,FLOOR,24ed98480a572989bb0ce06fbd92e30151b7c249,"Rua dos Saxofone, 100, Conjunto California I, Belo Horizonte/MG",ROWS:p68r14|VALUE_COL:Valor_Atualizado,2026-09-03T23:36:47Z,build
11679253,0005010-50.2013.8.24.0026,456074.41,11679253000150,1,MANNES LTDA E BM EMPREENDIMENTOS E PARTICIPAÇÕES – Sgrott Administradora Judicial e Consultoria Empresarial,,,1,FLOOR,ea17ba43b2611e60da78d77cd10f534a8d7ffa56,ITABOX IND E COM DE MOVEIS DE MAD LTDA,ROWS:p15r38|UNRECONCILED_SOURCE,2026-09-03T23:36:48Z,build
48539407,0005010-50.2013.8.24.0026,455966.74,48539407000207,1,MANNES LTDA E BM EMPREENDIMENTOS E PARTICIPAÇÕES – Sgrott Administradora Judicial e Consultoria Empresarial,,,1,FLOOR,ea17ba43b2611e60da78d77cd10f534a8d7ffa56,BASF SA,ROWS:p13r14|UNRECONCILED_SOURCE,2026-09-03T23:36:48Z,build
41024712,0000472-94.2012.5.06.0193,455807.91,41024712000128,5,SCZ Scalzilli Administração Judicial,,,1,FLOOR,24ed98480a572989bb0ce06fbd92e30151b7c249,"Rua Cotunguba, 180 – Afogados, Recife- PE","ROWS:p72r17,p73r1,p73r2,p73r3,p73r4|VALUE_COL:Valor_Atualizado",2026-09-03T23:36:47Z,build
29236426,0003971-03.2023.8.16.0119,454617.60,29236426000120,1,Marques Administrações Judiciais,,,1,FLOOR,1209dafe77b7708945a17e0f6d11db9b41daea47,Sigma Credit Fundo De Investimento Em Direitos Creditorios,LIKELY_FINANCIAL_BY_NAME|PARTIAL_DOC_CLASS_III_RECONCILED|ROWS:p13r5,2026-09-03T23:36:48Z,build
00474973,0700256-03.2019.8.02.0066,453771.76,00474973000162,1,Grupo Arnon de Mello — Lindoso e Araujo,,,1,FLOOR,60fd9c017d90deffa5bd422d7dce534a8fd355a3,ESCRITORIO CENTRAL DE ARREC. DIST. DIR. AUTORAL,ROWS:p8r4|UNRECONCILED_SOURCE,2026-09-03T23:36:47Z,build
18548852,0003971-03.2023.8.16.0119,452000.03,18548852000183,1,Marques Administrações Judiciais,,,1,FLOOR,1209dafe77b7708945a17e0f6d11db9b41daea47,Transneto Transporte Ltda,PARTIAL_DOC_CLASS_III_RECONCILED|ROWS:p13r9,2026-09-03T23:36:48Z,build
63699839,0007565-40.2020.8.17.2370,450791.70,63699839000180,1,e Falência,,,1,FLOOR,849d4fe5adce792f073eb0cbe52a2f1d8075a473,63.699.839/0001-80,ROWS:p17r10,2026-09-03T23:36:48Z,build
07666567,0007565-40.2020.8.17.2370,450760.99,07666567000140,1,e Falência,,,1,FLOOR,849d4fe5adce792f073eb0cbe52a2f1d8075a473,07.666.567/0001-40,ROWS:p16r20,2026-09-03T23:36:48Z,build
00912882,0007565-40.2020.8.17.2370,449678.50,00912882000161,1,e Falência,,,1,FLOOR,849d4fe5adce792f073eb0cbe52a2f1d8075a473,00.912.882/0001-61,ROWS:p16r23,2026-09-03T23:36:48Z,build
12067326,5011369-81.2026.8.09.0093,449000.00,12067326000204,1,SCZ Scalzilli Administração Judicial,,,1,FLOOR,c536a2fa4da39efaa9c4b859cacb48e293873548,"Rodovia BR 364, KM 194, Sala 2, Zona Rural, CEP 75.809-899, em Jataí - GO.",ROWS:p2r3|UNRECONCILED_SOURCE,2026-09-03T23:36:47Z,build
02038232,5100227-29.2022.8.24.0023,448885.44,02038232000164,1,MUNDO BIZARRO IMPORTAÇÃO E EXPORTAÇÃO LTDA – Sgrott Administradora Judicial e Consultoria Empresarial,,,1,FLOOR,0e98068b87bd9301a44b322d50dacac7fd565704,Documento já analisado do pedido da recuperação,ROWS:p16r5|UNRECONCILED_SOURCE,2026-09-03T23:36:48Z,build
67943738,0020255-24.2020.5.04.0104,448731.00,67943738000163,1,Base | AJ RUIZ - Administração Judicial,,,1,FLOOR,2407a56c35028c413305535a1dd008db0d00dcd7,"ROD ANHANGUERA, S/N KM 116 CH REUN ANHANGUERA - NOVA ODESSA-SP - CEP 13388-220",ROWS:p4r20,2026-09-03T23:36:48Z,build
11198594,0005010-50.2013.8.24.0026,445884.94,11198594000103|11198594000294,2,MANNES LTDA E BM EMPREENDIMENTOS E PARTICIPAÇÕES – Sgrott Administradora Judicial e Consultoria Empresarial,,,1,FLOOR,ea17ba43b2611e60da78d77cd10f534a8d7ffa56,TRISOFT MANTAS DE POLIESTER LTDA.,"ROWS:p19r30,p19r31|UNRECONCILED_SOURCE",2026-09-03T23:36:48Z,build
00000000,0801893-91.2016.8.12.0011,444115.16,00000000381993,4,empresa,,,1,FLOOR,cdf3c4d148612ed9b19eac98db005936ae57d4cb,AVENIDA PRESIDENTE DUTRA N°2853 CENTRO,"ALT_VALUE:R$27.090,91|ALT_VALUE:R$3.628,76|ALT_VALUE:R$408.395,49|ALT_VALUE:R$5.000,00|ROWS:p2r6,p2r7,p2r8,p2r9|UNRECONCILED_SOURCE|VALUE_COL:Valor_Da_Parcela",2026-09-03T23:36:48Z,build
24506071,5014104-85.2021.8.21.0010,440967.31,24506071000129,1,SCZ Scalzilli Administração Judicial,,,1,FLOOR,84c586360a663c7c23a7d5176358d616fe6a93e7,ARTEMUS FUNDO DE INVESTIMENTO EM DIREITOS CREDITORIOS MULTISSETORIAL (,LIKELY_FINANCIAL_BY_NAME|ROWS:p5r33|UNRECONCILED_SOURCE,2026-09-03T23:36:47Z,build
75293662,0005010-50.2013.8.24.0026,439839.22,75293662000104,1,MANNES LTDA E BM EMPREENDIMENTOS E PARTICIPAÇÕES – Sgrott Administradora Judicial e Consultoria Empresarial,,,1,FLOOR,ea17ba43b2611e60da78d77cd10f534a8d7ffa56,ALTENBURG INDUSTRIA TEXTIL LTDA,ROWS:p12r43|UNRECONCILED_SOURCE,2026-09-03T23:36:48Z,build
88065321,0005010-50.2013.8.24.0026,439222.79,88065321000115,1,MANNES LTDA E BM EMPREENDIMENTOS E PARTICIPAÇÕES – Sgrott Administradora Judicial e Consultoria Empresarial,,,1,FLOOR,ea17ba43b2611e60da78d77cd10f534a8d7ffa56,FCC FORNECEDORA COMP. QUÍMICOS E COUROS LT.,ROWS:p14r38|UNRECONCILED_SOURCE,2026-09-03T23:36:48Z,build
01039011,5012743-51.2023.8.24.0019,438524.11,01039011000148,1,Alto Uruguai Indústria e Comércio de Óleos Ltda,,,1,FLOOR,75336e98f447837fcdb5e795c7aa49c9bea54c52,COOPERATIVA DE CREDITO UNICRED DESBRAVADORA LTDA - UNICRED DESBRAVADORA,LIKELY_FINANCIAL_BY_NAME|ROWS:p1r20|VALUE_COL:Valor_Do_Crédito,2026-09-03T23:36:48Z,build
01449930,5012306-16.2022.8.21.0023,438000.00,01449930000602,1,SCZ Scalzilli Administração Judicial,,,1,FLOOR,ebfb999b457caf45140ea7446a22cd3751154eaf,SIEMENS HEALTHCARE DIAGNOSTICO (,ROWS:p29r50|UNRECONCILED_SOURCE,2026-09-03T23:36:47Z,build
43552951,0000721-61.2024.8.17.2620,436694.72,43552951000186,1,GRUPO DIVINA INDUSTRIA DE COURO LTDA – LRF Líderes em Recuperação Judicial e Falência,,,1,FLOOR,38f0c15b8a2d8dc124ae88df3b8958088a54cfcc,3F CAPITAL SECURITIZADORA S/A,LIKELY_FINANCIAL_BY_NAME|PARTIAL_DOC_CLASS_III_RECONCILED|ROWS:p2r3,2026-09-03T23:36:48Z,build
02398976,1000119-75.2025.8.26.0354,436176.52,02398976000190,1,Ativos,,,1,FLOOR,7e2dd0270ed86b1f71e6e3a9cc21d965a29b3955,UNIPRIME NORTE DO PARANA - COOPERATIVA DE CREDITO LTDA,LIKELY_FINANCIAL_BY_NAME|ROWS:p5r45|UNRECONCILED_SOURCE,2026-09-03T23:36:48Z,build
17205148,0003971-03.2023.8.16.0119,434952.00,17205148000165,1,Marques Administrações Judiciais,,,1,FLOOR,1209dafe77b7708945a17e0f6d11db9b41daea47,Maid Oleos E Gorduras Ltda,PARTIAL_DOC_CLASS_III_RECONCILED|ROWS:p12r7,2026-09-03T23:36:48Z,build
14723388,5341375-33.2026.8.09.0049,432821.52,14723388000163,1,"Grupo 3E, em consolidação substancia",,,1,FLOOR,8e8832093a15aa7f9dc936a37e882fe66a1fe43d,Br Consorcios,ROWS:p10r71|UNRECONCILED_SOURCE,2026-09-03T23:36:48Z,build
02565876,0000880-57.2020.8.17.2001,429201.75,02565876000100,1,e Falência,,,1,FLOOR,44ecd0afa707dc9a78430215646a429a26d22516,HUESKER LTDA,"ALT_VALUE:R$429.201,75|ROWS:p10r38|UNRECONCILED_SOURCE|VALUE_COL:2ª_Lista",2026-09-03T23:36:47Z,build
46710597,5341375-33.2026.8.09.0049,425717.60,46710597000240,1,"Grupo 3E, em consolidação substancia",,,1,FLOOR,8e8832093a15aa7f9dc936a37e882fe66a1fe43d,Fs i Industria De Etanol S.A,ROWS:p13r64|UNRECONCILED_SOURCE,2026-09-03T23:36:48Z,build
29067113,0000880-57.2020.8.17.2001,425000.00,29067113034767,1,e Falência,,,1,FLOOR,44ecd0afa707dc9a78430215646a429a26d22516,POLIMIX CONCRETO LTDA,"ALT_VALUE:-R$25.000,00|ALT_VALUE:R$450.000,00|ROWS:p10r65|UNRECONCILED_SOURCE|VALUE_COL:2ª_Lista",2026-09-03T23:36:47Z,build
34274233,0700087-51.2020.8.02.0043,422999.28,34274233000102,1,AUTO POSTO FREITAS & MAIA LTDA,,,1,FLOOR,9b292ab966194c5af1755a944c5a9972e0eb16bb,"PETROBRAS DISTRIBUIDORA, RIO DE JANEIRO",ROWS:p4r7|VALUE_COL:Valor_Do_Crédito,2026-09-03T23:36:47Z,build
83158824,5009149-92.2024.8.24.0019,418883.74,83158824004109,1,e de Falência,,,1,FLOOR,a62ac8ee04589de01e4daef8a199cd9a9df4a91e,2.19COOPERATIVA REGIONAL AGROPECUÁRIA DE CAMPOS NOVOS,ROWS:p1r25|UNRECONCILED_SOURCE,2026-09-03T23:36:48Z,build
32528241,0000721-61.2024.8.17.2620,417506.47,32528241000102,1,GRUPO DIVINA INDUSTRIA DE COURO LTDA – LRF Líderes em Recuperação Judicial e Falência,,,1,FLOOR,38f0c15b8a2d8dc124ae88df3b8958088a54cfcc,DANIELE MULTIPLO FIDC,LIKELY_FINANCIAL_BY_NAME|PARTIAL_DOC_CLASS_III_RECONCILED|ROWS:p2r33,2026-09-03T23:36:48Z,build
76495209,0005010-50.2013.8.24.0026,417212.12,76495209000135,1,MANNES LTDA E BM EMPREENDIMENTOS E PARTICIPAÇÕES – Sgrott Administradora Judicial e Consultoria Empresarial,,,1,FLOOR,ea17ba43b2611e60da78d77cd10f534a8d7ffa56,IMACÁ LTDA,ROWS:p15r22|UNRECONCILED_SOURCE,2026-09-03T23:36:48Z,build
00714387,5008793-34.2023.8.24.0019,416585.10,00714387000148,1,AZEPLAST INDÚSTRIA E COMÉRCIO LTDA,,,1,FLOOR,229081edb0eaccd400fcad129b25a20d453416b7,BRASMO INDUSTRIA E COMERCIO LTDA,PARTIAL_DOC_CLASS_III_RECONCILED|ROWS:p1r9,2026-09-03T23:36:48Z,build
02038232,0000721-61.2024.8.17.2620,415021.85,02038232000164,1,GRUPO DIVINA INDUSTRIA DE COURO LTDA – LRF Líderes em Recuperação Judicial e Falência,,,1,FLOOR,38f0c15b8a2d8dc124ae88df3b8958088a54cfcc,BASF S.A- CUMBICA,PARTIAL_DOC_CLASS_III_RECONCILED|ROWS:p2r17,2026-09-03T23:36:48Z,build
59588111,0000410-68.2021.8.16.0174,415020.29,59588111000103,1,consonância,,,1,FLOOR,b1a9f73b4c119a16aede49b05ad9f554fb74bc97,e Banco Votorantim S.A.,LIKELY_FINANCIAL_BY_NAME|PARTIAL_DOC_CLASS_III_RECONCILED|ROWS:p13r10,2026-09-03T23:36:48Z,build
07378783,0700536-67.2024.8.02.0043,414186.52,07378783000190,1,GRUPO PISEBEM — Lindoso e Araujo,,,1,FLOOR,d7c426fbd475685a322559791802848a6b81e7db,CERAMICA SERRA AZUL LTDA,ROWS:p2r7|UNRECONCILED_SOURCE,2026-09-03T23:36:47Z,build
91830836,5009149-92.2024.8.24.0019,414186.16,91830836000179,1,e de Falência,,,1,FLOOR,a62ac8ee04589de01e4daef8a199cd9a9df4a91e,2.21OLFAR S/A,ROWS:p1r27|UNRECONCILED_SOURCE,2026-09-03T23:36:48Z,build
42605322,4054599-35.2025.8.26.0100,413700.86,42605322000104,1,Ativos,,,1,FLOOR,2fe04bf4466d0420480f240ab82ca5b210606a24,AV REBOUCAS Nº 2.942 CEP 05.402-500,ROWS:p3r79|UNRECONCILED_SOURCE,2026-09-03T23:36:48Z,build
24227491,0007565-40.2020.8.17.2370,412477.83,24227491000176,1,e Falência,,,1,FLOOR,849d4fe5adce792f073eb0cbe52a2f1d8075a473,24.227.491/0001-76,ROWS:p16r58,2026-09-03T23:36:48Z,build
05236060,5011460-87.2023.8.24.0020,410794.00,05236060000121,1,TOP TEXTIL EMBALAGENS LTDA,,,1,FLOOR,741aed48dd004485cbfaf3bc50def81229cab4e3,R DR. FLAVIO GODOFREDO PACHECO PEREIRA,ROWS:p2r8|UNRECONCILED_SOURCE,2026-09-03T23:36:47Z,build
00399857,0032731-52.2010.8.17.0001,410504.45,00399857000126,1,E FALENCIA,,,1,FLOOR,bf3c4e448c3e0499bc7b3b13b6efa1d1598d598a,0060371-30.2010.8.17.0001,ROWS:p8r4|UNRECONCILED_SOURCE|VALUE_COL:Crédito_1ª_Lista,2026-09-03T23:36:47Z,build
08259544,0000472-94.2012.5.06.0193,408816.48,08259544000184,1,SCZ Scalzilli Administração Judicial,,,1,FLOOR,24ed98480a572989bb0ce06fbd92e30151b7c249,"Avenida João Paulo I, n° 1.776, Jardim Santa Barbará, Município de Embu, São Paulo, CEP 06.817-000",LIKELY_PUBLIC_BY_NAME|ROWS:p74r7|VALUE_COL:Valor_Atualizado,2026-09-03T23:36:47Z,build
59128553,0037411-27.2022.8.16.0021,408408.17,59128553002382,1,"APRESENTADO PELA RECUPERANDA, NA FORMA Distribuidora S.A",,,1,FLOOR,437e79745649ebc229e33ceff1017c077113003a,Arauclin - Medicina e Seguranca Asfaltos S.A (CNPJ nº,ROWS:p1r26|UNRECONCILED_SOURCE,2026-09-03T23:36:48Z,build
07237373,0700087-51.2020.8.02.0043,408096.44,07237373028130,1,AUTO POSTO FREITAS & MAIA LTDA,,,1,FLOOR,9b292ab966194c5af1755a944c5a9972e0eb16bb,BANCO DO NORDESTE,LIKELY_FINANCIAL_BY_NAME|ROWS:p4r3|VALUE_COL:Valor_Do_Crédito,2026-09-03T23:36:47Z,build
67070268,1001174-80.2024.8.26.0359,407763.63,67070268000251,1,Ativos,,,1,FLOOR,442539f948e05d3b98924984d4ac62e721a54540,"Rua Pacífico, nº 292, Lote 8, Quadra C, Granja Viana II, CEP nº 06.707-065, Cotia/SP",ROWS:p3r11|UNRECONCILED_SOURCE|VALUE_COL:Valor_Do_Créidto,2026-09-03T23:36:48Z,build
29588019,0008526-45.2025.8.17.2001,407241.98,29588019001316,1,E FALENCIA,,,1,FLOOR,1658892fa167d2330f5086c9fbc19999d00549f1,COMARY INDUSTRIA DE BEBIDAS LTDA,ROWS:p5r69,2026-09-03T23:36:47Z,build
75007385,0031120-52.2024.8.16.0017,406921.95,75007385000118,1,"supramencionado, nos autos principais da presente Recuperação Judicia",,,1,FLOOR,200afc9e12c1bc0f1fceba87ce280e371e62aa39,AGROCETE INDUSTRIA DE FERTILIZANTES LTDA,PARTIAL_DOC_CLASS_III_RECONCILED|ROWS:p1r4,2026-09-03T23:36:48Z,build
00073757,0000721-61.2024.8.17.2620,406720.75,00073757000105,1,GRUPO DIVINA INDUSTRIA DE COURO LTDA – LRF Líderes em Recuperação Judicial e Falência,,,1,FLOOR,38f0c15b8a2d8dc124ae88df3b8958088a54cfcc,GETTI QUIMICA LTDA,PARTIAL_DOC_CLASS_III_RECONCILED|ROWS:p2r46,2026-09-03T23:36:48Z,build
28485746,0007565-40.2020.8.17.2370,406451.00,28485746000151,1,e Falência,,,1,FLOOR,849d4fe5adce792f073eb0cbe52a2f1d8075a473,28.485.746/0001-51,ROWS:p15r39,2026-09-03T23:36:48Z,build
05378317,5008793-34.2023.8.24.0019,403317.43,05378317000180,1,AZEPLAST INDÚSTRIA E COMÉRCIO LTDA,,,1,FLOOR,229081edb0eaccd400fcad129b25a20d453416b7,CRISTAL MASTER INDUSTRIA E COMERCIO LTDA,PARTIAL_DOC_CLASS_III_RECONCILED|ROWS:p1r21,2026-09-03T23:36:48Z,build
12095666,5341375-33.2026.8.09.0049,402999.19,12095666000400,1,"Grupo 3E, em consolidação substancia",,,1,FLOOR,8e8832093a15aa7f9dc936a37e882fe66a1fe43d,Cervejaria Ambev,ROWS:p11r56|UNRECONCILED_SOURCE,2026-09-03T23:36:48Z,build
07237373,3000117-40.2025.8.06.0512,402799.67,07237373000120,1,PÃ¡gina inicial,,,1,FLOOR,73b45cbf1779afc0265bba96895afb5cec00f12c,BANCO DO NORDESTE DO BRASIL SA,LIKELY_FINANCIAL_BY_NAME|ROWS:p16r11,2026-09-03T23:36:48Z,build
40373446,5012743-51.2023.8.24.0019,402501.34,40373446000186,1,Alto Uruguai Indústria e Comércio de Óleos Ltda,,,1,FLOOR,75336e98f447837fcdb5e795c7aa49c9bea54c52,W K SECURITIZADORA S.A.,LIKELY_FINANCIAL_BY_NAME|ROWS:p1r37|VALUE_COL:Valor_Do_Crédito,2026-09-03T23:36:48Z,build
05039208,5009149-92.2024.8.24.0019,401745.93,05039208000138,1,e de Falência,,,1,FLOOR,a62ac8ee04589de01e4daef8a199cd9a9df4a91e,2.24COOP. DE PRODUTORES DE GRÃOS DO ALTO URUGUAI LTDA,ROWS:p1r30|UNRECONCILED_SOURCE,2026-09-03T23:36:48Z,build
10264586,0011283-80.2023.8.17.2001,401419.39,10264586000155,1,Náutico - Página — Lindoso e Araujo,,,1,FLOOR,677be5783c06848acb5f46b0d8db0aea7876624a,"2B ADMINISTRACAO E NEGOCIOS LTDA, CPF/CNPJ Nº",PARTIAL_DOC_CLASS_III_RECONCILED|ROWS:p11r59,2026-09-03T23:36:47Z,build
05860157,0000206-69.2013.8.17.1340,399413.94,05860157000100,1,AGROPECUÁRIA SERROTE REDONDO – LRF Líderes em Recuperação Judicial e Falência,,,1,FLOOR,7c0ce2830d0d7e22653dbd04dbb70cd8440069c6,EPE - PRODUTOS AGROPECUARIOS LTDA,"ALT_VALUE:399.413,94|ROWS:p2r4",2026-09-03T23:36:47Z,build
85462471,5341375-33.2026.8.09.0049,398969.08,85462471000174,1,"Grupo 3E, em consolidação substancia",,,1,FLOOR,8e8832093a15aa7f9dc936a37e882fe66a1fe43d,Ind. De Carrocerias Metalicas Ibipora Ltda,ROWS:p14r52|UNRECONCILED_SOURCE,2026-09-03T23:36:48Z,build
01637668,0002484-82.2022.8.17.2001,398428.76,01637668000107,1,e Falência,,,1,FLOOR,f3b6182e3aa2715450af4d59223acc49f7047632,SAO LUIS ADMINISTRADORA DE SHOPPING CENTER LTDA,PARTIAL_DOC_CLASS_III_RECONCILED|ROWS:p7r119,2026-09-03T23:36:48Z,build
02525961,5341375-33.2026.8.09.0049,398000.00,02525961000498,1,"Grupo 3E, em consolidação substancia",,,1,FLOOR,8e8832093a15aa7f9dc936a37e882fe66a1fe43d,Hemoprot,ROWS:p14r36|UNRECONCILED_SOURCE,2026-09-03T23:36:48Z,build
41687757,0000472-94.2012.5.06.0193,397947.39,41687757000182,1,SCZ Scalzilli Administração Judicial,,,1,FLOOR,24ed98480a572989bb0ce06fbd92e30151b7c249,"Rua Nivaldo Guerreiro Nunes, n. 581 – Distrito Industrial, nesta Cidade e Comarca de Uberlândia",ROWS:p67r14|VALUE_COL:Valor_Atualizado,2026-09-03T23:36:47Z,build
02017233,5012306-16.2022.8.21.0023,397886.19,02017233000122,1,SCZ Scalzilli Administração Judicial,,,1,FLOOR,ebfb999b457caf45140ea7446a22cd3751154eaf,"PROGER COMÉRCIO, IMPORTAÇÃO E EXPORTAÇÃO LTDA (",ROWS:p29r24|UNRECONCILED_SOURCE,2026-09-03T23:36:47Z,build
12813212,5012743-51.2023.8.24.0019,394138.08,12813212000177,1,Alto Uruguai Indústria e Comércio de Óleos Ltda,,,1,FLOOR,75336e98f447837fcdb5e795c7aa49c9bea54c52,RNX FUNDO DE INVESTIMENTO EM DIREITOS CREDITORIOS MULTISSETORIAL,LIKELY_FINANCIAL_BY_NAME|ROWS:p1r34|VALUE_COL:Valor_Do_Crédito,2026-09-03T23:36:48Z,build
58160789,0043030-30.2025.8.16.0021,393908.14,58160789000128,1,"foi apresentado no movimento 112 dos autos supramencionados, em consonância",,,1,FLOOR,9846e4c0bb373e6d20054e1b22855355a6383506,Banco Safra S.A. (CNPJ nº,LIKELY_FINANCIAL_BY_NAME|ROWS:p1r38|UNRECONCILED_SOURCE,2026-09-03T23:36:48Z,build
60746948,5008793-34.2023.8.24.0019,393478.57,60746948000112,1,AZEPLAST INDÚSTRIA E COMÉRCIO LTDA,,,1,FLOOR,229081edb0eaccd400fcad129b25a20d453416b7,BANCO BRADESCO S.A.,LIKELY_FINANCIAL_BY_NAME|PARTIAL_DOC_CLASS_III_RECONCILED|ROWS:p1r7,2026-09-03T23:36:48Z,build
53113791,0032731-52.2010.8.17.0001,391959.35,53113791000122,1,E FALENCIA,,,1,FLOOR,bf3c4e448c3e0499bc7b3b13b6efa1d1598d598a,0067736-04.2011.8.17.0001,ROWS:p8r12|UNRECONCILED_SOURCE|VALUE_COL:Crédito_1ª_Lista,2026-09-03T23:36:47Z,build
10835932,0015488-29.2018.8.17.2810,391331.27,10835932000108,1,CENTRO DE TRATAMENTO RENAL ZONA SUL LTDA,,,1,FLOOR,05e15e3ab0973ce0b16c39684020161cc0cb705a,CELPE - GRUPO NEOENERGIA-CELPE,ROWS:p3r10,2026-09-03T23:36:48Z,build
13259183,1009827-02.2024.8.26.0576,390793.75,13259183000106,1,formuladopelasempresa,,,1,FLOOR,89671ae49d87f89fdf44efa9c5b9c668ed4162a1,Monforte Alimentos Ltda,"ALT_VALUE:390.793,75|ROWS:p1r61",2026-09-03T23:36:48Z,build
02291660,0000206-69.2013.8.17.1340,390081.00,02291660000102,1,AGROPECUÁRIA SERROTE REDONDO – LRF Líderes em Recuperação Judicial e Falência,,,1,FLOOR,7c0ce2830d0d7e22653dbd04dbb70cd8440069c6,L. D. NUNES LTDA,"ALT_VALUE:390.081,00|ROWS:p2r36",2026-09-03T23:36:47Z,build
04335788,0043030-30.2025.8.16.0021,387589.91,04335788000148,1,"foi apresentado no movimento 112 dos autos supramencionados, em consonância",,,1,FLOOR,9846e4c0bb373e6d20054e1b22855355a6383506,Cerealista Santo Expedito Ltda (CNPJ nº,ROWS:p1r43|UNRECONCILED_SOURCE,2026-09-03T23:36:48Z,build
33289359,0000721-61.2024.8.17.2620,387460.38,33289359000180,1,GRUPO DIVINA INDUSTRIA DE COURO LTDA – LRF Líderes em Recuperação Judicial e Falência,,,1,FLOOR,38f0c15b8a2d8dc124ae88df3b8958088a54cfcc,NOVA CAPITAL FUNDO DE INVESTIMENTO EM DIREITOS CREDITO,LIKELY_FINANCIAL_BY_NAME|PARTIAL_DOC_CLASS_III_RECONCILED|ROWS:p2r64,2026-09-03T23:36:48Z,build
01701201,0005010-50.2013.8.24.0026,385691.42,01701201000189,1,MANNES LTDA E BM EMPREENDIMENTOS E PARTICIPAÇÕES – Sgrott Administradora Judicial e Consultoria Empresarial,,,1,FLOOR,ea17ba43b2611e60da78d77cd10f534a8d7ffa56,HSBC BANK BRASIL S/A,ROWS:p15r17|UNRECONCILED_SOURCE,2026-09-03T23:36:48Z,build
13217111,0000472-94.2012.5.06.0193,384596.09,13217111000104,1,SCZ Scalzilli Administração Judicial,,,1,FLOOR,24ed98480a572989bb0ce06fbd92e30151b7c249,"Loteamento Santo Cristo, n° 15, Centro, Ipojuca/PE",ROWS:p63r16|VALUE_COL:Valor_Atualizado,2026-09-03T23:36:47Z,build
04904042,0007565-40.2020.8.17.2370,383787.51,04904042000450,1,e Falência,,,1,FLOOR,849d4fe5adce792f073eb0cbe52a2f1d8075a473,04.904.042/0004-50,ROWS:p16r60,2026-09-03T23:36:48Z,build
00000776,0003971-03.2023.8.16.0119,380137.08,00000776000101,1,Marques Administrações Judiciais,,,1,FLOOR,1209dafe77b7708945a17e0f6d11db9b41daea47,Itau Administradora de Consórcios Ltda,LIKELY_FINANCIAL_BY_NAME|PARTIAL_DOC_CLASS_III_RECONCILED|ROWS:p12r4,2026-09-03T23:36:48Z,build
02576794,0000472-94.2012.5.06.0193,379730.78,02576794000161,1,SCZ Scalzilli Administração Judicial,,,1,FLOOR,24ed98480a572989bb0ce06fbd92e30151b7c249,"Av. Manuel Euzébio Starling, 600, Galpão D, bairro Água Santa, Baldim/MG",ROWS:p61r9|VALUE_COL:Valor_Atualizado,2026-09-03T23:36:47Z,build
12090641,0000472-94.2012.5.06.0193,378563.60,12090641000163,1,SCZ Scalzilli Administração Judicial,,,1,FLOOR,24ed98480a572989bb0ce06fbd92e30151b7c249,"Rua José Alvares Maciel, nº 251, Bairro Inconfidentes, Ouro Branco/MG",ROWS:p72r11|VALUE_COL:Valor_Atualizado,2026-09-03T23:36:47Z,build
61074506,0315021-46.2018.8.24.0008,377941.88,61074506000130,71,BLUFIX INDÚSTRIA E COMÉRCIO LTDA – Sgrott Administradora Judicial e Consultoria Empresarial,,,1,FLOOR,f27c1682cf46c9ed68fd8703912513e372acc1f6,BELGO BEKAERT ARAMES S/A,"ROWS:p10r76,p10r78,p10r79,p10r80,p10r81,p10r82,p10r83,p10r84,p10r85,p10r86,p10r87,p10r88,p10r89,p10r90,p10r91,p10r93,p10r95,p10r96,p10r97,p10r98,p10r99,p10r100,p10r101,p10r102,p11r1,p11r2,p11r4,p11r5,p11r6,p11r7,p11r9,p11r10,p11r11,p11r12,p11r19,p11r20,p11r21,p11r22,p11r23,p11r24,p11r25,p11r27,p11r28,p11r29,p11r31,p11r33,p11r34,p11r35,p11r36,p11r37,p11r43,p11r44,p11r46,p11r48,p11r49,p11r50,p11r52,p11r54,p11r56,p11r57,p11r61,p11r66,p11r67,p11r68,p11r69,p11r70,p11r71,p11r72,p11r76,p11r78,p11r79|UNRECONCILED_SOURCE",2026-09-03T23:36:47Z,build
02135888,5057720-48.2025.8.24.0023,376976.74,02135888000103,1,Grupo Rech | Administração Judicial - Credibilità,,,1,FLOOR,cf92cff797d25108be0439a46ee6864d615a1be4,SIM,ROWS:p2r10|UNRECONCILED_SOURCE|VALUE_COL:Valor_Após_Analise,2026-09-03T23:36:48Z,build
00153282,0007565-40.2020.8.17.2370,376130.35,00153282000167,1,e Falência,,,1,FLOOR,849d4fe5adce792f073eb0cbe52a2f1d8075a473,00.153.282/0001-67,ROWS:p15r29,2026-09-03T23:36:48Z,build
13726078,0002484-82.2022.8.17.2001,374949.00,13726078000130,1,e Falência,,,1,FLOOR,f3b6182e3aa2715450af4d59223acc49f7047632,CAUANA COMERCIO E REPRESENTACOES LTDA,PARTIAL_DOC_CLASS_III_RECONCILED|ROWS:p4r62,2026-09-03T23:36:48Z,build
16978251,0003971-03.2023.8.16.0119,373976.81,16978251000266,1,Marques Administrações Judiciais,,,1,FLOOR,1209dafe77b7708945a17e0f6d11db9b41daea47,Ravato Distribuidora De Combustiveis Ltda,PARTIAL_DOC_CLASS_III_RECONCILED|ROWS:p12r14,2026-09-03T23:36:48Z,build
09263012,0032731-52.2010.8.17.0001,372479.11,09263012000183,1,E FALENCIA,,,1,FLOOR,bf3c4e448c3e0499bc7b3b13b6efa1d1598d598a,0049177-33.2010.8.17.0001,ROWS:p8r6|UNRECONCILED_SOURCE|VALUE_COL:Crédito_1ª_Lista,2026-09-03T23:36:47Z,build
28151363,0041309-42.2014.8.08.0024,370928.52,28151363000147,1,E FALÊNCIA,,,1,FLOOR,bf96785f7a4e919f76a22ff6fcd899efb24bd2d5,CESAN COMPANHIA ESPIRITO SANTENSE DE SANEAMENTO,ROWS:p3r16|UNRECONCILED_SOURCE,2026-09-03T23:36:48Z,build
43998509,0000472-94.2012.5.06.0193,368662.26,43998509000188,1,SCZ Scalzilli Administração Judicial,,,1,FLOOR,24ed98480a572989bb0ce06fbd92e30151b7c249,"Avenida Fernando Matos, 270, Barra da Tijuca, Rio de Janeiro/RJ",ROWS:p61r13|VALUE_COL:Valor_Atualizado,2026-09-03T23:36:47Z,build
59274316,0000472-94.2012.5.06.0193,368324.26,59274316000114,1,SCZ Scalzilli Administração Judicial,,,1,FLOOR,24ed98480a572989bb0ce06fbd92e30151b7c249,"Rua Forte da Ribeira, 350 , Cond. São Gabriel I - Parque São Lourenço - São Paulo/SP CEP:08340-145",ROWS:p62r3|VALUE_COL:Valor_Atualizado,2026-09-03T23:36:47Z,build
10774307,5014104-85.2021.8.21.0010,364774.81,10774307000101,1,SCZ Scalzilli Administração Judicial,,,1,FLOOR,84c586360a663c7c23a7d5176358d616fe6a93e7,PLATINUM FUNDO DE INVESTIMENTO EM DIREITOS CREDITORIOS MULTISSETORIAL (,LIKELY_FINANCIAL_BY_NAME|ROWS:p9r7|UNRECONCILED_SOURCE,2026-09-03T23:36:47Z,build
01858973,0005010-98.2023.8.16.0001,362247.54,01858973000129,1,Marques Administrações Judiciais,,,1,FLOOR,b465a5d11eec7a46656b594fa59c62d80724e0a1,Airela Ind. Farmaceutica LTDA,PARTIAL_DOC_CLASS_III_RECONCILED|ROWS:p19r7,2026-09-03T23:36:48Z,build
36238945,8005129-09.2023.8.05.0039,361043.83,36238945000193,1,e na falência,,,1,FLOOR,a0ae32a59c2928e385c610811f80949f98723486,POLUX SECURITIZADORA DE RECEBÍVEIS COMERCIAIS S.A.,LIKELY_FINANCIAL_BY_NAME|ROWS:p9r5|UNRECONCILED_SOURCE,2026-09-03T23:36:47Z,build
84229624,5057720-48.2025.8.24.0023,360769.13,84229624000175,1,Grupo Rech | Administração Judicial - Credibilità,,,1,FLOOR,cf92cff797d25108be0439a46ee6864d615a1be4,SIM,ROWS:p2r5|UNRECONCILED_SOURCE|VALUE_COL:Valor_Após_Analise,2026-09-03T23:36:48Z,build
17986477,0001943-40.2024.8.16.0115,358250.00,17986477000190,1,- D & D LOGÍSTICA E TRANSPORTE Comercia,,,1,FLOOR,dfc3207dcd0fa485a74eefea8e9db729618a8aea,TRR Pegoraro Ltda,PARTIAL_DOC_CLASS_III_RECONCILED|ROWS:p6r5,2026-09-03T23:36:48Z,build
03143730,0820780-23.2026.8.14.0301,356666.66,03143730000130,1,e mpresa,,,1,FLOOR,38d930ab1caa2c9562c2171db6bb7801de1f28e5,SECRETARIA EXECUTIVA DE ESPORTE E LAZER,PARTIAL_DOC_CLASS_III_RECONCILED|ROWS:p3r25,2026-09-03T23:36:47Z,build
03266537,0001943-40.2024.8.16.0115,354400.00,03266537000510,1,- D & D LOGÍSTICA E TRANSPORTE Comercia,,,1,FLOOR,dfc3207dcd0fa485a74eefea8e9db729618a8aea,Trans Falls LTDA,PARTIAL_DOC_CLASS_III_RECONCILED|ROWS:p6r4,2026-09-03T23:36:48Z,build
10835932,0011283-80.2023.8.17.2001,354296.22,10835932000108,1,Náutico - Página — Lindoso e Araujo,,,1,FLOOR,677be5783c06848acb5f46b0d8db0aea7876624a,"COMPANHIA ENERGETICA DE PERNAMBUCO, CPF/CNPJ Nº",PARTIAL_DOC_CLASS_III_RECONCILED|ROWS:p11r71,2026-09-03T23:36:47Z,build
70018759,0700256-03.2019.8.02.0066,354247.16,70018759000187,1,Grupo Arnon de Mello — Lindoso e Araujo,,,1,FLOOR,60fd9c017d90deffa5bd422d7dce534a8fd355a3,ACL FACTORING FOMENTO MERCANTIL LTDA,LIKELY_FINANCIAL_BY_NAME|ROWS:p7r2|UNRECONCILED_SOURCE,2026-09-03T23:36:47Z,build
00000000,5011369-81.2026.8.09.0093,352476.89,00000000000191,1,SCZ Scalzilli Administração Judicial,,,1,FLOOR,c536a2fa4da39efaa9c4b859cacb48e293873548,"Q. SAUN, Qd. R, Bloco B, Torres I, II e III, Andar T – Sl. S101 a S1602, T II – Sl. C101 a C1602, T III – Sl. N101 a N1602, Asa Norte, CEP 70040-912, em Brasília - DF.",ROWS:p4r8|UNRECONCILED_SOURCE,2026-09-03T23:36:47Z,build
04431548,0011283-80.2023.8.17.2001,351926.88,04431548000147,1,Náutico - Página — Lindoso e Araujo,,,1,FLOOR,677be5783c06848acb5f46b0d8db0aea7876624a,"PMSM PUBLICIDADE DE COMUNICACAO LTDA, CPF/CNPJ Nº",PARTIAL_DOC_CLASS_III_RECONCILED|ROWS:p12r36,2026-09-03T23:36:47Z,build
34635991,0031120-52.2024.8.16.0017,351079.81,34635991000109,1,"supramencionado, nos autos principais da presente Recuperação Judicia",,,1,FLOOR,200afc9e12c1bc0f1fceba87ce280e371e62aa39,BIORESULT AGRONEGOCIOS LTDA,PARTIAL_DOC_CLASS_III_RECONCILED|ROWS:p1r11,2026-09-03T23:36:48Z,build
17213074,0000721-61.2024.8.17.2620,350000.00,17213074000109,1,GRUPO DIVINA INDUSTRIA DE COURO LTDA – LRF Líderes em Recuperação Judicial e Falência,,,1,FLOOR,38f0c15b8a2d8dc124ae88df3b8958088a54cfcc,CENTRUM FUNDO DE INVESTIMENTO EM DIREITOS CREDITORIOS,LIKELY_FINANCIAL_BY_NAME|PARTIAL_DOC_CLASS_III_RECONCILED|ROWS:p2r25,2026-09-03T23:36:48Z,build
49655558,1000117-72.2020.8.26.0260,350000.00,49655558000102,1,Ativos,,,1,FLOOR,f41f56937a1d74e42342159ecc0f7b0b6cac3202,SOC EMBUENSE ADM PART LTDA,ROWS:p3r17|UNRECONCILED_SOURCE,2026-09-03T23:36:48Z,build
07752236,5012306-16.2022.8.21.0023,346408.09,07752236000123,1,SCZ Scalzilli Administração Judicial,,,1,FLOOR,ebfb999b457caf45140ea7446a22cd3751154eaf,MEDILAR IMP.DST PR.MATR.HOSPIT (,ROWS:p28r50|UNRECONCILED_SOURCE,2026-09-03T23:36:47Z,build
90400888,0000721-61.2024.8.17.2620,345941.20,90400888000142,1,GRUPO DIVINA INDUSTRIA DE COURO LTDA – LRF Líderes em Recuperação Judicial e Falência,,,1,FLOOR,38f0c15b8a2d8dc124ae88df3b8958088a54cfcc,BANCO SANTANDER (BRASIL) S/A,LIKELY_FINANCIAL_BY_NAME|PARTIAL_DOC_CLASS_III_RECONCILED|ROWS:p2r14,2026-09-03T23:36:48Z,build
40422448,0822279-56.2026.8.15.2001,341713.10,40422448000118,1,DIAGSON DIAGNOSTICO EM ULTRA SONOGRAFIA MED FETAL LTDA – EPP – LRF Líderes em Recuperação Judicial e Falência,,,1,FLOOR,088be5223af3f8c9fa20abea588d45b3da85a782,COOPERATIVA DE TRABALHO EM SAUDE E QUALIDADE,PARTIAL_DOC_CLASS_III_RECONCILED|ROWS:p2r51,2026-09-03T23:36:48Z,build
32902452,5341375-33.2026.8.09.0049,341398.88,32902452000155,1,"Grupo 3E, em consolidação substancia",,,1,FLOOR,8e8832093a15aa7f9dc936a37e882fe66a1fe43d,Trevo Alimentos,ROWS:p18r48|UNRECONCILED_SOURCE,2026-09-03T23:36:48Z,build
14492564,8005129-09.2023.8.05.0039,341250.00,14492564000101,1,e na falência,,,1,FLOOR,a0ae32a59c2928e385c610811f80949f98723486,POLYEXCEL IND E COM CP POLIMERICOS LTDA,ROWS:p9r6|UNRECONCILED_SOURCE,2026-09-03T23:36:47Z,build
24744042,0000721-61.2024.8.17.2620,341146.25,24744042000103,1,GRUPO DIVINA INDUSTRIA DE COURO LTDA – LRF Líderes em Recuperação Judicial e Falência,,,1,FLOOR,38f0c15b8a2d8dc124ae88df3b8958088a54cfcc,FS TATUI CAPITAL,PARTIAL_DOC_CLASS_III_RECONCILED|ROWS:p2r44,2026-09-03T23:36:48Z,build
08578161,5009529-81.2025.8.24.0019,340000.00,08578161000179,1,SCZ Scalzilli Administração Judicial,,,1,FLOOR,2e46411688575df1120bdb73499fa0a31b4d1af8,ENGASTE CONSTRUÇÕES,"ROWS:p1r47|UNRECONCILED_SOURCE|VALUE_COL:Valor_(Art._7º,_§2º)",2026-09-03T23:36:48Z,build
10159120,0003971-03.2023.8.16.0119,339668.00,10159120000190,1,Marques Administrações Judiciais,,,1,FLOOR,1209dafe77b7708945a17e0f6d11db9b41daea47,Industria E Comercio De Farinha Jagua Ltda,PARTIAL_DOC_CLASS_III_RECONCILED|ROWS:p11r18,2026-09-03T23:36:48Z,build
18299911,0700256-03.2019.8.02.0066,338981.60,18299911000127,1,Grupo Arnon de Mello — Lindoso e Araujo,,,1,FLOOR,60fd9c017d90deffa5bd422d7dce534a8fd355a3,VALE REAL EMPREENDIMENTO IMOBILIARIO LTDA,ROWS:p9r44|UNRECONCILED_SOURCE,2026-09-03T23:36:47Z,build
33449007,0873061-47.2023.8.19.0001,336951.30,33449007000144,1,Real Distribuidora – Processo nº 0873061-47.2023.8.19.0001 – e-mail: admjudunica@inova-aj.com.br – INOVA,,,1,FLOOR,8eb5d0d64353bf5fcd1122d1a511b7ca9884e3bd,"Alameda Rio Claro, Bela Vista, São Paulo - CEP 01332-010","ALT_VALUE:R$245.000,00|ROWS:p1r28",2026-09-03T23:36:48Z,build
14051028,0000721-61.2024.8.17.2620,336289.98,14051028000162,1,GRUPO DIVINA INDUSTRIA DE COURO LTDA – LRF Líderes em Recuperação Judicial e Falência,,,1,FLOOR,38f0c15b8a2d8dc124ae88df3b8958088a54cfcc,FIDC DA INDUSTRIA EXODUS INSTITUCIONAL (TRUST),LIKELY_FINANCIAL_BY_NAME|PARTIAL_DOC_CLASS_III_RECONCILED|ROWS:p2r40,2026-09-03T23:36:48Z,build
43464332,0008526-45.2025.8.17.2001,334279.01,43464332000130|43464332000210,2,E FALENCIA,,,1,FLOOR,1658892fa167d2330f5086c9fbc19999d00549f1,IRON COMEX LTDA - Este documento foi gerado pelo usuário 031.***.***-17 em 10/06/2025 18:21:34,"LONG_CHUNK|ROWS:p5r78,p5r79",2026-09-03T23:36:47Z,build
03732359,0000206-69.2013.8.17.1340,334273.09,03732359000141,1,AGROPECUÁRIA SERROTE REDONDO – LRF Líderes em Recuperação Judicial e Falência,,,1,FLOOR,7c0ce2830d0d7e22653dbd04dbb70cd8440069c6,COOPERATIVA DE CRÉDITO RURAL DO ALTO PAJEU LTDA.,"ALT_VALUE:334.273,09|LIKELY_FINANCIAL_BY_NAME|ROWS:p1r29|VALUE_COL:Valor_Atualizado",2026-09-03T23:36:47Z,build
28809368,0000721-61.2024.8.17.2620,332923.32,28809368000114,1,GRUPO DIVINA INDUSTRIA DE COURO LTDA – LRF Líderes em Recuperação Judicial e Falência,,,1,FLOOR,38f0c15b8a2d8dc124ae88df3b8958088a54cfcc,GJM INDUSTRIA DE COUROS EIRELI,PARTIAL_DOC_CLASS_III_RECONCILED|ROWS:p2r47,2026-09-03T23:36:48Z,build
33918160,0005010-50.2013.8.24.0026,332680.00,33918160000173,1,MANNES LTDA E BM EMPREENDIMENTOS E PARTICIPAÇÕES – Sgrott Administradora Judicial e Consultoria Empresarial,,,1,FLOOR,ea17ba43b2611e60da78d77cd10f534a8d7ffa56,FUNDO DE INVESTIMENTOS EM DIREITOS CREDITÓRIOS - EXODUS III,LIKELY_FINANCIAL_BY_NAME|ROWS:p14r56|UNRECONCILED_SOURCE,2026-09-03T23:36:48Z,build
21421785,5009529-81.2025.8.24.0019,332469.93,21421785000146,1,SCZ Scalzilli Administração Judicial,,,1,FLOOR,2e46411688575df1120bdb73499fa0a31b4d1af8,PERFILAGES COMERCIO VAREJISTA E ATACADISTA DE ALUMINIO LTDA,ROWS:p2r20|UNRECONCILED_SOURCE,2026-09-03T23:36:48Z,build
51536795,0000472-94.2012.5.06.0193,332404.33,51536795000198,1,SCZ Scalzilli Administração Judicial,,,1,FLOOR,24ed98480a572989bb0ce06fbd92e30151b7c249,"Rua Barão do Triunfo, 88, 16º andar, conjunto 1606, São Paulo, SP",ROWS:p72r15|VALUE_COL:Valor_Atualizado,2026-09-03T23:36:47Z,build
60746948,0031120-52.2024.8.16.0017,332298.80,60746948000112,1,"supramencionado, nos autos principais da presente Recuperação Judicia",,,1,FLOOR,200afc9e12c1bc0f1fceba87ce280e371e62aa39,BANCO BRADESCO S.A.,LIKELY_FINANCIAL_BY_NAME|PARTIAL_DOC_CLASS_III_RECONCILED|ROWS:p1r6,2026-09-03T23:36:48Z,build
06222722,0005010-98.2023.8.16.0001,332242.27,06222722000843,1,Marques Administrações Judiciais,,,1,FLOOR,b465a5d11eec7a46656b594fa59c62d80724e0a1,Logika Distribuidora De Cosmeticos Ltda,PARTIAL_DOC_CLASS_III_RECONCILED|ROWS:p28r8,2026-09-03T23:36:48Z,build
75400903,0007565-40.2020.8.17.2370,331696.27,75400903000169,1,e Falência,,,1,FLOOR,849d4fe5adce792f073eb0cbe52a2f1d8075a473,75.400.903/0001-69,ROWS:p16r22,2026-09-03T23:36:48Z,build
04432327,0302174-63.2015.8.24.0025,330759.56,04432327000193,1,CONFECÇÕES ANDRIMALHAS LTDA – Sgrott Administradora Judicial e Consultoria Empresarial,,,1,FLOOR,d403116b357dac27429fe9e2a0634e3c573603e7,"AV MANOEL SIMAO, 810 - BAIRRO DAS NACOES - INDAIAL - SC",PARTIAL_DOC_CLASS_III_RECONCILED|ROWS:p2r17,2026-09-03T23:36:48Z,build
02558157,5012306-16.2022.8.21.0023,330264.64,02558157001720,1,SCZ Scalzilli Administração Judicial,,,1,FLOOR,ebfb999b457caf45140ea7446a22cd3751154eaf,TELEFONICA BRASIL S.A. (,ROWS:p30r13|UNRECONCILED_SOURCE,2026-09-03T23:36:47Z,build
43214055,5341375-33.2026.8.09.0049,329842.98,43214055000107|43214055004013,2,"Grupo 3E, em consolidação substancia",,,1,FLOOR,8e8832093a15aa7f9dc936a37e882fe66a1fe43d,Martins Almais,"ROWS:p15r55,p15r56|UNRECONCILED_SOURCE",2026-09-03T23:36:48Z,build
15419865,0000410-68.2021.8.16.0174,329813.85,15419865000164,1,consonância,,,1,FLOOR,b1a9f73b4c119a16aede49b05ad9f554fb74bc97,Supreme Sociedade e Incorporadora SPE Ltda,PARTIAL_DOC_CLASS_III_RECONCILED|ROWS:p16r2,2026-09-03T23:36:48Z,build
00331788,5012306-16.2022.8.21.0023,329122.66,00331788005269,1,SCZ Scalzilli Administração Judicial,,,1,FLOOR,ebfb999b457caf45140ea7446a22cd3751154eaf,AIR LIQUIDE BRASIL LTDA (,ROWS:p25r45|UNRECONCILED_SOURCE,2026-09-03T23:36:47Z,build
43672716,0002484-82.2022.8.17.2001,328879.90,43672716000814,3,e Falência,,,1,FLOOR,f3b6182e3aa2715450af4d59223acc49f7047632,CAMESA INDUSTRIA TEXTIL LTDA,"PARTIAL_DOC_CLASS_III_RECONCILED|ROWS:p4r59,p7r83,p9r61",2026-09-03T23:36:48Z,build
04647810,0028131-73.2024.8.16.0017,328800.00,04647810000195,1,SCZ Scalzilli Administração Judicial,,,1,FLOOR,70eb7014739f42d09f9b61cd132e98426b0e40f0,AO JUIZ IMPUGNAÇÃO CONTRA A RELAÇÃO DE CREDORES A SEGUIR. AGRÍCOLA URTIGÃO COMÉRCIO REPRESENTAÇÕES E TRANSPORTES SALIENTA QUE OS DOCUMENTOS QUE DERAM ENSEJO AO PRESENTE LTDA (,ROWS:p1r14|UNRECONCILED_SOURCE,2026-09-03T23:36:47Z,build
35820448,0041309-42.2014.8.08.0024,328667.29,35820448001965,1,E FALÊNCIA,,,1,FLOOR,bf96785f7a4e919f76a22ff6fcd899efb24bd2d5,WHITE MARTINS GASES INDUSTRIAIS LTDA,ROWS:p5r24|UNRECONCILED_SOURCE,2026-09-03T23:36:48Z,build
58160789,1001174-80.2024.8.26.0359,328600.00,58160789000128,1,Ativos,,,1,FLOOR,442539f948e05d3b98924984d4ac62e721a54540,"Rua Bernardino de Campos, nº 3.390, Centro, CEP nº 15.015-300, São José do Rio Preto/SP",ROWS:p3r3|UNRECONCILED_SOURCE|VALUE_COL:Valor_Do_Créidto,2026-09-03T23:36:48Z,build
04603630,5341375-33.2026.8.09.0049,327994.40,04603630000373,1,"Grupo 3E, em consolidação substancia",,,1,FLOOR,8e8832093a15aa7f9dc936a37e882fe66a1fe43d,Frigorifico Boi Brasil,ROWS:p13r55|UNRECONCILED_SOURCE,2026-09-03T23:36:48Z,build
12222798,4054599-35.2025.8.26.0100,327670.06,12222798000103,1,Ativos,,,1,FLOOR,2fe04bf4466d0420480f240ab82ca5b210606a24,RUA DOUTOR BACELAR 173 VILA CLEMENTINO 4026000,ROWS:p2r45|UNRECONCILED_SOURCE|VALUE_COL:Valor,2026-09-03T23:36:48Z,build
33173097,0005010-98.2023.8.16.0001,327450.78,33173097000436,1,Marques Administrações Judiciais,,,1,FLOOR,b465a5d11eec7a46656b594fa59c62d80724e0a1,Cellera Farmaceutica S.A.,PARTIAL_DOC_CLASS_III_RECONCILED|ROWS:p23r2,2026-09-03T23:36:48Z,build
02274615,0000472-94.2012.5.06.0193,326730.53,02274615000131,1,SCZ Scalzilli Administração Judicial,,,1,FLOOR,24ed98480a572989bb0ce06fbd92e30151b7c249,"Rua Major Delfino de Paula, 2151, São Francisco Belo Horizonte/MG",ROWS:p63r13|VALUE_COL:Valor_Atualizado,2026-09-03T23:36:47Z,build
02924249,5341375-33.2026.8.09.0049,326527.45,02924249000119,1,"Grupo 3E, em consolidação substancia",,,1,FLOOR,8e8832093a15aa7f9dc936a37e882fe66a1fe43d,Cafe Rancheiro,ROWS:p11r23|UNRECONCILED_SOURCE,2026-09-03T23:36:48Z,build
43718469,0015488-29.2018.8.17.2810,325850.60,43718469000335,1,CENTRO DE TRATAMENTO RENAL ZONA SUL LTDA,,,1,FLOOR,05e15e3ab0973ce0b16c39684020161cc0cb705a,GSI CREOS BRASIL LTDA-REF COMPRA MAQUINA HEMODIALISE,ROWS:p3r24,2026-09-03T23:36:48Z,build
08632394,5014104-85.2021.8.21.0010,325723.67,08632394000102,1,SCZ Scalzilli Administração Judicial,,,1,FLOOR,84c586360a663c7c23a7d5176358d616fe6a93e7,RED - FUNDO DE INVESTIMENTO EM DIREITOS CREDITORIOS MULTISETORIAL LP (,LIKELY_FINANCIAL_BY_NAME|ROWS:p9r13|UNRECONCILED_SOURCE,2026-09-03T23:36:47Z,build
19966141,5008793-34.2023.8.24.0019,325517.44,19966141000191,1,AZEPLAST INDÚSTRIA E COMÉRCIO LTDA,,,1,FLOOR,229081edb0eaccd400fcad129b25a20d453416b7,PRO-COLOR QUIMICA SUL LTDA,PARTIAL_DOC_CLASS_III_RECONCILED|ROWS:p2r7,2026-09-03T23:36:48Z,build
00000000,0000206-69.2013.8.17.1340,324716.74,00000000060844,1,AGROPECUÁRIA SERROTE REDONDO – LRF Líderes em Recuperação Judicial e Falência,,,1,FLOOR,7c0ce2830d0d7e22653dbd04dbb70cd8440069c6,BANCO DO BRASIL S/A,"ALT_VALUE:324.716,74|LIKELY_FINANCIAL_BY_NAME|ROWS:p1r13|VALUE_COL:Valor_Atualizado",2026-09-03T23:36:47Z,build
43342153,0002484-82.2022.8.17.2001,324707.00,43342153000120,3,e Falência,,,1,FLOOR,f3b6182e3aa2715450af4d59223acc49f7047632,TEXMAR CONFECCOES E MALHAS LTDA,"PARTIAL_DOC_CLASS_III_RECONCILED|ROWS:p4r93,p7r124,p9r90",2026-09-03T23:36:48Z,build
07153791,0000472-94.2012.5.06.0193,324549.20,07153791000139,1,SCZ Scalzilli Administração Judicial,,,1,FLOOR,24ed98480a572989bb0ce06fbd92e30151b7c249,"Rua Antero Patricio Silvestre, 58 - bairro: Parque Industrial Lisboa, Campinas/SP",ROWS:p72r7|VALUE_COL:Valor_Atualizado,2026-09-03T23:36:47Z,build
44151413,0000472-94.2012.5.06.0193,322964.99,44151413000142,1,SCZ Scalzilli Administração Judicial,,,1,FLOOR,24ed98480a572989bb0ce06fbd92e30151b7c249,"Avenida Ferraz Alvim, n° 290/446 - Galpões 02 e 03, bairro Casa Grande - Diadema/SP - CEP 09961-550",ROWS:p63r18|VALUE_COL:Valor_Atualizado,2026-09-03T23:36:47Z,build
83201111,0002484-82.2022.8.17.2001,322411.79,83201111000193,3,e Falência,,,1,FLOOR,f3b6182e3aa2715450af4d59223acc49f7047632,MC-JU INDUSTRIA E COMERCIO DE CONFECCOES LTDA,"PARTIAL_DOC_CLASS_III_RECONCILED|ROWS:p4r88,p7r112,p9r85",2026-09-03T23:36:48Z,build
00360305,0016033-22.2025.8.16.0017,322411.47,00360305000104,1,KADIMA EMPREENDIMENTOS subscrevi e assinei. E PARTICIPAÇÕES S.A,,,1,FLOOR,fcb10a251582ff4fff1b8864bf38719cc11c0e03,Caixa Econômica Federal,LIKELY_FINANCIAL_BY_NAME|ROWS:p4r5,2026-09-03T23:36:48Z,build
08934225,0007565-40.2020.8.17.2370,321724.20,08934225000127,1,e Falência,,,1,FLOOR,849d4fe5adce792f073eb0cbe52a2f1d8075a473,08.934.225/0001-27,ROWS:p17r9,2026-09-03T23:36:48Z,build
41182665,5057720-48.2025.8.24.0023,321452.22,41182665000140,1,Grupo Rech | Administração Judicial - Credibilità,,,1,FLOOR,cf92cff797d25108be0439a46ee6864d615a1be4,NÃO,ROWS:p1r2|UNRECONCILED_SOURCE|VALUE_COL:Valor_Após_Analise,2026-09-03T23:36:48Z,build
82270281,5011460-87.2023.8.24.0020,321041.01,82270281000167,1,TOP TEXTIL EMBALAGENS LTDA,,,1,FLOOR,741aed48dd004485cbfaf3bc50def81229cab4e3,POLIJUTA INDUSTRIA E COMERCIO DE EMBALAGENS LTDA,ROWS:p3r4|UNRECONCILED_SOURCE,2026-09-03T23:36:47Z,build
46495282,5057720-48.2025.8.24.0023,320280.42,46495282000146,1,Grupo Rech | Administração Judicial - Credibilità,,,1,FLOOR,cf92cff797d25108be0439a46ee6864d615a1be4,SIM,ROWS:p1r25|UNRECONCILED_SOURCE|VALUE_COL:Valor_Após_Analise,2026-09-03T23:36:48Z,build
61773646,5341375-33.2026.8.09.0049,319660.20,61773646000104,1,"Grupo 3E, em consolidação substancia",,,1,FLOOR,8e8832093a15aa7f9dc936a37e882fe66a1fe43d,Graxaria Bem Bom,ROWS:p14r19|UNRECONCILED_SOURCE,2026-09-03T23:36:48Z,build
70494828,5341375-33.2026.8.09.0049,318000.00,70494828001109,1,"Grupo 3E, em consolidação substancia",,,1,FLOOR,8e8832093a15aa7f9dc936a37e882fe66a1fe43d,Delicious Fish Agroind. e Com. De Pescados Ltda,ROWS:p12r30|UNRECONCILED_SOURCE,2026-09-03T23:36:48Z,build
04422548,0020255-24.2020.5.04.0104,316198.79,04422548000180|04422548000504,2,Base | AJ RUIZ - Administração Judicial,,,1,FLOOR,2407a56c35028c413305535a1dd008db0d00dcd7,"ROD RAPOSO TAVARES, S/N KM 104 PARTE - SOROCABA-SP - CEP 18025-171","ROWS:p3r24,p3r25",2026-09-03T23:36:48Z,build
32904168,0002484-82.2022.8.17.2001,315495.92,32904168000207,2,e Falência,,,1,FLOOR,f3b6182e3aa2715450af4d59223acc49f7047632,CONSORCIO VALORGÁS ENERGIA SUSTENTÁVEL PE I,"LIKELY_FINANCIAL_BY_NAME|PARTIAL_DOC_CLASS_III_RECONCILED|ROWS:p4r66,p7r91",2026-09-03T23:36:48Z,build
50378389,5057720-48.2025.8.24.0023,314029.75,50378389000181,1,Grupo Rech | Administração Judicial - Credibilità,,,1,FLOOR,cf92cff797d25108be0439a46ee6864d615a1be4,SIM,ROWS:p2r3|UNRECONCILED_SOURCE|VALUE_COL:Valor_Após_Analise,2026-09-03T23:36:48Z,build
60746948,0003971-03.2023.8.16.0119,313593.84,60746948000112,1,Marques Administrações Judiciais,,,1,FLOOR,1209dafe77b7708945a17e0f6d11db9b41daea47,Banco Bradesco S.A,LIKELY_FINANCIAL_BY_NAME|PARTIAL_DOC_CLASS_III_RECONCILED|ROWS:p9r16,2026-09-03T23:36:48Z,build
08228146,0000472-94.2012.5.06.0193,311892.18,08228146000109,2,SCZ Scalzilli Administração Judicial,,,1,FLOOR,24ed98480a572989bb0ce06fbd92e30151b7c249,"Estrada dos Remédios, 1700, bloco c, Ilha do Retiro, Recife/PE","ROWS:p69r5,p69r6|VALUE_COL:Valor_Atualizado",2026-09-03T23:36:47Z,build
49644505,5009529-81.2025.8.24.0019,311424.00,49644505000188,1,SCZ Scalzilli Administração Judicial,,,1,FLOOR,2e46411688575df1120bdb73499fa0a31b4d1af8,DALMOLIN ARQUITETURA E CONSTRUÇÃO,"ROWS:p1r41|UNRECONCILED_SOURCE|VALUE_COL:Valor_(Art._7º,_§2º)",2026-09-03T23:36:48Z,build
00360305,1009827-02.2024.8.26.0576,310918.57,00360305000104,1,formuladopelasempresa,,,1,FLOOR,89671ae49d87f89fdf44efa9c5b9c668ed4162a1,Caixa Economica Federal,"ALT_VALUE:310.918,57|LIKELY_FINANCIAL_BY_NAME|ROWS:p1r16",2026-09-03T23:36:48Z,build
01911761,5009149-92.2024.8.24.0019,310314.83,01911761000320,1,e de Falência,,,1,FLOOR,a62ac8ee04589de01e4daef8a199cd9a9df4a91e,2.20NATIVA PRODUTOS AGRICOLAS LTDA,ROWS:p1r26|UNRECONCILED_SOURCE,2026-09-03T23:36:48Z,build
16620321,0011283-80.2023.8.17.2001,310000.00,16620321000129,1,Náutico - Página — Lindoso e Araujo,,,1,FLOOR,677be5783c06848acb5f46b0d8db0aea7876624a,"ALBUQUERQUE SOCCER ATIVIDADES ESPORTIVAS LTDA, CPF/CNPJ Nº",PARTIAL_DOC_CLASS_III_RECONCILED|ROWS:p11r61,2026-09-03T23:36:47Z,build
33647553,0820780-23.2026.8.14.0301,309484.78,33647553000190,1,e mpresa,,,1,FLOOR,38d930ab1caa2c9562c2171db6bb7801de1f28e5,FLUMINENSE FOOTBA LL CLUB,PARTIAL_DOC_CLASS_III_RECONCILED|ROWS:p3r19,2026-09-03T23:36:47Z,build
12749549,5014104-85.2021.8.21.0010,309000.00,12749549000162,1,SCZ Scalzilli Administração Judicial,,,1,FLOOR,84c586360a663c7c23a7d5176358d616fe6a93e7,MTC INCORPORAÇÕES IMOBILIARIAS LTDA. (,ROWS:p8r26|UNRECONCILED_SOURCE,2026-09-03T23:36:47Z,build
56228356,5341375-33.2026.8.09.0049,308761.42,56228356018006,1,"Grupo 3E, em consolidação substancia",,,1,FLOOR,8e8832093a15aa7f9dc936a37e882fe66a1fe43d,Ambev,ROWS:p9r31|UNRECONCILED_SOURCE,2026-09-03T23:36:48Z,build
09301100,0000472-94.2012.5.06.0193,308220.39,09301100000122,1,SCZ Scalzilli Administração Judicial,,,1,FLOOR,24ed98480a572989bb0ce06fbd92e30151b7c249,Av. José Paulino nº 1784 1º Piso - Nova Paulínia - Paulínia /SP CEP: 13140-000,ROWS:p63r10|VALUE_COL:Valor_Atualizado,2026-09-03T23:36:47Z,build
20520367,0007565-40.2020.8.17.2370,308189.05,20520367000224,1,e Falência,,,1,FLOOR,849d4fe5adce792f073eb0cbe52a2f1d8075a473,20.520.367/0002-24,ROWS:p16r13,2026-09-03T23:36:48Z,build
05603186,0011283-80.2023.8.17.2001,307262.69,05603186000197,1,Náutico - Página — Lindoso e Araujo,,,1,FLOOR,677be5783c06848acb5f46b0d8db0aea7876624a,"MEGATEAM CONSULTORIA LTDA, CPF/CNPJ Nº",PARTIAL_DOC_CLASS_III_RECONCILED|ROWS:p12r33,2026-09-03T23:36:47Z,build
02905110,0041309-42.2014.8.08.0024,306115.81,02905110002252,1,E FALÊNCIA,,,1,FLOOR,bf96785f7a4e919f76a22ff6fcd899efb24bd2d5,GR SERVICOS E ALIMENTACAO LTDA,ROWS:p4r16|UNRECONCILED_SOURCE,2026-09-03T23:36:48Z,build
33150053,5014104-85.2021.8.21.0010,303544.67,33150053000652,1,SCZ Scalzilli Administração Judicial,,,1,FLOOR,84c586360a663c7c23a7d5176358d616fe6a93e7,ACO INOXIDAVEL ARTEX LTDA (,ROWS:p5r18|UNRECONCILED_SOURCE,2026-09-03T23:36:47Z,build
27695272,5014104-85.2021.8.21.0010,303480.05,27695272000100,1,SCZ Scalzilli Administração Judicial,,,1,FLOOR,84c586360a663c7c23a7d5176358d616fe6a93e7,BPLACE SECURITIZADORA S.A. (,LIKELY_FINANCIAL_BY_NAME|ROWS:p6r4|UNRECONCILED_SOURCE,2026-09-03T23:36:47Z,build
05040481,0822279-56.2026.8.15.2001,302609.01,05040481000182,1,DIAGSON DIAGNOSTICO EM ULTRA SONOGRAFIA MED FETAL LTDA – EPP – LRF Líderes em Recuperação Judicial e Falência,,,1,FLOOR,088be5223af3f8c9fa20abea588d45b3da85a782,BANCO DE LAGE LANDEN BRASIL S.A,LIKELY_FINANCIAL_BY_NAME|PARTIAL_DOC_CLASS_III_RECONCILED|ROWS:p2r39,2026-09-03T23:36:48Z,build
10758022,0007565-40.2020.8.17.2370,301720.99,10758022000179,1,e Falência,,,1,FLOOR,849d4fe5adce792f073eb0cbe52a2f1d8075a473,10.758.022/0001-79,ROWS:p15r51,2026-09-03T23:36:48Z,build
01644931,5341375-33.2026.8.09.0049,301633.90,01644931000608,1,"Grupo 3E, em consolidação substancia",,,1,FLOOR,8e8832093a15aa7f9dc936a37e882fe66a1fe43d,Atacado Eldorado,ROWS:p10r15|UNRECONCILED_SOURCE,2026-09-03T23:36:48Z,build
07174869,5057720-48.2025.8.24.0023,301076.07,07174869000100,1,Grupo Rech | Administração Judicial - Credibilità,,,1,FLOOR,cf92cff797d25108be0439a46ee6864d615a1be4,NÃO,ROWS:p1r24|UNRECONCILED_SOURCE|VALUE_COL:Valor_Após_Analise,2026-09-03T23:36:48Z,build
11491061,0003971-03.2023.8.16.0119,301000.00,11491061000115,1,Marques Administrações Judiciais,,,1,FLOOR,1209dafe77b7708945a17e0f6d11db9b41daea47,Fundo De Investimento Em Direitos Creditorios - Não Padronizados Daniele,LIKELY_FINANCIAL_BY_NAME|PARTIAL_DOC_CLASS_III_RECONCILED|ROWS:p11r8,2026-09-03T23:36:48Z,build
11324540,0007565-40.2020.8.17.2370,300559.34,11324540000147,1,e Falência,,,1,FLOOR,849d4fe5adce792f073eb0cbe52a2f1d8075a473,11.324.540/0001-47,ROWS:p16r1,2026-09-03T23:36:48Z,build
03645772,0002484-82.2022.8.17.2001,300283.06,03645772000179,1,e Falência,,,1,FLOOR,f3b6182e3aa2715450af4d59223acc49f7047632,CONDUCTOR TECNOLOGIA S.A,PARTIAL_DOC_CLASS_III_RECONCILED|ROWS:p7r85,2026-09-03T23:36:48Z,build
92185008,5011460-87.2023.8.24.0020,299861.90,92185008000198,1,TOP TEXTIL EMBALAGENS LTDA,,,1,FLOOR,741aed48dd004485cbfaf3bc50def81229cab4e3,EST MAURICIO CARDOSO (RSC 287 -240),ROWS:p2r36|UNRECONCILED_SOURCE,2026-09-03T23:36:47Z,build
60746948,0801893-91.2016.8.12.0011,299688.41,60746948000112,2,empresa,,,1,FLOOR,cdf3c4d148612ed9b19eac98db005936ae57d4cb,"Rua Barão do Rio Branco, n. 1541, Centro, Campo Grande/MS","ALT_VALUE:R$1.198,99|ALT_VALUE:R$298.489,42|ROWS:p13r13,p13r15|UNRECONCILED_SOURCE",2026-09-03T23:36:48Z,build
84046101,0801893-91.2016.8.12.0011,295774.65,84046101013503,1,empresa,,,1,FLOOR,cdf3c4d148612ed9b19eac98db005936ae57d4cb,"Rod BR-163, 548 - km-548, Zona Rural, São Gabriel D'Oeste - MS - CEP: 79490-000","ALT_VALUE:***|ALT_VALUE:R$700.000,00|ROWS:p13r14|UNRECONCILED_SOURCE",2026-09-03T23:36:48Z,build
04281182,5012295-78.2023.8.24.0019,295395.13,04281182000177,1,GAMAC IMPORTACAO E EXPORTACAO LTDA,,,1,FLOOR,a57b29e07c6d192ccae2476fff8fe9a49e8ed40d,COOPERATIVA DE CREDITO E ECONOMIA COM INTERACAO SOLIDARIA DE CHAPECO - CRESOL CHAPECO (,LIKELY_FINANCIAL_BY_NAME|ROWS:p2r3|UNRECONCILED_SOURCE,2026-09-03T23:36:47Z,build
20057764,0000721-61.2024.8.17.2620,293905.93,20057764000120,1,GRUPO DIVINA INDUSTRIA DE COURO LTDA – LRF Líderes em Recuperação Judicial e Falência,,,1,FLOOR,38f0c15b8a2d8dc124ae88df3b8958088a54cfcc,HARPIA FUNDO DE INVESTIMENTO EM DIREITOS CREDITORIOS (A,LIKELY_FINANCIAL_BY_NAME|PARTIAL_DOC_CLASS_III_RECONCILED|ROWS:p2r49,2026-09-03T23:36:48Z,build
28517628,0000721-61.2024.8.17.2620,293344.31,28517628000188,1,GRUPO DIVINA INDUSTRIA DE COURO LTDA – LRF Líderes em Recuperação Judicial e Falência,,,1,FLOOR,38f0c15b8a2d8dc124ae88df3b8958088a54cfcc,PACCAR FINANCIAL,PARTIAL_DOC_CLASS_III_RECONCILED|ROWS:p2r68,2026-09-03T23:36:48Z,build
60933017,0000472-94.2012.5.06.0193,291540.68,60933017000123,2,SCZ Scalzilli Administração Judicial,,,1,FLOOR,24ed98480a572989bb0ce06fbd92e30151b7c249,"Avenida Onze de Junho, n° 476, Vila Mariana, São Paulo/SP","ROWS:p74r3,p74r4|VALUE_COL:Valor_Atualizado",2026-09-03T23:36:47Z,build
92306257,0041309-42.2014.8.08.0024,290787.94,92306257000194,1,E FALÊNCIA,,,1,FLOOR,bf96785f7a4e919f76a22ff6fcd899efb24bd2d5,MV INFORMÁTICA NORDESTE LTDA.,ROWS:p5r3|UNRECONCILED_SOURCE,2026-09-03T23:36:48Z,build
04463602,1009827-02.2024.8.26.0576,289547.95,04463602000136,1,formuladopelasempresa,,,1,FLOOR,89671ae49d87f89fdf44efa9c5b9c668ed4162a1,"Cooperativa de Crédito, Poupança e Investimento da Região Centro Oeste Paulista - Sicredi Centro Oeste Paulista",LIKELY_FINANCIAL_BY_NAME|ROWS:p1r19,2026-09-03T23:36:48Z,build
01144076,0000472-94.2012.5.06.0193,288822.70,01144076000153,1,SCZ Scalzilli Administração Judicial,,,1,FLOOR,24ed98480a572989bb0ce06fbd92e30151b7c249,"Rua Mathilde Ferrari Marçon, 686, Dois Casas, São Bernardo do Campo/SP",ROWS:p69r8|VALUE_COL:Valor_Atualizado,2026-09-03T23:36:47Z,build
07808907,0037411-27.2022.8.16.0021,288724.80,07808907000120,1,"APRESENTADO PELA RECUPERANDA, NA FORMA Distribuidora S.A",,,1,FLOOR,437e79745649ebc229e33ceff1017c077113003a,Soldamaq Comercio de Ferramentas Sicredi LTDA (CNPJ nº,LIKELY_FINANCIAL_BY_NAME|ROWS:p1r21|UNRECONCILED_SOURCE,2026-09-03T23:36:48Z,build
49870173,0005010-50.2013.8.24.0026,288472.70,49870173000230,1,MANNES LTDA E BM EMPREENDIMENTOS E PARTICIPAÇÕES – Sgrott Administradora Judicial e Consultoria Empresarial,,,1,FLOOR,ea17ba43b2611e60da78d77cd10f534a8d7ffa56,TEXTIL J SERRANO LTDA,ROWS:p18r63|UNRECONCILED_SOURCE,2026-09-03T23:36:48Z,build
24649441,0002484-82.2022.8.17.2001,288256.26,24649441000187,1,e Falência,,,1,FLOOR,f3b6182e3aa2715450af4d59223acc49f7047632,AXM ADMINISTRACAO E PARTICIPACOES LTDA,PARTIAL_DOC_CLASS_III_RECONCILED|ROWS:p4r54,2026-09-03T23:36:48Z,build
24221282,0002484-82.2022.8.17.2001,288256.26,24221282000115,1,e Falência,,,1,FLOOR,f3b6182e3aa2715450af4d59223acc49f7047632,GG ADMINISTRADORA DE BENS S/A,PARTIAL_DOC_CLASS_III_RECONCILED|ROWS:p4r75,2026-09-03T23:36:48Z,build
40887879,0007565-40.2020.8.17.2370,287455.47,40887879000150,1,e Falência,,,1,FLOOR,849d4fe5adce792f073eb0cbe52a2f1d8075a473,40.887.879/0001-50,ROWS:p16r14,2026-09-03T23:36:48Z,build
05052443,0000206-69.2013.8.17.1340,286961.94,05052443000140,1,AGROPECUÁRIA SERROTE REDONDO – LRF Líderes em Recuperação Judicial e Falência,,,1,FLOOR,7c0ce2830d0d7e22653dbd04dbb70cd8440069c6,PLASKEM EMBALAGENS LTDA,"ALT_VALUE:286.961,94|ROWS:p3r15",2026-09-03T23:36:47Z,build
47180625,5011369-81.2026.8.09.0093,286835.99,47180625005881,1,SCZ Scalzilli Administração Judicial,,,1,FLOOR,c536a2fa4da39efaa9c4b859cacb48e293873548,"Av. Eurípedes Menezes, S/N, Qd. 004, Lt. 002, Armz. 1K, Parque Industrial Aparecida Vice-Presidente José D., CEP 74993-540, em Aparecida de Goiânia - GO.",ROWS:p4r10|UNRECONCILED_SOURCE,2026-09-03T23:36:47Z,build
12093804,0008526-45.2025.8.17.2001,286765.70,12093804000161,1,E FALENCIA,,,1,FLOOR,1658892fa167d2330f5086c9fbc19999d00549f1,CAPITAL ANNEX FUNDO DE INVESTIMENTO EM DIREITOS CREDITORIOS MULTISSETORIAL,LIKELY_FINANCIAL_BY_NAME|ROWS:p5r68,2026-09-03T23:36:47Z,build
03413865,0005010-50.2013.8.24.0026,285719.32,03413865000178,1,MANNES LTDA E BM EMPREENDIMENTOS E PARTICIPAÇÕES – Sgrott Administradora Judicial e Consultoria Empresarial,,,1,FLOOR,ea17ba43b2611e60da78d77cd10f534a8d7ffa56,QUINTAL TEXTIL AMERICANA LTDA.,ROWS:p17r53|UNRECONCILED_SOURCE,2026-09-03T23:36:48Z,build
20203358,0002484-82.2022.8.17.2001,284189.67,20203358000129,2,e Falência,,,1,FLOOR,f3b6182e3aa2715450af4d59223acc49f7047632,ALIRIO COMERCIO DE CONFECCOES EIRELI,"PARTIAL_DOC_CLASS_III_RECONCILED|ROWS:p7r70,p9r53",2026-09-03T23:36:48Z,build
33254319,0000721-61.2024.8.17.2620,283611.42,33254319000100,1,GRUPO DIVINA INDUSTRIA DE COURO LTDA – LRF Líderes em Recuperação Judicial e Falência,,,1,FLOOR,38f0c15b8a2d8dc124ae88df3b8958088a54cfcc,SERRANA FINANCIAMENTO - BANCO LOSANGO,LIKELY_FINANCIAL_BY_NAME|PARTIAL_DOC_CLASS_III_RECONCILED|ROWS:p2r78,2026-09-03T23:36:48Z,build
90108283,5012306-16.2022.8.21.0023,283293.50,90108283000182,1,SCZ Scalzilli Administração Judicial,,,1,FLOOR,ebfb999b457caf45140ea7446a22cd3751154eaf,CONTATTI COMERCIO E REPRESENTA (,ROWS:p26r46|UNRECONCILED_SOURCE,2026-09-03T23:36:47Z,build
11516792,0804401-51.2025.8.14.0039,282047.00,11516792000178,1,SOJAL COMERCIA,,,1,FLOOR,c56751547323616443dc07ccc6d6c553539dec25,BRANDT SOLUCOES EM AGRICULTURA LTDA,ROWS:p1r7,2026-09-03T23:36:47Z,build
86559960,0000472-94.2012.5.06.0193,280030.53,86559960000101,1,SCZ Scalzilli Administração Judicial,,,1,FLOOR,24ed98480a572989bb0ce06fbd92e30151b7c249,"Avenida Nenê Sabino, 1.900, Bairro Olinda, CEP 38.050-501",ROWS:p72r3|VALUE_COL:Valor_Atualizado,2026-09-03T23:36:47Z,build
08627082,0002484-82.2022.8.17.2001,280000.00,08627082000100,2,e Falência,,,1,FLOOR,f3b6182e3aa2715450af4d59223acc49f7047632,DANTAS CONFECCOES E COMERCIO LTDA,"PARTIAL_DOC_CLASS_III_RECONCILED|ROWS:p4r67,p9r67",2026-09-03T23:36:48Z,build
04230984,0005010-50.2013.8.24.0026,279092.97,04230984000158,1,MANNES LTDA E BM EMPREENDIMENTOS E PARTICIPAÇÕES – Sgrott Administradora Judicial e Consultoria Empresarial,,,1,FLOOR,ea17ba43b2611e60da78d77cd10f534a8d7ffa56,STARSPRINGS DO BRASIL LTDA.,ROWS:p18r45|UNRECONCILED_SOURCE,2026-09-03T23:36:48Z,build
54516661,5012306-16.2022.8.21.0023,278216.77,54516661002732|54516661006800,2,SCZ Scalzilli Administração Judicial,,,1,FLOOR,ebfb999b457caf45140ea7446a22cd3751154eaf,JOHNSON & JOHNSON BRA IND.COM. (,"ROWS:p28r19,p28r20|UNRECONCILED_SOURCE",2026-09-03T23:36:47Z,build
02212918,5341375-33.2026.8.09.0049,277586.31,02212918000120,1,"Grupo 3E, em consolidação substancia",,,1,FLOOR,8e8832093a15aa7f9dc936a37e882fe66a1fe43d,Belcar,ROWS:p10r49|UNRECONCILED_SOURCE,2026-09-03T23:36:48Z,build
79460192,0007565-40.2020.8.17.2370,277283.04,79460192000179,1,e Falência,,,1,FLOOR,849d4fe5adce792f073eb0cbe52a2f1d8075a473,79.460.192/0001-79,ROWS:p16r5,2026-09-03T23:36:48Z,build
34337707,0000721-61.2024.8.17.2620,275989.58,34337707000100,1,GRUPO DIVINA INDUSTRIA DE COURO LTDA – LRF Líderes em Recuperação Judicial e Falência,,,1,FLOOR,38f0c15b8a2d8dc124ae88df3b8958088a54cfcc,BMP MONEY PLUS SOCIEDADE DE CRÉDITO DIRETO S/A,PARTIAL_DOC_CLASS_III_RECONCILED|ROWS:p2r21,2026-09-03T23:36:48Z,build
34548181,5014104-85.2021.8.21.0010,275417.56,34548181000107,1,SCZ Scalzilli Administração Judicial,,,1,FLOOR,84c586360a663c7c23a7d5176358d616fe6a93e7,LUGUS SECURITIZADORA S/A (,LIKELY_FINANCIAL_BY_NAME|ROWS:p8r8|UNRECONCILED_SOURCE,2026-09-03T23:36:47Z,build
31216519,0005010-98.2023.8.16.0001,275065.04,31216519000135,1,Marques Administrações Judiciais,,,1,FLOOR,b465a5d11eec7a46656b594fa59c62d80724e0a1,Fundo de Investimento em Direitos Creditórios XPCE Crédito Middle,LIKELY_FINANCIAL_BY_NAME|PARTIAL_DOC_CLASS_III_RECONCILED|ROWS:p25r12,2026-09-03T23:36:48Z,build
20791371,0804401-51.2025.8.14.0039,273047.11,20791371000146,1,SOJAL COMERCIA,,,1,FLOOR,c56751547323616443dc07ccc6d6c553539dec25,LS INTERBANK FUNDO DE INVESTIMENTO EM DI,LIKELY_FINANCIAL_BY_NAME|ROWS:p2r3,2026-09-03T23:36:47Z,build
03946067,0031120-52.2024.8.16.0017,271698.94,03946067001345,1,"supramencionado, nos autos principais da presente Recuperação Judicia",,,1,FLOOR,200afc9e12c1bc0f1fceba87ce280e371e62aa39,GDM SEMENTES LTDA,PARTIAL_DOC_CLASS_III_RECONCILED|ROWS:p1r10,2026-09-03T23:36:48Z,build
04196935,0007565-40.2020.8.17.2370,271484.12,04196935000812,1,e Falência,,,1,FLOOR,849d4fe5adce792f073eb0cbe52a2f1d8075a473,04.196.935/0008-12,ROWS:p15r48,2026-09-03T23:36:48Z,build
51186412,4054599-35.2025.8.26.0100,269991.10,51186412000107,1,Ativos,,,1,FLOOR,2fe04bf4466d0420480f240ab82ca5b210606a24,"RUA LINO COUTINHO, NR 75, APT 62, BL 01 - IPIRANGA - CEP 04207-000",ROWS:p4r20|UNRECONCILED_SOURCE,2026-09-03T23:36:48Z,build
84683408,0005010-50.2013.8.24.0026,268521.81,84683408000103,1,MANNES LTDA E BM EMPREENDIMENTOS E PARTICIPAÇÕES – Sgrott Administradora Judicial e Consultoria Empresarial,,,1,FLOOR,ea17ba43b2611e60da78d77cd10f534a8d7ffa56,DOHLER S/A.,ROWS:p14r8|UNRECONCILED_SOURCE,2026-09-03T23:36:48Z,build
02709992,5341375-33.2026.8.09.0049,268352.18,02709992000156,1,"Grupo 3E, em consolidação substancia",,,1,FLOOR,8e8832093a15aa7f9dc936a37e882fe66a1fe43d,Cristal Alimentos,ROWS:p12r19|UNRECONCILED_SOURCE,2026-09-03T23:36:48Z,build
10925045,0829315-43.2023.8.15.0001,267635.55,10925045000120,1,"consta no Doc 04 aqui acostado, servindo a Rua Padre Carapuceiro, 706, Empresa",,,1,FLOOR,47e92e4db6f8d9b004d158805b0150b0d5f22a9e,OPTIMUM CONSULTORIA EM GESTAO PUBLICA LTDA,ROWS:p3r19,2026-09-03T23:36:47Z,build
07906625,0000721-61.2024.8.17.2620,266462.06,07906625000166,1,GRUPO DIVINA INDUSTRIA DE COURO LTDA – LRF Líderes em Recuperação Judicial e Falência,,,1,FLOOR,38f0c15b8a2d8dc124ae88df3b8958088a54cfcc,FAN SECURITIZADORA S/A (IGUANA),LIKELY_FINANCIAL_BY_NAME|PARTIAL_DOC_CLASS_III_RECONCILED|ROWS:p2r38,2026-09-03T23:36:48Z,build
07478963,0000472-94.2012.5.06.0193,265611.35,07478963000144,1,SCZ Scalzilli Administração Judicial,,,1,FLOOR,24ed98480a572989bb0ce06fbd92e30151b7c249,"Rodovia PA 481, Km 11, S/N, Trevo do Peteca, Distrito de Murucupi, CEP 68448-000, Barcarena (PA)",ROWS:p65r10|VALUE_COL:Valor_Atualizado,2026-09-03T23:36:47Z,build
02676351,5011369-81.2026.8.09.0093,264931.98,02676351000142,1,SCZ Scalzilli Administração Judicial,,,1,FLOOR,c536a2fa4da39efaa9c4b859cacb48e293873548,"Av. Presidente Vargas, nº 1381, Setor Central, CEP 75901-040, em Rio Verde - GO.",ROWS:p2r4|UNRECONCILED_SOURCE,2026-09-03T23:36:47Z,build
12656690,0032731-52.2010.8.17.0001,264882.79,12656690000110,1,E FALENCIA,,,1,FLOOR,bf3c4e448c3e0499bc7b3b13b6efa1d1598d598a,0007384-80.2011.8.17.0001,ROWS:p8r5|UNRECONCILED_SOURCE|VALUE_COL:Crédito_1ª_Lista,2026-09-03T23:36:47Z,build
34816202,5014104-85.2021.8.21.0010,264374.51,34816202000128,1,SCZ Scalzilli Administração Judicial,,,1,FLOOR,84c586360a663c7c23a7d5176358d616fe6a93e7,M&T CAPITAL SECURITIZADORA S/A (FIDEM BANK) (,LIKELY_FINANCIAL_BY_NAME|ROWS:p8r11|UNRECONCILED_SOURCE,2026-09-03T23:36:47Z,build
05489186,0000472-94.2012.5.06.0193,263798.54,05489186000108,1,SCZ Scalzilli Administração Judicial,,,1,FLOOR,24ed98480a572989bb0ce06fbd92e30151b7c249,"Rua Rio de Janeiro, Nº 200, Bairro: Centro, Betim/MG, CEP: 32600-304",ROWS:p74r8|VALUE_COL:Valor_Atualizado,2026-09-03T23:36:47Z,build
28195667,5012743-51.2023.8.24.0019,263557.92,28195667000106,1,Alto Uruguai Indústria e Comércio de Óleos Ltda,,,1,FLOOR,75336e98f447837fcdb5e795c7aa49c9bea54c52,BLACKPARTNERS MIRUNA FUNDO DE INVESTIMENTO EM DIREITOS CREDITÓRIOS NÃO PADRONIZADOS,LIKELY_FINANCIAL_BY_NAME|ROWS:p1r11|VALUE_COL:Valor_Do_Crédito,2026-09-03T23:36:48Z,build
50221019,5341375-33.2026.8.09.0049,263157.28,50221019001370,1,"Grupo 3E, em consolidação substancia",,,1,FLOOR,8e8832093a15aa7f9dc936a37e882fe66a1fe43d,Heineken Brasil,ROWS:p14r35|UNRECONCILED_SOURCE,2026-09-03T23:36:48Z,build
12556552,0000472-94.2012.5.06.0193,263109.18,12556552000160,1,SCZ Scalzilli Administração Judicial,,,1,FLOOR,24ed98480a572989bb0ce06fbd92e30151b7c249,"Rua Coronel Antonio Ricardo dos Santos, 1201, Vila Hauer, Curitiba/PR",ROWS:p66r12|VALUE_COL:Valor_Atualizado,2026-09-03T23:36:47Z,build
41767148,4039082-53.2026.8.26.0100,262507.95,41767148000133,1,Ativos,,,1,FLOOR,780bb17a2618822d420f15fecc55c95208f2d55e,"Av. Doutor Luiz Mendes Almeida, 1883 – Vila Espirito Santo – Sorocaba – SP",ROWS:p2r19|UNRECONCILED_SOURCE|VALUE_COL:Valor,2026-09-03T23:36:48Z,build
05701847,0005010-50.2013.8.24.0026,262038.21,05701847000117,1,MANNES LTDA E BM EMPREENDIMENTOS E PARTICIPAÇÕES – Sgrott Administradora Judicial e Consultoria Empresarial,,,1,FLOOR,ea17ba43b2611e60da78d77cd10f534a8d7ffa56,MOMENTIVE PERFORMANCE MATERIALS INC,ROWS:p17r2|UNRECONCILED_SOURCE,2026-09-03T23:36:48Z,build
01257995,5341375-33.2026.8.09.0049,261853.71,01257995000133|01257995000800,2,"Grupo 3E, em consolidação substancia",,,1,FLOOR,8e8832093a15aa7f9dc936a37e882fe66a1fe43d,Italac Frios,"ROWS:p14r60,p14r61|UNRECONCILED_SOURCE",2026-09-03T23:36:48Z,build
16820052,5341375-33.2026.8.09.0049,260820.70,16820052001540,1,"Grupo 3E, em consolidação substancia",,,1,FLOOR,8e8832093a15aa7f9dc936a37e882fe66a1fe43d,Mataboi,ROWS:p15r58|UNRECONCILED_SOURCE,2026-09-03T23:36:48Z,build
05113942,5012306-16.2022.8.21.0023,260799.62,05113942000108,1,SCZ Scalzilli Administração Judicial,,,1,FLOOR,ebfb999b457caf45140ea7446a22cd3751154eaf,SALUX- INFORMATIZACAO SAUDE-EIR (,ROWS:p29r43|UNRECONCILED_SOURCE,2026-09-03T23:36:47Z,build
04868412,0003971-03.2023.8.16.0119,260175.73,04868412000603,1,Marques Administrações Judiciais,,,1,FLOOR,1209dafe77b7708945a17e0f6d11db9b41daea47,Auto Posto Pra Frente Brasil Ltda,PARTIAL_DOC_CLASS_III_RECONCILED|ROWS:p9r12,2026-09-03T23:36:48Z,build
20750654,5341375-33.2026.8.09.0049,260082.71,20750654000140,1,"Grupo 3E, em consolidação substancia",,,1,FLOOR,8e8832093a15aa7f9dc936a37e882fe66a1fe43d,Disdal - Goias Distribuidora De Alimentos Ltda.,ROWS:p12r41|UNRECONCILED_SOURCE,2026-09-03T23:36:48Z,build
47254545,0002484-82.2022.8.17.2001,259498.98,47254545000198,3,e Falência,,,1,FLOOR,f3b6182e3aa2715450af4d59223acc49f7047632,SELENE INDUSTRIA TEXTIL S A,"PARTIAL_DOC_CLASS_III_RECONCILED|ROWS:p4r90,p7r120,p9r89",2026-09-03T23:36:48Z,build
04214651,0005010-50.2013.8.24.0026,258953.37,04214651000305,1,MANNES LTDA E BM EMPREENDIMENTOS E PARTICIPAÇÕES – Sgrott Administradora Judicial e Consultoria Empresarial,,,1,FLOOR,ea17ba43b2611e60da78d77cd10f534a8d7ffa56,PACKDUQUE IND.DE PLÁSTICOS LTDA.,ROWS:p17r30|UNRECONCILED_SOURCE,2026-09-03T23:36:48Z,build
17184037,0302174-63.2015.8.24.0025,258786.52,17184037000110,1,CONFECÇÕES ANDRIMALHAS LTDA – Sgrott Administradora Judicial e Consultoria Empresarial,,,1,FLOOR,d403116b357dac27429fe9e2a0634e3c573603e7,"RUA RIO DE JANEIRO, 654, CENTRO - BELO HORIZONTE - MG",PARTIAL_DOC_CLASS_III_RECONCILED|ROWS:p1r37|VALUE_COL:Valores,2026-09-03T23:36:48Z,build
51473709,4054599-35.2025.8.26.0100,258139.20,51473709000145,1,Ativos,,,1,FLOOR,2fe04bf4466d0420480f240ab82ca5b210606a24,"RUA CISPLATINA, 178 BL A APT 181 - IPIRANGA - CEP 04211-040",ROWS:p3r49|UNRECONCILED_SOURCE,2026-09-03T23:36:48Z,build
18773359,0003971-03.2023.8.16.0119,257434.50,18773359000167,1,Marques Administrações Judiciais,,,1,FLOOR,1209dafe77b7708945a17e0f6d11db9b41daea47,Agrobrasilchemical Industria E Comercio Ltda,PARTIAL_DOC_CLASS_III_RECONCILED|ROWS:p9r3,2026-09-03T23:36:48Z,build
12863297,5008793-34.2023.8.24.0019,256557.88,12863297000106,1,AZEPLAST INDÚSTRIA E COMÉRCIO LTDA,,,1,FLOOR,229081edb0eaccd400fcad129b25a20d453416b7,"LOGOMAR COMERCIO, IMPORTACAO E EXPORTACAO LTDA",PARTIAL_DOC_CLASS_III_RECONCILED|ROWS:p1r39,2026-09-03T23:36:48Z,build
31872495,0003971-03.2023.8.16.0119,255371.56,31872495000172,1,Marques Administrações Judiciais,,,1,FLOOR,1209dafe77b7708945a17e0f6d11db9b41daea47,Banco C6 S.A.,LIKELY_FINANCIAL_BY_NAME|PARTIAL_DOC_CLASS_III_RECONCILED|ROWS:p9r17,2026-09-03T23:36:48Z,build
16629296,0074500-63.2024.8.17.2001,255115.32,16629296000144,1,GRUPO IMOBI – LRF Líderes em Recuperação Judicial e Falência,,,1,FLOOR,795d57c3b1a6263f35fd080afd0a6ea1ad727ea3,CASA NOVA EMPREENDIMENTOS IMOBILIARIOS LTDA,ROWS:p4r13,2026-09-03T23:36:48Z,build
62173620,5057720-48.2025.8.24.0023,254832.18,62173620009306,1,Grupo Rech | Administração Judicial - Credibilità,,,1,FLOOR,cf92cff797d25108be0439a46ee6864d615a1be4,NÃO,ROWS:p2r17|UNRECONCILED_SOURCE|VALUE_COL:Valor_Após_Analise,2026-09-03T23:36:48Z,build
12420164,5012306-16.2022.8.21.0023,254179.99,12420164000157|12420164000238|12420164000319,3,SCZ Scalzilli Administração Judicial,,,1,FLOOR,ebfb999b457caf45140ea7446a22cd3751154eaf,CM HOSPITALAR S.A. (CTL) (,"ROWS:p26r35,p26r36,p26r37|UNRECONCILED_SOURCE",2026-09-03T23:36:47Z,build
60746948,0041309-42.2014.8.08.0024,253941.90,60746948000112,3,E FALÊNCIA,,,1,FLOOR,bf96785f7a4e919f76a22ff6fcd899efb24bd2d5,BANCO BRADESCO S/A (contrato nº 351/6858.685),"LIKELY_FINANCIAL_BY_NAME|ROWS:p3r1,p3r2,p3r3|UNRECONCILED_SOURCE",2026-09-03T23:36:48Z,build
86205416,0007565-40.2020.8.17.2370,253853.50,86205416000161,1,e Falência,,,1,FLOOR,849d4fe5adce792f073eb0cbe52a2f1d8075a473,86.205.416/0001-61,ROWS:p16r3,2026-09-03T23:36:48Z,build
75205831,0007565-40.2020.8.17.2370,252798.81,75205831000107,1,e Falência,,,1,FLOOR,849d4fe5adce792f073eb0cbe52a2f1d8075a473,75.205.831/0001-07,ROWS:p16r55,2026-09-03T23:36:48Z,build
62285390,5014104-85.2021.8.21.0010,252513.58,62285390000140,1,SCZ Scalzilli Administração Judicial,,,1,FLOOR,84c586360a663c7c23a7d5176358d616fe6a93e7,META FUNDO DE INVESTIMENTO EM DIREITOS CREDITÓRIOS MULTISSETORIAL LP (,LIKELY_FINANCIAL_BY_NAME|ROWS:p8r21|UNRECONCILED_SOURCE,2026-09-03T23:36:47Z,build
30222814,0005010-98.2023.8.16.0001,250921.84,30222814000131,1,Marques Administrações Judiciais,,,1,FLOOR,b465a5d11eec7a46656b594fa59c62d80724e0a1,Vitamedic Industria Farmaceutica Ltda.,PARTIAL_DOC_CLASS_III_RECONCILED|ROWS:p32r9,2026-09-03T23:36:48Z,build
16942458,0000721-61.2024.8.17.2620,250000.00,16942458000108,1,GRUPO DIVINA INDUSTRIA DE COURO LTDA – LRF Líderes em Recuperação Judicial e Falência,,,1,FLOOR,38f0c15b8a2d8dc124ae88df3b8958088a54cfcc,JPF FOMENTO MERCANTIL LTDA,LIKELY_FINANCIAL_BY_NAME|PARTIAL_DOC_CLASS_III_RECONCILED|ROWS:p2r54,2026-09-03T23:36:48Z,build
80959513,0002484-82.2022.8.17.2001,249899.16,80959513000163,3,e Falência,,,1,FLOOR,f3b6182e3aa2715450af4d59223acc49f7047632,CATIVA TEXTIL INDUSTRIA E COMERCIO LTDA EM RECUPERACAO JUDICIAL,"PARTIAL_DOC_CLASS_III_RECONCILED|ROWS:p4r61,p7r84,p9r63",2026-09-03T23:36:48Z,build
36213950,4054599-35.2025.8.26.0100,249652.14,36213950000141,1,Ativos,,,1,FLOOR,2fe04bf4466d0420480f240ab82ca5b210606a24,"RUA IGUATEMI, Nº 192, ANDAR 11 – SALA 01, BAIRRO ITAIM BIBI, CEP 01451-010",ROWS:p4r11|UNRECONCILED_SOURCE,2026-09-03T23:36:48Z,build
02513526,0007565-40.2020.8.17.2370,249307.74,02513526000109,1,e Falência,,,1,FLOOR,849d4fe5adce792f073eb0cbe52a2f1d8075a473,02.513.526/0001-09,ROWS:p15r30,2026-09-03T23:36:48Z,build
17192451,5011369-81.2026.8.09.0093,249135.42,17192451000170,1,SCZ Scalzilli Administração Judicial,,,1,FLOOR,c536a2fa4da39efaa9c4b859cacb48e293873548,"Pc. Alfredo Egydio de Souza Aranha, nº 100, Torre Olavo Setubal, 7º Andar – Parte, Parque Jabaquara, CEP 04344-902, em São Paulo - SP.",ROWS:p4r9|UNRECONCILED_SOURCE,2026-09-03T23:36:47Z,build
60182904,0302174-63.2015.8.24.0025,248330.45,60182904001421,1,CONFECÇÕES ANDRIMALHAS LTDA – Sgrott Administradora Judicial e Consultoria Empresarial,,,1,FLOOR,d403116b357dac27429fe9e2a0634e3c573603e7,"LOCRODBR 491 4200 KM 78, S/N - DISTR IND LC PRIMO - GUAXUPE - MG",PARTIAL_DOC_CLASS_III_RECONCILED|ROWS:p2r44,2026-09-03T23:36:48Z,build
43026198,0003971-03.2023.8.16.0119,247935.21,43026198000195,1,Marques Administrações Judiciais,,,1,FLOOR,1209dafe77b7708945a17e0f6d11db9b41daea47,Terto Transportes Ltda,PARTIAL_DOC_CLASS_III_RECONCILED|ROWS:p13r8,2026-09-03T23:36:48Z,build
95758330,0005010-50.2013.8.24.0026,246969.59,95758330000157,1,MANNES LTDA E BM EMPREENDIMENTOS E PARTICIPAÇÕES – Sgrott Administradora Judicial e Consultoria Empresarial,,,1,FLOOR,ea17ba43b2611e60da78d77cd10f534a8d7ffa56,SOMAR IND. DE EMBALAGENS LTDA.,ROWS:p18r39|UNRECONCILED_SOURCE,2026-09-03T23:36:48Z,build
61550141,1000117-72.2020.8.26.0260,246954.81,61550141000172,1,Ativos,,,1,FLOOR,f41f56937a1d74e42342159ecc0f7b0b6cac3202,LIBERTY SEGURO,ROWS:p3r13|UNRECONCILED_SOURCE,2026-09-03T23:36:48Z,build
35099311,5012743-51.2023.8.24.0019,246897.34,35099311000134,1,Alto Uruguai Indústria e Comércio de Óleos Ltda,,,1,FLOOR,75336e98f447837fcdb5e795c7aa49c9bea54c52,FORTE OESTE SECURITIZADORA S.A,LIKELY_FINANCIAL_BY_NAME|ROWS:p1r24|VALUE_COL:Valor_Do_Crédito,2026-09-03T23:36:48Z,build
02513991,5341375-33.2026.8.09.0049,246779.90,02513991000212,1,"Grupo 3E, em consolidação substancia",,,1,FLOOR,8e8832093a15aa7f9dc936a37e882fe66a1fe43d,De Heus Ind e Com De Nutricao,ROWS:p12r28|UNRECONCILED_SOURCE,2026-09-03T23:36:48Z,build
13499112,0000410-68.2021.8.16.0174,246404.34,13499112000180,1,consonância,,,1,FLOOR,b1a9f73b4c119a16aede49b05ad9f554fb74bc97,Empreendimentos e Imobiliários Villa Lobos II Ltda,PARTIAL_DOC_CLASS_III_RECONCILED|ROWS:p14r7,2026-09-03T23:36:48Z,build
02339308,0700256-03.2019.8.02.0066,245892.54,02339308000191,1,Grupo Arnon de Mello — Lindoso e Araujo,,,1,FLOOR,60fd9c017d90deffa5bd422d7dce534a8fd355a3,GPS EMPREENDIMENTOS LTDA,ROWS:p8r17|UNRECONCILED_SOURCE,2026-09-03T23:36:47Z,build
37350519,5341375-33.2026.8.09.0049,245850.00,37350519001181,1,"Grupo 3E, em consolidação substancia",,,1,FLOOR,8e8832093a15aa7f9dc936a37e882fe66a1fe43d,Masut-Trr,ROWS:p15r57|UNRECONCILED_SOURCE,2026-09-03T23:36:48Z,build
25387655,1001174-80.2024.8.26.0359,245000.00,25387655000195,1,Ativos,,,1,FLOOR,442539f948e05d3b98924984d4ac62e721a54540,"Avenida Bady Bassitt, nº 4.500, Jardim Alvorada, CEP nº 15.025-000, São José do Rio Preto/SP",ROWS:p3r6|UNRECONCILED_SOURCE|VALUE_COL:Valor_Do_Créidto,2026-09-03T23:36:48Z,build
12286944,0700256-03.2019.8.02.0066,244838.03,12286944000156,1,Grupo Arnon de Mello — Lindoso e Araujo,,,1,FLOOR,60fd9c017d90deffa5bd422d7dce534a8fd355a3,CONSTRUTORA HUMBERTO LOBO LTDA,ROWS:p7r52|UNRECONCILED_SOURCE,2026-09-03T23:36:47Z,build
24475141,0005010-98.2023.8.16.0001,243933.92,24475141000129,1,Marques Administrações Judiciais,,,1,FLOOR,b465a5d11eec7a46656b594fa59c62d80724e0a1,R2M do Brasil Industria de Cosmeticos Ltda,PARTIAL_DOC_CLASS_III_RECONCILED|ROWS:p30r11,2026-09-03T23:36:48Z,build
12032271,0000472-94.2012.5.06.0193,243674.92,12032271000108,1,SCZ Scalzilli Administração Judicial,,,1,FLOOR,24ed98480a572989bb0ce06fbd92e30151b7c249,"Rua Domingos Licursi, n° 65, Bairro São José, Uberaba-MG, CEP 38.082-047",ROWS:p68r13|VALUE_COL:Valor_Atualizado,2026-09-03T23:36:47Z,build
12995199,5011460-87.2023.8.24.0020,243641.39,12995199000114,1,TOP TEXTIL EMBALAGENS LTDA,,,1,FLOOR,741aed48dd004485cbfaf3bc50def81229cab4e3,Tecnoplast S A Industria e Comercio de Plasticos,ROWS:p3r26|UNRECONCILED_SOURCE,2026-09-03T23:36:47Z,build
22962737,0005010-98.2023.8.16.0001,242126.42,22962737000128,1,Marques Administrações Judiciais,,,1,FLOOR,b465a5d11eec7a46656b594fa59c62d80724e0a1,Gazin Atacado Centro- Oeste Ltda,PARTIAL_DOC_CLASS_III_RECONCILED|ROWS:p26r2,2026-09-03T23:36:48Z,build
35474405,5008793-34.2023.8.24.0019,241458.90,35474405000227,1,AZEPLAST INDÚSTRIA E COMÉRCIO LTDA,,,1,FLOOR,229081edb0eaccd400fcad129b25a20d453416b7,MDG INDUSTRIA E COMERCIO DE PLASTICOS LTDA,PARTIAL_DOC_CLASS_III_RECONCILED|ROWS:p1r41,2026-09-03T23:36:48Z,build
11025734,0005010-50.2013.8.24.0026,240468.21,11025734000141,1,MANNES LTDA E BM EMPREENDIMENTOS E PARTICIPAÇÕES – Sgrott Administradora Judicial e Consultoria Empresarial,,,1,FLOOR,ea17ba43b2611e60da78d77cd10f534a8d7ffa56,MANNES TRANSPORTES LTDA,ROWS:p16r36|UNRECONCILED_SOURCE,2026-09-03T23:36:48Z,build
85335487,0302174-63.2015.8.24.0025,240337.28,85335487000116,1,CONFECÇÕES ANDRIMALHAS LTDA – Sgrott Administradora Judicial e Consultoria Empresarial,,,1,FLOOR,d403116b357dac27429fe9e2a0634e3c573603e7,"ROD IVO SILVEIRA, 2100 - BATEAS - BRUSQUE - SC",PARTIAL_DOC_CLASS_III_RECONCILED|ROWS:p2r13,2026-09-03T23:36:48Z,build
50878316,5341375-33.2026.8.09.0049,240000.00,50878316000159,1,"Grupo 3E, em consolidação substancia",,,1,FLOOR,8e8832093a15aa7f9dc936a37e882fe66a1fe43d,Emporio Costa,ROWS:p13r4|UNRECONCILED_SOURCE,2026-09-03T23:36:48Z,build
28929686,4054599-35.2025.8.26.0100,240000.00,28929686000119,1,Ativos,,,1,FLOOR,2fe04bf4466d0420480f240ab82ca5b210606a24,AVENIDA CAUAXI ANDAR 28 CONJ 2802 293 ALPHAVILLE CENTRO INDUSTRIAL E EMPRESARIAL/ALPHAVILLE. 6454020,ROWS:p4r2|UNRECONCILED_SOURCE,2026-09-03T23:36:48Z,build
33657248,1000119-75.2025.8.26.0354,239911.87,33657248000189,1,Ativos,,,1,FLOOR,7e2dd0270ed86b1f71e6e3a9cc21d965a29b3955,BNDES - DESENVOLVE,LIKELY_FINANCIAL_BY_NAME|ROWS:p3r30|UNRECONCILED_SOURCE,2026-09-03T23:36:48Z,build
42723848,0000721-61.2024.8.17.2620,239740.08,42723848000199,1,GRUPO DIVINA INDUSTRIA DE COURO LTDA – LRF Líderes em Recuperação Judicial e Falência,,,1,FLOOR,38f0c15b8a2d8dc124ae88df3b8958088a54cfcc,BARU SOCIEDADE DE CRÉDITO DIREITO S.A,PARTIAL_DOC_CLASS_III_RECONCILED|ROWS:p2r16,2026-09-03T23:36:48Z,build
50290329,5341375-33.2026.8.09.0049,239695.00,50290329002660,1,"Grupo 3E, em consolidação substancia",,,1,FLOOR,8e8832093a15aa7f9dc936a37e882fe66a1fe43d,Cargil Novos Horizontes Ltda,ROWS:p11r34|UNRECONCILED_SOURCE,2026-09-03T23:36:48Z,build
17958615,5012306-16.2022.8.21.0023,239412.95,17958615000128,1,SCZ Scalzilli Administração Judicial,,,1,FLOOR,ebfb999b457caf45140ea7446a22cd3751154eaf,BCR - COMERCIO E DISTRIBUIÇÃO DE IMPLANTES CIRURGICOS -EPP (,ROWS:p26r3|UNRECONCILED_SOURCE,2026-09-03T23:36:47Z,build
15640226,0700256-03.2019.8.02.0066,239311.13,15640226000124,1,Grupo Arnon de Mello — Lindoso e Araujo,,,1,FLOOR,60fd9c017d90deffa5bd422d7dce534a8fd355a3,EMPREENDIMENTO IMOBILIARIO IB GATTO SPE LTDA,ROWS:p7r68|UNRECONCILED_SOURCE,2026-09-03T23:36:47Z,build
08810422,0301015-33.2016.8.24.0031,238085.39,08810422000134,1,DICARLO MÓVEIS E ACESSÓRIOS PARA CASA E LOJAS LTDA – Sgrott Administradora Judicial e Consultoria Empresarial,,,1,FLOOR,98f99945499b4824d14d0e34451a96945464b6ec,"GUARARAPES PAINES LTDA, CNPJ",ROWS:p2r68|UNRECONCILED_SOURCE,2026-09-03T23:36:47Z,build
04301024,0007565-40.2020.8.17.2370,237701.23,04301024000131,1,e Falência,,,1,FLOOR,849d4fe5adce792f073eb0cbe52a2f1d8075a473,04.301.024/0001-31,ROWS:p15r28,2026-09-03T23:36:48Z,build
11229328,0000472-94.2012.5.06.0193,236660.34,11229328000109,1,SCZ Scalzilli Administração Judicial,,,1,FLOOR,24ed98480a572989bb0ce06fbd92e30151b7c249,"Rua Israel, 17, Bairro Vila Eulália, CEP 56331-283, Pretolina-PE",ROWS:p71r11|VALUE_COL:Valor_Atualizado,2026-09-03T23:36:47Z,build
60752763,4054599-35.2025.8.26.0100,236603.51,60752763000382,1,Ativos,,,1,FLOOR,2fe04bf4466d0420480f240ab82ca5b210606a24,RUA ANTONIO CARLOS DUARTE DA SILVA 1000 VILA PILOTO 79612500,ROWS:p3r32|UNRECONCILED_SOURCE,2026-09-03T23:36:48Z,build
18304707,0007565-40.2020.8.17.2370,236423.00,18304707000157,1,e Falência,,,1,FLOOR,849d4fe5adce792f073eb0cbe52a2f1d8075a473,18.304.707/0001-57,ROWS:p15r54,2026-09-03T23:36:48Z,build
02162259,5057720-48.2025.8.24.0023,236192.33,02162259000326,1,Grupo Rech | Administração Judicial - Credibilità,,,1,FLOOR,cf92cff797d25108be0439a46ee6864d615a1be4,NÃO,ROWS:p2r6|UNRECONCILED_SOURCE|VALUE_COL:Valor_Após_Analise,2026-09-03T23:36:48Z,build
50479122,5057720-48.2025.8.24.0023,236115.91,50479122000180,1,Grupo Rech | Administração Judicial - Credibilità,,,1,FLOOR,cf92cff797d25108be0439a46ee6864d615a1be4,NÃO,ROWS:p1r17|UNRECONCILED_SOURCE|VALUE_COL:Valor_Após_Analise,2026-09-03T23:36:48Z,build
00360305,0044747-14.2024.8.16.0021,236013.46,00360305057050,1,"foi apresentado no movimento 103 dos autos supramencionados, em consonância",,,1,FLOOR,739e29399ac0ac7b1b2e0e4fd55e6fb324d5457f,,NAME_MISSING|PARTIAL_DOC_CLASS_III_RECONCILED|ROWS:p4r6,2026-09-03T23:36:48Z,build
54289830,,235792.34,54289830000100,1,,,,1,FLOOR,6a92d74da333ce21f5461767626e7ff05b8f474a,DOREMUS ALIMENTOS LTDA,CASE_NUMBER_MISSING|ROWS:p3r14,2026-09-03T23:36:47Z,build
04327273,0000721-61.2024.8.17.2620,235156.14,04327273000104,1,GRUPO DIVINA INDUSTRIA DE COURO LTDA – LRF Líderes em Recuperação Judicial e Falência,,,1,FLOOR,38f0c15b8a2d8dc124ae88df3b8958088a54cfcc,LT QUIMICA LTDA,PARTIAL_DOC_CLASS_III_RECONCILED|ROWS:p2r58,2026-09-03T23:36:48Z,build
90400888,0802426-35.2019.8.10.0000,233956.22,90400888239951,1,Roque Materiais para Construção - Real Brasil Consultoria,,,1,FLOOR,d85bdfbfbdc814ff10df1dbd8c2e47f1e34386aa,"AV. GUAJAJARAS, 88 - SL 1, TIRIRICAL - 65055-285, SÃO LUÍS - MA",ROWS:p2r8|VALUE_COL:Saldo_Total,2026-09-03T23:36:48Z,build
62232889,1000119-75.2025.8.26.0354,233943.48,62232889000190,1,Ativos,,,1,FLOOR,7e2dd0270ed86b1f71e6e3a9cc21d965a29b3955,BANCO DAYCOVAL S/A,LIKELY_FINANCIAL_BY_NAME|ROWS:p3r16|UNRECONCILED_SOURCE,2026-09-03T23:36:48Z,build
02520829,5012306-16.2022.8.21.0023,232250.70,02520829000140,1,SCZ Scalzilli Administração Judicial,,,1,FLOOR,ebfb999b457caf45140ea7446a22cd3751154eaf,DIMASTER COM DE PROD HOSP LTDA (,ROWS:p27r7|UNRECONCILED_SOURCE,2026-09-03T23:36:47Z,build
60746948,0001943-40.2024.8.16.0115,232159.83,60746948000112,1,- D & D LOGÍSTICA E TRANSPORTE Comercia,,,1,FLOOR,dfc3207dcd0fa485a74eefea8e9db729618a8aea,Banco Bradesco S.A.,LIKELY_FINANCIAL_BY_NAME|PARTIAL_DOC_CLASS_III_RECONCILED|ROWS:p4r6,2026-09-03T23:36:48Z,build
46991618,0000472-94.2012.5.06.0193,231035.60,46991618000161,1,SCZ Scalzilli Administração Judicial,,,1,FLOOR,24ed98480a572989bb0ce06fbd92e30151b7c249,"Rua Tenente Coronel Waldomiro de Vasconcellos Ferreira, 334, Bairro Real Parque, Distrito de Barão Geraldo, Campinas/SP",ROWS:p62r4|VALUE_COL:Valor_Atualizado,2026-09-03T23:36:47Z,build
23956882,5014104-85.2021.8.21.0010,229189.08,23956882000169,1,SCZ Scalzilli Administração Judicial,,,1,FLOOR,84c586360a663c7c23a7d5176358d616fe6a93e7,SB CREDITO FUNDO DE INVESTIMENTO EM DIREITOS CREDITORIOS MULTISSETORIAL (,LIKELY_FINANCIAL_BY_NAME|ROWS:p9r28|UNRECONCILED_SOURCE,2026-09-03T23:36:47Z,build
07523790,0000472-94.2012.5.06.0193,228302.26,07523790000210,1,SCZ Scalzilli Administração Judicial,,,1,FLOOR,24ed98480a572989bb0ce06fbd92e30151b7c249,0075132-02.2018.8.17.2001,ROWS:p75r4|VALUE_COL:Valor_Atualizado,2026-09-03T23:36:47Z,build
13884068,0005010-98.2023.8.16.0001,228249.92,13884068000122,1,Marques Administrações Judiciais,,,1,FLOOR,b465a5d11eec7a46656b594fa59c62d80724e0a1,Unicharm Do Brasil Industria E Comercio De Produtos De Higiene Ltda,PARTIAL_DOC_CLASS_III_RECONCILED|ROWS:p32r4,2026-09-03T23:36:48Z,build
02624729,0007565-40.2020.8.17.2370,228237.00,02624729000164,1,e Falência,,,1,FLOOR,849d4fe5adce792f073eb0cbe52a2f1d8075a473,02.624.729/0001-64,ROWS:p16r12,2026-09-03T23:36:48Z,build
06990590,4077687-05.2025.8.26.0100,228215.86,06990590000123,1,Grupo Pneus Paulista – ACFB,,,1,FLOOR,1b26551517db2cdcc00300ff0621d75fd74fb524,GOOGLE BRASIL INTERNET LTDA,ROWS:p6r38|UNRECONCILED_SOURCE,2026-09-03T23:36:48Z,build
00360305,0133628-14.2024.8.17.2001,227255.82,00360305000104,1,CEAM - Recupera Soluções Empresariais,,,1,FLOOR,e9d023c65bbda29539bfe3e4563d7c5e30033a61,CAIXA ECONOMICA FEDERAL,LIKELY_FINANCIAL_BY_NAME|ROWS:p5r55,2026-09-03T23:36:48Z,build
57378542,0822279-56.2026.8.15.2001,226966.22,57378542000110,1,DIAGSON DIAGNOSTICO EM ULTRA SONOGRAFIA MED FETAL LTDA – EPP – LRF Líderes em Recuperação Judicial e Falência,,,1,FLOOR,088be5223af3f8c9fa20abea588d45b3da85a782,IOSEI PA RTICIPACOES LTDA,PARTIAL_DOC_CLASS_III_RECONCILED|ROWS:p2r65,2026-09-03T23:36:48Z,build
65947236,1000119-75.2025.8.26.0354,226506.99,65947236000185,1,Ativos,,,1,FLOOR,7e2dd0270ed86b1f71e6e3a9cc21d965a29b3955,WGM SISTEMAS IMPORTAÇÃO E EXPORTAÇÃO LTDA,ROWS:p5r48|UNRECONCILED_SOURCE,2026-09-03T23:36:48Z,build
09454803,0000472-94.2012.5.06.0193,225341.42,09454803000190,1,SCZ Scalzilli Administração Judicial,,,1,FLOOR,24ed98480a572989bb0ce06fbd92e30151b7c249,"Rua Maria Matos, n. 471, sala 102, centro, Coronel Fabriciano/MG, CEP: 35.170-111",ROWS:p64r13|VALUE_COL:Valor_Atualizado,2026-09-03T23:36:47Z,build
95387569,0007565-40.2020.8.17.2370,224015.98,95387569000168,1,e Falência,,,1,FLOOR,849d4fe5adce792f073eb0cbe52a2f1d8075a473,95.387.569/0001-68,ROWS:p16r8,2026-09-03T23:36:48Z,build
09373468,0007565-40.2020.8.17.2370,223400.00,09373468000287,1,e Falência,,,1,FLOOR,849d4fe5adce792f073eb0cbe52a2f1d8075a473,09.373.468/0002-87,ROWS:p17r8,2026-09-03T23:36:48Z,build
03498812,5341375-33.2026.8.09.0049,222911.78,03498812000954,1,"Grupo 3E, em consolidação substancia",,,1,FLOOR,8e8832093a15aa7f9dc936a37e882fe66a1fe43d,Ebeg Embalagens Facilita e Pronto,ROWS:p12r58|UNRECONCILED_SOURCE,2026-09-03T23:36:48Z,build
17469701,0802426-35.2019.8.10.0000,222839.19,17469701003435,1,Roque Materiais para Construção - Real Brasil Consultoria,,,1,FLOOR,d85bdfbfbdc814ff10df1dbd8c2e47f1e34386aa,"RODOVIA BR 040, KM 769, BARREIRA DO TRIUNFO - 36092-901, JUIZ DE FORA - MG",ROWS:p2r9|VALUE_COL:Saldo_Total,2026-09-03T23:36:48Z,build
12613484,5012743-51.2023.8.24.0019,222764.53,12613484000123,1,Alto Uruguai Indústria e Comércio de Óleos Ltda,,,1,FLOOR,75336e98f447837fcdb5e795c7aa49c9bea54c52,POTENCIAL BIODIESEL LTDA,ROWS:p1r30|VALUE_COL:Valor_Do_Crédito,2026-09-03T23:36:48Z,build
09260643,0700256-03.2019.8.02.0066,222369.09,09260643000149,1,Grupo Arnon de Mello — Lindoso e Araujo,,,1,FLOOR,60fd9c017d90deffa5bd422d7dce534a8fd355a3,PROJETO 118 SPE LTDA,ROWS:p9r10|UNRECONCILED_SOURCE,2026-09-03T23:36:47Z,build
24504464,0000721-61.2024.8.17.2620,222133.20,24504464000101,1,GRUPO DIVINA INDUSTRIA DE COURO LTDA – LRF Líderes em Recuperação Judicial e Falência,,,1,FLOOR,38f0c15b8a2d8dc124ae88df3b8958088a54cfcc,OXSS SECURITIZADORA FUNDOS DE INVESTIMENTOS EM DIREITOS CREDITORIOS,LIKELY_FINANCIAL_BY_NAME|PARTIAL_DOC_CLASS_III_RECONCILED|ROWS:p2r65,2026-09-03T23:36:48Z,build
87780268,5009529-81.2025.8.24.0019,222016.27,87780268000171,3,SCZ Scalzilli Administração Judicial,,,1,FLOOR,2e46411688575df1120bdb73499fa0a31b4d1af8,"COOPERATIVA DE CREDITO, POUPANCA E INVESTIMENTO UNIAO DE ESTADOS RIO GRANDE DO SUL, SANTA CATARINA E MINAS GERAIS - SICREDI UNIESTADOS","LIKELY_FINANCIAL_BY_NAME|LIKELY_PUBLIC_BY_NAME|ROWS:p1r39,p2r36,p2r37|UNRECONCILED_SOURCE|VALUE_COL:Valor_(Art._7º,_§2º)",2026-09-03T23:36:48Z,build
42470088,0000472-94.2012.5.06.0193,220382.08,42470088000155,1,SCZ Scalzilli Administração Judicial,,,1,FLOOR,24ed98480a572989bb0ce06fbd92e30151b7c249,"Rua dos Inválidos, 212, sala 101, Centro, CEP 20231-043, Rio de Janeiro/RJ",ROWS:p74r6|VALUE_COL:Valor_Atualizado,2026-09-03T23:36:47Z,build
91062497,0007565-40.2020.8.17.2370,219780.00,91062497000128,1,e Falência,,,1,FLOOR,849d4fe5adce792f073eb0cbe52a2f1d8075a473,91.062.497/0001-28,ROWS:p16r24,2026-09-03T23:36:48Z,build
91108027,1000117-72.2020.8.26.0260,219518.57,91108027000158,1,Ativos,,,1,FLOOR,f41f56937a1d74e42342159ecc0f7b0b6cac3202,RANDON ADMINISTRADORA DE CONSÓRCIO LTDA,LIKELY_FINANCIAL_BY_NAME|ROWS:p3r16|UNRECONCILED_SOURCE,2026-09-03T23:36:48Z,build
30177427,5014104-85.2021.8.21.0010,219405.51,30177427000120,1,SCZ Scalzilli Administração Judicial,,,1,FLOOR,84c586360a663c7c23a7d5176358d616fe6a93e7,DSX GESTÃO E CONSULTORIA EMPRESARIAL EIRELI (,ROWS:p6r36|UNRECONCILED_SOURCE,2026-09-03T23:36:47Z,build
47799028,8005129-09.2023.8.05.0039,219345.95,47799028000102,1,e na falência,,,1,FLOOR,a0ae32a59c2928e385c610811f80949f98723486,EDENTEC INDUSTRIA E COMERCIO LTDA,ROWS:p7r3|UNRECONCILED_SOURCE,2026-09-03T23:36:47Z,build
46645768,0005010-50.2013.8.24.0026,218971.20,46645768000113,1,MANNES LTDA E BM EMPREENDIMENTOS E PARTICIPAÇÕES – Sgrott Administradora Judicial e Consultoria Empresarial,,,1,FLOOR,ea17ba43b2611e60da78d77cd10f534a8d7ffa56,LINHASITA IND.DE LINHAS P/COSER LTDA.,ROWS:p16r15|UNRECONCILED_SOURCE,2026-09-03T23:36:48Z,build
04310390,5341375-33.2026.8.09.0049,218400.00,04310390000661,1,"Grupo 3E, em consolidação substancia",,,1,FLOOR,8e8832093a15aa7f9dc936a37e882fe66a1fe43d,Apc Do Brasil Ltda,ROWS:p10r3|UNRECONCILED_SOURCE,2026-09-03T23:36:48Z,build
01449930,0822279-56.2026.8.15.2001,217731.21,01449930000513,1,DIAGSON DIAGNOSTICO EM ULTRA SONOGRAFIA MED FETAL LTDA – EPP – LRF Líderes em Recuperação Judicial e Falência,,,1,FLOOR,088be5223af3f8c9fa20abea588d45b3da85a782,SIEMENS HEALTHCARE DIAGNOSTICOS LTDA,PARTIAL_DOC_CLASS_III_RECONCILED|ROWS:p2r82,2026-09-03T23:36:48Z,build
10811586,0700256-03.2019.8.02.0066,217484.26,10811586000128,1,Grupo Arnon de Mello — Lindoso e Araujo,,,1,FLOOR,60fd9c017d90deffa5bd422d7dce534a8fd355a3,TETO PLANEJAMENTO E INCORPORACOES LTDA,ROWS:p9r36|UNRECONCILED_SOURCE,2026-09-03T23:36:47Z,build
17213074,0077403-37.2025.8.17.2001,216559.56,17213074000109,1,E FALENCIA,,,1,FLOOR,206dfa70c8876fa9990d96bb18923b0ca6fd754d,CENTRUM – FUNDO DE INVESTIMENTO EM DIREITOS CREDITÓRIOS MULTISSETORIAL NÃO-PADRONIZADOS,LIKELY_FINANCIAL_BY_NAME|ROWS:p5r7,2026-09-03T23:36:48Z,build
17115437,0005010-98.2023.8.16.0001,216418.96,17115437000173,1,Marques Administrações Judiciais,,,1,FLOOR,b465a5d11eec7a46656b594fa59c62d80724e0a1,Laboratorio Globo S.A.,PARTIAL_DOC_CLASS_III_RECONCILED|ROWS:p27r11,2026-09-03T23:36:48Z,build
77215606,0007565-40.2020.8.17.2370,216381.53,77215606000179,1,e Falência,,,1,FLOOR,849d4fe5adce792f073eb0cbe52a2f1d8075a473,77.215.606/0001-79,ROWS:p15r8,2026-09-03T23:36:48Z,build
08718921,5341375-33.2026.8.09.0049,216279.12,08718921000104,1,"Grupo 3E, em consolidação substancia",,,1,FLOOR,8e8832093a15aa7f9dc936a37e882fe66a1fe43d,Friato,ROWS:p13r51|UNRECONCILED_SOURCE,2026-09-03T23:36:48Z,build
07206989,0002484-82.2022.8.17.2001,215699.34,07206989000133,3,e Falência,,,1,FLOOR,f3b6182e3aa2715450af4d59223acc49f7047632,UZ3 INDUSTRIA TEXTIL EIRELI,"PARTIAL_DOC_CLASS_III_RECONCILED|ROWS:p4r94,p7r126,p9r92",2026-09-03T23:36:48Z,build
16727386,0873061-47.2023.8.19.0001,215452.06,16727386000178,1,Real Distribuidora – Processo nº 0873061-47.2023.8.19.0001 – e-mail: admjudunica@inova-aj.com.br – INOVA,,,1,FLOOR,8eb5d0d64353bf5fcd1122d1a511b7ca9884e3bd,"Rua da Assembléia, 10, 3° andar, Centro, Rio de Janeiro/RJ - CEP 20011901","ALT_VALUE:R$156.656,93|ROWS:p1r48",2026-09-03T23:36:48Z,build
00360305,0015488-29.2018.8.17.2810,213965.82,00360305000104,2,CENTRO DE TRATAMENTO RENAL ZONA SUL LTDA,,,1,FLOOR,05e15e3ab0973ce0b16c39684020161cc0cb705a,CEF - EMPREST CONSIG CEF FUNCIONARIOS,"ROWS:p3r4,p3r9",2026-09-03T23:36:48Z,build
87651345,5012306-16.2022.8.21.0023,213107.83,87651345000193,1,SCZ Scalzilli Administração Judicial,,,1,FLOOR,ebfb999b457caf45140ea7446a22cd3751154eaf,G. GOTUZZO CIA LTDA. (,ROWS:p27r38|UNRECONCILED_SOURCE,2026-09-03T23:36:47Z,build
02694691,0000472-94.2012.5.06.0193,212769.31,02694691000104,1,SCZ Scalzilli Administração Judicial,,,1,FLOOR,24ed98480a572989bb0ce06fbd92e30151b7c249,"Nova Lima/MG, na Av. Niágara, n° 59, bairro Jardim Canadá, CEP: 34.007-652",ROWS:p64r2|VALUE_COL:Valor_Atualizado,2026-09-03T23:36:47Z,build
08584931,0002484-82.2022.8.17.2001,210265.38,08584931000196,3,e Falência,,,1,FLOOR,f3b6182e3aa2715450af4d59223acc49f7047632,RADICAL STYLE INDUSTRIA E COMERCIO DE CONFECCOES LTDA,"PARTIAL_DOC_CLASS_III_RECONCILED|ROWS:p4r89,p7r116,p9r87",2026-09-03T23:36:48Z,build
05949989,0007565-40.2020.8.17.2370,210200.14,05949989000289,1,e Falência,,,1,FLOOR,849d4fe5adce792f073eb0cbe52a2f1d8075a473,05.949.989/0002-89,ROWS:p16r51,2026-09-03T23:36:48Z,build
15102098,0008897-71.2025.8.16.0017,209967.04,15102098000165,1,Marques Administrações Judiciais,,,1,FLOOR,1180d0ff83f8b661ab4fd94fbaaced46755aea7c,Cia Valenca Industrial (CNPJ n°,ROWS:p2r154|UNRECONCILED_SOURCE,2026-09-03T23:36:48Z,build
01792254,0007565-40.2020.8.17.2370,209470.24,01792254000152,1,e Falência,,,1,FLOOR,849d4fe5adce792f073eb0cbe52a2f1d8075a473,01.792.254/0001-52,ROWS:p16r6,2026-09-03T23:36:48Z,build
62859128,5341375-33.2026.8.09.0049,209405.66,62859128000162,1,"Grupo 3E, em consolidação substancia",,,1,FLOOR,8e8832093a15aa7f9dc936a37e882fe66a1fe43d,Embalarte Embalagens,ROWS:p13r2|UNRECONCILED_SOURCE,2026-09-03T23:36:48Z,build
60701190,0824037-95.2022.8.15.0001,209200.00,60701190000104,1,em questão. FAZ SA,,,1,FLOOR,49e767732638d57cf843ff857e8c16528c80e86f,ITAÚ UNIBANCO,LIKELY_FINANCIAL_BY_NAME|ROWS:p2r59,2026-09-03T23:36:47Z,build
08464282,0000472-94.2012.5.06.0193,208303.18,08464282000190,1,SCZ Scalzilli Administração Judicial,,,1,FLOOR,24ed98480a572989bb0ce06fbd92e30151b7c249,"Rua Luiz de Melo Mattos. n° 170, bairro Planalto, CEP 31730-710, Belo Horizonte/MG",ROWS:p76r6|VALUE_COL:Valor_Atualizado,2026-09-03T23:36:47Z,build
69975530,0700256-03.2019.8.02.0066,207006.28,69975530000151,1,Grupo Arnon de Mello — Lindoso e Araujo,,,1,FLOOR,60fd9c017d90deffa5bd422d7dce534a8fd355a3,CONSULTAR ASSIST TEC EM DOC. E AVALIACAO LTDA,ROWS:p7r53|UNRECONCILED_SOURCE,2026-09-03T23:36:47Z,build
66471517,5341375-33.2026.8.09.0049,206466.35,66471517000177|66471517002030,2,"Grupo 3E, em consolidação substancia",,,1,FLOOR,8e8832093a15aa7f9dc936a37e882fe66a1fe43d,Dpc Distribuidor Atacadista S/A,"ROWS:p12r53,p12r54|UNRECONCILED_SOURCE",2026-09-03T23:36:48Z,build
75655720,5341375-33.2026.8.09.0049,206015.81,75655720000194,1,"Grupo 3E, em consolidação substancia",,,1,FLOOR,8e8832093a15aa7f9dc936a37e882fe66a1fe43d,Sepac,ROWS:p17r68|UNRECONCILED_SOURCE,2026-09-03T23:36:48Z,build
02721927,0007565-40.2020.8.17.2370,205935.56,02721927000146,1,e Falência,,,1,FLOOR,849d4fe5adce792f073eb0cbe52a2f1d8075a473,02.721.927/0001-46,ROWS:p16r42,2026-09-03T23:36:48Z,build
29953928,5014104-85.2021.8.21.0010,205684.95,29953928000172,1,SCZ Scalzilli Administração Judicial,,,1,FLOOR,84c586360a663c7c23a7d5176358d616fe6a93e7,META FUNDO DE INVESTIMENTO EM DIREITOS CREDITORIOS (,LIKELY_FINANCIAL_BY_NAME|ROWS:p8r20|UNRECONCILED_SOURCE,2026-09-03T23:36:47Z,build
03609434,0028131-73.2024.8.16.0017,205080.70,03609434000181,1,SCZ Scalzilli Administração Judicial,,,1,FLOOR,70eb7014739f42d09f9b61cd132e98426b0e40f0,"AEROMECANICA MANHANI BARELLA, LEILA REGINA MANHANI BARELLA, B&F AGRO LTDA (",ROWS:p1r8|UNRECONCILED_SOURCE,2026-09-03T23:36:47Z,build
11507489,0000721-61.2024.8.17.2620,203934.56,11507489000109,1,GRUPO DIVINA INDUSTRIA DE COURO LTDA – LRF Líderes em Recuperação Judicial e Falência,,,1,FLOOR,38f0c15b8a2d8dc124ae88df3b8958088a54cfcc,BFC FUNDO DE INVESTIMENTO EM DIREITOS CREDITORIOS NP,LIKELY_FINANCIAL_BY_NAME|PARTIAL_DOC_CLASS_III_RECONCILED|ROWS:p2r19,2026-09-03T23:36:48Z,build
13177802,5014104-85.2021.8.21.0010,203501.15,13177802000113,1,SCZ Scalzilli Administração Judicial,,,1,FLOOR,84c586360a663c7c23a7d5176358d616fe6a93e7,SAFEGOLD GERENCIAMENTO DE CAPITAL LTDA (,ROWS:p9r25|UNRECONCILED_SOURCE,2026-09-03T23:36:47Z,build
14898243,0700256-03.2019.8.02.0066,203452.29,14898243000101,1,Grupo Arnon de Mello — Lindoso e Araujo,,,1,FLOOR,60fd9c017d90deffa5bd422d7dce534a8fd355a3,CONSENCO EDIFICACOES E INCORPORACOES TUCCI CAVALCANTE LTDA,ROWS:p7r51|UNRECONCILED_SOURCE,2026-09-03T23:36:47Z,build
86765971,0005010-50.2013.8.24.0026,203412.12,86765971000148,1,MANNES LTDA E BM EMPREENDIMENTOS E PARTICIPAÇÕES – Sgrott Administradora Judicial e Consultoria Empresarial,,,1,FLOOR,ea17ba43b2611e60da78d77cd10f534a8d7ffa56,LAMINADOS PROGRESSO LTDA,ROWS:p16r5|UNRECONCILED_SOURCE,2026-09-03T23:36:48Z,build
19394639,0000357-17.2024.8.16.0131,203248.13,19394639000127,1,Destro Comercio De Alimentos LTDA,,,1,FLOOR,96830f5ef11b636a49c31aae309bc5dce86f8769,"Trademaster Instituição De Pagamento, Serviços E Participações S.A. DADO E PASSADO nesta Comarca de Pato Branco, Estado do Paraná, aos nove (CNPJ n°",LIKELY_PUBLIC_BY_NAME|ROWS:p2r38|UNRECONCILED_SOURCE,2026-09-03T23:36:48Z,build
32202903,5012743-51.2023.8.24.0019,201560.62,32202903000141,1,Alto Uruguai Indústria e Comércio de Óleos Ltda,,,1,FLOOR,75336e98f447837fcdb5e795c7aa49c9bea54c52,MATRIZ FUNDO DE INVESTIMENTO EM DIREITOS CREDITORIOS,LIKELY_FINANCIAL_BY_NAME|ROWS:p1r27|VALUE_COL:Valor_Do_Crédito,2026-09-03T23:36:48Z,build
04591114,0000206-69.2013.8.17.1340,201080.88,04591114000104,1,AGROPECUÁRIA SERROTE REDONDO – LRF Líderes em Recuperação Judicial e Falência,,,1,FLOOR,7c0ce2830d0d7e22653dbd04dbb70cd8440069c6,DURANCHO – NUTRIÇÃO ANIMAL,"ALT_VALUE:49.140,00|ROWS:p2r1",2026-09-03T23:36:47Z,build
06314327,5341375-33.2026.8.09.0049,200738.49,06314327000203|06314327000548,2,"Grupo 3E, em consolidação substancia",,,1,FLOOR,8e8832093a15aa7f9dc936a37e882fe66a1fe43d,Jc Distribuicao,"ROWS:p14r69,p14r70|UNRECONCILED_SOURCE",2026-09-03T23:36:48Z,build
10885321,5014104-85.2021.8.21.0010,200577.90,10885321000174,1,SCZ Scalzilli Administração Judicial,,,1,FLOOR,84c586360a663c7c23a7d5176358d616fe6a93e7,WEG LINHARES EQUIPAMENTOS ELETRICOS LTDA (,ROWS:p10r35|UNRECONCILED_SOURCE,2026-09-03T23:36:47Z,build
06007513,1001174-80.2024.8.26.0359,199819.80,06007513000453,2,Ativos,,,0,POOL,442539f948e05d3b98924984d4ac62e721a54540,"Rodovia BR 101, nº 9.555, Setor C3, Cidade Nova, CEP nº 88.308-620, Itajaí/SC","ROWS:p3r9,p3r24|UNRECONCILED_SOURCE|VALUE_COL:Valor_Do_Créidto",2026-09-03T23:36:48Z,build
01637895,4054599-35.2025.8.26.0100,199439.99,01637895000728|01637895001023|01637895002852|01637895008893|01637895012300|01637895015830|01637895024074,7,Ativos,,,0,POOL,2fe04bf4466d0420480f240ab82ca5b210606a24,RUA ANTÔNIO LUCHIARI QUADRA7463 LOTE 003 C1-D1 1 DISTRITO INDUSTRIAL 13054700,"ROWS:p4r73,p4r74,p4r75,p4r76,p4r77,p4r78,p4r79|UNRECONCILED_SOURCE",2026-09-03T23:36:48Z,build
53359089,0005010-50.2013.8.24.0026,199383.61,53359089000143,1,MANNES LTDA E BM EMPREENDIMENTOS E PARTICIPAÇÕES – Sgrott Administradora Judicial e Consultoria Empresarial,,,0,POOL,ea17ba43b2611e60da78d77cd10f534a8d7ffa56,AUSTEX IND E COM LTDA,ROWS:p13r1|UNRECONCILED_SOURCE,2026-09-03T23:36:48Z,build
07019308,0007565-40.2020.8.17.2370,199134.45,07019308000128,1,e Falência,,,0,POOL,849d4fe5adce792f073eb0cbe52a2f1d8075a473,07.019.308/0001-28,ROWS:p15r23,2026-09-03T23:36:48Z,build
02914460,0003971-03.2023.8.16.0119,198390.00,02914460058230,1,Marques Administrações Judiciais,,,0,POOL,1209dafe77b7708945a17e0f6d11db9b41daea47,Seara Alimentos Ltda,PARTIAL_DOC_CLASS_III_RECONCILED|ROWS:p13r3,2026-09-03T23:36:48Z,build
01249612,0016033-22.2025.8.16.0017,198105.81,01249612000185,1,KADIMA EMPREENDIMENTOS subscrevi e assinei. E PARTICIPAÇÕES S.A,,,0,POOL,fcb10a251582ff4fff1b8864bf38719cc11c0e03,Fundo de Promoções Coletivas do Maringá Park Shopping Center,ROWS:p4r10,2026-09-03T23:36:48Z,build
05000896,5014104-85.2021.8.21.0010,197970.43,05000896000122,1,SCZ Scalzilli Administração Judicial,,,0,POOL,84c586360a663c7c23a7d5176358d616fe6a93e7,MAQENGE IND METALURGICA LTDA (,ROWS:p8r13|UNRECONCILED_SOURCE,2026-09-03T23:36:47Z,build
06353241,0003971-03.2023.8.16.0119,197876.00,06353241000109,1,Marques Administrações Judiciais,,,0,POOL,1209dafe77b7708945a17e0f6d11db9b41daea47,Somave Agroindustrial Ltda,PARTIAL_DOC_CLASS_III_RECONCILED|ROWS:p13r6,2026-09-03T23:36:48Z,build
05119723,0000472-94.2012.5.06.0193,197081.92,05119723000128,1,SCZ Scalzilli Administração Judicial,,,0,POOL,24ed98480a572989bb0ce06fbd92e30151b7c249,"Rua Beatriz Sá de Toledo, nº95, conj. 201, Vila Ema,São José dos Campos",ROWS:p61r15|VALUE_COL:Valor_Atualizado,2026-09-03T23:36:47Z,build
84432111,5341375-33.2026.8.09.0049,197064.84,84432111002100,1,"Grupo 3E, em consolidação substancia",,,0,POOL,8e8832093a15aa7f9dc936a37e882fe66a1fe43d,Urbano Agroindustrial Ltda,ROWS:p18r56|UNRECONCILED_SOURCE,2026-09-03T23:36:48Z,build
00360305,5009529-81.2025.8.24.0019,196680.29,00360305000104,1,SCZ Scalzilli Administração Judicial,,,0,POOL,2e46411688575df1120bdb73499fa0a31b4d1af8,CAIXA ECONÔMICA FEDERAL,"LIKELY_FINANCIAL_BY_NAME|ROWS:p1r42|UNRECONCILED_SOURCE|VALUE_COL:Valor_(Art._7º,_§2º)",2026-09-03T23:36:48Z,build
05382997,0007565-40.2020.8.17.2370,196076.08,05382997000105,1,e Falência,,,0,POOL,849d4fe5adce792f073eb0cbe52a2f1d8075a473,05.382.997/0001-05,ROWS:p16r32,2026-09-03T23:36:48Z,build
06957870,5011460-87.2023.8.24.0020,195852.64,06957870000130,1,TOP TEXTIL EMBALAGENS LTDA,,,0,POOL,741aed48dd004485cbfaf3bc50def81229cab4e3,AV MARIO FILHO,ROWS:p2r44|UNRECONCILED_SOURCE,2026-09-03T23:36:47Z,build
03202987,0000472-94.2012.5.06.0193,195321.95,03202987000115,1,SCZ Scalzilli Administração Judicial,,,0,POOL,24ed98480a572989bb0ce06fbd92e30151b7c249,"Av. Engenheiro Domingos Ferreira, 4060, sl 306, Boa viagem, Recife/PE",ROWS:p63r2|VALUE_COL:Valor_Atualizado,2026-09-03T23:36:47Z,build
40693000,5341375-33.2026.8.09.0049,194891.25,40693000000139|40693000000210,2,"Grupo 3E, em consolidação substancia",,,0,POOL,8e8832093a15aa7f9dc936a37e882fe66a1fe43d,Supermercado Brasil 400,"ROWS:p18r20,p18r21|UNRECONCILED_SOURCE",2026-09-03T23:36:48Z,build
78232774,0033736-15.2023.8.16.0185,194886.53,78232774000135,1,EQUIP SEG INTELIGÊNCIA EM SEGURANÇA LTDA – FALÊNCIA – Brazilio Bacellar Shirai Advogados,,,0,POOL,b9895d3bab0574f7ee5fb575d38055b76e20be4b,"PRIVADA, EMPREGADOS DE EMPRESAS DE SEGURANÇA SINDICATO DOS EMPREGADOS EM EMPRESAS DE SEGURANÇA,",ROWS:p41r4|UNRECONCILED_SOURCE,2026-09-03T23:36:48Z,build
00360305,5011460-87.2023.8.24.0020,194745.18,00360305000104,1,TOP TEXTIL EMBALAGENS LTDA,,,0,POOL,741aed48dd004485cbfaf3bc50def81229cab4e3,ST BANCARIO SUL QUADRA 04,ROWS:p2r17|UNRECONCILED_SOURCE,2026-09-03T23:36:47Z,build
01637593,0700256-03.2019.8.02.0066,194494.22,01637593000164,1,Grupo Arnon de Mello — Lindoso e Araujo,,,0,POOL,60fd9c017d90deffa5bd422d7dce534a8fd355a3,TELESIL ENGENHARIA LTDA,ROWS:p9r34|UNRECONCILED_SOURCE,2026-09-03T23:36:47Z,build
72891062,1001174-80.2024.8.26.0359,194250.97,72891062000303,1,Ativos,,,0,POOL,442539f948e05d3b98924984d4ac62e721a54540,"Estrada Particular Sadae Takagi, nº 1.950, Cooperativa, CEP nº 09.852-070, São Bernardo do Campo/SP",ROWS:p3r21|UNRECONCILED_SOURCE|VALUE_COL:Valor_Do_Créidto,2026-09-03T23:36:48Z,build
45437547,5341375-33.2026.8.09.0049,193996.16,45437547000197,1,"Grupo 3E, em consolidação substancia",,,0,POOL,8e8832093a15aa7f9dc936a37e882fe66a1fe43d,"Safra Credito, Financiamento e Investimento S.A.",ROWS:p17r44|UNRECONCILED_SOURCE,2026-09-03T23:36:48Z,build
30746945,0007565-40.2020.8.17.2370,193667.58,30746945000118,1,e Falência,,,0,POOL,849d4fe5adce792f073eb0cbe52a2f1d8075a473,30.746.945/0001-18,ROWS:p15r1,2026-09-03T23:36:48Z,build
82155870,0002484-82.2022.8.17.2001,192632.72,82155870000102,3,e Falência,,,0,POOL,f3b6182e3aa2715450af4d59223acc49f7047632,KAMYLUS MALHAS LTDA,"PARTIAL_DOC_CLASS_III_RECONCILED|ROWS:p4r84,p7r108,p9r82",2026-09-03T23:36:48Z,build
62232889,0001943-40.2024.8.16.0115,192473.93,62232889000190,1,- D & D LOGÍSTICA E TRANSPORTE Comercia,,,0,POOL,dfc3207dcd0fa485a74eefea8e9db729618a8aea,Banco Daycoval S.A.,LIKELY_FINANCIAL_BY_NAME|PARTIAL_DOC_CLASS_III_RECONCILED|ROWS:p4r7,2026-09-03T23:36:48Z,build
49418890,0302174-63.2015.8.24.0025,192324.58,49418890000498,1,CONFECÇÕES ANDRIMALHAS LTDA – Sgrott Administradora Judicial e Consultoria Empresarial,,,0,POOL,d403116b357dac27429fe9e2a0634e3c573603e7,"R AMIRTES LUVISON, 11 - CENTRO - VOTORANTIM - SP",PARTIAL_DOC_CLASS_III_RECONCILED|ROWS:p2r6,2026-09-03T23:36:48Z,build
09357838,0000357-17.2024.8.16.0131,192321.50,09357838000101|75315333000109,1,Destro Comercio De Alimentos LTDA,,,0,POOL,96830f5ef11b636a49c31aae309bc5dce86f8769,Miolo Wine Group Vitivinicultura S.A. (CNPJ n°,MULTI_ROOT|ROWS:p1r22|UNRECONCILED_SOURCE,2026-09-03T23:36:48Z,build
19690445,0700256-03.2019.8.02.0066,192117.25,19690445000179,1,Grupo Arnon de Mello — Lindoso e Araujo,,,0,POOL,60fd9c017d90deffa5bd422d7dce534a8fd355a3,HITACHI KOKUSAI LINEAR EQUIP ELETRONICOS S/A,ROWS:p8r21|UNRECONCILED_SOURCE,2026-09-03T23:36:47Z,build
02077618,5341375-33.2026.8.09.0049,191616.00,02077618000266,1,"Grupo 3E, em consolidação substancia",,,0,POOL,8e8832093a15aa7f9dc936a37e882fe66a1fe43d,Comigo,ROWS:p12r1|UNRECONCILED_SOURCE,2026-09-03T23:36:48Z,build
75069849,0007565-40.2020.8.17.2370,191561.33,75069849000110,1,e Falência,,,0,POOL,849d4fe5adce792f073eb0cbe52a2f1d8075a473,75.069.849/0001-10,ROWS:p15r37,2026-09-03T23:36:48Z,build
35260058,0700256-03.2019.8.02.0066,190800.00,35260058000159,1,Grupo Arnon de Mello — Lindoso e Araujo,,,0,POOL,60fd9c017d90deffa5bd422d7dce534a8fd355a3,JAIME EMANUEL DA CAMARA F.FERNANDES,ROWS:p8r31|UNRECONCILED_SOURCE,2026-09-03T23:36:47Z,build
19187295,0000721-61.2024.8.17.2620,189532.05,19187295000185,1,GRUPO DIVINA INDUSTRIA DE COURO LTDA – LRF Líderes em Recuperação Judicial e Falência,,,0,POOL,38f0c15b8a2d8dc124ae88df3b8958088a54cfcc,VECTOR NP - FUNDO DE INVESTIMENTO EM DIREITOS,LIKELY_FINANCIAL_BY_NAME|PARTIAL_DOC_CLASS_III_RECONCILED|ROWS:p3r6,2026-09-03T23:36:48Z,build
16887969,0005010-98.2023.8.16.0001,189447.12,16887969000166,1,Marques Administrações Judiciais,,,0,POOL,b465a5d11eec7a46656b594fa59c62d80724e0a1,JRP Gestao De Ativos Ltda,PARTIAL_DOC_CLASS_III_RECONCILED|ROWS:p27r6,2026-09-03T23:36:48Z,build
08215002,0700256-03.2019.8.02.0066,189412.96,08215002000100,1,Grupo Arnon de Mello — Lindoso e Araujo,,,0,POOL,60fd9c017d90deffa5bd422d7dce534a8fd355a3,"MARANHÃO, MAYA, PADILHA, DUARTE & PRATA ADVOGADOS ASSOCIADOS",ROWS:p8r54|UNRECONCILED_SOURCE,2026-09-03T23:36:47Z,build
00993264,0302174-63.2015.8.24.0025,189409.38,00993264000355,1,CONFECÇÕES ANDRIMALHAS LTDA – Sgrott Administradora Judicial e Consultoria Empresarial,,,0,POOL,d403116b357dac27429fe9e2a0634e3c573603e7,"EST. MUNICIPAL 442, 1000 - SECAO CENTRAL - ASSAI - PR",PARTIAL_DOC_CLASS_III_RECONCILED|ROWS:p2r20,2026-09-03T23:36:48Z,build
04205560,5008793-34.2023.8.24.0019,189260.69,04205560000133,1,AZEPLAST INDÚSTRIA E COMÉRCIO LTDA,,,0,POOL,229081edb0eaccd400fcad129b25a20d453416b7,TRADE & PACK COMERCIAL LTDA,PARTIAL_DOC_CLASS_III_RECONCILED|ROWS:p2r12,2026-09-03T23:36:48Z,build
21018796,0000721-61.2024.8.17.2620,188929.79,21018796000180,1,GRUPO DIVINA INDUSTRIA DE COURO LTDA – LRF Líderes em Recuperação Judicial e Falência,,,0,POOL,38f0c15b8a2d8dc124ae88df3b8958088a54cfcc,DNA SOLUCOES COM E IMPORTADAO DE PRODUTOS,PARTIAL_DOC_CLASS_III_RECONCILED|ROWS:p2r35,2026-09-03T23:36:48Z,build
83475913,0700536-67.2024.8.02.0043,188272.57,83475913004006,1,GRUPO PISEBEM — Lindoso e Araujo,,,0,POOL,d7c426fbd475685a322559791802848a6b81e7db,PBG S/A,ROWS:p2r13|UNRECONCILED_SOURCE,2026-09-03T23:36:47Z,build
32282989,0820780-23.2026.8.14.0301,188233.36,32282989000160,1,e mpresa,,,0,POOL,38d930ab1caa2c9562c2171db6bb7801de1f28e5,ALVAREZ & MARSAL REESTRUTURACAO E ASSESS ORIA FINANCEIRA PARA SIT ESP LTDA,LIKELY_FINANCIAL_BY_NAME|PARTIAL_DOC_CLASS_III_RECONCILED|ROWS:p3r13,2026-09-03T23:36:47Z,build
20051181,0000472-94.2012.5.06.0193,187837.20,20051181000192,1,SCZ Scalzilli Administração Judicial,,,0,POOL,24ed98480a572989bb0ce06fbd92e30151b7c249,"Uberaba-MG, na Fazenda Lageado – estrada da Pedreira Beira Rio, 2 KM, Bairro Arquelau – CEP: 38.070-000",LIKELY_PUBLIC_BY_NAME|ROWS:p64r14|VALUE_COL:Valor_Atualizado,2026-09-03T23:36:47Z,build
04125812,0020255-24.2020.5.04.0104,187140.54,04125812000700,1,Base | AJ RUIZ - Administração Judicial,,,0,POOL,2407a56c35028c413305535a1dd008db0d00dcd7,RUA VALENTINO CARDOSO - SAO PAULO-SP - CEP 05161-100,ROWS:p3r38,2026-09-03T23:36:48Z,build
07446039,4054599-35.2025.8.26.0100,186787.44,07446039000186,1,Ativos,,,0,POOL,2fe04bf4466d0420480f240ab82ca5b210606a24,R ATENAS 369 8900000,ROWS:p4r26|UNRECONCILED_SOURCE,2026-09-03T23:36:48Z,build
04215366,5012743-51.2023.8.24.0019,186244.57,04215366000139,1,Alto Uruguai Indústria e Comércio de Óleos Ltda,,,0,POOL,75336e98f447837fcdb5e795c7aa49c9bea54c52,WA INDUSTRIA E COMERCIO LTDA,ROWS:p1r38|VALUE_COL:Valor_Do_Crédito,2026-09-03T23:36:48Z,build
00732684,4054599-35.2025.8.26.0100,185483.80,00732684000116,1,Ativos,,,0,POOL,2fe04bf4466d0420480f240ab82ca5b210606a24,RUA CAPITÃO CAVALCANTI VILA MARIANA 4017000,ROWS:p3r19|UNRECONCILED_SOURCE,2026-09-03T23:36:48Z,build
07707650,4054599-35.2025.8.26.0100,185448.40,07707650000110,1,Ativos,,,0,POOL,2fe04bf4466d0420480f240ab82ca5b210606a24,"AV PRES JUSCELINO KUBITSCHEK 2041, CONJ 231 A",ROWS:p2r21|UNRECONCILED_SOURCE|VALUE_COL:Valor,2026-09-03T23:36:48Z,build
06232484,0000472-94.2012.5.06.0193,184064.46,06232484000180,1,SCZ Scalzilli Administração Judicial,,,0,POOL,24ed98480a572989bb0ce06fbd92e30151b7c249,"Rua P, nº 980, Distrito Industrial - Cuiabá/MT",ROWS:p70r5|VALUE_COL:Valor_Atualizado,2026-09-03T23:36:47Z,build
04307650,0041309-42.2014.8.08.0024,183797.18,04307650000216,1,E FALÊNCIA,,,0,POOL,bf96785f7a4e919f76a22ff6fcd899efb24bd2d5,ONCO PROD DIST. DE PROD. HOSPITALARES E ONCOLOGIA S.A,ROWS:p5r4|UNRECONCILED_SOURCE,2026-09-03T23:36:48Z,build
08862530,0074500-63.2024.8.17.2001,183498.32,08862530000150,1,GRUPO IMOBI – LRF Líderes em Recuperação Judicial e Falência,,,0,POOL,795d57c3b1a6263f35fd080afd0a6ea1ad727ea3,TIGRE MATERIAIS E SOLUCOES PARA CONSTRUCAO LTDA,ROWS:p6r66,2026-09-03T23:36:48Z,build
61086336,0007565-40.2020.8.17.2370,181829.80,61086336014406,1,e Falência,,,0,POOL,849d4fe5adce792f073eb0cbe52a2f1d8075a473,61.086.336/0144-06,ROWS:p16r40,2026-09-03T23:36:48Z,build
17531314,5009529-81.2025.8.24.0019,181379.53,17531314000113,1,SCZ Scalzilli Administração Judicial,,,0,POOL,2e46411688575df1120bdb73499fa0a31b4d1af8,CRISTAL GLASS INDÚSTRIA DE VIDROS LTDA,"ROWS:p1r44|UNRECONCILED_SOURCE|VALUE_COL:Valor_(Art._7º,_§2º)",2026-09-03T23:36:48Z,build
00360305,5003439-20.2020.8.24.0282,181131.92,00360305000104,3,ALBERTINA MARTINS PEREIRA FRECCIA / ROBERTO BRUNATO FRECCIA – EPP / SOFIA FRECCIA CONFECÇÕES LTDA – Sgrott Administradora Judicial e Consultoria Empresarial,,,0,POOL,102b04dc13b84d35a3ab4ffd3c50dede27cc5d6f,"Servidão Nossa Senhora de Lourdes, n. 111, Agronômica, Florianópolis/SC","ROWS:p3r15,p3r16,p3r17|UNRECONCILED_SOURCE",2026-09-03T23:36:48Z,build
07976147,4054599-35.2025.8.26.0100,180876.05,07976147000160,1,Ativos,,,0,POOL,2fe04bf4466d0420480f240ab82ca5b210606a24,RUA DOUTOR RENATO PAES DE BARROS CONJ 92 1017 ITAIM BIBI 4530001,ROWS:p3r69|UNRECONCILED_SOURCE,2026-09-03T23:36:48Z,build
00303732,0007565-40.2020.8.17.2370,180555.16,00303732000150,1,e Falência,,,0,POOL,849d4fe5adce792f073eb0cbe52a2f1d8075a473,00.303.732/0001-50,ROWS:p15r55,2026-09-03T23:36:48Z,build
06003366,0000357-17.2024.8.16.0131,180000.00,06003366000109,1,Destro Comercio De Alimentos LTDA,,,0,POOL,96830f5ef11b636a49c31aae309bc5dce86f8769,Scansource Brasil Distribuidora Moldados LTDA ME (CNPJ n°,ROWS:p2r24|UNRECONCILED_SOURCE,2026-09-03T23:36:48Z,build
40809085,0700536-67.2024.8.02.0043,179061.52,40809085000178,1,GRUPO PISEBEM — Lindoso e Araujo,,,0,POOL,d7c426fbd475685a322559791802848a6b81e7db,FDC TRANSPORTES DE CARGAS LTDA,ROWS:p2r8|UNRECONCILED_SOURCE,2026-09-03T23:36:47Z,build
08336783,5008793-34.2023.8.24.0019,178843.50,08336783000190,1,AZEPLAST INDÚSTRIA E COMÉRCIO LTDA,,,0,POOL,229081edb0eaccd400fcad129b25a20d453416b7,CELESC DISTRIBUIÇÃO S.A,PARTIAL_DOC_CLASS_III_RECONCILED|ROWS:p1r14,2026-09-03T23:36:48Z,build
87821278,5014104-85.2021.8.21.0010,178822.70,87821278000299,1,SCZ Scalzilli Administração Judicial,,,0,POOL,84c586360a663c7c23a7d5176358d616fe6a93e7,GEDOZ COMERCIO DE FERROS LTDA FILIAL (,ROWS:p7r16|UNRECONCILED_SOURCE,2026-09-03T23:36:47Z,build
07728073,5341375-33.2026.8.09.0049,177908.03,07728073000224,1,"Grupo 3E, em consolidação substancia",,,0,POOL,8e8832093a15aa7f9dc936a37e882fe66a1fe43d,Rede Brasil Atacado Distribuidor,ROWS:p17r15|UNRECONCILED_SOURCE,2026-09-03T23:36:48Z,build
03442526,0302174-63.2015.8.24.0025,177209.79,03442526000110,1,CONFECÇÕES ANDRIMALHAS LTDA – Sgrott Administradora Judicial e Consultoria Empresarial,,,0,POOL,d403116b357dac27429fe9e2a0634e3c573603e7,"AV MABEL, S/N - DISTRITO INDUSTRIAL - TRES LAGOAS - MS",PARTIAL_DOC_CLASS_III_RECONCILED|ROWS:p1r28|VALUE_COL:Valores,2026-09-03T23:36:48Z,build
93651958,1000119-75.2025.8.26.0354,176231.64,93651958000123,5,Ativos,,,0,POOL,7e2dd0270ed86b1f71e6e3a9cc21d965a29b3955,DOHLER- MAIS FRUTA INDUSTRIA E COMERCIO S.A,"ROWS:p3r78,p3r79,p3r86,p4r6,p4r8|UNRECONCILED_SOURCE",2026-09-03T23:36:48Z,build
11207104,0000472-94.2012.5.06.0193,176026.69,11207104000198,1,SCZ Scalzilli Administração Judicial,,,0,POOL,24ed98480a572989bb0ce06fbd92e30151b7c249,"Avenida Portuária, s/n , Complexo Industrial Portuário de Suape, Engenho Massangana, Ipojuca/PE, CEP 55.590- 000",ROWS:p73r8|VALUE_COL:Valor_Atualizado,2026-09-03T23:36:47Z,build
83336180,0000472-94.2012.5.06.0193,176024.25,83336180000295,1,SCZ Scalzilli Administração Judicial,,,0,POOL,24ed98480a572989bb0ce06fbd92e30151b7c249,"Rua 4, s/no, Rodovia BR-101, Km 90, Bairro Parque dos Faróis, CEP 49160- 000, Nossa Senhora do Socorro (SE)",ROWS:p70r14|VALUE_COL:Valor_Atualizado,2026-09-03T23:36:47Z,build
44705774,3000117-40.2025.8.06.0512,175694.04,44705774000193,1,PÃ¡gina inicial,,,0,POOL,73b45cbf1779afc0265bba96895afb5cec00f12c,SOMAPAY SOCIEDADE DE CREDITO DIRETO S.A.,ROWS:p16r8,2026-09-03T23:36:48Z,build
51270299,5341375-33.2026.8.09.0049,175554.40,51270299000135,1,"Grupo 3E, em consolidação substancia",,,0,POOL,8e8832093a15aa7f9dc936a37e882fe66a1fe43d,Cafe Vita,ROWS:p11r24|UNRECONCILED_SOURCE,2026-09-03T23:36:48Z,build
61432506,0007565-40.2020.8.17.2370,175496.64,61432506000407,1,e Falência,,,0,POOL,849d4fe5adce792f073eb0cbe52a2f1d8075a473,61.432.506/0004-07,ROWS:p16r59,2026-09-03T23:36:48Z,build
68993641,0000357-17.2024.8.16.0131,175000.00,68993641000802,1,Destro Comercio De Alimentos LTDA,,,0,POOL,96830f5ef11b636a49c31aae309bc5dce86f8769,Marcelo De Equipamentos E Servicos De Informatica LTDA (CNPJ n°,ROWS:p1r14|UNRECONCILED_SOURCE,2026-09-03T23:36:48Z,build
54386933,1004204-09.2020.8.26.0604,174500.37,54386933000350|54386933000430,2,EMBRAC EMPRESA,,,0,POOL,506c627084b6455fa76243c474e38c0fe33daf14,PIRASA VEICULOS LTDA PNEUS (,"ROWS:p2r71,p2r72|UNRECONCILED_SOURCE",2026-09-03T23:36:48Z,build
07046865,1000119-75.2025.8.26.0354,174500.00,07046865000138,1,Ativos,,,0,POOL,7e2dd0270ed86b1f71e6e3a9cc21d965a29b3955,RIVER REFRIGERANTES EIRELI,ROWS:p4r77|UNRECONCILED_SOURCE,2026-09-03T23:36:48Z,build
10543501,0000472-94.2012.5.06.0193,174423.76,10543501000178,1,SCZ Scalzilli Administração Judicial,,,0,POOL,24ed98480a572989bb0ce06fbd92e30151b7c249,0004387-19.2014.8.25.0027,ROWS:p75r8|VALUE_COL:Valor_Atualizado,2026-09-03T23:36:47Z,build
92265552,0005010-98.2023.8.16.0001,174360.01,92265552000816,1,Marques Administrações Judiciais,,,0,POOL,b465a5d11eec7a46656b594fa59c62d80724e0a1,Multilab Industria e Comercio de Produtos Farmaceuticos Ltda,PARTIAL_DOC_CLASS_III_RECONCILED|ROWS:p29r7,2026-09-03T23:36:48Z,build
63310411,5341375-33.2026.8.09.0049,174203.35,63310411002490,1,"Grupo 3E, em consolidação substancia",,,0,POOL,8e8832093a15aa7f9dc936a37e882fe66a1fe43d,Tres Coracoes Alimentos S.A.,ROWS:p18r46|UNRECONCILED_SOURCE,2026-09-03T23:36:48Z,build
11263858,0000472-94.2012.5.06.0193,173392.87,11263858000165,1,SCZ Scalzilli Administração Judicial,,,0,POOL,24ed98480a572989bb0ce06fbd92e30151b7c249,"Rua Guapé, número 103, bairro Santo André, CEP.: 31.210-62, Belo Horizonte",ROWS:p70r16|VALUE_COL:Valor_Atualizado,2026-09-03T23:36:47Z,build
03801328,5341375-33.2026.8.09.0049,173307.27,03801328000103,1,"Grupo 3E, em consolidação substancia",,,0,POOL,8e8832093a15aa7f9dc936a37e882fe66a1fe43d,Bonfrigo,ROWS:p10r69|UNRECONCILED_SOURCE,2026-09-03T23:36:48Z,build
12141105,0000472-94.2012.5.06.0193,173127.46,12141105000220,1,SCZ Scalzilli Administração Judicial,,,0,POOL,24ed98480a572989bb0ce06fbd92e30151b7c249,"Rua Constran, n° 132, Vila Industrial, Santana do Parnaíba, São Paulo",ROWS:p71r13|VALUE_COL:Valor_Atualizado,2026-09-03T23:36:47Z,build
37594825,5008793-34.2023.8.24.0019,173097.25,37594825000191,1,AZEPLAST INDÚSTRIA E COMÉRCIO LTDA,,,0,POOL,229081edb0eaccd400fcad129b25a20d453416b7,MMR INDUSTRIA E COMERCIO DE PRODUTOS QUIMICOS LTDA,PARTIAL_DOC_CLASS_III_RECONCILED|ROWS:p2r1,2026-09-03T23:36:48Z,build
45736131,0019761-43.2024.8.17.2001,172992.26,45736131000170,2,GRUPO ADLIM – LRF Líderes em Recuperação Judicial e Falência,,,0,POOL,a32497797bacd26aee3d411b89e47dce32e5a250,"UNIDAS LOCADORA S.A., CPF/CNPJ/OAB nº","PARTIAL_DOC_CLASS_III_RECONCILED|ROWS:p67r49,p85r35",2026-09-03T23:36:48Z,build
36343960,0007565-40.2020.8.17.2370,171987.03,36343960000100,1,e Falência,,,0,POOL,849d4fe5adce792f073eb0cbe52a2f1d8075a473,36.343.960/0001-00,ROWS:p16r38,2026-09-03T23:36:48Z,build
97467856,0001943-40.2024.8.16.0115,171165.31,97467856000375|97467856001770,2,- D & D LOGÍSTICA E TRANSPORTE Comercia,,,0,POOL,dfc3207dcd0fa485a74eefea8e9db729618a8aea,Rodoparana Implementos Rodoviarios Ltda,"PARTIAL_DOC_CLASS_III_RECONCILED|ROWS:p5r15,p5r16",2026-09-03T23:36:48Z,build
06099229,0700256-03.2019.8.02.0066,170000.00,06099229000101,1,Grupo Arnon de Mello — Lindoso e Araujo,,,0,POOL,60fd9c017d90deffa5bd422d7dce534a8fd355a3,ASSUPERO ENSINO SUPERIOR LTDA,ROWS:p7r16|UNRECONCILED_SOURCE,2026-09-03T23:36:47Z,build
17467515,0005010-98.2023.8.16.0001,168818.91,17467515002738,1,Marques Administrações Judiciais,,,0,POOL,b465a5d11eec7a46656b594fa59c62d80724e0a1,Cafe Tres Coracoes S.A.,PARTIAL_DOC_CLASS_III_RECONCILED|ROWS:p22r9,2026-09-03T23:36:48Z,build
44649812,0873061-47.2023.8.19.0001,168809.12,44649812000138,1,Real Distribuidora – Processo nº 0873061-47.2023.8.19.0001 – e-mail: admjudunica@inova-aj.com.br – INOVA,,,0,POOL,8eb5d0d64353bf5fcd1122d1a511b7ca9884e3bd,"Avenida Paulista, 867, Bela Vista, São Paulo/SP - CEP 01311100","ALT_VALUE:R$122.742,47|ROWS:p1r43",2026-09-03T23:36:48Z,build
00774265,5341375-33.2026.8.09.0049,168234.88,00774265000147,1,"Grupo 3E, em consolidação substancia",,,0,POOL,8e8832093a15aa7f9dc936a37e882fe66a1fe43d,Gsa Gama Sucos e Alimts,ROWS:p14r21|UNRECONCILED_SOURCE,2026-09-03T23:36:48Z,build
05117268,0007565-40.2020.8.17.2370,167034.71,05117268000806,1,e Falência,,,0,POOL,849d4fe5adce792f073eb0cbe52a2f1d8075a473,05.117.268/0008-06,ROWS:p16r21,2026-09-03T23:36:48Z,build
25760786,0007565-40.2020.8.17.2370,166773.60,25760786000176,1,e Falência,,,0,POOL,849d4fe5adce792f073eb0cbe52a2f1d8075a473,25.760.786/0001-76,ROWS:p16r11,2026-09-03T23:36:48Z,build
03785066,5341375-33.2026.8.09.0049,166445.75,03785066000122,1,"Grupo 3E, em consolidação substancia",,,0,POOL,8e8832093a15aa7f9dc936a37e882fe66a1fe43d,Real Distribuidora,ROWS:p17r14|UNRECONCILED_SOURCE,2026-09-03T23:36:48Z,build
33337122,5341375-33.2026.8.09.0049,165699.00,33337122020233,1,"Grupo 3E, em consolidação substancia",,,0,POOL,8e8832093a15aa7f9dc936a37e882fe66a1fe43d,Texaco,ROWS:p18r32|UNRECONCILED_SOURCE,2026-09-03T23:36:48Z,build
09483773,5341375-33.2026.8.09.0049,165418.29,09483773000140,1,"Grupo 3E, em consolidação substancia",,,0,POOL,8e8832093a15aa7f9dc936a37e882fe66a1fe43d,Refil - Fokus Goias Distribuicao e Logistica Ltda,ROWS:p17r16|UNRECONCILED_SOURCE,2026-09-03T23:36:48Z,build
81904948,0007565-40.2020.8.17.2370,165236.15,81904948000254,1,e Falência,,,0,POOL,849d4fe5adce792f073eb0cbe52a2f1d8075a473,81.904.948/0002-54,ROWS:p15r26,2026-09-03T23:36:48Z,build
07253654,0005010-98.2023.8.16.0001,164690.16,07253654000176,1,Marques Administrações Judiciais,,,0,POOL,b465a5d11eec7a46656b594fa59c62d80724e0a1,Hedge Investments Distribuidora de Títulos e Valores Mobiliários Ltda,PARTIAL_DOC_CLASS_III_RECONCILED|ROWS:p26r8,2026-09-03T23:36:48Z,build
45597546,0000721-61.2024.8.17.2620,164524.69,45597546000100,1,GRUPO DIVINA INDUSTRIA DE COURO LTDA – LRF Líderes em Recuperação Judicial e Falência,,,0,POOL,38f0c15b8a2d8dc124ae88df3b8958088a54cfcc,BIZCAPITAL SOCIEDADE DE CRÉDITO DIRETO S.A,PARTIAL_DOC_CLASS_III_RECONCILED|ROWS:p2r20,2026-09-03T23:36:48Z,build
02635522,5341375-33.2026.8.09.0049,164095.66,02635522000195,1,"Grupo 3E, em consolidação substancia",,,0,POOL,8e8832093a15aa7f9dc936a37e882fe66a1fe43d,Jalles Machado S/A,ROWS:p14r66|UNRECONCILED_SOURCE,2026-09-03T23:36:48Z,build
05448784,5341375-33.2026.8.09.0049,164011.71,05448784000139,1,"Grupo 3E, em consolidação substancia",,,0,POOL,8e8832093a15aa7f9dc936a37e882fe66a1fe43d,Futura Caminhoes e Maquinas Ltda,ROWS:p13r71|UNRECONCILED_SOURCE,2026-09-03T23:36:48Z,build
60746948,0015488-29.2018.8.17.2810,162554.56,60746948000112,1,CENTRO DE TRATAMENTO RENAL ZONA SUL LTDA,,,0,POOL,05e15e3ab0973ce0b16c39684020161cc0cb705a,BANCO BRADESCO-CAPITAL DE GIRO,LIKELY_FINANCIAL_BY_NAME|ROWS:p3r3,2026-09-03T23:36:48Z,build
60746948,0824037-95.2022.8.15.0001,162443.50,60746948000112,1,em questão. FAZ SA,,,0,POOL,49e767732638d57cf843ff857e8c16528c80e86f,BANCO BRADESCO,LIKELY_FINANCIAL_BY_NAME|ROWS:p2r56,2026-09-03T23:36:47Z,build
07863618,0005010-50.2013.8.24.0026,162336.66,07863618000124,1,MANNES LTDA E BM EMPREENDIMENTOS E PARTICIPAÇÕES – Sgrott Administradora Judicial e Consultoria Empresarial,,,0,POOL,ea17ba43b2611e60da78d77cd10f534a8d7ffa56,TEXDECOR COMERCIO DE DECORAÇÕES LTDA,ROWS:p18r60|UNRECONCILED_SOURCE,2026-09-03T23:36:48Z,build
03584906,0016858-63.2025.8.16.0017,161863.56,03584906000199,1,participante se responsa,,,0,POOL,a3afeb0f9549b99330f76b25a2881fdeec099eb9,Agencia de Fomento do Fornecedor Paraná S.A.,ROWS:p4r4,2026-09-03T23:36:48Z,build
02377798,0020255-24.2020.5.04.0104,161659.10,02377798001001,1,Base | AJ RUIZ - Administração Judicial,,,0,POOL,2407a56c35028c413305535a1dd008db0d00dcd7,RODOVIA BR 010 Nª91 - IMPERATRIZ-MA - CEP 65908-000,ROWS:p3r17,2026-09-03T23:36:48Z,build
12301881,5341375-33.2026.8.09.0049,161200.00,12301881000160,1,"Grupo 3E, em consolidação substancia",,,0,POOL,8e8832093a15aa7f9dc936a37e882fe66a1fe43d,Gynnox,ROWS:p14r27|UNRECONCILED_SOURCE,2026-09-03T23:36:48Z,build
04523745,5014104-85.2021.8.21.0010,161000.00,04523745000196,1,SCZ Scalzilli Administração Judicial,,,0,POOL,84c586360a663c7c23a7d5176358d616fe6a93e7,PLANEF CONSULTORIA E PLANEJAMENTO LTDA (,ROWS:p9r6|UNRECONCILED_SOURCE,2026-09-03T23:36:47Z,build
10842374,8005129-09.2023.8.05.0039,160996.26,10842374000108,1,e na falência,,,0,POOL,a0ae32a59c2928e385c610811f80949f98723486,MULTIPLO FUNDO DE INVESTIMENTO EM DIREITOS CREDITÓRIOS NÃO PADRONIZADOS MULTISSETORIA L,LIKELY_FINANCIAL_BY_NAME|ROWS:p19r1|UNRECONCILED_SOURCE,2026-09-03T23:36:47Z,build
19457137,0019761-43.2024.8.17.2001,160902.04,19457137000106,1,GRUPO ADLIM – LRF Líderes em Recuperação Judicial e Falência,,,0,POOL,a32497797bacd26aee3d411b89e47dce32e5a250,"BRAVI CONSUMIVEIS DE HIGIENE E DESCARTAVEIS LTDA, CPF/CNPJ/OAB nº",PARTIAL_DOC_CLASS_III_RECONCILED|ROWS:p66r72,2026-09-03T23:36:48Z,build
38443576,0873061-47.2023.8.19.0001,160527.72,38443576000104,1,Real Distribuidora – Processo nº 0873061-47.2023.8.19.0001 – e-mail: admjudunica@inova-aj.com.br – INOVA,,,0,POOL,8eb5d0d64353bf5fcd1122d1a511b7ca9884e3bd,"Avenida Doutor Chucri Zidar, 1550, Conj 2704, Sala 03, Vila São Francisco, São Paulo -CEP 04711130","ALT_VALUE:R$116.721,00|ROWS:p2r13",2026-09-03T23:36:48Z,build
04496698,0700536-67.2024.8.02.0043,159772.18,04496698000139,1,GRUPO PISEBEM — Lindoso e Araujo,,,0,POOL,d7c426fbd475685a322559791802848a6b81e7db,INCENOR INDUSTRIA CERAMICA DO NORDESTE LTDA,ROWS:p2r9|UNRECONCILED_SOURCE,2026-09-03T23:36:47Z,build
01536085,0001943-40.2024.8.16.0115,159658.48,01536085002648,1,- D & D LOGÍSTICA E TRANSPORTE Comercia,,,0,POOL,dfc3207dcd0fa485a74eefea8e9db729618a8aea,Pneulandia Comercial LTDA,PARTIAL_DOC_CLASS_III_RECONCILED|ROWS:p5r11,2026-09-03T23:36:48Z,build
47959697,0005010-50.2013.8.24.0026,159440.80,47959697000358,1,MANNES LTDA E BM EMPREENDIMENTOS E PARTICIPAÇÕES – Sgrott Administradora Judicial e Consultoria Empresarial,,,0,POOL,ea17ba43b2611e60da78d77cd10f534a8d7ffa56,AMAZONAS PRODUTOS PARA CALCADOS LTDA.,ROWS:p12r48|UNRECONCILED_SOURCE,2026-09-03T23:36:48Z,build
28195667,0003971-03.2023.8.16.0119,158469.62,28195667000106,1,Marques Administrações Judiciais,,,0,POOL,1209dafe77b7708945a17e0f6d11db9b41daea47,Banco Abc Brasil S.A.,LIKELY_FINANCIAL_BY_NAME|PARTIAL_DOC_CLASS_III_RECONCILED|ROWS:p9r15,2026-09-03T23:36:48Z,build
45990181,1001174-80.2024.8.26.0359,158211.76,45990181000189,2,Ativos,,,0,POOL,442539f948e05d3b98924984d4ac62e721a54540,"Via Anhanguera, Km 98, Boa Vista, CEP nº 13.065-900, Campinas/SP","ROWS:p3r10,p3r26|UNRECONCILED_SOURCE|VALUE_COL:Valor_Do_Créidto",2026-09-03T23:36:48Z,build
10212986,0002484-82.2022.8.17.2001,158008.88,10212986000117,3,e Falência,,,0,POOL,f3b6182e3aa2715450af4d59223acc49f7047632,ICONE SC COMERCIAL IMPORTADORA E EXPORTADORA LTDA,"PARTIAL_DOC_CLASS_III_RECONCILED|ROWS:p4r76,p7r101,p9r75",2026-09-03T23:36:48Z,build
00872615,0000472-94.2012.5.06.0193,156941.76,00872615000108,1,SCZ Scalzilli Administração Judicial,,,0,POOL,24ed98480a572989bb0ce06fbd92e30151b7c249,"Aracaju, Estado de Sergipe, na Av. Carlos Bulamarqui, no 156, Centro, CEP 49.010-660",LIKELY_PUBLIC_BY_NAME|ROWS:p64r15|VALUE_COL:Valor_Atualizado,2026-09-03T23:36:47Z,build
10821493,0000472-94.2012.5.06.0193,156926.63,10821493000184,2,SCZ Scalzilli Administração Judicial,,,0,POOL,24ed98480a572989bb0ce06fbd92e30151b7c249,"Rua Benjamim Flores, nº 28, bairro Santo Antônio, CEP: 30350-240, no município de Belo Horizonte/MG","LIKELY_PUBLIC_BY_NAME|ROWS:p63r5,p63r6|VALUE_COL:Valor_Atualizado",2026-09-03T23:36:47Z,build
03613421,0020255-24.2020.5.04.0104,156605.75,03613421000186,1,Base | AJ RUIZ - Administração Judicial,,,0,POOL,2407a56c35028c413305535a1dd008db0d00dcd7,"RUA TRAJANO DE ARAUJO,2500 - CONTAGEM-MG - CEP 32010-090",ROWS:p3r44,2026-09-03T23:36:48Z,build
02435301,0804401-51.2025.8.14.0039,155266.23,02435301000416,1,SOJAL COMERCIA,,,0,POOL,c56751547323616443dc07ccc6d6c553539dec25,SIAGRI SISTEMAS DE GESTAO LTDA,ROWS:p2r8,2026-09-03T23:36:47Z,build
04368898,0000410-68.2021.8.16.0174,154741.41,04368898000106,1,consonância,,,0,POOL,b1a9f73b4c119a16aede49b05ad9f554fb74bc97,e Copel Distribuição S.A.,PARTIAL_DOC_CLASS_III_RECONCILED|ROWS:p13r21,2026-09-03T23:36:48Z,build
90400888,4087055-04.2026.8.26.0100,154710.23,90400888000142,2,Ativos,,,0,POOL,eb0a94ffe21d8842bfaf1a8b454008cac3241e99,OESTE COMERCIAL DE FERRO E AÇO LTDA,"PARTIAL_DOC_CLASS_III_RECONCILED|ROWS:p4r8,p5r15|VALUE_COL:Valor_-",2026-09-03T23:36:48Z,build
29720595,0003971-03.2023.8.16.0119,154400.00,29720595000131,1,Marques Administrações Judiciais,,,0,POOL,1209dafe77b7708945a17e0f6d11db9b41daea47,Distressed Fundo De Investimento Em Direitos Creditórios Não Padronizados,LIKELY_FINANCIAL_BY_NAME|PARTIAL_DOC_CLASS_III_RECONCILED|ROWS:p10r18,2026-09-03T23:36:48Z,build
27093558,0000472-94.2012.5.06.0193,153156.39,27093558001430,1,SCZ Scalzilli Administração Judicial,,,0,POOL,24ed98480a572989bb0ce06fbd92e30151b7c249,"Rua Interna 07, nº 645, Pontezinha, Cabo de Santo Agostinho, Estado de Pernambuco, CEP: 54590-000.",LIKELY_PUBLIC_BY_NAME|ROWS:p70r1|VALUE_COL:Valor_Atualizado,2026-09-03T23:36:47Z,build
07546521,5341375-33.2026.8.09.0049,152844.49,07546521000198,1,"Grupo 3E, em consolidação substancia",,,0,POOL,8e8832093a15aa7f9dc936a37e882fe66a1fe43d,Sta Distribuidora De Alimentos Ltda.,ROWS:p18r6|UNRECONCILED_SOURCE,2026-09-03T23:36:48Z,build
05293491,0000472-94.2012.5.06.0193,152761.44,05293491000120,1,SCZ Scalzilli Administração Judicial,,,0,POOL,24ed98480a572989bb0ce06fbd92e30151b7c249,"Rua Florianópolis, n.º 171 – Vila Santa Teresa – Santo André – São Paulo",ROWS:p66r5|VALUE_COL:Valor_Atualizado,2026-09-03T23:36:47Z,build
18152158,5014104-85.2021.8.21.0010,152754.49,18152158000142,1,SCZ Scalzilli Administração Judicial,,,0,POOL,84c586360a663c7c23a7d5176358d616fe6a93e7,BCR FUNDO DE INVESTIMENTO EM DIREITOS CREDITORIOS MULTISSETORIAL (,LIKELY_FINANCIAL_BY_NAME|ROWS:p5r41|UNRECONCILED_SOURCE,2026-09-03T23:36:47Z,build
87178448,1000119-75.2025.8.26.0354,152358.41,87178448000420,2,Ativos,,,0,POOL,7e2dd0270ed86b1f71e6e3a9cc21d965a29b3955,ARIPE CITRUS AGRO INDUSTRIAL LTDA FILIAL,"ROWS:p3r11,p3r13|UNRECONCILED_SOURCE",2026-09-03T23:36:48Z,build
01682147,0003971-03.2023.8.16.0119,152160.00,01682147000171,1,Marques Administrações Judiciais,,,0,POOL,1209dafe77b7708945a17e0f6d11db9b41daea47,Avenorte Avicola Cianorte Ltda,PARTIAL_DOC_CLASS_III_RECONCILED|ROWS:p9r13,2026-09-03T23:36:48Z,build
69915536,0000206-69.2013.8.17.1340,151663.31,69915536000133,1,AGROPECUÁRIA SERROTE REDONDO – LRF Líderes em Recuperação Judicial e Falência,,,0,POOL,7c0ce2830d0d7e22653dbd04dbb70cd8440069c6,JUAREZ DE OLIVEIRA M E,"ALT_VALUE:67.051,58|ROWS:p2r32",2026-09-03T23:36:47Z,build
60746948,1000119-75.2025.8.26.0354,151627.58,60746948000112,1,Ativos,,,0,POOL,7e2dd0270ed86b1f71e6e3a9cc21d965a29b3955,BRADESCO,LIKELY_FINANCIAL_BY_NAME|ROWS:p3r31|UNRECONCILED_SOURCE,2026-09-03T23:36:48Z,build
12073848,0820780-23.2026.8.14.0301,151585.39,12073848000120,1,e mpresa,,,0,POOL,38d930ab1caa2c9562c2171db6bb7801de1f28e5,JC SOCCER TALENTS,PARTIAL_DOC_CLASS_III_RECONCILED|ROWS:p3r22,2026-09-03T23:36:47Z,build
02429547,5012306-16.2022.8.21.0023,151521.52,02429547000132,1,SCZ Scalzilli Administração Judicial,,,0,POOL,ebfb999b457caf45140ea7446a22cd3751154eaf,JOMHEDICA NORTE PRODUTOS MED. (,ROWS:p28r21|UNRECONCILED_SOURCE,2026-09-03T23:36:47Z,build
73562126,0000357-17.2024.8.16.0131,151500.00,37752980000199|73562126000123,1,Destro Comercio De Alimentos LTDA,,,0,POOL,96830f5ef11b636a49c31aae309bc5dce86f8769,Siviero Alimentos E Sementes LTDA (CNPJ n°,MULTI_ROOT|ROWS:p2r27|UNRECONCILED_SOURCE,2026-09-03T23:36:48Z,build
74828799,5014104-85.2021.8.21.0010,150748.02,74828799000145,1,SCZ Scalzilli Administração Judicial,,,0,POOL,84c586360a663c7c23a7d5176358d616fe6a93e7,NOVO BANCO CONTINENTAL S.A.BANCO MULTIPLO (,LIKELY_FINANCIAL_BY_NAME|ROWS:p8r34|UNRECONCILED_SOURCE,2026-09-03T23:36:47Z,build
05469350,0000472-94.2012.5.06.0193,150655.20,05469350000115,1,SCZ Scalzilli Administração Judicial,,,0,POOL,24ed98480a572989bb0ce06fbd92e30151b7c249,Rua Dr. Eurico Rodrigues nº 256 Letra A - Praia - Itabirito/MG CEP: 35450-000,ROWS:p63r14|VALUE_COL:Valor_Atualizado,2026-09-03T23:36:47Z,build
00056013,0000472-94.2012.5.06.0193,150344.00,00056013000182,1,SCZ Scalzilli Administração Judicial,,,0,POOL,24ed98480a572989bb0ce06fbd92e30151b7c249,"Avenida Raja Gabaglia, n.º 1001, Salas 404/405, Bairro Cidade Jardim, na cidade de Belo Horizonte/MG",ROWS:p74r5|VALUE_COL:Valor_Atualizado,2026-09-03T23:36:47Z,build
76568260,0005010-50.2013.8.24.0026,150238.44,76568260000120,2,MANNES LTDA E BM EMPREENDIMENTOS E PARTICIPAÇÕES – Sgrott Administradora Judicial e Consultoria Empresarial,,,0,POOL,ea17ba43b2611e60da78d77cd10f534a8d7ffa56,MADERMOVEIS IND E COM DE MADEIRAS LTDA.,"ROWS:p16r30,p16r31|UNRECONCILED_SOURCE",2026-09-03T23:36:48Z,build
47678918,0000721-61.2024.8.17.2620,150000.00,47678918000158,1,GRUPO DIVINA INDUSTRIA DE COURO LTDA – LRF Líderes em Recuperação Judicial e Falência,,,0,POOL,38f0c15b8a2d8dc124ae88df3b8958088a54cfcc,VALE SECURITIZADORA S/A,LIKELY_FINANCIAL_BY_NAME|PARTIAL_DOC_CLASS_III_RECONCILED|ROWS:p3r5,2026-09-03T23:36:48Z,build
24890044,5677250-87.2023.8.09.0051,150000.00,24890044000100,1,"GRUPO UNIBRÁS, por seu representante legal Dr. STENIUS LACERDA BASTOS, faz sa",,,0,POOL,62943bec34234d5fa40566fc7c8dd04d2df2139e,,NAME_MISSING|ROWS:p24r2|UNRECONCILED_SOURCE,2026-09-03T23:36:48Z,build
10912900,5341375-33.2026.8.09.0049,149363.01,10912900000240,1,"Grupo 3E, em consolidação substancia",,,0,POOL,8e8832093a15aa7f9dc936a37e882fe66a1fe43d,Rio Vermelho Distribuidor,ROWS:p17r28|UNRECONCILED_SOURCE,2026-09-03T23:36:48Z,build
03902129,0302174-63.2015.8.24.0025,147774.41,03902129001589,1,CONFECÇÕES ANDRIMALHAS LTDA – Sgrott Administradora Judicial e Consultoria Empresarial,,,0,POOL,d403116b357dac27429fe9e2a0634e3c573603e7,"ROD MUNIC. NV 1, 8 - ZONA RURAL - NAVIRAI - MS",PARTIAL_DOC_CLASS_III_RECONCILED|ROWS:p2r1,2026-09-03T23:36:48Z,build
16849231,5341375-33.2026.8.09.0049,147601.01,16849231001771,1,"Grupo 3E, em consolidação substancia",,,0,POOL,8e8832093a15aa7f9dc936a37e882fe66a1fe43d,Itambe,ROWS:p14r62|UNRECONCILED_SOURCE,2026-09-03T23:36:48Z,build
18459628,5341375-33.2026.8.09.0049,147575.97,18459628010188,1,"Grupo 3E, em consolidação substancia",,,0,POOL,8e8832093a15aa7f9dc936a37e882fe66a1fe43d,Bayer S.A,ROWS:p10r45|UNRECONCILED_SOURCE,2026-09-03T23:36:48Z,build
46529590,0005010-50.2013.8.24.0026,147443.78,46529590000579,1,MANNES LTDA E BM EMPREENDIMENTOS E PARTICIPAÇÕES – Sgrott Administradora Judicial e Consultoria Empresarial,,,0,POOL,ea17ba43b2611e60da78d77cd10f534a8d7ffa56,GUERREIRO IND. COM. IMP. E EXP. LTDA,ROWS:p15r9|UNRECONCILED_SOURCE,2026-09-03T23:36:48Z,build
80415433,0002484-82.2022.8.17.2001,146812.80,80415433000147,2,e Falência,,,0,POOL,f3b6182e3aa2715450af4d59223acc49f7047632,ROMITEX MALHAS LTDA,"PARTIAL_DOC_CLASS_III_RECONCILED|ROWS:p7r118,p9r88",2026-09-03T23:36:48Z,build
75797118,0005010-50.2013.8.24.0026,146053.67,75797118000191,1,MANNES LTDA E BM EMPREENDIMENTOS E PARTICIPAÇÕES – Sgrott Administradora Judicial e Consultoria Empresarial,,,0,POOL,ea17ba43b2611e60da78d77cd10f534a8d7ffa56,LYNEL INDUSTRIA TEXTIL LTDA,ROWS:p16r23|UNRECONCILED_SOURCE,2026-09-03T23:36:48Z,build
58831348,0005010-50.2013.8.24.0026,145311.55,58831348000100,1,MANNES LTDA E BM EMPREENDIMENTOS E PARTICIPAÇÕES – Sgrott Administradora Judicial e Consultoria Empresarial,,,0,POOL,ea17ba43b2611e60da78d77cd10f534a8d7ffa56,WJA DO BRASIL IND COM LTDA,ROWS:p19r52|UNRECONCILED_SOURCE,2026-09-03T23:36:48Z,build
79315198,0002484-82.2022.8.17.2001,145255.68,79315198000152,1,e Falência,,,0,POOL,f3b6182e3aa2715450af4d59223acc49f7047632,TECELAGEM VALLE LTDA,PARTIAL_DOC_CLASS_III_RECONCILED|ROWS:p7r123,2026-09-03T23:36:48Z,build
16005431,5341375-33.2026.8.09.0049,145103.11,16005431000180,1,"Grupo 3E, em consolidação substancia",,,0,POOL,8e8832093a15aa7f9dc936a37e882fe66a1fe43d,Valeza,ROWS:p18r59|UNRECONCILED_SOURCE,2026-09-03T23:36:48Z,build
07358761,5341375-33.2026.8.09.0049,144404.57,07358761021832|07358761023452,2,"Grupo 3E, em consolidação substancia",,,0,POOL,8e8832093a15aa7f9dc936a37e882fe66a1fe43d,Gerdau Acos Longos,"ROWS:p11r75,p14r4|UNRECONCILED_SOURCE",2026-09-03T23:36:48Z,build
60701190,5003439-20.2020.8.24.0282,144196.67,60701190000104,1,ALBERTINA MARTINS PEREIRA FRECCIA / ROBERTO BRUNATO FRECCIA – EPP / SOFIA FRECCIA CONFECÇÕES LTDA – Sgrott Administradora Judicial e Consultoria Empresarial,,,0,POOL,102b04dc13b84d35a3ab4ffd3c50dede27cc5d6f,"Praça Alfredo Egydio de Souza Aranha, n. 100, São Paulo/SP",ROWS:p3r13|UNRECONCILED_SOURCE,2026-09-03T23:36:48Z,build
10485559,0302174-63.2015.8.24.0025,144108.17,10485559000102,1,CONFECÇÕES ANDRIMALHAS LTDA – Sgrott Administradora Judicial e Consultoria Empresarial,,,0,POOL,d403116b357dac27429fe9e2a0634e3c573603e7,"AV ESTRUTURAL B, S/N - DISTRITO INDUSTRIAL DE SOCORRO - NOSSA SENHORA DO SOCORRO - SE",PARTIAL_DOC_CLASS_III_RECONCILED|ROWS:p2r46,2026-09-03T23:36:48Z,build
33204165,0000472-94.2012.5.06.0193,144101.35,33204165000134,1,SCZ Scalzilli Administração Judicial,,,0,POOL,24ed98480a572989bb0ce06fbd92e30151b7c249,"Avenida Conego João Lima, nº 735, CEP 77.823-010, Araguaína - TO",ROWS:p65r6|VALUE_COL:Valor_Atualizado,2026-09-03T23:36:47Z,build
62255682,0022845-08.2013.8.24.0008,144025.94,62255682000130,1,BLUTRAFOS BLUMENAU TRANSFORMADORES LTDA – Sgrott Administradora Judicial e Consultoria Empresarial,,,0,POOL,22ac347cfe4f3e48e90db5c47651fa72cb987cca,PPE FIOS ESMALTADOS S/A.,ROWS:p4r59,2026-09-03T23:36:48Z,build
78825270,5012295-78.2023.8.24.0019,143911.36,78825270000129,1,GAMAC IMPORTACAO E EXPORTACAO LTDA,,,0,POOL,a57b29e07c6d192ccae2476fff8fe9a49e8ed40d,COOPERATIVA DE CREDITO MAXI ALFA DE LIVRE ADMISSAO DE ASSOCIADOS - SICOOB MAXICREDITO (,LIKELY_FINANCIAL_BY_NAME|ROWS:p2r4|UNRECONCILED_SOURCE,2026-09-03T23:36:47Z,build
23774874,0000357-17.2024.8.16.0131,143676.00,23774874000100,1,Destro Comercio De Alimentos LTDA,,,0,POOL,96830f5ef11b636a49c31aae309bc5dce86f8769,Supley Laboratório De Alimentos,ROWS:p2r33|UNRECONCILED_SOURCE,2026-09-03T23:36:48Z,build
30886033,0873061-47.2023.8.19.0001,143644.54,30886033000141,1,Real Distribuidora – Processo nº 0873061-47.2023.8.19.0001 – e-mail: admjudunica@inova-aj.com.br – INOVA,,,0,POOL,8eb5d0d64353bf5fcd1122d1a511b7ca9884e3bd,"Rua Araguaia, 265, Sala 621, Freguesia, Rio de Janeiro - CEP 22745270","ALT_VALUE:R$104.445,10|ROWS:p2r2",2026-09-03T23:36:48Z,build
03838932,0302174-63.2015.8.24.0025,143186.87,03838932000104,1,CONFECÇÕES ANDRIMALHAS LTDA – Sgrott Administradora Judicial e Consultoria Empresarial,,,0,POOL,d403116b357dac27429fe9e2a0634e3c573603e7,"AV A, 200 - SANTA MARIA - ARACAJU - SE",PARTIAL_DOC_CLASS_III_RECONCILED|ROWS:p2r35,2026-09-03T23:36:48Z,build
04810290,5008793-34.2023.8.24.0019,142976.05,04810290000190,1,AZEPLAST INDÚSTRIA E COMÉRCIO LTDA,,,0,POOL,229081edb0eaccd400fcad129b25a20d453416b7,PIERP COMERCIALIZADORA DE ENERGIA S/A,PARTIAL_DOC_CLASS_III_RECONCILED|ROWS:p2r5,2026-09-03T23:36:48Z,build
08670431,0000472-94.2012.5.06.0193,142599.13,08670431000177,1,SCZ Scalzilli Administração Judicial,,,0,POOL,24ed98480a572989bb0ce06fbd92e30151b7c249,Rodovia Campos Vitória – Km 16 – Travessão – 7° Distrito de Campos de Goytacazes – Rio de Janeiro – CEP 28.175-000,ROWS:p74r9|VALUE_COL:Valor_Atualizado,2026-09-03T23:36:47Z,build
16987597,5012743-51.2023.8.24.0019,141654.12,16987597000140,1,Alto Uruguai Indústria e Comércio de Óleos Ltda,,,0,POOL,75336e98f447837fcdb5e795c7aa49c9bea54c52,ALLOXY ESPECIALIDADES QUIMICAS LTDA,ROWS:p1r5|VALUE_COL:Valor_Do_Crédito,2026-09-03T23:36:48Z,build
38542932,0007565-40.2020.8.17.2370,140647.14,38542932000210,1,e Falência,,,0,POOL,849d4fe5adce792f073eb0cbe52a2f1d8075a473,38.542.932/0002-10,ROWS:p17r1,2026-09-03T23:36:48Z,build
20611482,0002484-82.2022.8.17.2001,140127.35,20611482000123,3,e Falência,,,0,POOL,f3b6182e3aa2715450af4d59223acc49f7047632,VESTTI INDUSTRIA DE ARTIGOS DO VESTUARIO LTDA,"PARTIAL_DOC_CLASS_III_RECONCILED|ROWS:p4r96,p7r128,p9r94",2026-09-03T23:36:48Z,build
33700394,0078610-63.1989.8.19.0001,140008.49,33700394000140,1,Perácio Exportadora Café S.A. – Processo nº 0078610-63.1989.8.19.0001 – INOVA,,,0,POOL,bb0428442aa199497d8558ddfaea05a9c2da480e,"Av. Rio Branco, nº 37, Centro, Rio de Janeiro/RJ. CEP: 20090-003.","ALT_VALUE:R$10.202,08|ROWS:p2r10|UNRECONCILED_SOURCE",2026-09-03T23:36:48Z,build
12721248,4054599-35.2025.8.26.0100,139982.34,12721248000120,1,Ativos,,,0,POOL,2fe04bf4466d0420480f240ab82ca5b210606a24,AV IPIRANGA 1204 SANTANA 37187000,ROWS:p3r12|UNRECONCILED_SOURCE,2026-09-03T23:36:48Z,build
55364111,0005010-50.2013.8.24.0026,139726.43,55364111000179,1,MANNES LTDA E BM EMPREENDIMENTOS E PARTICIPAÇÕES – Sgrott Administradora Judicial e Consultoria Empresarial,,,0,POOL,ea17ba43b2611e60da78d77cd10f534a8d7ffa56,MAPOL IND E COM LTDA,ROWS:p16r37|UNRECONCILED_SOURCE,2026-09-03T23:36:48Z,build
11341399,0000472-94.2012.5.06.0193,139500.00,11341399000271,1,SCZ Scalzilli Administração Judicial,,,0,POOL,24ed98480a572989bb0ce06fbd92e30151b7c249,"Chácaras Rio Petrópolis, Duque de Caxias/RJ",ROWS:p72r12|VALUE_COL:Valor_Atualizado,2026-09-03T23:36:47Z,build
01685053,0822279-56.2026.8.15.2001,139176.18,01685053000156,1,DIAGSON DIAGNOSTICO EM ULTRA SONOGRAFIA MED FETAL LTDA – EPP – LRF Líderes em Recuperação Judicial e Falência,,,0,POOL,088be5223af3f8c9fa20abea588d45b3da85a782,SUL AMERICA COMPANHIA DE SEGUROS,LIKELY_FINANCIAL_BY_NAME|PARTIAL_DOC_CLASS_III_RECONCILED|ROWS:p3r2,2026-09-03T23:36:48Z,build
11287642,0302174-63.2015.8.24.0025,138825.70,11287642000130,1,CONFECÇÕES ANDRIMALHAS LTDA – Sgrott Administradora Judicial e Consultoria Empresarial,,,0,POOL,d403116b357dac27429fe9e2a0634e3c573603e7,"R JARAGUA, 90 - CENTRO - APIUNA - SC",PARTIAL_DOC_CLASS_III_RECONCILED|ROWS:p1r31|VALUE_COL:Valores,2026-09-03T23:36:48Z,build
01618965,0022845-08.2013.8.24.0008,138501.84,01618965000105,1,BLUTRAFOS BLUMENAU TRANSFORMADORES LTDA – Sgrott Administradora Judicial e Consultoria Empresarial,,,0,POOL,22ac347cfe4f3e48e90db5c47651fa72cb987cca,RONALDO PORTO LTDA,ROWS:p5r20,2026-09-03T23:36:48Z,build
03403794,0302174-63.2015.8.24.0025,137995.86,03403794000122,1,CONFECÇÕES ANDRIMALHAS LTDA – Sgrott Administradora Judicial e Consultoria Empresarial,,,0,POOL,d403116b357dac27429fe9e2a0634e3c573603e7,"AV BARAO DO RIO BRANCO, 817 - CENTRO - RIBEIROPOLIS - SE",PARTIAL_DOC_CLASS_III_RECONCILED|ROWS:p2r7,2026-09-03T23:36:48Z,build
01701201,0022845-08.2013.8.24.0008,137975.71,01701201000189,1,BLUTRAFOS BLUMENAU TRANSFORMADORES LTDA – Sgrott Administradora Judicial e Consultoria Empresarial,,,0,POOL,22ac347cfe4f3e48e90db5c47651fa72cb987cca,HSBC BANK BRASIL SA - FINIMP,ROWS:p3r28,2026-09-03T23:36:48Z,build
20764809,0000472-94.2012.5.06.0193,136452.89,20764809000105,1,SCZ Scalzilli Administração Judicial,,,0,POOL,24ed98480a572989bb0ce06fbd92e30151b7c249,"Fazenda Rancho Novo, parte B, Praia, Contagem/MG",LIKELY_PUBLIC_BY_NAME|ROWS:p74r2|VALUE_COL:Valor_Atualizado,2026-09-03T23:36:47Z,build
61863130,5011460-87.2023.8.24.0020,136142.37,61863130000142,1,TOP TEXTIL EMBALAGENS LTDA,,,0,POOL,741aed48dd004485cbfaf3bc50def81229cab4e3,AV FUAD ASSEF MALUF,ROWS:p2r55|UNRECONCILED_SOURCE,2026-09-03T23:36:47Z,build
16978251,5012743-51.2023.8.24.0019,135997.44,16978251000185,1,Alto Uruguai Indústria e Comércio de Óleos Ltda,,,0,POOL,75336e98f447837fcdb5e795c7aa49c9bea54c52,RAVATO DISTRIBUIDORA DE COMBUSTIVEIS LTDA,ROWS:p1r32|VALUE_COL:Valor_Do_Crédito,2026-09-03T23:36:48Z,build
19321410,5341375-33.2026.8.09.0049,135893.63,19321410000162,1,"Grupo 3E, em consolidação substancia",,,0,POOL,8e8832093a15aa7f9dc936a37e882fe66a1fe43d,Granja Josidith,ROWS:p14r16|UNRECONCILED_SOURCE,2026-09-03T23:36:48Z,build
09056763,0011283-80.2023.8.17.2001,135603.21,09056763000129,1,Náutico - Página — Lindoso e Araujo,,,0,POOL,677be5783c06848acb5f46b0d8db0aea7876624a,"SENALBA PE, CPF/CNPJ Nº",PARTIAL_DOC_CLASS_III_RECONCILED|ROWS:p12r41,2026-09-03T23:36:47Z,build
94516671,5012306-16.2022.8.21.0023,135582.17,94516671000153,1,SCZ Scalzilli Administração Judicial,,,0,POOL,ebfb999b457caf45140ea7446a22cd3751154eaf,CIRURGICA STA.CRUZ COM.PR.HOSP (,ROWS:p26r30|UNRECONCILED_SOURCE,2026-09-03T23:36:47Z,build
08188564,0000721-61.2024.8.17.2620,135436.14,08188564000101,1,GRUPO DIVINA INDUSTRIA DE COURO LTDA – LRF Líderes em Recuperação Judicial e Falência,,,0,POOL,38f0c15b8a2d8dc124ae88df3b8958088a54cfcc,BRAVO PRODUTOS QUIMICOS E REPRESENTACOES LTDA,PARTIAL_DOC_CLASS_III_RECONCILED|ROWS:p2r23,2026-09-03T23:36:48Z,build
45010717,0000472-94.2012.5.06.0193,135293.90,45010717000152,1,SCZ Scalzilli Administração Judicial,,,0,POOL,24ed98480a572989bb0ce06fbd92e30151b7c249,"R. Auriverde, 1455 - Vila Independencia, São Paulo - SP, 04222-002",ROWS:p71r12|VALUE_COL:Valor_Atualizado,2026-09-03T23:36:47Z,build
52068491,0804204-35.2022.8.15.0731,135239.50,52068491000106,1,SECULAR COMERCIO CONSTRUÇÃO E REPRESENTAÇÃO LTDA,,,0,POOL,1355f93a13cd2722ee99a9ba39c71d079fe85ce0,SULPEÇAS COM E REPRES LTDA,ROWS:p2r10,2026-09-03T23:36:47Z,build
09628563,0022845-08.2013.8.24.0008,135215.76,09628563000101,1,BLUTRAFOS BLUMENAU TRANSFORMADORES LTDA – Sgrott Administradora Judicial e Consultoria Empresarial,,,0,POOL,22ac347cfe4f3e48e90db5c47651fa72cb987cca,GLOBAL SECURITIZADORA,LIKELY_FINANCIAL_BY_NAME|ROWS:p3r14,2026-09-03T23:36:48Z,build
05690271,0007565-40.2020.8.17.2370,135177.00,05690271000130,1,e Falência,,,0,POOL,849d4fe5adce792f073eb0cbe52a2f1d8075a473,05.690.271/0001-30,ROWS:p16r7,2026-09-03T23:36:48Z,build
12459961,5341375-33.2026.8.09.0049,135112.28,12459961000148,1,"Grupo 3E, em consolidação substancia",,,0,POOL,8e8832093a15aa7f9dc936a37e882fe66a1fe43d,Salus Comercio De Prod. Saude e Nutricao Aninal,ROWS:p17r48|UNRECONCILED_SOURCE,2026-09-03T23:36:48Z,build
12420164,0822279-56.2026.8.15.2001,134096.90,12420164000580,1,DIAGSON DIAGNOSTICO EM ULTRA SONOGRAFIA MED FETAL LTDA – EPP – LRF Líderes em Recuperação Judicial e Falência,,,0,POOL,088be5223af3f8c9fa20abea588d45b3da85a782,CM HOSPITALAR S.A,PARTIAL_DOC_CLASS_III_RECONCILED|ROWS:p2r47,2026-09-03T23:36:48Z,build
13967029,0000472-94.2012.5.06.0193,134025.30,13967029000199,1,SCZ Scalzilli Administração Judicial,,,0,POOL,24ed98480a572989bb0ce06fbd92e30151b7c249,"Lot. Bosque da Massagueira, s/n, no povoado de Massagueira, em Marechal Deodoro – Estado de Alagoas",LIKELY_PUBLIC_BY_NAME|ROWS:p73r11|VALUE_COL:Valor_Atualizado,2026-09-03T23:36:47Z,build
28168597,5009529-81.2025.8.24.0019,134000.00,28168597000105,1,SCZ Scalzilli Administração Judicial,,,0,POOL,2e46411688575df1120bdb73499fa0a31b4d1af8,MAVICEL ADMINISTRADORA DE BENS PROPRIOS LTDA,ROWS:p2r11|UNRECONCILED_SOURCE,2026-09-03T23:36:48Z,build
41796508,0019761-43.2024.8.17.2001,133478.03,41796508000125,1,GRUPO ADLIM – LRF Líderes em Recuperação Judicial e Falência,,,0,POOL,a32497797bacd26aee3d411b89e47dce32e5a250,"ADLIM TERCEIRIZACAO DE MAO DE OBRA LTDA – EPP, CPF/CNPJ/OAB nº",PARTIAL_DOC_CLASS_III_RECONCILED|ROWS:p67r52,2026-09-03T23:36:48Z,build
05307607,0007565-40.2020.8.17.2370,132833.98,05307607000132,1,e Falência,,,0,POOL,849d4fe5adce792f073eb0cbe52a2f1d8075a473,05.307.607/0001-32,ROWS:p15r58,2026-09-03T23:36:48Z,build
07735144,0000721-61.2024.8.17.2620,132718.03,07735144000135,1,GRUPO DIVINA INDUSTRIA DE COURO LTDA – LRF Líderes em Recuperação Judicial e Falência,,,0,POOL,38f0c15b8a2d8dc124ae88df3b8958088a54cfcc,ADLIPPERT DO BRASIL INDUSTRIA E COMERCIO DE PRODUTOS Q,PARTIAL_DOC_CLASS_III_RECONCILED|ROWS:p2r4,2026-09-03T23:36:48Z,build
04390556,0700536-67.2024.8.02.0043,132626.41,04390556000192,1,GRUPO PISEBEM — Lindoso e Araujo,,,0,POOL,d7c426fbd475685a322559791802848a6b81e7db,TECNOGRES REVESTIMENTOS CERAMICOS LTDA,ROWS:p2r18|UNRECONCILED_SOURCE,2026-09-03T23:36:47Z,build
48540421,0000472-94.2012.5.06.0193,132616.46,48540421004200,1,SCZ Scalzilli Administração Judicial,,,0,POOL,24ed98480a572989bb0ce06fbd92e30151b7c249,"Rua Jose Pereira Jorge, 178 Setor 26 - Bairro: Carandiru - São Paulo/SP CEP: 02067-020",ROWS:p73r6|VALUE_COL:Valor_Atualizado,2026-09-03T23:36:47Z,build
08829450,5341375-33.2026.8.09.0049,132610.24,08829450000101,1,"Grupo 3E, em consolidação substancia",,,0,POOL,8e8832093a15aa7f9dc936a37e882fe66a1fe43d,Friocenter Pescados,ROWS:p13r57|UNRECONCILED_SOURCE,2026-09-03T23:36:48Z,build
10320422,0802426-35.2019.8.10.0000,131998.14,10320422000106,1,Roque Materiais para Construção - Real Brasil Consultoria,,,0,POOL,d85bdfbfbdc814ff10df1dbd8c2e47f1e34386aa,"AV. CAMPOS SALES, 666, CENTRO - 64000-300, TERESINA - PI",ROWS:p2r10|VALUE_COL:Saldo_Total,2026-09-03T23:36:48Z,build
49698723,,131926.28,49698723000103,1,,,,0,POOL,6a92d74da333ce21f5461767626e7ff05b8f474a,M CASSAB COMERCIO E INDUSTRIA LTDA,CASE_NUMBER_MISSING|ROWS:p3r23,2026-09-03T23:36:47Z,build
79687588,5341375-33.2026.8.09.0049,131892.77,79687588000153|79687588000587,2,"Grupo 3E, em consolidação substancia",,,0,POOL,8e8832093a15aa7f9dc936a37e882fe66a1fe43d,Videplast Industria De Embalagens Ltda,"ROWS:p18r66,p18r67|UNRECONCILED_SOURCE",2026-09-03T23:36:48Z,build
07220874,0000206-69.2013.8.17.1340,131836.89,07220874000101,1,AGROPECUÁRIA SERROTE REDONDO – LRF Líderes em Recuperação Judicial e Falência,,,0,POOL,7c0ce2830d0d7e22653dbd04dbb70cd8440069c6,COMPANHIA DE ALIMENTOSDO NORDESTE CIALNE,"ALT_VALUE:131.836,89|ROWS:p1r27|VALUE_COL:Valor_Atualizado",2026-09-03T23:36:47Z,build
11283356,0007565-40.2020.8.17.2370,131756.00,11283356000287,1,e Falência,,,0,POOL,849d4fe5adce792f073eb0cbe52a2f1d8075a473,11.283.356/0002-87,ROWS:p16r39,2026-09-03T23:36:48Z,build
00199741,0000472-94.2012.5.06.0193,131197.51,00199741000143,1,SCZ Scalzilli Administração Judicial,,,0,POOL,24ed98480a572989bb0ce06fbd92e30151b7c249,"Rua Vereador Sebastiao Matias Soares, 320, Apt 201 - Soledade, Ouro Branco - MG",ROWS:p63r9|VALUE_COL:Valor_Atualizado,2026-09-03T23:36:47Z,build
58994179,0005010-50.2013.8.24.0026,131064.68,58994179000120,1,MANNES LTDA E BM EMPREENDIMENTOS E PARTICIPAÇÕES – Sgrott Administradora Judicial e Consultoria Empresarial,,,0,POOL,ea17ba43b2611e60da78d77cd10f534a8d7ffa56,DESLEECLAMA BRASIL IND E COM ART TEX LTD,ROWS:p14r5|UNRECONCILED_SOURCE,2026-09-03T23:36:48Z,build
06106005,5012306-16.2022.8.21.0023,130228.38,06106005000180,1,SCZ Scalzilli Administração Judicial,,,0,POOL,ebfb999b457caf45140ea7446a22cd3751154eaf,STOCK MED PRODUTOS MEDICO HOSP (,ROWS:p30r4|UNRECONCILED_SOURCE,2026-09-03T23:36:47Z,build
42281485,0000472-94.2012.5.06.0193,129440.79,42281485000189,1,SCZ Scalzilli Administração Judicial,,,0,POOL,24ed98480a572989bb0ce06fbd92e30151b7c249,0001820-46.2014.8.26.0428,ROWS:p75r5|VALUE_COL:Valor_Atualizado,2026-09-03T23:36:47Z,build
60889128,0000721-61.2024.8.17.2620,129063.13,60889128000180,1,GRUPO DIVINA INDUSTRIA DE COURO LTDA – LRF Líderes em Recuperação Judicial e Falência,,,0,POOL,38f0c15b8a2d8dc124ae88df3b8958088a54cfcc,SOFISA,PARTIAL_DOC_CLASS_III_RECONCILED|ROWS:p3r2,2026-09-03T23:36:48Z,build
87846796,0007565-40.2020.8.17.2370,128855.00,87846796000186,1,e Falência,,,0,POOL,849d4fe5adce792f073eb0cbe52a2f1d8075a473,87.846.796/0001-86,ROWS:p17r3,2026-09-03T23:36:48Z,build
00856973,0041309-42.2014.8.08.0024,128703.01,00856973000127,1,E FALÊNCIA,,,0,POOL,bf96785f7a4e919f76a22ff6fcd899efb24bd2d5,E.B. COM. PRODUTOS E SERV. NUTRICIONAIS,ROWS:p4r1|UNRECONCILED_SOURCE,2026-09-03T23:36:48Z,build
61328191,1001174-80.2024.8.26.0359,128218.05,61328191000100,1,Ativos,,,0,POOL,442539f948e05d3b98924984d4ac62e721a54540,"Avenida Antonio Henrique Laran, nº 142, Final da Rua, Vila Menck, CEP nº 06.268-112, Osasco/SP",ROWS:p3r7|UNRECONCILED_SOURCE|VALUE_COL:Valor_Do_Créidto,2026-09-03T23:36:48Z,build
07941752,0007565-40.2020.8.17.2370,128153.00,07941752000953,1,e Falência,,,0,POOL,849d4fe5adce792f073eb0cbe52a2f1d8075a473,07.941.752/0009-53,ROWS:p16r19,2026-09-03T23:36:48Z,build
10824074,5012306-16.2022.8.21.0023,128089.12,10824074000104,1,SCZ Scalzilli Administração Judicial,,,0,POOL,ebfb999b457caf45140ea7446a22cd3751154eaf,ANELO SURGICAL COMERCIO DE PRODUTOS HOSPITALARES LTDA (,ROWS:p25r53|UNRECONCILED_SOURCE,2026-09-03T23:36:47Z,build
02271463,5008793-34.2023.8.24.0019,127868.29,02271463000202,1,AZEPLAST INDÚSTRIA E COMÉRCIO LTDA,,,0,POOL,229081edb0eaccd400fcad129b25a20d453416b7,CROMEX S.A,PARTIAL_DOC_CLASS_III_RECONCILED|ROWS:p1r22,2026-09-03T23:36:48Z,build
82165010,0301015-33.2016.8.24.0031,127861.62,82165010000141,1,DICARLO MÓVEIS E ACESSÓRIOS PARA CASA E LOJAS LTDA – Sgrott Administradora Judicial e Consultoria Empresarial,,,0,POOL,98f99945499b4824d14d0e34451a96945464b6ec,"MARTINS INDUSTRIA TEXTIL, CNPJ",ROWS:p3r12|UNRECONCILED_SOURCE,2026-09-03T23:36:47Z,build
60701190,5027051-28.2023.8.24.0008,127722.21,60701190000104,1,CENTRAL DA EDUCAÇÃO CURSOS LTDA; ESPAÇO DA EDUCAÇÃO CURSOS LTDA; ESPAÇO DA EDUCAÇÃO PACATUBA LTDA; NÚCLEO DA EDUCAÇÃO CURSOS LTDA. – Sgrott Administradora Judicial e Consultoria Empresarial,,,0,POOL,219e6d16c94cc4edfcc6efb0c6b752989a670bca,ITAUJUDICIAL@ITAU-UNIBANCO.COM.BR,LIKELY_FINANCIAL_BY_NAME|PARTIAL_DOC_CLASS_III_RECONCILED|ROWS:p3r14|VALUE_COL:Valor_Aberto,2026-09-03T23:36:47Z,build
36398527,0007565-40.2020.8.17.2370,127529.20,36398527000163,1,e Falência,,,0,POOL,849d4fe5adce792f073eb0cbe52a2f1d8075a473,36.398.527/0001-63,ROWS:p15r32,2026-09-03T23:36:48Z,build
28075236,8005129-09.2023.8.05.0039,126832.55,28075236000106,1,e na falência,,,0,POOL,a0ae32a59c2928e385c610811f80949f98723486,SOFISA RECEBÍVEIS FUNDO DE INVESTIMENTO EM DIREITOS CREDITÓRIOS PADRONIZADOS,LIKELY_FINANCIAL_BY_NAME|ROWS:p10r3|UNRECONCILED_SOURCE,2026-09-03T23:36:47Z,build
03971957,0007565-40.2020.8.17.2370,126630.26,03971957000173,1,e Falência,,,0,POOL,849d4fe5adce792f073eb0cbe52a2f1d8075a473,03.971.957/0001-73,ROWS:p15r20,2026-09-03T23:36:48Z,build
60499977,0019761-43.2024.8.17.2001,126081.26,60499977000127,1,GRUPO ADLIM – LRF Líderes em Recuperação Judicial e Falência,,,0,POOL,a32497797bacd26aee3d411b89e47dce32e5a250,"SOCIEDADE ALFA LTDA, CPF/CNPJ/OAB nº",PARTIAL_DOC_CLASS_III_RECONCILED|ROWS:p67r43,2026-09-03T23:36:48Z,build
09220921,5008793-34.2023.8.24.0019,125974.26,09220921000568,1,AZEPLAST INDÚSTRIA E COMÉRCIO LTDA,,,0,POOL,229081edb0eaccd400fcad129b25a20d453416b7,NOVA PIRAMIDAL THERMOPLASTICS S.A.,PARTIAL_DOC_CLASS_III_RECONCILED|ROWS:p2r2,2026-09-03T23:36:48Z,build
12417429,0005010-98.2023.8.16.0001,125479.20,12417429000168,1,Marques Administrações Judiciais,,,0,POOL,b465a5d11eec7a46656b594fa59c62d80724e0a1,Comercial De Alimentos No. 10 Ltda,PARTIAL_DOC_CLASS_III_RECONCILED|ROWS:p23r9,2026-09-03T23:36:48Z,build
04544165,0801893-91.2016.8.12.0011,125151.13,04544165000185,2,empresa,,,0,POOL,cdf3c4d148612ed9b19eac98db005936ae57d4cb,AVENIDA NAÇÕES UNIDAS N°268 NOSSA SENHORA DAS GRAÇAS PORTO VELHO – RO CEP 76800-000,"ALT_VALUE:R$27.501,90|ALT_VALUE:R$97.649,23|ROWS:p3r24,p3r26|UNRECONCILED_SOURCE",2026-09-03T23:36:48Z,build
08767736,0000472-94.2012.5.06.0193,125000.00,08767736000100,1,SCZ Scalzilli Administração Judicial,,,0,POOL,24ed98480a572989bb0ce06fbd92e30151b7c249,"Av. Juliano Ferraz de Lima, 51-40, Presidente Epitácio.SP",ROWS:p65r3|VALUE_COL:Valor_Atualizado,2026-09-03T23:36:47Z,build
01397886,0802426-35.2019.8.10.0000,124940.00,01397886000111,1,Roque Materiais para Construção - Real Brasil Consultoria,,,0,POOL,d85bdfbfbdc814ff10df1dbd8c2e47f1e34386aa,"RODOVIA CE 040 KM NR., 004, COACU - 61760-000, EUSEBIO - CE",ROWS:p2r11|VALUE_COL:Saldo_Total,2026-09-03T23:36:48Z,build
11647586,0000472-94.2012.5.06.0193,124364.00,11647586000105,1,SCZ Scalzilli Administração Judicial,,,0,POOL,24ed98480a572989bb0ce06fbd92e30151b7c249,"Avenida das Américas, 4.200, bloco 01, sala 301, Barra da Tijuca, Cidade e Estado do Rio de Janeiro, CEP 22.640- 102",LIKELY_PUBLIC_BY_NAME|ROWS:p70r11|VALUE_COL:Valor_Atualizado,2026-09-03T23:36:47Z,build
15107246,0005010-98.2023.8.16.0001,123532.79,15107246000487,1,Marques Administrações Judiciais,,,0,POOL,b465a5d11eec7a46656b594fa59c62d80724e0a1,Mucambo S.A.,PARTIAL_DOC_CLASS_III_RECONCILED|ROWS:p29r6,2026-09-03T23:36:48Z,build
69184778,5014104-85.2021.8.21.0010,123319.58,69184778000366,1,SCZ Scalzilli Administração Judicial,,,0,POOL,84c586360a663c7c23a7d5176358d616fe6a93e7,ACZ INOX COMERCIAL LTDA - FILIAL (,ROWS:p5r20|UNRECONCILED_SOURCE,2026-09-03T23:36:47Z,build
03881423,5164979-18.2026.8.09.0110,122924.97,03881423000156,2,"e informem eventuais créditos perante as devedoras, para divulgação aos demais interessa",,,0,POOL,9eb5be419208c690ce6c04d698cfa411fba51ded,"SOCINAL S.A. - CRÉDITO, FINANCIAMENTO E INVESTIMENTO","ROWS:p5r19,p5r20|UNRECONCILED_SOURCE",2026-09-03T23:36:48Z,build
08285103,0700256-03.2019.8.02.0066,121313.20,08285103000157,1,Grupo Arnon de Mello — Lindoso e Araujo,,,0,POOL,60fd9c017d90deffa5bd422d7dce534a8fd355a3,ALTO DA BARRA DE SAO MIGUEL EMPREENDIMENTOS IMOBILIARIOS SPE LTDA,ROWS:p7r6|UNRECONCILED_SOURCE,2026-09-03T23:36:47Z,build
10681801,5341375-33.2026.8.09.0049,121150.00,10681801000113,1,"Grupo 3E, em consolidação substancia",,,0,POOL,8e8832093a15aa7f9dc936a37e882fe66a1fe43d,Irmaos Garcia Hortfrutigranj Ltda-Epp,ROWS:p14r58|UNRECONCILED_SOURCE,2026-09-03T23:36:48Z,build
87827689,5014104-85.2021.8.21.0010,121130.86,87827689000100,1,SCZ Scalzilli Administração Judicial,,,0,POOL,84c586360a663c7c23a7d5176358d616fe6a93e7,UNIMED NORDESTE RS (,ROWS:p10r24|UNRECONCILED_SOURCE,2026-09-03T23:36:47Z,build
12066015,0000472-94.2012.5.06.0193,121047.64,12066015001375,1,SCZ Scalzilli Administração Judicial,,,0,POOL,24ed98480a572989bb0ce06fbd92e30151b7c249,"Av. Mãe Luzia, 1162, bairro Jesus Nazaré, Macapá/AP",ROWS:p73r7|VALUE_COL:Valor_Atualizado,2026-09-03T23:36:47Z,build
29736901,0804204-35.2022.8.15.0731,120950.00,29736901000128,1,SECULAR COMERCIO CONSTRUÇÃO E REPRESENTAÇÃO LTDA,,,0,POOL,1355f93a13cd2722ee99a9ba39c71d079fe85ce0,PETROSTAR COMBUSTIVEIS LTDA,ROWS:p1r24,2026-09-03T23:36:47Z,build
14774074,5341375-33.2026.8.09.0049,120000.00,14774074000190,1,"Grupo 3E, em consolidação substancia",,,0,POOL,8e8832093a15aa7f9dc936a37e882fe66a1fe43d,Coelho Processamento,ROWS:p11r69|UNRECONCILED_SOURCE,2026-09-03T23:36:48Z,build
03161388,,119306.11,03161388000109,1,,,,0,POOL,6a92d74da333ce21f5461767626e7ff05b8f474a,MASTERSENSE INGREDIENTES ALIMENTICIOS LTDA,CASE_NUMBER_MISSING|ROWS:p3r25,2026-09-03T23:36:47Z,build
05703610,0002484-82.2022.8.17.2001,118974.80,05703610000256,3,e Falência,,,0,POOL,f3b6182e3aa2715450af4d59223acc49f7047632,ALLEGORIA COMERCIAL LTDA,"PARTIAL_DOC_CLASS_III_RECONCILED|ROWS:p4r51,p7r71,p9r54",2026-09-03T23:36:48Z,build
61409892,0022845-08.2013.8.24.0008,118862.77,61409892005566,1,BLUTRAFOS BLUMENAU TRANSFORMADORES LTDA – Sgrott Administradora Judicial e Consultoria Empresarial,,,0,POOL,22ac347cfe4f3e48e90db5c47651fa72cb987cca,COMPANHIA BRASILEIRA DE ALUMINIO,ROWS:p2r7,2026-09-03T23:36:48Z,build
93378735,5012306-16.2022.8.21.0023,118859.50,93378735000134,1,SCZ Scalzilli Administração Judicial,,,0,POOL,ebfb999b457caf45140ea7446a22cd3751154eaf,PROLAB COM DE PRODUTOS PARA LA (,ROWS:p29r25|UNRECONCILED_SOURCE,2026-09-03T23:36:47Z,build
46281898,0700536-67.2024.8.02.0043,118259.09,46281898000114,1,GRUPO PISEBEM — Lindoso e Araujo,,,0,POOL,d7c426fbd475685a322559791802848a6b81e7db,VC DISTRIBUIDORA DE MATERIAIS DE CONSTRUCAO LTDA,ROWS:p2r20|UNRECONCILED_SOURCE,2026-09-03T23:36:47Z,build
47964168,0020255-24.2020.5.04.0104,118121.11,47964168000423|47964168000504,2,Base | AJ RUIZ - Administração Judicial,,,0,POOL,2407a56c35028c413305535a1dd008db0d00dcd7,"AV DOUTOR LUIZ MENDES ALMEIDA, 2.300 - SOROCABA-SP - CEP 18051-290","ROWS:p3r53,p3r54",2026-09-03T23:36:48Z,build
00677858,0005010-98.2023.8.16.0001,117763.73,00677858000195,1,Marques Administrações Judiciais,,,0,POOL,b465a5d11eec7a46656b594fa59c62d80724e0a1,Arte Nativa Produtos Naturais LTDA,PARTIAL_DOC_CLASS_III_RECONCILED|ROWS:p19r12,2026-09-03T23:36:48Z,build
30693851,0003971-03.2023.8.16.0119,117694.50,30693851000128,1,Marques Administrações Judiciais,,,0,POOL,1209dafe77b7708945a17e0f6d11db9b41daea47,Oleonex Industria E Comercio Ltda,PARTIAL_DOC_CLASS_III_RECONCILED|ROWS:p12r10,2026-09-03T23:36:48Z,build
01838723,0700256-03.2019.8.02.0066,117665.00,01838723016201,1,Grupo Arnon de Mello — Lindoso e Araujo,,,0,POOL,60fd9c017d90deffa5bd422d7dce534a8fd355a3,BRF S.A,ROWS:p7r27|UNRECONCILED_SOURCE,2026-09-03T23:36:47Z,build
02916265,5341375-33.2026.8.09.0049,117451.13,02916265000593,1,"Grupo 3E, em consolidação substancia",,,0,POOL,8e8832093a15aa7f9dc936a37e882fe66a1fe43d,Jbs,ROWS:p14r68|UNRECONCILED_SOURCE,2026-09-03T23:36:48Z,build
57764763,4054599-35.2025.8.26.0100,117347.00,57764763000126|57764763001602,2,Ativos,,,0,POOL,2fe04bf4466d0420480f240ab82ca5b210606a24,RUA ELVÍRIO MÁRIO MANCINI 282- LOTE 01 E 02 266 CENTRO 79602021,"ROWS:p2r72,p2r73|UNRECONCILED_SOURCE|VALUE_COL:Valor",2026-09-03T23:36:48Z,build
01999744,4054599-35.2025.8.26.0100,116057.45,01999744000124,1,Ativos,,,0,POOL,2fe04bf4466d0420480f240ab82ca5b210606a24,AVENIDA HENRY FORD 1217 PARQUE DA MOOCA 3109000,ROWS:p2r46|UNRECONCILED_SOURCE|VALUE_COL:Valor,2026-09-03T23:36:48Z,build
79073813,0001943-40.2024.8.16.0115,115585.27,79073813000161,1,- D & D LOGÍSTICA E TRANSPORTE Comercia,,,0,POOL,dfc3207dcd0fa485a74eefea8e9db729618a8aea,P. F. Comercio De Diesel LTDA,PARTIAL_DOC_CLASS_III_RECONCILED|ROWS:p5r10,2026-09-03T23:36:48Z,build
01849036,5341375-33.2026.8.09.0049,115035.00,01849036001936,1,"Grupo 3E, em consolidação substancia",,,0,POOL,8e8832093a15aa7f9dc936a37e882fe66a1fe43d,Protec Produtos Agricolas Ltd,ROWS:p16r77|UNRECONCILED_SOURCE,2026-09-03T23:36:48Z,build
33408105,0005010-98.2023.8.16.0001,114875.51,33408105000133,1,Marques Administrações Judiciais,,,0,POOL,b465a5d11eec7a46656b594fa59c62d80724e0a1,Greenpharma Quimica E Farmaceutica Em Recuperacao Judicial Ltda,PARTIAL_DOC_CLASS_III_RECONCILED|ROWS:p26r7,2026-09-03T23:36:48Z,build
62232889,5012295-78.2023.8.24.0019,114517.74,62232889000190,1,GAMAC IMPORTACAO E EXPORTACAO LTDA,,,0,POOL,a57b29e07c6d192ccae2476fff8fe9a49e8ed40d,BANCO DAYCOVAL S.A. (,LIKELY_FINANCIAL_BY_NAME|ROWS:p1r9|UNRECONCILED_SOURCE,2026-09-03T23:36:47Z,build
62232889,0037411-27.2022.8.16.0021,114178.60,62232889000190,1,"APRESENTADO PELA RECUPERANDA, NA FORMA Distribuidora S.A",,,0,POOL,437e79745649ebc229e33ceff1017c077113003a,Banco Daycoval S.A. (CNPJ nº,LIKELY_FINANCIAL_BY_NAME|ROWS:p1r42|UNRECONCILED_SOURCE,2026-09-03T23:36:48Z,build
82937293,5003439-20.2020.8.24.0282,114162.98,82937293000100,1,ALBERTINA MARTINS PEREIRA FRECCIA / ROBERTO BRUNATO FRECCIA – EPP / SOFIA FRECCIA CONFECÇÕES LTDA – Sgrott Administradora Judicial e Consultoria Empresarial,,,0,POOL,102b04dc13b84d35a3ab4ffd3c50dede27cc5d6f,"Rua Almirante Alvim, n. 491, Centro, Florianópolis/SC",ROWS:p1r47|UNRECONCILED_SOURCE,2026-09-03T23:36:48Z,build
10948651,0873061-47.2023.8.19.0001,114115.19,10948651000161|10948651003691,2,Real Distribuidora – Processo nº 0873061-47.2023.8.19.0001 – e-mail: admjudunica@inova-aj.com.br – INOVA,,,0,POOL,8eb5d0d64353bf5fcd1122d1a511b7ca9884e3bd,"Campo São Cristovão, 290, São Cirstovão, Rio de Janeiro/RJ - CEP 20921440","ALT_VALUE:R$24.136,30|ALT_VALUE:R$58.837,77|ROWS:p2r4,p2r5",2026-09-03T23:36:48Z,build
39593526,0700536-67.2024.8.02.0043,114025.48,39593526000168,1,GRUPO PISEBEM — Lindoso e Araujo,,,0,POOL,d7c426fbd475685a322559791802848a6b81e7db,CERAMICA CAPI - RAVELLO LTDA,ROWS:p2r5|UNRECONCILED_SOURCE,2026-09-03T23:36:47Z,build
48648869,0000721-61.2024.8.17.2620,113951.54,48648869001145,1,GRUPO DIVINA INDUSTRIA DE COURO LTDA – LRF Líderes em Recuperação Judicial e Falência,,,0,POOL,38f0c15b8a2d8dc124ae88df3b8958088a54cfcc,DYSTAR INDUSTRIA E COMERCIO DE PRODUTOS QUIMICOS LTDA,PARTIAL_DOC_CLASS_III_RECONCILED|ROWS:p2r37,2026-09-03T23:36:48Z,build
35997345,0041309-42.2014.8.08.0024,113368.32,35997345000146,1,E FALÊNCIA,,,0,POOL,bf96785f7a4e919f76a22ff6fcd899efb24bd2d5,HOSPIDROGAS COM DE PROD HOSPITALARES LTDA,ROWS:p4r20|UNRECONCILED_SOURCE,2026-09-03T23:36:48Z,build
13478113,5011460-87.2023.8.24.0020,112946.91,13478113000300,1,TOP TEXTIL EMBALAGENS LTDA,,,0,POOL,741aed48dd004485cbfaf3bc50def81229cab4e3,AV FRANCISCO GONCALVES,ROWS:p2r69|UNRECONCILED_SOURCE,2026-09-03T23:36:47Z,build
05960621,5012306-16.2022.8.21.0023,112346.28,05960621000130,1,SCZ Scalzilli Administração Judicial,,,0,POOL,ebfb999b457caf45140ea7446a22cd3751154eaf,"MEDICOM COMÉRCIO DE MEDICAMENTOS LTDA, CNPJ",ROWS:p28r49|UNRECONCILED_SOURCE,2026-09-03T23:36:47Z,build
05522796,0031120-52.2024.8.16.0017,112259.20,05522796000166,1,"supramencionado, nos autos principais da presente Recuperação Judicia",,,0,POOL,200afc9e12c1bc0f1fceba87ce280e371e62aa39,PARANAGRAN INDUSTRIA E COMERCIO DE FERTILIZANTES LTDA,PARTIAL_DOC_CLASS_III_RECONCILED|ROWS:p1r5,2026-09-03T23:36:48Z,build
81329823,5014104-85.2021.8.21.0010,112079.44,81329823000167,1,SCZ Scalzilli Administração Judicial,,,0,POOL,84c586360a663c7c23a7d5176358d616fe6a93e7,SKA AUTOMACAO DE ENGENHARIA LTDA (,ROWS:p9r38|UNRECONCILED_SOURCE,2026-09-03T23:36:47Z,build
47927158,0011283-80.2023.8.17.2001,112000.00,47927158000175,1,Náutico - Página — Lindoso e Araujo,,,0,POOL,677be5783c06848acb5f46b0d8db0aea7876624a,"ESPORTES SOUZA LTDA, CPF/CNPJ Nº",PARTIAL_DOC_CLASS_III_RECONCILED|ROWS:p12r7,2026-09-03T23:36:47Z,build
28055164,0011283-80.2023.8.17.2001,112000.00,28055164000135,1,Náutico - Página — Lindoso e Araujo,,,0,POOL,677be5783c06848acb5f46b0d8db0aea7876624a,"YF 04 ESPORTES - EIRELI, CPF/CNPJ Nº",PARTIAL_DOC_CLASS_III_RECONCILED|ROWS:p12r54,2026-09-03T23:36:47Z,build
60746948,0301015-33.2016.8.24.0031,111757.17,60746948000112,1,DICARLO MÓVEIS E ACESSÓRIOS PARA CASA E LOJAS LTDA – Sgrott Administradora Judicial e Consultoria Empresarial,,,0,POOL,98f99945499b4824d14d0e34451a96945464b6ec,"BANCO BRADESCO S/A, CNPJ",LIKELY_FINANCIAL_BY_NAME|ROWS:p2r13|UNRECONCILED_SOURCE,2026-09-03T23:36:47Z,build
13465659,0302174-63.2015.8.24.0025,110984.50,13465659000165,1,CONFECÇÕES ANDRIMALHAS LTDA – Sgrott Administradora Judicial e Consultoria Empresarial,,,0,POOL,d403116b357dac27429fe9e2a0634e3c573603e7,"R SATURNINO DE BRITO, 201 - JARDIM SANTANA - AMERICANA - SP",PARTIAL_DOC_CLASS_III_RECONCILED|ROWS:p2r38,2026-09-03T23:36:48Z,build
62227509,0022845-08.2013.8.24.0008,110948.46,62227509000471,1,BLUTRAFOS BLUMENAU TRANSFORMADORES LTDA – Sgrott Administradora Judicial e Consultoria Empresarial,,,0,POOL,22ac347cfe4f3e48e90db5c47651fa72cb987cca,IQ SOLUÇOES & QUIMICA S/A,ROWS:p3r41,2026-09-03T23:36:48Z,build
14492954,0020255-24.2020.5.04.0104,110880.00,14492954000173,1,Base | AJ RUIZ - Administração Judicial,,,0,POOL,2407a56c35028c413305535a1dd008db0d00dcd7,RUA JUSSARA NUM: 1925 - BARUERI-SP - CEP 06465-070,ALT_VALUE:FORNECEDORES|ROWS:p2r32|VALUE_COL:Valor_Do_Crédito,2026-09-03T23:36:48Z,build
08395185,0022845-08.2013.8.24.0008,110445.07,08395185000192,1,BLUTRAFOS BLUMENAU TRANSFORMADORES LTDA – Sgrott Administradora Judicial e Consultoria Empresarial,,,0,POOL,22ac347cfe4f3e48e90db5c47651fa72cb987cca,USINA AURORA ACUCAR E ALCOOL LTDA,ROWS:p6r33,2026-09-03T23:36:48Z,build
18716311,0700256-03.2019.8.02.0066,109820.30,18716311000117,1,Grupo Arnon de Mello — Lindoso e Araujo,,,0,POOL,60fd9c017d90deffa5bd422d7dce534a8fd355a3,ALTO DO VALE EMPREENDIMENTO IMOBILIARIO SPE LTDA,ROWS:p7r7|UNRECONCILED_SOURCE,2026-09-03T23:36:47Z,build
11730935,5008793-34.2023.8.24.0019,109592.48,11730935000140,1,AZEPLAST INDÚSTRIA E COMÉRCIO LTDA,,,0,POOL,229081edb0eaccd400fcad129b25a20d453416b7,MASTER HIGIMED COMERCIAL DE PRODUTOS DE HIGIENIZACAO E HOSPITALARES LTDA,PARTIAL_DOC_CLASS_III_RECONCILED|ROWS:p1r40,2026-09-03T23:36:48Z,build
34230979,4054599-35.2025.8.26.0100,109316.67,34230979010764|34230979018072,2,Ativos,,,0,POOL,2fe04bf4466d0420480f240ab82ca5b210606a24,ROD FERNÃO DIAS KM 942 1000 CENTRO 37640000,"ROWS:p4r50,p4r51|UNRECONCILED_SOURCE",2026-09-03T23:36:48Z,build
00360305,0074500-63.2024.8.17.2001,109001.93,00360305000104,1,GRUPO IMOBI – LRF Líderes em Recuperação Judicial e Falência,,,0,POOL,795d57c3b1a6263f35fd080afd0a6ea1ad727ea3,CAIXA ECONOMICA FEDERAL,LIKELY_FINANCIAL_BY_NAME|ROWS:p4r6,2026-09-03T23:36:48Z,build
59650556,5012306-16.2022.8.21.0023,108802.58,59650556000176,1,SCZ Scalzilli Administração Judicial,,,0,POOL,ebfb999b457caf45140ea7446a22cd3751154eaf,MACOM INSTR.CIRURGICO IND.LTD (,ROWS:p28r36|UNRECONCILED_SOURCE,2026-09-03T23:36:47Z,build
26524480,5012306-16.2022.8.21.0023,108613.34,26524480000183,1,SCZ Scalzilli Administração Judicial,,,0,POOL,ebfb999b457caf45140ea7446a22cd3751154eaf,ARVAC TECN.COML.MANUT.EIRELI (,ROWS:p25r57|UNRECONCILED_SOURCE,2026-09-03T23:36:47Z,build
53113791,0005010-50.2013.8.24.0026,108442.28,53113791001790,2,MANNES LTDA E BM EMPREENDIMENTOS E PARTICIPAÇÕES – Sgrott Administradora Judicial e Consultoria Empresarial,,,0,POOL,ea17ba43b2611e60da78d77cd10f534a8d7ffa56,TOTVS S A,"ROWS:p19r4,p19r5|UNRECONCILED_SOURCE",2026-09-03T23:36:48Z,build
07465648,0002484-82.2022.8.17.2001,108052.14,07465648000263,1,e Falência,,,0,POOL,f3b6182e3aa2715450af4d59223acc49f7047632,MRJ COMERCIO DE CONFECCOES LTDA - ME,PARTIAL_DOC_CLASS_III_RECONCILED|ROWS:p7r113,2026-09-03T23:36:48Z,build
08888040,0804204-35.2022.8.15.0731,108000.00,08888040000123,1,SECULAR COMERCIO CONSTRUÇÃO E REPRESENTAÇÃO LTDA,,,0,POOL,1355f93a13cd2722ee99a9ba39c71d079fe85ce0,CP COMERCIAL S.A,ROWS:p1r10,2026-09-03T23:36:47Z,build
25174218,0033736-15.2023.8.16.0185,107947.49,25174218000193,1,EQUIP SEG INTELIGÊNCIA EM SEGURANÇA LTDA – FALÊNCIA – Brazilio Bacellar Shirai Advogados,,,0,POOL,b9895d3bab0574f7ee5fb575d38055b76e20be4b,FAGE LIMPEZA EM PRÉDIOS E DOMICÍLIOS,ROWS:p39r5|UNRECONCILED_SOURCE,2026-09-03T23:36:48Z,build
33250713,5012306-16.2022.8.21.0023,107894.91,33250713000162|33250713000243,2,SCZ Scalzilli Administração Judicial,,,0,POOL,ebfb999b457caf45140ea7446a22cd3751154eaf,H STRATTNER E CIA LTDA (,"ROWS:p27r41,p27r42|UNRECONCILED_SOURCE",2026-09-03T23:36:47Z,build
06974793,0804204-35.2022.8.15.0731,107850.00,06974793000126,1,SECULAR COMERCIO CONSTRUÇÃO E REPRESENTAÇÃO LTDA,,,0,POOL,1355f93a13cd2722ee99a9ba39c71d079fe85ce0,CAVALO MARINHO COMBUSTIVEIS PERNAMBUCO,ROWS:p1r8,2026-09-03T23:36:47Z,build
14724478,0008526-45.2025.8.17.2001,107500.00,14724478000179,1,E FALENCIA,,,0,POOL,1658892fa167d2330f5086c9fbc19999d00549f1,M.C. ARRUDA ADMINISTRADORA DE BENS S.A,ROWS:p5r57,2026-09-03T23:36:47Z,build
04263005,0008897-71.2025.8.16.0017,107155.11,04263005000320,1,Marques Administrações Judiciais,,,0,POOL,1180d0ff83f8b661ab4fd94fbaaced46755aea7c,"Ananda Textil Eletrônico do Estado do Paraná, e afixado na sede deste Juízo, no lugar de costume. Ltda (CNPJ n°",LIKELY_PUBLIC_BY_NAME|ROWS:p2r147|UNRECONCILED_SOURCE,2026-09-03T23:36:48Z,build
33069766,0000206-69.2013.8.17.1340,106991.72,33069766000343,1,AGROPECUÁRIA SERROTE REDONDO – LRF Líderes em Recuperação Judicial e Falência,,,0,POOL,7c0ce2830d0d7e22653dbd04dbb70cd8440069c6,CIA BRAS PETROLEO IPIRANGA,"ALT_VALUE:20.067,50|ROWS:p1r19|VALUE_COL:Valor_Atualizado",2026-09-03T23:36:47Z,build
00266662,0000472-94.2012.5.06.0193,106947.33,00266662000108,1,SCZ Scalzilli Administração Judicial,,,0,POOL,24ed98480a572989bb0ce06fbd92e30151b7c249,"Rua Júlio Rosa, nº 23, Bairro Bem-Te-Vi Amarelo, Bom Jardim, RJ, CEP: 28660- 000",ROWS:p74r12|VALUE_COL:Valor_Atualizado,2026-09-03T23:36:47Z,build
18114024,5014104-85.2021.8.21.0010,106260.00,18114024000137,1,SCZ Scalzilli Administração Judicial,,,0,POOL,84c586360a663c7c23a7d5176358d616fe6a93e7,METROPOLITANA ATIVOS FUNDO DE INVESTIMENTO EM DIREITOS CREDITORIOS MULTISSETORIAL LP (,LIKELY_FINANCIAL_BY_NAME|ROWS:p8r22|UNRECONCILED_SOURCE,2026-09-03T23:36:47Z,build
46377727,0002484-82.2022.8.17.2001,106032.00,46377727007015,1,e Falência,,,0,POOL,f3b6182e3aa2715450af4d59223acc49f7047632,CAEDU COMERCIO VAREJISTA DE ARTIGOS DO VESTUARIO SA,PARTIAL_DOC_CLASS_III_RECONCILED|ROWS:p7r82,2026-09-03T23:36:48Z,build
16693500,0133628-14.2024.8.17.2001,105643.90,16693500000196,1,CEAM - Recupera Soluções Empresariais,,,0,POOL,e9d023c65bbda29539bfe3e4563d7c5e30033a61,VFS SISTEMA ELETRONICO DE ALARME LTDA,ROWS:p5r75,2026-09-03T23:36:48Z,build
08047566,1000119-75.2025.8.26.0354,105542.70,08047566000180,4,Ativos,,,0,POOL,7e2dd0270ed86b1f71e6e3a9cc21d965a29b3955,ANTONIO MIACHON PALHARES,"ROWS:p3r7,p3r8,p3r9,p3r10|UNRECONCILED_SOURCE",2026-09-03T23:36:48Z,build
43631191,0005010-50.2013.8.24.0026,105513.48,43631191000100,1,MANNES LTDA E BM EMPREENDIMENTOS E PARTICIPAÇÕES – Sgrott Administradora Judicial e Consultoria Empresarial,,,0,POOL,ea17ba43b2611e60da78d77cd10f534a8d7ffa56,BRANYL COM. IND. TEXTIL LTDA.,ROWS:p13r24|UNRECONCILED_SOURCE,2026-09-03T23:36:48Z,build
04222931,0007565-40.2020.8.17.2370,105350.62,04222931000195,1,e Falência,,,0,POOL,849d4fe5adce792f073eb0cbe52a2f1d8075a473,04.222.931/0001-95,ROWS:p15r34,2026-09-03T23:36:48Z,build
88587357,5012306-16.2022.8.21.0023,105043.21,88587357000169,1,SCZ Scalzilli Administração Judicial,,,0,POOL,ebfb999b457caf45140ea7446a22cd3751154eaf,COOPERATIVA SANTA CLARA LTDA (,ROWS:p26r51|UNRECONCILED_SOURCE,2026-09-03T23:36:47Z,build
02089969,0000357-17.2024.8.16.0131,104867.80,02089969000106,1,Destro Comercio De Alimentos LTDA,,,0,POOL,96830f5ef11b636a49c31aae309bc5dce86f8769,A. B. Supermercados LTDA (CNPJ n° (CNPJ n°,ROWS:p1r7|UNRECONCILED_SOURCE,2026-09-03T23:36:48Z,build
24814759,0074500-63.2024.8.17.2001,104664.31,24814759000176,1,GRUPO IMOBI – LRF Líderes em Recuperação Judicial e Falência,,,0,POOL,795d57c3b1a6263f35fd080afd0a6ea1ad727ea3,FUNDO DE INVESTIMENTO EM DIREITOS CREDITORIOS NAO PADRONIZADOS - MAIS LOTES,LIKELY_FINANCIAL_BY_NAME|ROWS:p4r62,2026-09-03T23:36:48Z,build
07310843,0002484-82.2022.8.17.2001,104550.00,07310843000133,1,e Falência,,,0,POOL,f3b6182e3aa2715450af4d59223acc49f7047632,IKINHA INDUSTRIA TEXTIL LTDA,PARTIAL_DOC_CLASS_III_RECONCILED|ROWS:p4r77,2026-09-03T23:36:48Z,build
14014246,0001943-40.2024.8.16.0115,104493.13,14014246000127,1,- D & D LOGÍSTICA E TRANSPORTE Comercia,,,0,POOL,dfc3207dcd0fa485a74eefea8e9db729618a8aea,Incenha Transportes Ltda,PARTIAL_DOC_CLASS_III_RECONCILED|ROWS:p4r20,2026-09-03T23:36:48Z,build
33467572,1032741-02.2020.8.26.0576,103927.32,33467572000304|33467572000568,2,HOKEN INTERNATIONAL COMPANY LTDA,,,0,POOL,8f8da4cde6b7bd4c344c492f72831914592e9102,TEKNO S.A. INDÚSTRIA E COMÉRCIO (CNPJ,"ROWS:p3r41,p3r42|UNRECONCILED_SOURCE",2026-09-03T23:36:48Z,build
91884981,0804401-51.2025.8.14.0039,103498.23,91884981000132,1,SOJAL COMERCIA,,,0,POOL,c56751547323616443dc07ccc6d6c553539dec25,BANCO JHON DEERE S.A,LIKELY_FINANCIAL_BY_NAME|ROWS:p1r6,2026-09-03T23:36:47Z,build
33779449,0002484-82.2022.8.17.2001,103485.60,33779449000159,3,e Falência,,,0,POOL,f3b6182e3aa2715450af4d59223acc49f7047632,GF INDUSTRIA DE CONFECCOES EIRELI,"PARTIAL_DOC_CLASS_III_RECONCILED|ROWS:p4r74,p7r98,p9r72",2026-09-03T23:36:48Z,build
25769266,5341375-33.2026.8.09.0049,103242.42,25769266000124,1,"Grupo 3E, em consolidação substancia",,,0,POOL,8e8832093a15aa7f9dc936a37e882fe66a1fe43d,Arcom S/A,ROWS:p10r7|UNRECONCILED_SOURCE,2026-09-03T23:36:48Z,build
31873195,0007565-40.2020.8.17.2370,103005.25,31873195000108,1,e Falência,,,0,POOL,849d4fe5adce792f073eb0cbe52a2f1d8075a473,31.873.195/0001-08,ROWS:p15r62,2026-09-03T23:36:48Z,build
34250750,0804401-51.2025.8.14.0039,103000.00,34250750000133,1,SOJAL COMERCIA,,,0,POOL,c56751547323616443dc07ccc6d6c553539dec25,CERES INVESTIMENTOS E CONSULTORIA LTDA,ROWS:p1r10,2026-09-03T23:36:47Z,build
79114450,0302174-63.2015.8.24.0025,102951.03,79114450002702,1,CONFECÇÕES ANDRIMALHAS LTDA – Sgrott Administradora Judicial e Consultoria Empresarial,,,0,POOL,d403116b357dac27429fe9e2a0634e3c573603e7,"EST OSWALDO MORAES CORREA, 1000 - ZONA 41 - MARINGA - PR",PARTIAL_DOC_CLASS_III_RECONCILED|ROWS:p1r41|VALUE_COL:Valores,2026-09-03T23:36:48Z,build
59109165,0801893-91.2016.8.12.0011,102675.00,59109165000149,1,empresa,,,0,POOL,cdf3c4d148612ed9b19eac98db005936ae57d4cb,"RUA VOLKWAGEM, 291 PARQUE JABAQUARA,","ALT_VALUE:R$2.775,00|ROWS:p3r27|UNRECONCILED_SOURCE",2026-09-03T23:36:48Z,build
08725154,5012306-16.2022.8.21.0023,102665.68,08725154000233,1,SCZ Scalzilli Administração Judicial,,,0,POOL,ebfb999b457caf45140ea7446a22cd3751154eaf,WAM MED DISTRIB DE MEDIC LTDA (,ROWS:p30r35|UNRECONCILED_SOURCE,2026-09-03T23:36:47Z,build
96738240,0007565-40.2020.8.17.2370,102130.88,96738240000329,1,e Falência,,,0,POOL,849d4fe5adce792f073eb0cbe52a2f1d8075a473,96.738.240/0003-29,ROWS:p16r48,2026-09-03T23:36:48Z,build
24058612,0000472-94.2012.5.06.0193,102046.25,24058612000101,1,SCZ Scalzilli Administração Judicial,,,0,POOL,24ed98480a572989bb0ce06fbd92e30151b7c249,6052655-10.2015.8.13.0024,ROWS:p75r7|VALUE_COL:Valor_Atualizado,2026-09-03T23:36:47Z,build
46395687,0000880-57.2020.8.17.2001,101818.15,46395687003551,1,e Falência,,,0,POOL,44ecd0afa707dc9a78430215646a429a26d22516,BAHIANA DISTRIBUIDORA DE GAS LTDA,"ALT_VALUE:-R$20.363,63|ALT_VALUE:R$122.181,78|ROWS:p10r6|UNRECONCILED_SOURCE|VALUE_COL:2ª_Lista",2026-09-03T23:36:47Z,build
25326661,5012306-16.2022.8.21.0023,101418.68,25326661000132,1,SCZ Scalzilli Administração Judicial,,,0,POOL,ebfb999b457caf45140ea7446a22cd3751154eaf,S P DATA SER.PROC.DADOS LIMITA (,ROWS:p29r42|UNRECONCILED_SOURCE,2026-09-03T23:36:47Z,build
06517387,3000117-40.2025.8.06.0512,101262.26,06517387000134,1,PÃ¡gina inicial,,,0,POOL,73b45cbf1779afc0265bba96895afb5cec00f12c,UNIVERSIDADE FEDERAL DO PIAUI,ROWS:p16r13,2026-09-03T23:36:48Z,build
58616418,0005010-98.2023.8.16.0001,101237.47,58616418000108,1,Marques Administrações Judiciais,,,0,POOL,b465a5d11eec7a46656b594fa59c62d80724e0a1,Banco Fibra S.A.,LIKELY_FINANCIAL_BY_NAME|PARTIAL_DOC_CLASS_III_RECONCILED|ROWS:p20r12,2026-09-03T23:36:48Z,build
02286479,0005010-98.2023.8.16.0001,100176.05,02286479000108,1,Marques Administrações Judiciais,,,0,POOL,b465a5d11eec7a46656b594fa59c62d80724e0a1,Localiza Fleet S.A.,PARTIAL_DOC_CLASS_III_RECONCILED|ROWS:p28r7,2026-09-03T23:36:48Z,build
14547859,0804204-35.2022.8.15.0731,100000.00,14547859000120,1,SECULAR COMERCIO CONSTRUÇÃO E REPRESENTAÇÃO LTDA,,,0,POOL,1355f93a13cd2722ee99a9ba39c71d079fe85ce0,PLANALTO COMERCIO DE COMBUSTIVEIS E LUBRIFICANTES LTDA,ROWS:p2r2,2026-09-03T23:36:47Z,build
00360305,3000117-40.2025.8.06.0512,100000.00,00360305000104,1,PÃ¡gina inicial,,,0,POOL,73b45cbf1779afc0265bba96895afb5cec00f12c,CAIXA ECONOMICA,LIKELY_FINANCIAL_BY_NAME|ROWS:p16r6,2026-09-03T23:36:48Z,build
90400888,1001174-80.2024.8.26.0359,100000.00,90400888000142,1,Ativos,,,0,POOL,442539f948e05d3b98924984d4ac62e721a54540,"Avenida Nossa Senhora da Paz, nº 2.443, Vila Maceno, CEP nº 15.055-500, São José do Rio Preto/SP",ROWS:p3r4|UNRECONCILED_SOURCE|VALUE_COL:Valor_Do_Créidto,2026-09-03T23:36:48Z,build
60701190,1001174-80.2024.8.26.0359,100000.00,60701190000104,1,Ativos,,,0,POOL,442539f948e05d3b98924984d4ac62e721a54540,"Rua Bernardino de Campos, nº 2.858, Centro, CEP nº 15.015-300, São José do Rio Preto/SP",ROWS:p3r5|UNRECONCILED_SOURCE|VALUE_COL:Valor_Do_Créidto,2026-09-03T23:36:48Z,build
