23:04:25 run 20260903T230425Z-e7c9a7
23:04:34   [1/1199] lrflideres.com.br UNKNOWN     OK_NO_TOTALS  rows=610  TABLE/TABLE_RULED case=0000742-29.2017.8.17.3090 p=23
23:04:34   [2/1199] lrflideres.com.br UNKNOWN     QUARANTINED   rows=1    TABLE/TABLE_BANDS case=0000742-29.2017.8.17.3090 p=31
23:04:34   [3/1199] lrflideres.com.br UNKNOWN     OK            rows=80   TABLE/TABLE_RULED case=0000206-69.2013.8.17.1340 p=3
23:04:34   [4/1199] lrflideres.com.br UNKNOWN     OK            rows=2    TABLE/TABLE_RULED case=0000206-69.2013.8.17.1340 p=1
23:04:34   [5/1199] lrflideres.com.br UNKNOWN     OK            rows=133  TABLE/TABLE_RULED case=0000206-69.2013.8.17.1340 p=4
23:04:34   [6/1199] bernardobicalho.com.br UNKNOWN     OK_NO_TOTALS  rows=9    TABLE/TABLE_BANDS case=3289322-33.2013.8.13.0024 p=8
23:04:34   [7/1199] bernardobicalho.com.br AJ_LIST     OK            rows=100  TABLE/TABLE_RULED case=None p=4
23:04:34   [8/1199] recuperacaojudicial.squarespace.com AJ_LIST     QUARANTINED   rows=45   TABLE/TABLE_RULED case=0800778-16.2023.8.20.5104 p=8
23:04:34   [9/1199] 3fmodas.madgav.com.br QGC         OK_NO_TOTALS  rows=8    TABLE/TABLE_RULED case=5315944-66.2023.8.13.0024 p=12
23:04:34   [10/1199] administradorajudicialgs.com.br QGC         OK_NO_TOTALS  rows=196  PROSE/PROSE case=0301015-33.2016.8.24.0031 p=4
23:04:34   [11/1199] ajbrajalveiga.com.br AJ_LIST     OK_NO_TOTALS  rows=95   TABLE/TABLE_BANDS case=0652260-87.2018.8.04.0001 p=7
23:04:34   [12/1199] arquivos.integrawebsites.com.br UNKNOWN     QUARANTINED   rows=175  TABLE/TABLE_BANDS case=5281407-42.2021.8.09.0051 p=6
23:04:34   [13/1199] assistjud.com.br AJ_LIST     OK_NO_TOTALS  rows=199  TABLE/TABLE_RULED case=8005129-09.2023.8.05.0039 p=23
23:04:34   [14/1199] bbsadvogados.com.br DEBTOR_LIST OK_NO_TOTALS  rows=25   PROSE/PROSE case=5028800-87.2023.8.24.0038 p=2
23:04:34   [15/1199] brasiltrustee.com.br QGC         NO_ROWS       rows=0    TABLE/TABLE_BANDS case=1102669-23.2014.8.26.0100 p=2
23:04:34   [16/1199] bugarimecoelho.com.br QGC         QUARANTINED   rows=7    TABLE/TABLE_BANDS case=0214287-36.2023.8.06.0001 p=3
23:04:34   [17/1199] cdn.dol.com.br AJ_LIST     QUARANTINED   rows=146  PROSE/PROSE case=0820780-23.2026.8.14.0301 p=4
23:04:34   [18/1199] credibilita.com.br AJ_LIST     NO_ROWS       rows=0    TABLE/TABLE_BANDS case=0001217-89.2020.8.16.0185 p=3
23:04:38   [19/1199] csh.adv.br DEBTOR_LIST QUARANTINED   rows=8    TABLE/TABLE_BANDS case=0871065-72.2024.8.12.0001 p=4
23:04:38   [20/1199] diario.tjrr.jus.br UNKNOWN     OK_NO_TOTALS  rows=73   TABLE/TABLE_BANDS case=None p=81
23:04:44   [21/1199] diario.tjrr.jus.br UNKNOWN     OK_NO_TOTALS  rows=118  TABLE/TABLE_RULED case=None p=120
23:04:44   [22/1199] diligence.adm.br UNKNOWN     NO_TEXT_LAYER rows=0    NONE/ case=None p=10
23:04:44   [23/1199] diligence.adm.br QGC         OK_NO_TOTALS  rows=93   PROSE/PROSE case=0010173-64.2023.8.17.2480 p=4
23:04:44   [24/1199] diligence.adm.br DEBTOR_LIST OK            rows=143  PROSE/PROSE case=0008526-45.2025.8.17.2001 p=7
23:04:44   [25/1199] gatekeeperaj.com.br QGC         NO_ROWS       rows=0    TABLE/TABLE_BANDS case=0074372-48.1999.8.26.0100 p=2
23:04:44   [26/1199] inova-aj.com.br QGC         OK            rows=16   TABLE/TABLE_RULED case=0022066-39.2018.8.19.0001 p=1
23:04:44   [27/1199] lrflideres.com.br AJ_LIST     OK            rows=150  PROSE/PROSE case=0829315-43.2023.8.15.0001 p=3
23:04:44   [28/1199] lrflideres.com.br DEBTOR_LIST OK_NO_TOTALS  rows=2    TABLE/TABLE_BANDS case=0019289-97.2025.8.06.0001 p=8
23:04:44   [29/1199] lrflideres.com.br AJ_LIST     OK            rows=27   PROSE/PROSE case=0804401-51.2025.8.14.0039 p=2
23:04:44   [30/1199] lrflideres.com.br DEBTOR_LIST OK_NO_TOTALS  rows=4    TABLE/TABLE_BANDS case=0037082-72.2016.8.17.2001 p=6
23:04:44   [31/1199] lrflideres.com.br UNKNOWN     OK_NO_TOTALS  rows=78   TABLE/TABLE_RULED case=0003283-70.2015.8.17.2810 p=11
23:04:44   [32/1199] lrflideres.com.br AJ_LIST     NO_ROWS       rows=0    PROSE/PROSE case=0818837-44.2021.8.15.0001 p=2
23:04:44   [33/1199] lrflideres.com.br DEBTOR_LIST OK_NO_TOTALS  rows=3    TABLE/TABLE_BANDS case=0000869-62.2019.8.17.2001 p=6
23:04:44   [34/1199] lrflideres.com.br AJ_LIST     OK            rows=40   PROSE/PROSE case=0804204-35.2022.8.15.0731 p=2
23:04:48   [35/1199] lrflideres.com.br AJ_LIST     OK            rows=92   PROSE/PROSE case=0824037-95.2022.8.15.0001 p=3
23:04:48   [36/1199] lrflideres.com.br AJ_LIST     OK            rows=313  PROSE/PROSE case=0829315-43.2023.8.15.0001 p=22
23:04:48   [37/1199] lrflideres.com.br DEBTOR_LIST OK_NO_TOTALS  rows=1    TABLE/TABLE_BANDS case=0212099-02.2025.8.06.0001 p=5
23:04:48   [38/1199] lrflideres.com.br UNKNOWN     OK_NO_TOTALS  rows=5    TABLE/TABLE_BANDS case=0802656-15.2026.8.18.0031 p=33
23:04:48   [39/1199] realbrasil.com.br QGC         QUARANTINED   rows=14   TABLE/TABLE_BANDS case=0016474-19.2022.8.03.0001 p=24
23:04:48   [40/1199] recuperacaojudicial.servi-san.com.br AJ_LIST     NO_ROWS       rows=0    TABLE/TABLE_BANDS case=0808677-83.2017.8.18.0140 p=2
23:04:48   [41/1199] recuperacaojudicial.squarespace.com AJ_LIST     QUARANTINED   rows=67   PROSE/PROSE case=0706250-76.2020.8.02.0001 p=3
23:04:48   [42/1199] recuperacaojudicial.squarespace.com AJ_LIST     QUARANTINED   rows=28   TABLE/TABLE_RULED case=0705602-96.2020.8.02.0001 p=30
23:04:48   [43/1199] recuperacaojudicial.squarespace.com UNKNOWN     OK_NO_TOTALS  rows=1    TABLE/TABLE_BANDS case=0802299-53.2019.8.20.5001 p=7
23:04:48   [44/1199] recuperacaojudicial.squarespace.com AJ_LIST     OK_NO_TOTALS  rows=180  PROSE/PROSE case=0000407-22.2008.8.02.0025 p=9
23:04:48   [45/1199] recuperacaojudicial.squarespace.com AJ_LIST     OK_NO_TOTALS  rows=46   PROSE/PROSE case=0030621-63.2011.8.02.0001 p=3
23:04:48   [46/1199] ricardobiancardi.com.br QGC         QUARANTINED   rows=3    TABLE/TABLE_BANDS case=1056931-09.1998.8.08.0024 p=2
23:04:48   [47/1199] rlg-aj.com.br QGC         OK_NO_TOTALS  rows=1    TABLE/TABLE_BANDS case=5001743-15.2025.8.08.0024 p=2
23:04:48   [48/1199] s.cholet.com.br AJ_LIST     OK_NO_TOTALS  rows=3    TABLE/TABLE_BANDS case=0260100-52.2024.8.06.0001 p=9
23:04:48   [49/1199] stenius.com.br DEBTOR_LIST OK_NO_TOTALS  rows=3    TABLE/TABLE_BANDS case=5671108-67.2023.8.09.0051 p=12
23:04:48   [50/1199] valorizejudicial.nyc3.digitaloceanspaces.com AJ_LIST     NO_ROWS       rows=2    TABLE/TABLE_BANDS case=None p=1
23:04:48   [51/1199] vivanteaj.com.br UNKNOWN     OK_NO_TOTALS  rows=61   TABLE/TABLE_BANDS case=0824184-31.2016.8.20.5001 p=11
23:04:48   [52/1199] vivanteaj.com.br DEBTOR_LIST QUARANTINED   rows=112  PROSE/PROSE case=0807423-41.2024.8.20.5001 p=5
23:04:48   [53/1199] vivanteaj.com.br QGC         QUARANTINED   rows=254  TABLE/TABLE_RULED case=None p=6
23:04:48   [54/1199] vtladm.com.br QGC         OK_NO_TOTALS  rows=6    PROSE/PROSE case=0704506-58.2023.8.07.0015 p=1
23:04:50   [55/1199] bugarimecoelho.com.br QGC         OK_NO_TOTALS  rows=3    TABLE/TABLE_RULED case=0276159-86.2022.8.06.0001 p=2
23:04:50   [56/1199] cb2d.com.br DEBTOR_LIST OK_NO_TOTALS  rows=1    TABLE/TABLE_BANDS case=5000908-96.2025.8.24.0536 p=12
23:04:51   [57/1199] karenrosa.adv.br UNKNOWN     NO_TEXT_LAYER rows=0    NONE/ case=None p=6
23:04:51   [58/1199] tjdft.jus.br AJ_LIST     OK_NO_TOTALS  rows=2    TABLE/TABLE_BANDS case=0729900-93.2025.8.07.0016 p=16
23:04:51   [59/1199] tjdft.jus.br UNKNOWN     OK_NO_TOTALS  rows=3    TABLE/TABLE_BANDS case=5746053-87.2025.8.09.0137 p=16
23:04:51   [60/1199] vcpericia.com.br AJ_LIST     OK_NO_TOTALS  rows=5    PROSE/PROSE case=0803277-80.2020.8.12.0001 p=2
23:04:51   [61/1199] vcpericia.com.br AJ_LIST     OK_NO_TOTALS  rows=52   PROSE/PROSE case=0829810-08.2022.8.12.0001 p=6
23:04:51   [62/1199] vcpericia.com.br AJ_LIST     OK_NO_TOTALS  rows=37   PROSE/PROSE case=0813265-83.2024.8.12.0002 p=6
23:04:54   [63/1199] diligence.adm.br AJ_LIST     OK_NO_TOTALS  rows=207  TABLE/TABLE_RULED case=0002316-40.2012.8.17.0220 p=26
23:04:54   [64/1199] diligence.adm.br UNKNOWN     OK_NO_TOTALS  rows=138  TABLE/TABLE_RULED case=0002316-40.2012.8.17.0220 p=12
23:04:54   [65/1199] diligence.adm.br UNKNOWN     NO_TEXT_LAYER rows=0    NONE/ case=0108923-15.2025.8.17.2001 p=0
23:04:54   [66/1199] cataliseaj.com.br UNKNOWN     OK_NO_TOTALS  rows=359  TABLE/TABLE_BANDS case=5045407-81.2020.8.21.0001 p=21
23:04:54   [67/1199] cataliseaj.com.br QGC         OK_NO_TOTALS  rows=176  TABLE/TABLE_RULED case=5045407-81.2020.8.21.0001 p=10
23:04:54   [68/1199] cataliseaj.com.br QGC         OK_NO_TOTALS  rows=4    TABLE/TABLE_BANDS case=5073632-14.2020.8.21.0001 p=1
23:04:54   [69/1199] diligence.adm.br DEBTOR_LIST OK            rows=788  PROSE/PROSE case=0108923-15.2025.8.17.2001 p=16
23:04:54   [70/1199] cataliseaj.com.br UNKNOWN     NO_TEXT_LAYER rows=0    NONE/ case=None p=10
23:04:56   [71/1199] cataliseaj.com.br UNKNOWN     NO_TEXT_LAYER rows=0    NONE/ case=None p=5
23:04:56   [72/1199] diligence.adm.br DEBTOR_LIST QUARANTINED   rows=761  PROSE/PROSE case=0108923-15.2025.8.17.2001 p=14
23:04:56   [73/1199] cataliseaj.com.br QGC         OK_NO_TOTALS  rows=147  PROSE/PROSE case=5087077-02.2020.8.21.0001 p=3
23:04:56   [74/1199] cataliseaj.com.br QGC         NO_ROWS       rows=3    TABLE/TABLE_BANDS case=5087077-02.2020.8.21.0001 p=1
23:04:58   [75/1199] diligence.adm.br AJ_LIST     OK_NO_TOTALS  rows=22   PROSE/PROSE case=0108923-15.2025.8.17.2001 p=39
23:04:58   [76/1199] cataliseaj.com.br QGC         OK_NO_TOTALS  rows=144  PROSE/PROSE case=5087077-02.2020.8.21.0001 p=2
23:04:58   [77/1199] diligence.adm.br UNKNOWN     OK            rows=519  PROSE/PROSE case=0108923-15.2025.8.17.2001 p=12
23:04:58   [78/1199] cataliseaj.com.br AJ_LIST     OK_NO_TOTALS  rows=78   PROSE/PROSE case=5087077-02.2020.8.21.0001 p=2
23:04:58   [79/1199] cataliseaj.com.br AJ_LIST     NO_ROWS       rows=7    TABLE/TABLE_BANDS case=5087077-02.2020.8.21.0001 p=2
23:04:59   [80/1199] diligence.adm.br AJ_LIST     QUARANTINED   rows=503  PROSE/PROSE case=0108923-15.2025.8.17.2001 p=9
23:04:59   [81/1199] diligence.adm.br AJ_LIST     OK_NO_TOTALS  rows=1    TABLE/TABLE_BANDS case=0012922-23.2003.8.17.0001 p=4
23:04:59   [82/1199] diligence.adm.br AJ_LIST     OK_NO_TOTALS  rows=1    TABLE/TABLE_BANDS case=0012922-23.2003.8.17.0001 p=2
23:04:59   [83/1199] recuperacaojudicial.squarespace.com UNKNOWN     OK_NO_TOTALS  rows=97   TABLE/TABLE_BANDS case=0034582-54.1995.8.17.0001 p=9
23:04:59   [84/1199] diligence.adm.br QGC         OK_NO_TOTALS  rows=109  PROSE/PROSE case=0000206-72.2017.8.17.2490 p=5
23:05:11   [85/1199] recuperacaojudicial.squarespace.com QGC         OK_NO_TOTALS  rows=8009 TABLE/TABLE_BANDS case=0034582-54.1995.8.17.0001 p=189
23:05:11   [86/1199] cataliseaj.com.br UNKNOWN     NO_TEXT_LAYER rows=0    NONE/ case=5009474-18.2019.8.21.0022 p=10
23:05:11   [87/1199] diligence.adm.br AJ_LIST     QUARANTINED   rows=113  TABLE/TABLE_RULED case=0000206-72.2017.8.17.2490 p=8
23:05:11   [88/1199] cataliseaj.com.br UNKNOWN     OK_NO_TOTALS  rows=104  TABLE/TABLE_RULED case=0020265-79.2017.5.04.0102 p=3
23:05:11   [89/1199] cataliseaj.com.br AJ_LIST     QUARANTINED   rows=245  TABLE/TABLE_BANDS case=5009474-18.2019.8.21.0022 p=19
23:05:11   [90/1199] diligence.adm.br AJ_LIST     OK_NO_TOTALS  rows=101  PROSE/PROSE case=0000206-72.2017.8.17.2490 p=3
23:05:11   [91/1199] cataliseaj.com.br UNKNOWN     OK_NO_TOTALS  rows=5    TABLE/TABLE_BANDS case=5009367-03.2021.8.21.0022 p=1
23:05:11   [92/1199] scalzilliaj.com.br AJ_LIST     OK_NO_TOTALS  rows=10   TABLE/TABLE_BANDS case=0041329-20.2011.8.21.0010 p=2
Could not get FontBBox from font descriptor because None cannot be parsed as 4 floats
23:06:13   [93/1199] recuperacaojudicial.squarespace.com UNKNOWN     OK_NO_TOTALS  rows=8992 TABLE/TABLE_RULED case=0034582-54.1995.8.17.0001 p=155
23:06:13   [94/1199] diligence.adm.br UNKNOWN     OK_NO_TOTALS  rows=201  TABLE/TABLE_RULED case=0000880-57.2020.8.17.2001 p=4
23:06:13   [95/1199] recuperacaojudicial.squarespace.com UNKNOWN     OK_NO_TOTALS  rows=1    TABLE/TABLE_BANDS case=0034582-54.1995.8.17.0001 p=3
23:06:13   [96/1199] diligence.adm.br UNKNOWN     OK_NO_TOTALS  rows=81   TABLE/TABLE_RULED case=0000880-57.2020.8.17.2001 p=2
23:06:13   [97/1199] cataliseaj.com.br UNKNOWN     NO_TEXT_LAYER rows=0    NONE/ case=0000312-16.2008.8.24.0013 p=4
23:06:13   [98/1199] scalzilliaj.com.br UNKNOWN     OK_NO_TOTALS  rows=805  TABLE/TABLE_BANDS case=None p=48
23:06:13   [99/1199] recuperacaojudicial.squarespace.com UNKNOWN     OK_NO_TOTALS  rows=1    PROSE/PROSE case=0034582-54.1995.8.17.0001 p=2
23:06:13   [100/1199] diligence.adm.br AJ_LIST     OK_NO_TOTALS  rows=38   TABLE/TABLE_BANDS case=0000880-57.2020.8.17.2001 p=1
23:06:13   [101/1199] cataliseaj.com.br UNKNOWN     OK_NO_TOTALS  rows=128  TABLE/TABLE_RULED case=5003572-94.2020.8.21.0072 p=7
23:06:13   [102/1199] scalzilliaj.com.br UNKNOWN     OK_NO_TOTALS  rows=870  TABLE/TABLE_RULED case=5001625-18.2022.8.24.0018 p=16
23:06:13   [103/1199] cataliseaj.com.br QGC         QUARANTINED   rows=123  PROSE/PROSE case=5003572-94.2020.8.21.0072 p=3
23:06:13   [104/1199] recuperacaojudicial.squarespace.com DEBTOR_LIST OK_NO_TOTALS  rows=5    PROSE/PROSE case=0700087-51.2020.8.02.0043 p=5
23:06:13   [105/1199] recuperacaojudicial.squarespace.com AJ_LIST     QUARANTINED   rows=15   TABLE/TABLE_RULED case=0700087-51.2020.8.02.0043 p=10
23:06:13   [106/1199] scalzilliaj.com.br QGC         OK_NO_TOTALS  rows=868  TABLE/TABLE_RULED case=5001625-18.2022.8.24.0018 p=30
23:06:13   [107/1199] cataliseaj.com.br UNKNOWN     OK_NO_TOTALS  rows=9    TABLE/TABLE_BANDS case=5245072-73.2023.8.21.0001 p=2
23:06:13   [108/1199] diligence.adm.br DEBTOR_LIST OK_NO_TOTALS  rows=233  PROSE/PROSE case=0000880-57.2020.8.17.2001 p=6
23:06:13   [109/1199] scalzilliaj.com.br QGC         OK_NO_TOTALS  rows=818  TABLE/TABLE_RULED case=5001625-18.2022.8.24.0018 p=29
23:06:13   [110/1199] cataliseaj.com.br AJ_LIST     OK_NO_TOTALS  rows=5    TABLE/TABLE_BANDS case=5240968-38.2023.8.21.0001 p=2
23:06:13   [111/1199] recuperacaojudicial.squarespace.com AJ_LIST     QUARANTINED   rows=6    PROSE/PROSE case=0700087-51.2020.8.02.0043 p=3
23:06:13   [112/1199] lrflideres.com.br UNKNOWN     OK_NO_TOTALS  rows=1    PROSE/PROSE case=0000206-69.2013.8.17.1340 p=3
23:06:13   [113/1199] cataliseaj.com.br DEBTOR_LIST OK_NO_TOTALS  rows=271  TABLE/TABLE_BANDS case=5009671-74.2022.8.21.0019 p=7
23:06:13   [114/1199] diligence.adm.br AJ_LIST     OK_NO_TOTALS  rows=313  TABLE/TABLE_RULED case=0000880-57.2020.8.17.2001 p=12
23:06:13   [115/1199] recuperacaojudicial.squarespace.com AJ_LIST     OK            rows=8    TABLE/TABLE_RULED case=0700087-51.2020.8.02.0043 p=4
23:06:13   [116/1199] scalzilliaj.com.br AJ_LIST     OK_NO_TOTALS  rows=2065 PROSE/PROSE case=5012306-16.2022.8.21.0023 p=31
23:06:13   [117/1199] lrflideres.com.br AJ_LIST     OK            rows=121  PROSE/PROSE case=0062771-12.2013.8.17.0001 p=2
23:06:13   [118/1199] cataliseaj.com.br DEBTOR_LIST OK_NO_TOTALS  rows=118  TABLE/TABLE_RULED case=5011460-87.2023.8.24.0020 p=4
23:06:13   [119/1199] recuperacaojudicial.squarespace.com DEBTOR_LIST QUARANTINED   rows=5    PROSE/PROSE case=0720420-24.2018.8.02.0001 p=3
23:06:13   [120/1199] scalzilliaj.com.br AJ_LIST     OK_NO_TOTALS  rows=2051 PROSE/PROSE case=5012306-16.2022.8.21.0023 p=34
23:06:13   [121/1199] recuperacaojudicial.squarespace.com AJ_LIST     QUARANTINED   rows=272  PROSE/PROSE case=0730042-64.2017.8.02.0001 p=3
23:06:13   [122/1199] cataliseaj.com.br QGC         NO_ROWS       rows=11   TABLE/TABLE_BANDS case=5045407-81.2020.8.21.0001 p=4
23:06:13   [123/1199] diligence.adm.br AJ_LIST     OK_NO_TOTALS  rows=317  TABLE/TABLE_RULED case=0000880-57.2020.8.17.2001 p=13
23:06:13   [124/1199] lrflideres.com.br AJ_LIST     OK            rows=121  PROSE/PROSE case=0062771-12.2013.8.17.0001 p=2
23:06:13   [125/1199] scalzilliaj.com.br AJ_LIST     OK_NO_TOTALS  rows=181  PROSE/PROSE case=5009901-48.2024.8.21.0019 p=5
23:06:13   [126/1199] recuperacaojudicial.squarespace.com QGC         QUARANTINED   rows=331  TABLE/TABLE_RULED case=0720420-24.2018.8.02.0001 p=9
23:06:13   [127/1199] cataliseaj.com.br QGC         OK_NO_TOTALS  rows=8    TABLE/TABLE_BANDS case=5045407-81.2020.8.21.0001 p=3
23:06:13   [128/1199] diligence.adm.br AJ_LIST     QUARANTINED   rows=304  PROSE/PROSE case=0000880-57.2020.8.17.2001 p=6
23:06:13   [129/1199] cataliseaj.com.br QGC         NO_ROWS       rows=9    TABLE/TABLE_BANDS case=5073632-14.2020.8.21.0001 p=4
23:06:13   [130/1199] scalzilliaj.com.br UNKNOWN     NO_TEXT_LAYER rows=0    NONE/ case=0301621-43.2016.8.24.0037 p=4
23:06:13   [131/1199] lrflideres.com.br UNKNOWN     OK_NO_TOTALS  rows=131  TABLE/TABLE_RULED case=0062771-12.2013.8.17.0001 p=5
23:06:13   [132/1199] recuperacaojudicial.squarespace.com UNKNOWN     NO_ROWS       rows=0    TABLE/TABLE_BANDS case=0720699-10.2018.8.02.0001 p=5
23:06:13   [133/1199] scalzilliaj.com.br UNKNOWN     NO_ROWS       rows=0    TABLE/TABLE_BANDS case=0301621-43.2016.8.24.0037 p=2
23:06:13   [134/1199] cataliseaj.com.br QGC         OK_NO_TOTALS  rows=11   TABLE/TABLE_BANDS case=5006054-94.2026.8.21.0010 p=4
23:06:13   [135/1199] scalzilliaj.com.br AJ_LIST     OK_NO_TOTALS  rows=52   PROSE/PROSE case=0042540-21.2012.8.21.0022 p=2
23:06:13   [136/1199] lrflideres.com.br UNKNOWN     OK_NO_TOTALS  rows=1    TABLE/TABLE_BANDS case=0062771-12.2013.8.17.0001 p=8
23:06:25   [137/1199] diligence.adm.br AJ_LIST     QUARANTINED   rows=66   TABLE/TABLE_BANDS case=0026172-78.2019.8.17.2001 p=15
23:06:25   [138/1199] recuperacaojudicial.squarespace.com AJ_LIST     QUARANTINED   rows=13   PROSE/PROSE case=0720699-10.2018.8.02.0001 p=52
23:06:25   [139/1199] cataliseaj.com.br AJ_LIST     NO_ROWS       rows=14   TABLE/TABLE_BANDS case=5032419-57.2023.8.21.0022 p=6
23:06:25   [140/1199] scalzilliaj.com.br QGC         OK_NO_TOTALS  rows=34   PROSE/PROSE case=5012295-78.2023.8.24.0019 p=2
23:06:25   [141/1199] cataliseaj.com.br AJ_LIST     OK_NO_TOTALS  rows=3    TABLE/TABLE_BANDS case=5036084-50.2024.8.21.0021 p=9
23:06:25   [142/1199] recuperacaojudicial.squarespace.com UNKNOWN     NO_ROWS       rows=0    TABLE/TABLE_BANDS case=0720699-10.2018.8.02.0001 p=4
23:06:25   [143/1199] lrflideres.com.br DEBTOR_LIST OK_NO_TOTALS  rows=1    TABLE/TABLE_BANDS case=0034714-90.2016.8.17.2001 p=4
23:06:25   [144/1199] scalzilliaj.com.br AJ_LIST     OK_NO_TOTALS  rows=248  PROSE/PROSE case=0028131-73.2024.8.16.0017 p=2
Traceback (most recent call last):
  File "/home/user/Anteparo/scripts/run_phase1.py", line 29, in <module>
    stats = ingest_all(db, run, log=log, workers=args.workers, limit=args.limit)
            ^^^^^^^^^^^^^^^^^^^^^^^^^^^^^^^^^^^^^^^^^^^^^^^^^^^^^^^^^^^^^^^^^^^^
  File "/home/user/Anteparo/anteparo/steps/ingest.py", line 125, in ingest_all
    for i, w in enumerate(ex.map(extract_for_ingest, q, chunksize=2), 1):
  File "/usr/lib/python3.11/concurrent/futures/process.py", line 620, in _chain_from_iterable_of_lists
    for element in iterable:
  File "/usr/lib/python3.11/concurrent/futures/_base.py", line 619, in result_iterator
    yield _result_or_cancel(fs.pop())
          ^^^^^^^^^^^^^^^^^^^^^^^^^^^
  File "/usr/lib/python3.11/concurrent/futures/_base.py", line 317, in _result_or_cancel
    return fut.result(timeout)
           ^^^^^^^^^^^^^^^^^^^
  File "/usr/lib/python3.11/concurrent/futures/_base.py", line 456, in result
    return self.__get_result()
           ^^^^^^^^^^^^^^^^^^^
  File "/usr/lib/python3.11/concurrent/futures/_base.py", line 401, in __get_result
    raise self._exception
concurrent.futures.process.BrokenProcessPool: A process in the process pool was terminated abruptly while the future was running or pending.
23:11:23 run 20260903T230425Z-e7c9a7
23:12:18   [1/1055] diligence.adm.br ERROR WORKER_EXIT_1: pdfplumber.utils.exceptions.PdfminerException: Unable to allocate output buffer.
23:12:18   [2/1055] cataliseaj.com.br AJ_LIST     OK_NO_TOTALS  rows=12   TABLE/TABLE_BANDS case=5003861-41.2023.8.21.0001 p=4
23:12:18   [3/1055] recuperacaojudicial.squarespace.com QGC         QUARANTINED   rows=19   PROSE/PROSE case=0705411-79.2017.8.02.0058 p=7
23:12:18   [4/1055] cataliseaj.com.br UNKNOWN     NO_TEXT_LAYER rows=0    NONE/ case=None p=3
23:12:18   [5/1055] scalzilliaj.com.br UNKNOWN     QUARANTINED   rows=1469 TABLE/TABLE_BANDS case=0804074-43.2026.8.12.0002 p=43
23:12:18   [6/1055] lrflideres.com.br AJ_LIST     OK            rows=1    TABLE/TABLE_BANDS case=0034714-90.2016.8.17.2001 p=6
23:12:18   [7/1055] recuperacaojudicial.squarespace.com AJ_LIST     QUARANTINED   rows=17   TABLE/TABLE_RULED case=0705411-79.2017.8.02.0058 p=12
23:12:18   [8/1055] diligence.adm.br AJ_LIST     OK_NO_TOTALS  rows=21   TABLE/TABLE_RULED case=0032731-52.2010.8.17.0001 p=8
23:12:18   [9/1055] cataliseaj.com.br AJ_LIST     NO_ROWS       rows=12   TABLE/TABLE_BANDS case=5082193-22.2023.8.21.0001 p=4
23:12:18   [10/1055] scalzilliaj.com.br AJ_LIST     NO_ROWS       rows=5    TABLE/TABLE_BANDS case=5002620-23.2025.8.24.0019 p=5
23:12:18   [11/1055] lrflideres.com.br AJ_LIST     OK_NO_TOTALS  rows=1    TABLE/TABLE_BANDS case=0034714-90.2016.8.17.2001 p=3
23:12:18   [12/1055] scalzilliaj.com.br UNKNOWN     OK_NO_TOTALS  rows=13   PROSE/PROSE case=1021191-85.2025.8.11.0015 p=11
23:12:18   [13/1055] cataliseaj.com.br QGC         NO_ROWS       rows=10   TABLE/TABLE_BANDS case=5087077-02.2020.8.21.0001 p=4
23:12:18   [14/1055] recuperacaojudicial.squarespace.com AJ_LIST     QUARANTINED   rows=3    PROSE/PROSE case=0705411-79.2017.8.02.0058 p=1
23:12:18   [15/1055] diligence.adm.br UNKNOWN     OK_NO_TOTALS  rows=17   PROSE/PROSE case=0032731-52.2010.8.17.0001 p=6
23:12:18   [16/1055] scalzilliaj.com.br QGC         NO_ROWS       rows=0    TABLE/TABLE_BANDS case=5038430-81.2024.8.24.0023 p=4
23:12:18   [17/1055] recuperacaojudicial.squarespace.com DEBTOR_LIST QUARANTINED   rows=491  PROSE/PROSE case=0700256-03.2019.8.02.0066 p=4
23:12:18   [18/1055] lrflideres.com.br AJ_LIST     NO_ROWS       rows=0    TABLE/TABLE_BANDS case=1001765-57.2024.8.26.0451 p=3
23:12:18   [19/1055] cataliseaj.com.br UNKNOWN     NO_TEXT_LAYER rows=0    NONE/ case=5178617-63.2022.8.21.0001 p=8
23:12:18   [20/1055] recuperacaojudicial.squarespace.com AJ_LIST     OK_NO_TOTALS  rows=442  TABLE/TABLE_BANDS case=0700256-03.2019.8.02.0066 p=13
23:12:18   [21/1055] scalzilliaj.com.br DEBTOR_LIST OK            rows=831  TABLE/TABLE_RULED case=0000472-94.2012.5.06.0193 p=93
23:12:18   [22/1055] diligence.adm.br UNKNOWN     OK_NO_TOTALS  rows=61   TABLE/TABLE_RULED case=0032731-52.2010.8.17.0001 p=20
23:12:18   [23/1055] cataliseaj.com.br UNKNOWN     NO_TEXT_LAYER rows=0    NONE/ case=5297011-58.2024.8.21.0001 p=4
23:12:18   [24/1055] recuperacaojudicial.squarespace.com AJ_LIST     OK_NO_TOTALS  rows=570  TABLE/TABLE_RULED case=0700256-03.2019.8.02.0066 p=12
23:12:18   [25/1055] lrflideres.com.br UNKNOWN     OK_NO_TOTALS  rows=2    TABLE/TABLE_BANDS case=0837278-92.2018.8.15.2001 p=13
23:12:18   [26/1055] scalzilliaj.com.br UNKNOWN     OK_NO_TOTALS  rows=4    TABLE/TABLE_BANDS case=5088952-81.2025.8.13.0024 p=5
23:12:18   [27/1055] diligence.adm.br AJ_LIST     OK_NO_TOTALS  rows=7    PROSE/PROSE case=0009914-62.2008.8.17.0001 p=3
23:12:18   [28/1055] scalzilliaj.com.br UNKNOWN     OK_NO_TOTALS  rows=48   TABLE/TABLE_RULED case=5011369-81.2026.8.09.0093 p=5
23:12:18   [29/1055] recuperacaojudicial.squarespace.com UNKNOWN     QUARANTINED   rows=26   TABLE/TABLE_BANDS case=0700707-87.2025.8.02.0043 p=1
23:12:18   [30/1055] cataliseaj.com.br UNKNOWN     NO_TEXT_LAYER rows=0    NONE/ case=5009474-18.2019.8.21.0022 p=150
23:12:18   [31/1055] lrflideres.com.br UNKNOWN     OK            rows=753  TABLE/TABLE_RULED case=0837278-92.2018.8.15.2001 p=23
23:12:18   [32/1055] scalzilliaj.com.br AJ_LIST     OK_NO_TOTALS  rows=7    TABLE/TABLE_BANDS case=0001021-69.2017.8.21.0126 p=1
23:12:32   [33/1055] administradorajudicialgs.com.br AJ_LIST     OK_NO_TOTALS  rows=31   PROSE/PROSE case=0000436-69.2024.5.09.0671 p=36
23:12:32   [34/1055] diligence.adm.br DEBTOR_LIST OK_NO_TOTALS  rows=125  PROSE/PROSE case=0051989-19.2008.8.17.0001 p=3
23:12:32   [35/1055] recuperacaojudicial.squarespace.com DEBTOR_LIST OK_NO_TOTALS  rows=3    TABLE/TABLE_BANDS case=0700707-87.2025.8.02.0043 p=5
23:12:32   [36/1055] scalzilliaj.com.br QGC         OK_NO_TOTALS  rows=66   PROSE/PROSE case=1001917-20.2026.8.13.0024 p=5
23:12:32   [37/1055] recuperacaojudicial.squarespace.com DEBTOR_LIST QUARANTINED   rows=5    TABLE/TABLE_BANDS case=0700707-87.2025.8.02.0043 p=3
23:12:32   [38/1055] lrflideres.com.br UNKNOWN     OK_NO_TOTALS  rows=1    TABLE/TABLE_BANDS case=0837278-92.2018.8.15.2001 p=12
23:12:35   [39/1055] administradorajudicialgs.com.br UNKNOWN     NO_ROWS       rows=0    TABLE/TABLE_BANDS case=0026395-77.2025.8.16.0019 p=3
23:12:35   [40/1055] diligence.adm.br UNKNOWN     OK_NO_TOTALS  rows=1    TABLE/TABLE_BANDS case=0032030-18.2015.8.17.0001 p=9
23:12:35   [41/1055] scalzilliaj.com.br AJ_LIST     NO_ROWS       rows=388  TABLE/TABLE_BANDS case=5008828-91.2023.8.24.0019 p=12
23:12:35   [42/1055] cataliseaj.com.br UNKNOWN     NO_TEXT_LAYER rows=0    NONE/ case=5009474-18.2019.8.21.0022 p=148
23:12:35   [43/1055] recuperacaojudicial.squarespace.com AJ_LIST     QUARANTINED   rows=10   PROSE/PROSE case=0700707-87.2025.8.02.0043 p=33
23:13:51   [44/1055] administradorajudicialgs.com.br ERROR WORKER_EXIT_1: MemoryError
23:13:51   [45/1055] lrflideres.com.br QGC         QUARANTINED   rows=914  PROSE/PROSE case=0067168-21.2019.8.17.2001 p=7
23:13:51   [46/1055] scalzilliaj.com.br AJ_LIST     OK_NO_TOTALS  rows=1156 PROSE/PROSE case=5008261-83.2019.8.21.0019 p=15
23:13:51   [47/1055] diligence.adm.br UNKNOWN     OK_NO_TOTALS  rows=1    TABLE/TABLE_BANDS case=0032030-18.2015.8.17.0001 p=6
23:13:51   [48/1055] recuperacaojudicial.squarespace.com AJ_LIST     OK_NO_TOTALS  rows=21   PROSE/PROSE case=0700536-67.2024.8.02.0043 p=2
23:13:51   [49/1055] scalzilliaj.com.br QGC         OK_NO_TOTALS  rows=1298 TABLE/TABLE_BANDS case=5008261-83.2019.8.21.0019 p=16
23:13:58   [50/1055] administradorajudicialgs.com.br ERROR WORKER_EXIT_1: SystemError: <function Page.objects at 0x7f79ded849a0> returned NULL without setting an exception
23:13:58   [51/1055] lrflideres.com.br UNKNOWN     QUARANTINED   rows=946  TABLE/TABLE_BANDS case=0067168-21.2019.8.17.2001 p=24
23:13:58   [52/1055] diligence.adm.br QGC         OK_NO_TOTALS  rows=465  TABLE/TABLE_RULED case=0160454-48.2022.8.17.2001 p=27
23:13:58   [53/1055] cataliseaj.com.br QGC         OK_NO_TOTALS  rows=344  TABLE/TABLE_RULED case=5009474-18.2019.8.21.0022 p=186
23:13:58   [54/1055] scalzilliaj.com.br QGC         OK_NO_TOTALS  rows=204  TABLE/TABLE_BANDS case=5008261-83.2019.8.21.0019 p=9
23:13:58   [55/1055] diligence.adm.br QGC         OK_NO_TOTALS  rows=61   TABLE/TABLE_BANDS case=0160454-48.2022.8.17.2001 p=4
23:14:06   [56/1055] administradorajudicialgs.com.br ERROR WORKER_EXIT_1: SystemError: <function Page.objects at 0x7fe5d13809a0> returned NULL without setting an exception
23:14:06   [57/1055] recuperacaojudicial.squarespace.com UNKNOWN     NO_ROWS       rows=0    TABLE/TABLE_BANDS case=0705602-96.2020.8.02.0001 p=4
23:14:06   [58/1055] lrflideres.com.br AJ_LIST     QUARANTINED   rows=934  PROSE/PROSE case=0067168-21.2019.8.17.2001 p=6
23:14:06   [59/1055] cataliseaj.com.br QGC         OK_NO_TOTALS  rows=63   TABLE/TABLE_RULED case=5009474-18.2019.8.21.0022 p=45
23:14:06   [60/1055] scalzilliaj.com.br QGC         OK_NO_TOTALS  rows=905  PROSE/PROSE case=5008261-83.2019.8.21.0019 p=12
23:14:06   [61/1055] diligence.adm.br QGC         OK_NO_TOTALS  rows=13   TABLE/TABLE_BANDS case=0160454-48.2022.8.17.2001 p=2
23:14:06   [62/1055] recuperacaojudicial.squarespace.com AJ_LIST     QUARANTINED   rows=70   PROSE/PROSE case=0705602-96.2020.8.02.0001 p=2
23:14:56   [63/1055] administradorajudicialgs.com.br ERROR WORKER_EXIT_1: SystemError: error return without exception set
23:14:56   [64/1055] cataliseaj.com.br UNKNOWN     QUARANTINED   rows=16   TABLE/TABLE_BANDS case=5009474-18.2019.8.21.0022 p=32
23:14:56   [65/1055] scalzilliaj.com.br QGC         QUARANTINED   rows=246  TABLE/TABLE_BANDS case=5004775-33.2024.8.24.0019 p=19
23:14:56   [66/1055] recuperacaojudicial.squarespace.com DEBTOR_LIST OK_NO_TOTALS  rows=41   TABLE/TABLE_BANDS case=0710397-29.2012.8.02.0001 p=6
23:14:56   [67/1055] lrflideres.com.br UNKNOWN     OK_NO_TOTALS  rows=10   TABLE/TABLE_BANDS case=0006775-56.2016.8.17.2480 p=11
23:15:36   [68/1055] administradorajudicialgs.com.br UNKNOWN     NO_ROWS       rows=0    TABLE/TABLE_BANDS case=0026395-77.2025.8.16.0019 p=5
23:15:36   [69/1055] diligence.adm.br DEBTOR_LIST QUARANTINED   rows=491  PROSE/PROSE case=0160454-48.2022.8.17.2001 p=8
23:15:36   [70/1055] cataliseaj.com.br UNKNOWN     QUARANTINED   rows=16   TABLE/TABLE_BANDS case=5009474-18.2019.8.21.0022 p=32
23:15:36   [71/1055] scalzilliaj.com.br AJ_LIST     OK_NO_TOTALS  rows=6    TABLE/TABLE_BANDS case=0013786-82.2015.8.21.0016 p=2
23:15:36   [72/1055] recuperacaojudicial.squarespace.com AJ_LIST     OK_NO_TOTALS  rows=45   TABLE/TABLE_BANDS case=0054275-84.2008.8.02.0001 p=6
23:15:36   [73/1055] administradorajudicialgs.com.br UNKNOWN     OK_NO_TOTALS  rows=4    PROSE/PROSE case=0026395-77.2025.8.16.0019 p=21
23:15:36   [74/1055] cataliseaj.com.br QGC         OK_NO_TOTALS  rows=26   TABLE/TABLE_BANDS case=5009474-18.2019.8.21.0022 p=11
23:15:36   [75/1055] scalzilliaj.com.br UNKNOWN     OK_NO_TOTALS  rows=11   TABLE/TABLE_RULED case=None p=1
23:15:36   [76/1055] lrflideres.com.br UNKNOWN     QUARANTINED   rows=2264 TABLE/TABLE_RULED case=0006775-56.2016.8.17.2480 p=53
23:15:36   [77/1055] administradorajudicialgs.com.br DEBTOR_LIST OK_NO_TOTALS  rows=71   PROSE/PROSE case=5014445-78.2023.8.24.0036 p=5
23:15:36   [78/1055] recuperacaojudicial.squarespace.com UNKNOWN     NO_ROWS       rows=0    TABLE/TABLE_BANDS case=0700137-87.2012.8.02.0001 p=1
23:15:36   [79/1055] diligence.adm.br DEBTOR_LIST OK_NO_TOTALS  rows=1    TABLE/TABLE_BANDS case=0160454-48.2022.8.17.2001 p=5
23:15:36   [80/1055] cataliseaj.com.br AJ_LIST     NO_ROWS       rows=0    PROSE/PROSE case=0010259-11.2025.8.16.0017 p=6
23:15:36   [81/1055] scalzilliaj.com.br QGC         OK_NO_TOTALS  rows=11   TABLE/TABLE_RULED case=None p=1
23:15:36   [82/1055] administradorajudicialgs.com.br UNKNOWN     QUARANTINED   rows=71   TABLE/TABLE_RULED case=5027051-28.2023.8.24.0008 p=4
23:15:36   [83/1055] recuperacaojudicial.squarespace.com UNKNOWN     NO_ROWS       rows=0    TABLE/TABLE_BANDS case=0700137-87.2012.8.02.0001 p=3
23:15:36   [84/1055] cataliseaj.com.br AJ_LIST     NO_ROWS       rows=13   TABLE/TABLE_BANDS case=5020932-37.2015.8.21.0001 p=4
23:15:36   [85/1055] lrflideres.com.br AJ_LIST     QUARANTINED   rows=1123 PROSE/PROSE case=0006775-56.2016.8.17.2480 p=7
23:15:36   [86/1055] scalzilliaj.com.br AJ_LIST     OK_NO_TOTALS  rows=7    TABLE/TABLE_BANDS case=0024789-58.2015.8.21.0008 p=2
23:15:36   [87/1055] administradorajudicialgs.com.br DEBTOR_LIST OK_NO_TOTALS  rows=83   PROSE/PROSE case=5006131-09.2023.8.24.0113 p=6
23:15:36   [88/1055] recuperacaojudicial.squarespace.com DEBTOR_LIST QUARANTINED   rows=70   PROSE/PROSE case=0706250-76.2020.8.02.0001 p=7
23:15:36   [89/1055] diligence.adm.br AJ_LIST     QUARANTINED   rows=1177 TABLE/TABLE_RULED case=0160454-48.2022.8.17.2001 p=34
23:15:36   [90/1055] cataliseaj.com.br PLAN        OK_NO_TOTALS  rows=14   TABLE/TABLE_BANDS case=5044580-07.2019.8.21.0001 p=33
23:15:36   [91/1055] scalzilliaj.com.br UNKNOWN     NO_ROWS       rows=0    TABLE/TABLE_BANDS case=5009701-15.2017.8.21.0010 p=1
23:15:36   [92/1055] administradorajudicialgs.com.br AJ_LIST     QUARANTINED   rows=89   TABLE/TABLE_RULED case=5006131-09.2023.8.24.0113 p=5
23:15:36   [93/1055] lrflideres.com.br DEBTOR_LIST QUARANTINED   rows=1031 PROSE/PROSE case=0009339-09.2024.8.17.2001 p=16
23:15:36   [94/1055] recuperacaojudicial.squarespace.com DEBTOR_LIST NO_ROWS       rows=0    TABLE/TABLE_BANDS case=0700497-06.2015.8.02.0037 p=1
23:15:36   [95/1055] cataliseaj.com.br PLAN        OK_NO_TOTALS  rows=20   TABLE/TABLE_BANDS case=5044580-07.2019.8.21.0001 p=45
23:15:36   [96/1055] scalzilliaj.com.br QGC         OK_NO_TOTALS  rows=1    TABLE/TABLE_BANDS case=0049768-73.2018.8.21.0010 p=2
23:15:36   [97/1055] administradorajudicialgs.com.br AJ_LIST     QUARANTINED   rows=107  TABLE/TABLE_RULED case=5005954-36.2023.8.24.0019 p=6
23:15:36   [98/1055] diligence.adm.br AJ_LIST     QUARANTINED   rows=1187 TABLE/TABLE_RULED case=0160454-48.2022.8.17.2001 p=33
23:15:36   [99/1055] recuperacaojudicial.squarespace.com DEBTOR_LIST OK_NO_TOTALS  rows=1    TABLE/TABLE_BANDS case=0701384-72.2024.8.02.0037 p=2
23:15:36   [100/1055] scalzilliaj.com.br AJ_LIST     OK_NO_TOTALS  rows=515  PROSE/PROSE case=0001234-83.2012.8.21.0083 p=2
23:15:36   [101/1055] cataliseaj.com.br QGC         OK_NO_TOTALS  rows=28   TABLE/TABLE_BANDS case=5044580-07.2019.8.21.0001 p=41
23:15:36   [102/1055] administradorajudicialgs.com.br UNKNOWN     NO_TEXT_LAYER rows=0    NONE/ case=0303869-91.2016.8.24.0033 p=2
23:15:36   [103/1055] lrflideres.com.br AJ_LIST     OK_NO_TOTALS  rows=997  TABLE/TABLE_RULED case=0009339-09.2024.8.17.2001 p=51
23:15:36   [104/1055] recuperacaojudicial.squarespace.com AJ_LIST     QUARANTINED   rows=1842 TABLE/TABLE_BANDS case=0700296-64.2018.8.02.0051 p=29
23:15:36   [105/1055] cataliseaj.com.br AJ_LIST     NO_ROWS       rows=10   TABLE/TABLE_BANDS case=5044580-07.2019.8.21.0001 p=4
23:15:36   [106/1055] diligence.adm.br AJ_LIST     QUARANTINED   rows=1135 TABLE/TABLE_RULED case=0160454-48.2022.8.17.2001 p=36
23:15:36   [107/1055] scalzilliaj.com.br UNKNOWN     NO_ROWS       rows=0    TABLE/TABLE_BANDS case=0036136-44.2025.8.16.0019 p=1
23:15:36   [108/1055] administradorajudicialgs.com.br QGC         OK_NO_TOTALS  rows=4    TABLE/TABLE_BANDS case=5001888-13.2023.8.24.0019 p=6
23:15:36   [109/1055] cataliseaj.com.br PLAN        OK_NO_TOTALS  rows=4    TABLE/TABLE_BANDS case=5121114-73.2021.8.21.7000 p=12
23:15:36   [110/1055] lrflideres.com.br DEBTOR_LIST QUARANTINED   rows=676  PROSE/PROSE case=0011283-80.2023.8.17.2001 p=10
23:15:36   [111/1055] administradorajudicialgs.com.br UNKNOWN     OK_NO_TOTALS  rows=1146 TABLE/TABLE_RULED case=0300301-76.2018.8.24.0072 p=19
23:15:36   [112/1055] recuperacaojudicial.squarespace.com UNKNOWN     NO_ROWS       rows=0    TABLE/TABLE_BANDS case=0700296-64.2018.8.02.0051 p=26
23:15:36   [113/1055] diligence.adm.br UNKNOWN     QUARANTINED   rows=462  PROSE/PROSE case=0160454-48.2022.8.17.2001 p=10
23:15:48   [114/1055] scalzilliaj.com.br UNKNOWN     NO_ROWS       rows=0    TABLE/TABLE_BANDS case=4000750-22.2026.8.26.0260 p=5
23:15:48   [115/1055] cataliseaj.com.br PLAN        OK_NO_TOTALS  rows=2    TABLE/TABLE_BANDS case=5121114-73.2021.8.21.7000 p=14
23:15:48   [116/1055] administradorajudicialgs.com.br AJ_LIST     QUARANTINED   rows=45   TABLE/TABLE_RULED case=0300301-76.2018.8.24.0072 p=2
23:15:58   [117/1055] recuperacaojudicial.squarespace.com ERROR WORKER_EXIT_1: pdfplumber.utils.exceptions.PdfminerException
23:15:58   [118/1055] lrflideres.com.br AJ_LIST     QUARANTINED   rows=779  PROSE/PROSE case=0011283-80.2023.8.17.2001 p=15
23:15:58   [119/1055] scalzilliaj.com.br AJ_LIST     NO_ROWS       rows=0    TABLE/TABLE_RULED case=1000424-45.2025.8.13.0702 p=5
23:15:58   [120/1055] recuperacaojudicial.squarespace.com DEBTOR_LIST OK_NO_TOTALS  rows=132  TABLE/TABLE_BANDS case=0029772-63.2026.8.17.2001 p=25
23:15:58   [121/1055] scalzilliaj.com.br DEBTOR_LIST OK_NO_TOTALS  rows=47   PROSE/PROSE case=5014104-85.2021.8.21.0010 p=18
23:15:58   [122/1055] administradorajudicialgs.com.br UNKNOWN     OK_NO_TOTALS  rows=1485 TABLE/TABLE_RULED case=0315021-46.2018.8.24.0008 p=20
23:15:58   [123/1055] cataliseaj.com.br QGC         QUARANTINED   rows=186  TABLE/TABLE_RULED case=0301494-08.2016.8.24.0037 p=40
23:15:58   [124/1055] lrflideres.com.br AJ_LIST     QUARANTINED   rows=384  PROSE/PROSE case=0000890-94.2021.8.17.3350 p=6
23:15:58   [125/1055] scalzilliaj.com.br UNKNOWN     OK_NO_TOTALS  rows=657  TABLE/TABLE_RULED case=5014104-85.2021.8.21.0010 p=11
23:15:58   [126/1055] cataliseaj.com.br UNKNOWN     OK_NO_TOTALS  rows=2    TABLE/TABLE_BANDS case=0301494-08.2016.8.24.0037 p=27
23:15:58   [127/1055] administradorajudicialgs.com.br AJ_LIST     QUARANTINED   rows=327  TABLE/TABLE_RULED case=0315021-46.2018.8.24.0008 p=14
23:15:58   [128/1055] recuperacaojudicial.squarespace.com AJ_LIST     QUARANTINED   rows=105  PROSE/PROSE case=0029772-63.2026.8.17.2001 p=86
23:15:58   [129/1055] scalzilliaj.com.br AJ_LIST     OK_NO_TOTALS  rows=653  PROSE/PROSE case=5014104-85.2021.8.21.0010 p=17
23:15:58   [130/1055] cataliseaj.com.br PLAN        OK_NO_TOTALS  rows=10   TABLE/TABLE_BANDS case=0301494-08.2016.8.24.0037 p=24
23:16:29   [131/1055] lrflideres.com.br AJ_LIST     QUARANTINED   rows=398  TABLE/TABLE_BANDS case=0000890-94.2021.8.17.3350 p=11
23:16:29   [132/1055] administradorajudicialgs.com.br AJ_LIST     OK_NO_TOTALS  rows=325  TABLE/TABLE_RULED case=0321200-64.2016.8.24.0008 p=5
23:16:29   [133/1055] diligence.adm.br UNKNOWN     OK_NO_TOTALS  rows=1    TABLE/TABLE_BANDS case=0044705-47.2014.8.17.0001 p=10
23:16:29   [134/1055] recuperacaojudicial.squarespace.com DEBTOR_LIST QUARANTINED   rows=130  PROSE/PROSE case=0015488-29.2018.8.17.2810 p=5
23:16:29   [135/1055] cataliseaj.com.br UNKNOWN     OK_NO_TOTALS  rows=11   TABLE/TABLE_BANDS case=0301494-08.2016.8.24.0037 p=11
23:16:29   [136/1055] scalzilliaj.com.br UNKNOWN     NO_ROWS       rows=0    TABLE/TABLE_BANDS case=1001535-69.2025.8.26.0260 p=2
23:16:29   [137/1055] administradorajudicialgs.com.br AJ_LIST     OK_NO_TOTALS  rows=471  TABLE/TABLE_BANDS case=0301188-65.2018.8.24.0135 p=10
23:16:29   [138/1055] recuperacaojudicial.squarespace.com AJ_LIST     OK            rows=151  PROSE/PROSE case=0015488-29.2018.8.17.2810 p=5
23:16:29   [139/1055] lrflideres.com.br AJ_LIST     QUARANTINED   rows=391  PROSE/PROSE case=0000890-94.2021.8.17.3350 p=5
23:16:29   [140/1055] cataliseaj.com.br AJ_LIST     NO_ROWS       rows=0    TABLE/TABLE_BANDS case=1127183-64.2019.8.26.0100 p=4
23:16:29   [141/1055] scalzilliaj.com.br AJ_LIST     OK_NO_TOTALS  rows=106  TABLE/TABLE_RULED case=5009529-81.2025.8.24.0019 p=2
23:16:29   [142/1055] administradorajudicialgs.com.br AJ_LIST     QUARANTINED   rows=837  TABLE/TABLE_RULED case=0300841-02.2018.8.24.0048 p=7
23:16:29   [143/1055] diligence.adm.br UNKNOWN     OK_NO_TOTALS  rows=1    TABLE/TABLE_BANDS case=0044705-47.2014.8.17.0001 p=8
23:16:29   [144/1055] cataliseaj.com.br UNKNOWN     NO_ROWS       rows=0    TABLE/TABLE_BANDS case=1038041-94.2025.8.26.0114 p=10
23:16:29   [145/1055] recuperacaojudicial.squarespace.com UNKNOWN     NO_TEXT_LAYER rows=0    NONE/ case=0004838-75.2012.8.17.0370 p=60
23:16:29   [146/1055] scalzilliaj.com.br AJ_LIST     OK_NO_TOTALS  rows=17   TABLE/TABLE_BANDS case=5041328-27.2023.8.21.0010 p=2
23:16:44   [147/1055] administradorajudicialgs.com.br ERROR WORKER_EXIT_1: pdfplumber.utils.exceptions.PdfminerException
23:16:44   [148/1055] lrflideres.com.br UNKNOWN     OK            rows=560  TABLE/TABLE_RULED case=0822279-56.2026.8.15.2001 p=79
23:16:44   [149/1055] scalzilliaj.com.br UNKNOWN     OK_NO_TOTALS  rows=54   TABLE/TABLE_RULED case=1042555-56.2022.8.26.0224 p=2
23:16:44   [150/1055] recuperacaojudicial.squarespace.com AJ_LIST     OK_NO_TOTALS  rows=71   PROSE/PROSE case=0004838-75.2012.8.17.0370 p=2
23:16:44   [151/1055] administradorajudicialgs.com.br UNKNOWN     QUARANTINED   rows=655  TABLE/TABLE_RULED case=0300852-53.2018.8.24.0073 p=17
23:16:44   [152/1055] diligence.adm.br DEBTOR_LIST OK_NO_TOTALS  rows=193  TABLE/TABLE_RULED case=0004686-90.2026.8.17.2001 p=9
23:17:16   [153/1055] cataliseaj.com.br UNKNOWN     NO_TEXT_LAYER rows=0    NONE/ case=5004596-31.2026.8.24.0019 p=16
23:17:16   [154/1055] lrflideres.com.br DEBTOR_LIST QUARANTINED   rows=159  PROSE/PROSE case=0822279-56.2026.8.15.2001 p=4
23:17:16   [155/1055] recuperacaojudicial.squarespace.com AJ_LIST     OK_NO_TOTALS  rows=26   PROSE/PROSE case=0065015-78.2020.8.17.2001 p=3
23:17:16   [156/1055] administradorajudicialgs.com.br UNKNOWN     NO_ROWS       rows=0    TABLE/TABLE_BANDS case=0300852-53.2018.8.24.0073 p=4
23:17:16   [157/1055] cataliseaj.com.br PLAN        QUARANTINED   rows=208  TABLE/TABLE_RULED case=5009367-03.2021.8.21.0022 p=44
23:17:16   [158/1055] scalzilliaj.com.br QGC         OK_NO_TOTALS  rows=3    TABLE/TABLE_BANDS case=5007102-48.2024.8.24.0019 p=2
23:17:16   [159/1055] administradorajudicialgs.com.br AJ_LIST     QUARANTINED   rows=171  TABLE/TABLE_RULED case=0300852-53.2018.8.24.0073 p=6
23:17:16   [160/1055] cataliseaj.com.br DEBTOR_LIST NO_ROWS       rows=8    TABLE/TABLE_BANDS case=5009367-03.2021.8.21.0022 p=4
23:17:16   [161/1055] lrflideres.com.br QGC         QUARANTINED   rows=447  PROSE/PROSE case=0075105-48.2020.8.17.2001 p=5
23:17:33   [162/1055] diligence.adm.br ERROR WORKER_EXIT_1: SystemError: error return without exception set
23:17:33   [163/1055] scalzilliaj.com.br UNKNOWN     NO_TEXT_LAYER rows=0    NONE/ case=5000010-23.2004.8.21.0045 p=2
23:17:33   [164/1055] recuperacaojudicial.squarespace.com AJ_LIST     QUARANTINED   rows=9    PROSE/PROSE case=0065015-78.2020.8.17.2001 p=26
23:17:33   [165/1055] administradorajudicialgs.com.br AJ_LIST     QUARANTINED   rows=167  TABLE/TABLE_RULED case=0300411-14.2014.8.24.0073 p=3
23:17:33   [166/1055] scalzilliaj.com.br UNKNOWN     NO_TEXT_LAYER rows=0    NONE/ case=5000010-23.2004.8.21.0045 p=1
23:17:33   [167/1055] cataliseaj.com.br UNKNOWN     NO_TEXT_LAYER rows=0    NONE/ case=5055918-38.2025.8.21.0010 p=3
23:17:33   [168/1055] administradorajudicialgs.com.br UNKNOWN     NO_ROWS       rows=24   TABLE/TABLE_RULED case=0300754-52.2017.8.24.0025 p=10
23:17:33   [169/1055] diligence.adm.br AJ_LIST     QUARANTINED   rows=139  PROSE/PROSE case=0004686-90.2026.8.17.2001 p=4
23:17:33   [170/1055] recuperacaojudicial.squarespace.com AJ_LIST     QUARANTINED   rows=27   PROSE/PROSE case=0064535-08.2017.8.17.2001 p=2
23:17:37   [171/1055] lrflideres.com.br UNKNOWN     OK_NO_TOTALS  rows=1936 TABLE/TABLE_RULED case=0076699-97.2020.8.17.2001 p=161
23:17:37   [172/1055] cataliseaj.com.br UNKNOWN     NO_TEXT_LAYER rows=0    NONE/ case=5016092-76.2018.8.21.0001 p=4
23:17:37   [173/1055] scalzilliaj.com.br UNKNOWN     OK_NO_TOTALS  rows=32   TABLE/TABLE_BANDS case=5000002-85.2023.8.24.3605 p=2
23:17:59   [174/1055] recuperacaojudicial.squarespace.com AJ_LIST     QUARANTINED   rows=3505 TABLE/TABLE_BANDS case=0011283-80.2023.8.17.2001 p=270
23:17:59   [175/1055] cataliseaj.com.br AJ_LIST     NO_ROWS       rows=15   TABLE/TABLE_BANDS case=5140733-34.2021.8.21.0001 p=6
23:17:59   [176/1055] administradorajudicialgs.com.br UNKNOWN     NO_TEXT_LAYER rows=0    NONE/ case=0300754-52.2017.8.24.0025 p=3
23:17:59   [177/1055] diligence.adm.br UNKNOWN     OK            rows=51   PROSE/PROSE case=0001639-09.2026.8.17.2810 p=15
23:17:59   [178/1055] scalzilliaj.com.br QGC         OK_NO_TOTALS  rows=62   TABLE/TABLE_BANDS case=5021639-32.2021.8.21.0021 p=6
23:17:59   [179/1055] recuperacaojudicial.squarespace.com DEBTOR_LIST OK            rows=675  PROSE/PROSE case=0011283-80.2023.8.17.2001 p=11
23:17:59   [180/1055] lrflideres.com.br UNKNOWN     NO_TEXT_LAYER rows=0    NONE/ case=0075105-48.2020.8.17.2001 p=4
23:17:59   [181/1055] administradorajudicialgs.com.br AJ_LIST     QUARANTINED   rows=107  TABLE/TABLE_RULED case=0300754-52.2017.8.24.0025 p=6
23:17:59   [182/1055] recuperacaojudicial.squarespace.com UNKNOWN     OK_NO_TOTALS  rows=886  TABLE/TABLE_RULED case=0011283-80.2023.8.17.2001 p=20
23:17:59   [183/1055] scalzilliaj.com.br UNKNOWN     QUARANTINED   rows=23   TABLE/TABLE_RULED case=0000063-19.1995.8.24.0014 p=3
23:17:59   [184/1055] lrflideres.com.br AJ_LIST     NO_ROWS       rows=1    TABLE/TABLE_BANDS case=0818837-44.2021.8.15.0001 p=3
23:17:59   [185/1055] diligence.adm.br UNKNOWN     QUARANTINED   rows=46   PROSE/PROSE case=0001639-09.2026.8.17.2810 p=13
23:18:38   [186/1055] administradorajudicialgs.com.br DEBTOR_LIST NO_ROWS       rows=2061 TABLE/TABLE_RULED case=0301015-33.2016.8.24.0031 p=49
23:18:38   [187/1055] recuperacaojudicial.squarespace.com UNKNOWN     QUARANTINED   rows=779  PROSE/PROSE case=0011283-80.2023.8.17.2001 p=17
23:18:38   [188/1055] scalzilliaj.com.br AJ_LIST     OK_NO_TOTALS  rows=7    PROSE/PROSE case=3309791-31.2005.8.21.0001 p=1
23:18:38   [189/1055] recuperacaojudicial.squarespace.com UNKNOWN     OK_NO_TOTALS  rows=1    TABLE/TABLE_BANDS case=0011283-80.2023.8.17.2001 p=5
23:18:38   [190/1055] scalzilliaj.com.br QGC         OK_NO_TOTALS  rows=5    TABLE/TABLE_BANDS case=0720801-53.2008.8.21.0001 p=1
23:19:23   [191/1055] diligence.adm.br ERROR WORKER_EXIT_1: pdfplumber.utils.exceptions.PdfminerException
23:19:23   [192/1055] recuperacaojudicial.squarespace.com UNKNOWN     OK            rows=850  TABLE/TABLE_RULED case=0011283-80.2023.8.17.2001 p=23
23:19:23   [193/1055] administradorajudicialgs.com.br DEBTOR_LIST OK_NO_TOTALS  rows=153  PROSE/PROSE case=0600328-51.2014.8.24.0031 p=4
23:19:23   [194/1055] scalzilliaj.com.br UNKNOWN     NO_TEXT_LAYER rows=0    NONE/ case=5031539-94.2025.8.21.0022 p=1
23:19:23   [195/1055] lrflideres.com.br AJ_LIST     NO_ROWS       rows=0    TABLE/TABLE_BANDS case=1016311-58.2024.8.26.0309 p=1
23:19:23   [196/1055] diligence.adm.br DEBTOR_LIST QUARANTINED   rows=178  PROSE/PROSE case=0077403-37.2025.8.17.2001 p=8
23:19:23   [197/1055] recuperacaojudicial.squarespace.com QGC         OK            rows=659  PROSE/PROSE case=0007565-40.2020.8.17.2370 p=6
23:19:23   [198/1055] scalzilliaj.com.br AJ_LIST     OK_NO_TOTALS  rows=15   PROSE/PROSE case=5000298-02.2017.8.21.0049 p=1
23:19:23   [199/1055] lrflideres.com.br AJ_LIST     NO_ROWS       rows=0    TABLE/TABLE_BANDS case=1016311-58.2024.8.26.0309 p=2
23:19:23   [200/1055] administradorajudicialgs.com.br UNKNOWN     OK_NO_TOTALS  rows=2059 TABLE/TABLE_RULED case=0311937-30.2016.8.24.0033 p=53
23:19:43   [201/1055] recuperacaojudicial.squarespace.com ERROR WORKER_EXIT_-6: Extension modules: charset_normalizer.md, charset_normalizer.cd, _cffi_backend (total: 3)
23:19:43   [202/1055] scalzilliaj.com.br QGC         OK_NO_TOTALS  rows=312  TABLE/TABLE_RULED case=0000010-28.1988.8.24.0032 p=13
23:19:43   [203/1055] administradorajudicialgs.com.br AJ_LIST     QUARANTINED   rows=264  TABLE/TABLE_RULED case=0311937-30.2016.8.24.0033 p=9
23:19:43   [204/1055] recuperacaojudicial.squarespace.com UNKNOWN     QUARANTINED   rows=718  PROSE/PROSE case=0007565-40.2020.8.17.2370 p=9
23:19:43   [205/1055] diligence.adm.br AJ_LIST     QUARANTINED   rows=90   PROSE/PROSE case=0077403-37.2025.8.17.2001 p=245
23:19:43   [206/1055] lrflideres.com.br DEBTOR_LIST QUARANTINED   rows=167  PROSE/PROSE case=0862875-63.2018.8.15.2001 p=1
23:19:43   [207/1055] administradorajudicialgs.com.br UNKNOWN     OK_NO_TOTALS  rows=99   TABLE/TABLE_RULED case=0302174-63.2015.8.24.0025 p=4
23:19:43   [208/1055] recuperacaojudicial.squarespace.com QGC         OK            rows=739  TABLE/TABLE_RULED case=0007565-40.2020.8.17.2370 p=20
23:19:43   [209/1055] diligence.adm.br AJ_LIST     OK            rows=64   PROSE/PROSE case=0077403-37.2025.8.17.2001 p=5
23:19:43   [210/1055] administradorajudicialgs.com.br DEBTOR_LIST OK_NO_TOTALS  rows=4    TABLE/TABLE_BANDS case=0300471-34.2014.8.24.0025 p=3
23:19:43   [211/1055] recuperacaojudicial.squarespace.com AJ_LIST     QUARANTINED   rows=13   PROSE/PROSE case=0028903-37.2025.8.17.2001 p=3
23:19:43   [212/1055] lrflideres.com.br AJ_LIST     QUARANTINED   rows=179  TABLE/TABLE_RULED case=0843102-61.2020.8.15.2001 p=14
23:19:43   [213/1055] diligence.adm.br QGC         OK_NO_TOTALS  rows=196  TABLE/TABLE_BANDS case=0089327-55.2019.8.17.2001 p=5
23:19:43   [214/1055] administradorajudicialgs.com.br AJ_LIST     QUARANTINED   rows=95   TABLE/TABLE_BANDS case=0302174-63.2015.8.24.0025 p=3
23:19:43   [215/1055] vcpericia.com.br DEBTOR_LIST OK_NO_TOTALS  rows=4    TABLE/TABLE_BANDS case=0807101-83.2016.8.12.0002 p=3
23:19:43   [216/1055] recuperacaojudicial.squarespace.com AJ_LIST     QUARANTINED   rows=38   TABLE/TABLE_RULED case=0028903-37.2025.8.17.2001 p=17
23:19:43   [217/1055] diligence.adm.br QGC         OK_NO_TOTALS  rows=204  TABLE/TABLE_RULED case=0089327-55.2019.8.17.2001 p=5
23:19:46   [218/1055] administradorajudicialgs.com.br QGC         OK_NO_TOTALS  rows=13   TABLE/TABLE_BANDS case=0023643-13.2006.8.24.0008 p=8
23:20:01   [219/1055] lrflideres.com.br UNKNOWN     OK_NO_TOTALS  rows=1    TABLE/TABLE_BANDS case=0843102-61.2020.8.15.2001 p=2
23:20:01   [220/1055] diligence.adm.br QGC         OK_NO_TOTALS  rows=85   TABLE/TABLE_RULED case=0089327-55.2019.8.17.2001 p=3
23:20:01   [221/1055] administradorajudicialgs.com.br AJ_LIST     QUARANTINED   rows=755  TABLE/TABLE_RULED case=0307130-42.2016.8.24.0008 p=37
23:20:01   [222/1055] lrflideres.com.br AJ_LIST     QUARANTINED   rows=2    TABLE/TABLE_BANDS case=0011774-52.2015.8.17.0810 p=3
23:20:01   [223/1055] diligence.adm.br UNKNOWN     OK_NO_TOTALS  rows=730  TABLE/TABLE_RULED case=0089327-55.2019.8.17.2001 p=133
23:20:01   [224/1055] administradorajudicialgs.com.br UNKNOWN     NO_TEXT_LAYER rows=0    NONE/ case=0002141-48.2013.8.24.0048 p=17
23:20:01   [225/1055] scalzilliaj.com.br UNKNOWN     NO_TEXT_LAYER rows=0    NONE/ case=5007759-79.2016.8.21.0010 p=86
23:20:01   [226/1055] administradorajudicialgs.com.br UNKNOWN     NO_TEXT_LAYER rows=0    NONE/ case=0002141-48.2013.8.24.0048 p=18
23:20:01   [227/1055] lrflideres.com.br UNKNOWN     QUARANTINED   rows=1344 TABLE/TABLE_BANDS case=0019761-43.2024.8.17.2001 p=36
23:20:01   [228/1055] administradorajudicialgs.com.br UNKNOWN     NO_TEXT_LAYER rows=0    NONE/ case=0002141-48.2013.8.24.0048 p=7
23:20:43   [229/1055] diligence.adm.br ERROR WORKER_EXIT_1: pdfplumber.utils.exceptions.PdfminerException
23:20:43   [230/1055] lrflideres.com.br UNKNOWN     QUARANTINED   rows=939  TABLE/TABLE_BANDS case=0019761-43.2024.8.17.2001 p=25
23:20:43   [231/1055] diligence.adm.br UNKNOWN     QUARANTINED   rows=109  TABLE/TABLE_BANDS case=0089327-55.2019.8.17.2001 p=29
23:20:43   [232/1055] administradorajudicialgs.com.br UNKNOWN     NO_TEXT_LAYER rows=0    NONE/ case=0022845-08.2013.8.24.0008 p=43
23:20:43   [233/1055] scalzilliaj.com.br UNKNOWN     NO_TEXT_LAYER rows=0    NONE/ case=5007759-79.2016.8.21.0010 p=11
23:20:43   [234/1055] administradorajudicialgs.com.br UNKNOWN     OK            rows=21   TABLE/TABLE_RULED case=0022845-08.2013.8.24.0008 p=1
23:20:50   [235/1055] lrflideres.com.br UNKNOWN     QUARANTINED   rows=5351 TABLE/TABLE_BANDS case=0019761-43.2024.8.17.2001 p=143
23:20:50   [236/1055] administradorajudicialgs.com.br UNKNOWN     OK            rows=362  TABLE/TABLE_RULED case=0022845-08.2013.8.24.0008 p=6
23:20:50   [237/1055] scalzilliaj.com.br HOMOLOG     OK_NO_TOTALS  rows=209  TABLE/TABLE_RULED case=5009856-38.2024.8.21.0021 p=85
23:20:50   [238/1055] diligence.adm.br UNKNOWN     QUARANTINED   rows=103  TABLE/TABLE_RULED case=0089327-55.2019.8.17.2001 p=47
23:20:50   [239/1055] administradorajudicialgs.com.br UNKNOWN     OK            rows=7    TABLE/TABLE_RULED case=0022845-08.2013.8.24.0008 p=1
23:20:50   [240/1055] lrflideres.com.br DEBTOR_LIST QUARANTINED   rows=7469 PROSE/PROSE case=0019761-43.2024.8.17.2001 p=51
23:20:50   [241/1055] scalzilliaj.com.br UNKNOWN     NO_ROWS       rows=6    TABLE/TABLE_BANDS case=5009856-38.2024.8.21.0021 p=1
23:20:50   [242/1055] diligence.adm.br UNKNOWN     OK_NO_TOTALS  rows=472  PROSE/PROSE case=0089327-55.2019.8.17.2001 p=14
23:20:50   [243/1055] administradorajudicialgs.com.br AJ_LIST     OK_NO_TOTALS  rows=167  TABLE/TABLE_RULED case=0000357-47.2014.8.24.0033 p=4
23:20:55   [244/1055] lrflideres.com.br AJ_LIST     QUARANTINED   rows=5260 TABLE/TABLE_RULED case=0019761-43.2024.8.17.2001 p=106
23:20:55   [245/1055] administradorajudicialgs.com.br DEBTOR_LIST OK_NO_TOTALS  rows=143  PROSE/PROSE case=0000357-47.2014.8.24.0033 p=5
23:21:06   [246/1055] diligence.adm.br UNKNOWN     NO_TEXT_LAYER rows=0    NONE/ case=0011441-85.2025.8.17.2480 p=4
23:21:06   [247/1055] lrflideres.com.br AJ_LIST     QUARANTINED   rows=1314 TABLE/TABLE_RULED case=0019761-43.2024.8.17.2001 p=33
23:21:06   [248/1055] administradorajudicialgs.com.br UNKNOWN     NO_TEXT_LAYER rows=0    NONE/ case=0005010-50.2013.8.24.0026 p=180
23:21:06   [249/1055] diligence.adm.br DEBTOR_LIST QUARANTINED   rows=70   PROSE/PROSE case=0011441-85.2025.8.17.2480 p=7
23:21:06   [250/1055] administradorajudicialgs.com.br UNKNOWN     NO_TEXT_LAYER rows=0    NONE/ case=0005010-50.2013.8.24.0026 p=27
23:21:06   [251/1055] lrflideres.com.br AJ_LIST     QUARANTINED   rows=918  TABLE/TABLE_RULED case=0019761-43.2024.8.17.2001 p=25
23:21:06   [252/1055] bugarimecoelho.com.br UNKNOWN     OK            rows=49   TABLE/TABLE_BANDS case=0276159-86.2022.8.06.0001 p=2
23:21:06   [253/1055] administradorajudicialgs.com.br UNKNOWN     OK_NO_TOTALS  rows=1125 TABLE/TABLE_RULED case=0005010-50.2013.8.24.0026 p=20
23:21:06   [254/1055] bugarimecoelho.com.br AJ_LIST     OK_NO_TOTALS  rows=1    TABLE/TABLE_BANDS case=0276159-86.2022.8.06.0001 p=1
23:21:06   [255/1055] administradorajudicialgs.com.br UNKNOWN     OK_NO_TOTALS  rows=16   TABLE/TABLE_RULED case=5100227-29.2022.8.24.0023 p=1
23:21:33   [256/1055] lrflideres.com.br AJ_LIST     QUARANTINED   rows=7479 PROSE/PROSE case=0019761-43.2024.8.17.2001 p=97
23:21:33   [257/1055] bugarimecoelho.com.br AJ_LIST     OK_NO_TOTALS  rows=11   TABLE/TABLE_BANDS case=0276159-86.2022.8.06.0001 p=6
23:21:33   [258/1055] administradorajudicialgs.com.br DEBTOR_LIST OK_NO_TOTALS  rows=1    TABLE/TABLE_BANDS case=5100227-29.2022.8.24.0023 p=5
23:21:33   [259/1055] bugarimecoelho.com.br AJ_LIST     OK            rows=51   TABLE/TABLE_BANDS case=0276159-86.2022.8.06.0001 p=5
23:21:33   [260/1055] lrflideres.com.br DEBTOR_LIST QUARANTINED   rows=1012 PROSE/PROSE case=0002484-82.2022.8.17.2001 p=10
23:21:33   [261/1055] administradorajudicialgs.com.br AJ_LIST     OK_NO_TOTALS  rows=83   TABLE/TABLE_RULED case=5100227-29.2022.8.24.0023 p=21
23:21:33   [262/1055] administradorajudicialgs.com.br UNKNOWN     OK            rows=90   TABLE/TABLE_RULED case=0000377-15.2000.8.24.0070 p=4
23:21:33   [263/1055] lrflideres.com.br AJ_LIST     QUARANTINED   rows=94   PROSE/PROSE case=0002484-82.2022.8.17.2001 p=58
23:21:33   [264/1055] bugarimecoelho.com.br QGC         QUARANTINED   rows=16   TABLE/TABLE_BANDS case=0276159-86.2022.8.06.0001 p=18
23:21:33   [265/1055] administradorajudicialgs.com.br QGC         OK_NO_TOTALS  rows=45   TABLE/TABLE_BANDS case=0000377-15.2000.8.24.0070 p=3
23:21:33   [266/1055] bugarimecoelho.com.br UNKNOWN     QUARANTINED   rows=182  TABLE/TABLE_RULED case=0214287-36.2023.8.06.0001 p=8
23:21:33   [267/1055] administradorajudicialgs.com.br UNKNOWN     OK_NO_TOTALS  rows=181  TABLE/TABLE_RULED case=5003439-20.2020.8.24.0282 p=5
23:21:33   [268/1055] lrflideres.com.br DEBTOR_LIST OK            rows=123  PROSE/PROSE case=0000721-61.2024.8.17.2620 p=6
23:21:33   [269/1055] bugarimecoelho.com.br AJ_LIST     QUARANTINED   rows=144  TABLE/TABLE_RULED case=0214287-36.2023.8.06.0001 p=10
23:21:33   [270/1055] administradorajudicialgs.com.br UNKNOWN     OK_NO_TOTALS  rows=10   TABLE/TABLE_RULED case=5003439-20.2020.8.24.0282 p=1
23:21:33   [271/1055] lrflideres.com.br AJ_LIST     QUARANTINED   rows=126  PROSE/PROSE case=0000721-61.2024.8.17.2620 p=4
23:21:33   [272/1055] administradorajudicialgs.com.br UNKNOWN     OK_NO_TOTALS  rows=19   TABLE/TABLE_RULED case=5003439-20.2020.8.24.0282 p=1
23:21:33   [273/1055] bugarimecoelho.com.br PLAN        NO_ROWS       rows=0    TABLE/TABLE_BANDS case=0214287-36.2023.8.06.0001 p=1
23:21:33   [274/1055] lrflideres.com.br AJ_LIST     QUARANTINED   rows=396  PROSE/PROSE case=0832598-25.2022.8.15.2001 p=9
23:21:33   [275/1055] bugarimecoelho.com.br QGC         NO_ROWS       rows=0    TABLE/TABLE_BANDS case=0214287-36.2023.8.06.0001 p=2
23:21:33   [276/1055] bugarimecoelho.com.br QGC         OK            rows=3    TABLE/TABLE_BANDS case=0214287-36.2023.8.06.0001 p=2
23:21:33   [277/1055] lrflideres.com.br AJ_LIST     QUARANTINED   rows=399  PROSE/PROSE case=0832598-25.2022.8.15.2001 p=5
23:21:33   [278/1055] bugarimecoelho.com.br UNKNOWN     NO_ROWS       rows=0    TABLE/TABLE_BANDS case=0214287-36.2023.8.06.0001 p=1
23:21:33   [279/1055] lrflideres.com.br UNKNOWN     OK_NO_TOTALS  rows=23   PROSE/PROSE case=0074500-63.2024.8.17.2001 p=221
23:21:33   [280/1055] bugarimecoelho.com.br UNKNOWN     OK            rows=9    TABLE/TABLE_BANDS case=0214287-36.2023.8.06.0001 p=1
23:21:54   [281/1055] vivanteaj.com.br ERROR WORKER_EXIT_1: pdfplumber.utils.exceptions.PdfminerException
23:21:54   [282/1055] lrflideres.com.br DEBTOR_LIST QUARANTINED   rows=480  PROSE/PROSE case=0074500-63.2024.8.17.2001 p=10
23:21:54   [283/1055] bugarimecoelho.com.br UNKNOWN     NO_ROWS       rows=0    TABLE/TABLE_BANDS case=0214287-36.2023.8.06.0001 p=1
23:22:35   [284/1055] vivanteaj.com.br UNKNOWN     OK_NO_TOTALS  rows=3560 TABLE/TABLE_RULED case=0000707-30.2008.8.02.0042 p=35
23:22:35   [285/1055] bugarimecoelho.com.br UNKNOWN     OK            rows=11   TABLE/TABLE_BANDS case=0214287-36.2023.8.06.0001 p=1
23:22:35   [286/1055] vivanteaj.com.br UNKNOWN     OK_NO_TOTALS  rows=5    PROSE/PROSE case=1003322-70.2024.8.26.0260 p=3
23:22:35   [287/1055] lrflideres.com.br AJ_LIST     OK            rows=489  PROSE/PROSE case=0074500-63.2024.8.17.2001 p=8
23:22:35   [288/1055] bugarimecoelho.com.br UNKNOWN     OK            rows=30   TABLE/TABLE_BANDS case=0270804-61.2023.8.06.0001 p=3
23:22:35   [289/1055] vivanteaj.com.br ERROR WORKER_EXIT_1: pdfplumber.utils.exceptions.PdfminerException: Unable to allocate output buffer.
23:22:35   [290/1055] bugarimecoelho.com.br AJ_LIST     OK            rows=31   TABLE/TABLE_BANDS case=0270804-61.2023.8.06.0001 p=5
23:22:35   [291/1055] lrflideres.com.br DEBTOR_LIST QUARANTINED   rows=4    PROSE/PROSE case=0809655-58.2026.8.15.0001 p=14
23:22:35   [292/1055] vivanteaj.com.br AJ_LIST     QUARANTINED   rows=2914 PROSE/PROSE case=0001324-92.2023.8.17.2710 p=42
23:22:35   [293/1055] bugarimecoelho.com.br UNKNOWN     NO_ROWS       rows=0    TABLE/TABLE_BANDS case=0270804-61.2023.8.06.0001 p=1
23:22:35   [294/1055] vivanteaj.com.br UNKNOWN     OK_NO_TOTALS  rows=283  TABLE/TABLE_RULED case=1111148-53.2024.8.26.0100 p=18
23:22:35   [295/1055] bugarimecoelho.com.br UNKNOWN     OK            rows=2    TABLE/TABLE_BANDS case=0270804-61.2023.8.06.0001 p=1
23:22:35   [296/1055] vivanteaj.com.br UNKNOWN     NO_TEXT_LAYER rows=0    NONE/ case=1003919-39.2024.8.26.0260 p=6
23:22:35   [297/1055] bugarimecoelho.com.br AJ_LIST     NO_ROWS       rows=0    TABLE/TABLE_BANDS case=3000117-40.2025.8.06.0512 p=1
23:22:35   [298/1055] vivanteaj.com.br UNKNOWN     OK_NO_TOTALS  rows=23   TABLE/TABLE_BANDS case=1003919-39.2024.8.26.0260 p=1
23:22:35   [299/1055] bugarimecoelho.com.br UNKNOWN     OK            rows=245  TABLE/TABLE_RULED case=3000117-40.2025.8.06.0512 p=5
23:22:35   [300/1055] vivanteaj.com.br UNKNOWN     OK            rows=40   TABLE/TABLE_RULED case=1018313-46.2024.8.26.0100 p=1
23:22:35   [301/1055] vivanteaj.com.br UNKNOWN     OK_NO_TOTALS  rows=19   TABLE/TABLE_BANDS case=1018313-46.2024.8.26.0100 p=1
23:22:35   [302/1055] bugarimecoelho.com.br UNKNOWN     NO_ROWS       rows=0    TABLE/TABLE_BANDS case=0214287-36.2023.8.06.0001 p=8
23:22:35   [303/1055] vivanteaj.com.br QGC         QUARANTINED   rows=430  PROSE/PROSE case=0035526-54.2024.8.17.2001 p=10
23:22:35   [304/1055] bugarimecoelho.com.br UNKNOWN     OK            rows=2    TABLE/TABLE_BANDS case=0214287-36.2023.8.06.0001 p=12
23:22:35   [305/1055] vivanteaj.com.br AJ_LIST     QUARANTINED   rows=418  PROSE/PROSE case=0035526-54.2024.8.17.2001 p=10
23:22:35   [306/1055] bugarimecoelho.com.br UNKNOWN     NO_ROWS       rows=0    TABLE/TABLE_BANDS case=0214287-36.2023.8.06.0001 p=10
23:22:35   [307/1055] vivanteaj.com.br AJ_LIST     QUARANTINED   rows=44   PROSE/PROSE case=0862380-60.2022.8.20.5001 p=4
23:22:45   [308/1055] bugarimecoelho.com.br UNKNOWN     NO_ROWS       rows=0    TABLE/TABLE_BANDS case=0214287-36.2023.8.06.0001 p=6
23:22:45   [309/1055] bugarimecoelho.com.br HOMOLOG     NO_ROWS       rows=1    TABLE/TABLE_BANDS case=0214287-36.2023.8.06.0001 p=9
23:22:45   [310/1055] vivanteaj.com.br DEBTOR_LIST QUARANTINED   rows=380  PROSE/PROSE case=0810226-31.2023.8.20.5001 p=9
23:22:45   [311/1055] bugarimecoelho.com.br PLAN        OK_NO_TOTALS  rows=3    TABLE/TABLE_BANDS case=0214287-36.2023.8.06.0001 p=18
23:22:45   [312/1055] vivanteaj.com.br AJ_LIST     QUARANTINED   rows=402  PROSE/PROSE case=0810226-31.2023.8.20.5001 p=8
23:22:45   [313/1055] bugarimecoelho.com.br PLAN        OK_NO_TOTALS  rows=3    TABLE/TABLE_BANDS case=0270804-61.2023.8.06.0001 p=28
23:22:45   [314/1055] vivanteaj.com.br AJ_LIST     OK_NO_TOTALS  rows=4    TABLE/TABLE_BANDS case=0700434-14.2025.8.02.0042 p=15
23:22:45   [315/1055] bugarimecoelho.com.br PLAN        NO_ROWS       rows=0    TABLE/TABLE_BANDS case=0270804-61.2023.8.06.0001 p=1
23:22:45   [316/1055] vivanteaj.com.br UNKNOWN     NO_TEXT_LAYER rows=0    NONE/ case=0000707-30.2008.8.02.0042 p=24
23:22:45   [317/1055] bugarimecoelho.com.br AJ_LIST     NO_ROWS       rows=0    TABLE/TABLE_BANDS case=0270804-61.2023.8.06.0001 p=15
23:22:45   [318/1055] vivanteaj.com.br AJ_LIST     QUARANTINED   rows=56   TABLE/TABLE_BANDS case=0000707-30.2008.8.02.0042 p=78
23:22:45   [319/1055] bugarimecoelho.com.br UNKNOWN     OK_NO_TOTALS  rows=1    TABLE/TABLE_BANDS case=3000117-40.2025.8.06.0512 p=15
23:22:57   [320/1055] vivanteaj.com.br AJ_LIST     OK_NO_TOTALS  rows=15   PROSE/PROSE case=0700116-36.2022.8.02.0042 p=135
23:22:57   [321/1055] vivanteaj.com.br AJ_LIST     OK_NO_TOTALS  rows=80   TABLE/TABLE_RULED case=0000707-30.2008.8.02.0042 p=48
23:22:57   [322/1055] bugarimecoelho.com.br UNKNOWN     NO_ROWS       rows=0    TABLE/TABLE_BANDS case=3000117-40.2025.8.06.0512 p=8
23:22:57   [323/1055] vivanteaj.com.br UNKNOWN     QUARANTINED   rows=12   TABLE/TABLE_RULED case=0137354-93.2024.8.17.2001 p=42
23:22:57   [324/1055] bugarimecoelho.com.br DEBTOR_LIST OK_NO_TOTALS  rows=77   PROSE/PROSE case=0214287-36.2023.8.06.0001 p=79
23:22:57   [325/1055] vivanteaj.com.br AJ_LIST     OK_NO_TOTALS  rows=23   TABLE/TABLE_RULED case=0137354-93.2024.8.17.2001 p=28
23:22:57   [326/1055] bugarimecoelho.com.br AJ_LIST     NO_ROWS       rows=0    TABLE/TABLE_BANDS case=0214287-36.2023.8.06.0001 p=2
23:22:57   [327/1055] vivanteaj.com.br UNKNOWN     QUARANTINED   rows=136  TABLE/TABLE_BANDS case=0137354-93.2024.8.17.2001 p=83
23:22:57   [328/1055] bugarimecoelho.com.br UNKNOWN     OK_NO_TOTALS  rows=2    TABLE/TABLE_BANDS case=0214287-36.2023.8.06.0001 p=17
23:23:03   [329/1055] vivanteaj.com.br PLAN        OK_NO_TOTALS  rows=5    PROSE/PROSE case=1003322-70.2024.8.26.0260 p=123
23:23:03   [330/1055] bugarimecoelho.com.br DEBTOR_LIST QUARANTINED   rows=132  TABLE/TABLE_BANDS case=0270804-61.2023.8.06.0001 p=18
23:23:03   [331/1055] vivanteaj.com.br UNKNOWN     OK_NO_TOTALS  rows=4    TABLE/TABLE_BANDS case=0001324-92.2023.8.17.2710 p=43
23:23:03   [332/1055] bugarimecoelho.com.br DEBTOR_LIST OK_NO_TOTALS  rows=1    TABLE/TABLE_BANDS case=0270804-61.2023.8.06.0001 p=10
23:23:04   [333/1055] vivanteaj.com.br UNKNOWN     OK_NO_TOTALS  rows=6    TABLE/TABLE_BANDS case=0001324-92.2023.8.17.2710 p=43
23:23:04   [334/1055] bugarimecoelho.com.br UNKNOWN     OK            rows=246  TABLE/TABLE_RULED case=3000117-40.2025.8.06.0512 p=17
23:23:05   [335/1055] vivanteaj.com.br UNKNOWN     OK_NO_TOTALS  rows=10   TABLE/TABLE_BANDS case=0001324-92.2023.8.17.2710 p=42
23:23:05   [336/1055] vivanteaj.com.br UNKNOWN     OK_NO_TOTALS  rows=5    TABLE/TABLE_BANDS case=0001324-92.2023.8.17.2710 p=18
23:23:07   [337/1055] vivanteaj.com.br PLAN        OK            rows=2    TABLE/TABLE_BANDS case=1111148-53.2024.8.26.0100 p=39
23:23:10   [338/1055] vivanteaj.com.br UNKNOWN     NO_ROWS       rows=0    TABLE/TABLE_BANDS case=1111148-53.2024.8.26.0100 p=64
23:23:10   [339/1055] vivanteaj.com.br PLAN        QUARANTINED   rows=74   TABLE/TABLE_RULED case=1003919-39.2024.8.26.0260 p=57
23:23:10   [340/1055] vivanteaj.com.br PLAN        QUARANTINED   rows=11   TABLE/TABLE_RULED case=1018313-46.2024.8.26.0100 p=24
23:23:10   [341/1055] vivanteaj.com.br UNKNOWN     OK_NO_TOTALS  rows=2    TABLE/TABLE_BANDS case=0035526-54.2024.8.17.2001 p=23
23:23:10   [342/1055] vivanteaj.com.br UNKNOWN     OK_NO_TOTALS  rows=4    TABLE/TABLE_BANDS case=0035526-54.2024.8.17.2001 p=16
23:23:10   [343/1055] vivanteaj.com.br UNKNOWN     OK_NO_TOTALS  rows=45   TABLE/TABLE_BANDS case=0810226-31.2023.8.20.5001 p=18
23:23:10   [344/1055] vivanteaj.com.br UNKNOWN     OK_NO_TOTALS  rows=9    TABLE/TABLE_BANDS case=0810226-31.2023.8.20.5001 p=15
23:23:10   [345/1055] vivanteaj.com.br QGC         OK_NO_TOTALS  rows=5    TABLE/TABLE_BANDS case=0810226-31.2023.8.20.5001 p=6
23:23:11   [346/1055] vivanteaj.com.br UNKNOWN     OK_NO_TOTALS  rows=8    TABLE/TABLE_BANDS case=0810226-31.2023.8.20.5001 p=11
23:23:11   [347/1055] vivanteaj.com.br AJ_LIST     OK_NO_TOTALS  rows=1    TABLE/TABLE_BANDS case=8041832-19.2024.8.05.0001 p=11
23:23:19   [348/1055] vivanteaj.com.br UNKNOWN     NO_TEXT_LAYER rows=0    NONE/ case=8041832-19.2024.8.05.0001 p=6
23:23:19   [349/1055] vivanteaj.com.br UNKNOWN     NO_ROWS       rows=0    TABLE/TABLE_BANDS case=0124413-63.2006.8.05.0001 p=3
23:23:19   [350/1055] vivanteaj.com.br UNKNOWN     NO_TEXT_LAYER rows=0    NONE/ case=0124413-63.2006.8.05.0001 p=2
23:23:19   [351/1055] vivanteaj.com.br UNKNOWN     QUARANTINED   rows=149  TABLE/TABLE_RULED case=1111148-53.2024.8.26.0100 p=3
23:23:20   [352/1055] vivanteaj.com.br UNKNOWN     NO_TEXT_LAYER rows=0    NONE/ case=8041832-19.2024.8.05.0001 p=3
23:23:29   [353/1055] vtladm.com.br UNKNOWN     NO_TEXT_LAYER rows=0    NONE/ case=0004984-95.2024.8.16.0153 p=4
23:23:29   [354/1055] vtladm.com.br AJ_LIST     OK_NO_TOTALS  rows=53   PROSE/PROSE case=0004984-95.2024.8.16.0153 p=2
23:23:29   [355/1055] vtladm.com.br UNKNOWN     OK_NO_TOTALS  rows=120  TABLE/TABLE_RULED case=1005755-09.2025.8.26.0132 p=8
23:23:29   [356/1055] vtladm.com.br DEBTOR_LIST NO_ROWS       rows=2    TABLE/TABLE_BANDS case=1005755-09.2025.8.26.0132 p=1
23:23:29   [357/1055] vtladm.com.br AJ_LIST     QUARANTINED   rows=204  TABLE/TABLE_RULED case=1005755-09.2025.8.26.0132 p=50
23:23:29   [358/1055] vtladm.com.br AJ_LIST     QUARANTINED   rows=204  TABLE/TABLE_RULED case=1005755-09.2025.8.26.0132 p=50
23:23:29   [359/1055] vtladm.com.br AJ_LIST     NO_ROWS       rows=1    TABLE/TABLE_BANDS case=1005755-09.2025.8.26.0132 p=1
23:23:29   [360/1055] vtladm.com.br UNKNOWN     OK_NO_TOTALS  rows=182  TABLE/TABLE_RULED case=0804994-81.2024.8.07.0016 p=3
23:23:29   [361/1055] vtladm.com.br QGC         OK_NO_TOTALS  rows=8    TABLE/TABLE_RULED case=0804994-81.2024.8.07.0016 p=11
23:24:31   [362/1055] vtladm.com.br ERROR WORKER_EXIT_1: pdfplumber.utils.exceptions.PdfminerException
23:24:31   [363/1055] marquesadmjudicial.com.br HOMOLOG     NO_ROWS       rows=0    TABLE/TABLE_BANDS case=0012822-66.2019.8.16.0185 p=1
23:24:31   [364/1055] vtladm.com.br UNKNOWN     OK_NO_TOTALS  rows=331  TABLE/TABLE_RULED case=1009827-02.2024.8.26.0576 p=7
23:24:31   [365/1055] vtladm.com.br AJ_LIST     NO_ROWS       rows=2    TABLE/TABLE_BANDS case=1009827-02.2024.8.26.0576 p=2
23:24:31   [366/1055] marquesadmjudicial.com.br AJ_LIST     OK_NO_TOTALS  rows=3    TABLE/TABLE_BANDS case=0012822-66.2019.8.16.0185 p=2
23:24:31   [367/1055] vtladm.com.br AJ_LIST     OK            rows=92   TABLE/TABLE_RULED case=1009827-02.2024.8.26.0576 p=2
23:24:31   [368/1055] marquesadmjudicial.com.br QGC         OK_NO_TOTALS  rows=1    PROSE/PROSE case=0029070-63.2018.8.16.0017 p=5
23:24:31   [369/1055] vtladm.com.br AJ_LIST     NO_ROWS       rows=1    TABLE/TABLE_BANDS case=1009827-02.2024.8.26.0576 p=1
23:24:31   [370/1055] marquesadmjudicial.com.br QGC         NO_ROWS       rows=1    TABLE/TABLE_BANDS case=0029070-63.2018.8.16.0017 p=1
23:24:31   [371/1055] vtladm.com.br DEBTOR_LIST QUARANTINED   rows=952  TABLE/TABLE_RULED case=0011139-61.2024.5.15.0002 p=22
23:24:31   [372/1055] vtladm.com.br AJ_LIST     NO_ROWS       rows=5    TABLE/TABLE_BANDS case=1000647-12.2025.8.26.0354 p=3
23:24:31   [373/1055] marquesadmjudicial.com.br QGC         OK_NO_TOTALS  rows=36   PROSE/PROSE case=0029070-63.2018.8.16.0017 p=1
23:24:31   [374/1055] marquesadmjudicial.com.br QGC         NO_ROWS       rows=2    TABLE/TABLE_BANDS case=1001190-70.2020.8.26.0069 p=1
23:24:31   [375/1055] marquesadmjudicial.com.br QGC         OK_NO_TOTALS  rows=3    TABLE/TABLE_BANDS case=1001190-70.2020.8.26.0069 p=1
23:24:31   [376/1055] marquesadmjudicial.com.br QGC         QUARANTINED   rows=19   TABLE/TABLE_BANDS case=0031120-52.2024.8.16.0017 p=2
23:24:31   [377/1055] marquesadmjudicial.com.br AJ_LIST     OK_NO_TOTALS  rows=20   PROSE/PROSE case=0031120-52.2024.8.16.0017 p=1
23:24:31   [378/1055] marquesadmjudicial.com.br AJ_LIST     OK            rows=478  TABLE/TABLE_BANDS case=0012043-76.2016.8.16.0069 p=16
23:24:36   [379/1055] vtladm.com.br ERROR WORKER_EXIT_1: Exception ignored in sys.unraisablehookException ignored in atexit callback: <function shutdown at 0x7eff
23:24:36   [380/1055] marquesadmjudicial.com.br AJ_LIST     NO_ROWS       rows=0    TABLE/TABLE_BANDS case=0012043-76.2016.8.16.0069 p=1
23:24:36   [381/1055] vtladm.com.br UNKNOWN     OK_NO_TOTALS  rows=4    PROSE/PROSE case=4000807-49.2026.8.26.0354 p=5
23:24:36   [382/1055] marquesadmjudicial.com.br UNKNOWN     OK            rows=242  TABLE/TABLE_BANDS case=0012043-76.2016.8.16.0069 p=7
23:24:36   [383/1055] vtladm.com.br UNKNOWN     OK_NO_TOTALS  rows=10   PROSE/PROSE case=1057555-04.2023.8.26.0114 p=41
23:24:36   [384/1055] marquesadmjudicial.com.br AJ_LIST     OK            rows=177  TABLE/TABLE_BANDS case=0012043-76.2016.8.16.0069 p=5
23:24:36   [385/1055] vtladm.com.br AJ_LIST     QUARANTINED   rows=1167 TABLE/TABLE_RULED case=1057555-04.2023.8.26.0114 p=123
23:24:36   [386/1055] marquesadmjudicial.com.br UNKNOWN     OK_NO_TOTALS  rows=62   TABLE/TABLE_BANDS case=0012043-76.2016.8.16.0069 p=2
23:24:36   [387/1055] vtladm.com.br AJ_LIST     QUARANTINED   rows=986  TABLE/TABLE_RULED case=1057555-04.2023.8.26.0114 p=14
23:24:36   [388/1055] marquesadmjudicial.com.br QGC         NO_ROWS       rows=1    TABLE/TABLE_BANDS case=0012043-76.2016.8.16.0069 p=3
23:24:36   [389/1055] vtladm.com.br AJ_LIST     NO_ROWS       rows=3    TABLE/TABLE_BANDS case=1057555-04.2023.8.26.0114 p=2
23:24:36   [390/1055] vtladm.com.br UNKNOWN     OK_NO_TOTALS  rows=18   TABLE/TABLE_RULED case=0701237-50.2019.8.07.0015 p=21
23:24:36   [391/1055] marquesadmjudicial.com.br UNKNOWN     NO_ROWS       rows=0    TABLE/TABLE_BANDS case=0012043-76.2016.8.16.0069 p=17
23:24:36   [392/1055] vtladm.com.br AJ_LIST     OK_NO_TOTALS  rows=5    TABLE/TABLE_BANDS case=0701237-50.2019.8.07.0015 p=3
23:24:36   [393/1055] marquesadmjudicial.com.br UNKNOWN     QUARANTINED   rows=109  TABLE/TABLE_BANDS case=0043030-30.2025.8.16.0021 p=6
23:24:36   [394/1055] vtladm.com.br AJ_LIST     OK_NO_TOTALS  rows=152  TABLE/TABLE_BANDS case=1000831-12.2024.8.26.0286 p=7
23:24:36   [395/1055] marquesadmjudicial.com.br AJ_LIST     QUARANTINED   rows=62   TABLE/TABLE_BANDS case=0043030-30.2025.8.16.0021 p=6
23:24:36   [396/1055] vtladm.com.br AJ_LIST     OK_NO_TOTALS  rows=389  TABLE/TABLE_RULED case=1094652-46.2024.8.26.0100 p=26
23:24:36   [397/1055] marquesadmjudicial.com.br AJ_LIST     OK_NO_TOTALS  rows=46   PROSE/PROSE case=0043030-30.2025.8.16.0021 p=1
23:24:36   [398/1055] vtladm.com.br QGC         OK_NO_TOTALS  rows=24   TABLE/TABLE_RULED case=0740910-30.1997.8.26.0100 p=12
23:24:36   [399/1055] marquesadmjudicial.com.br AJ_LIST     OK_NO_TOTALS  rows=3    PROSE/PROSE case=0005910-33.2023.8.16.0017 p=3
23:24:36   [400/1055] vtladm.com.br HOMOLOG     NO_ROWS       rows=0    TABLE/TABLE_BANDS case=0740910-30.1997.8.26.0100 p=2
23:24:36   [401/1055] marquesadmjudicial.com.br AJ_LIST     QUARANTINED   rows=298  TABLE/TABLE_BANDS case=0037411-27.2022.8.16.0021 p=21
23:24:36   [402/1055] vtladm.com.br QGC         OK_NO_TOTALS  rows=8    TABLE/TABLE_RULED case=0740910-30.1997.8.26.0100 p=11
23:24:36   [403/1055] marquesadmjudicial.com.br AJ_LIST     QUARANTINED   rows=313  TABLE/TABLE_BANDS case=0037411-27.2022.8.16.0021 p=21
23:24:36   [404/1055] vtladm.com.br UNKNOWN     NO_TEXT_LAYER rows=0    NONE/ case=0740910-30.1997.8.26.0100 p=5
23:24:36   [405/1055] marquesadmjudicial.com.br AJ_LIST     OK_NO_TOTALS  rows=196  PROSE/PROSE case=0037411-27.2022.8.16.0021 p=3
23:24:36   [406/1055] vtladm.com.br QGC         OK_NO_TOTALS  rows=10   TABLE/TABLE_RULED case=0740910-30.1997.8.26.0100 p=5
23:24:36   [407/1055] marquesadmjudicial.com.br AJ_LIST     NO_ROWS       rows=1    TABLE/TABLE_BANDS case=0001943-40.2024.8.16.0115 p=4
23:24:36   [408/1055] vtladm.com.br QGC         QUARANTINED   rows=20   TABLE/TABLE_RULED case=0704506-58.2023.8.07.0015 p=17
23:24:36   [409/1055] marquesadmjudicial.com.br AJ_LIST     QUARANTINED   rows=97   TABLE/TABLE_BANDS case=0001943-40.2024.8.16.0115 p=8
23:24:36   [410/1055] vtladm.com.br QGC         OK_NO_TOTALS  rows=63   TABLE/TABLE_RULED case=0704506-58.2023.8.07.0015 p=13
23:24:36   [411/1055] marquesadmjudicial.com.br DEBTOR_LIST OK_NO_TOTALS  rows=78   PROSE/PROSE case=0001943-40.2024.8.16.0115 p=2
23:24:36   [412/1055] marquesadmjudicial.com.br AJ_LIST     OK_NO_TOTALS  rows=61   PROSE/PROSE case=0001943-40.2024.8.16.0115 p=1
23:24:36   [413/1055] marquesadmjudicial.com.br AJ_LIST     QUARANTINED   rows=352  TABLE/TABLE_BANDS case=0000410-68.2021.8.16.0174 p=20
23:24:52   [414/1055] vtladm.com.br PLAN        OK_NO_TOTALS  rows=2    TABLE/TABLE_BANDS case=0004984-95.2024.8.16.0153 p=34
23:24:52   [415/1055] vtladm.com.br AJ_LIST     OK_NO_TOTALS  rows=33   TABLE/TABLE_RULED case=1005755-09.2025.8.26.0132 p=29
23:24:52   [416/1055] marquesadmjudicial.com.br DEBTOR_LIST OK_NO_TOTALS  rows=45   PROSE/PROSE case=0000410-68.2021.8.16.0174 p=1
23:24:52   [417/1055] vtladm.com.br AJ_LIST     NO_ROWS       rows=2    TABLE/TABLE_BANDS case=1005755-09.2025.8.26.0132 p=2
23:24:52   [418/1055] marquesadmjudicial.com.br DEBTOR_LIST OK_NO_TOTALS  rows=429  PROSE/PROSE case=0000410-68.2021.8.16.0174 p=3
23:24:52   [419/1055] vtladm.com.br AJ_LIST     NO_ROWS       rows=21   TABLE/TABLE_BANDS case=1005755-09.2025.8.26.0132 p=12
23:24:52   [420/1055] marquesadmjudicial.com.br AJ_LIST     OK_NO_TOTALS  rows=200  PROSE/PROSE case=0000410-68.2021.8.16.0174 p=2
23:24:52   [421/1055] vtladm.com.br AJ_LIST     NO_ROWS       rows=0    TABLE/TABLE_BANDS case=0804994-81.2024.8.07.0016 p=2
23:24:52   [422/1055] marquesadmjudicial.com.br AJ_LIST     OK            rows=24   TABLE/TABLE_BANDS case=0016858-63.2025.8.16.0017 p=5
23:24:52   [423/1055] vtladm.com.br UNKNOWN     NO_ROWS       rows=0    TABLE/TABLE_BANDS case=0804994-81.2024.8.07.0016 p=2
23:24:52   [424/1055] marquesadmjudicial.com.br AJ_LIST     OK_NO_TOTALS  rows=9    PROSE/PROSE case=0016858-63.2025.8.16.0017 p=1
23:24:52   [425/1055] vtladm.com.br AJ_LIST     OK_NO_TOTALS  rows=4    TABLE/TABLE_BANDS case=0804994-81.2024.8.07.0016 p=8
23:24:52   [426/1055] marquesadmjudicial.com.br AJ_LIST     OK_NO_TOTALS  rows=6    PROSE/PROSE case=0016858-63.2025.8.16.0017 p=1
23:24:52   [427/1055] marquesadmjudicial.com.br AJ_LIST     QUARANTINED   rows=267  TABLE/TABLE_BANDS case=0003971-03.2023.8.16.0119 p=18
23:24:52   [428/1055] vtladm.com.br UNKNOWN     QUARANTINED   rows=14   TABLE/TABLE_RULED case=1009827-02.2024.8.26.0576 p=50
23:25:02   [429/1055] marquesadmjudicial.com.br AJ_LIST     QUARANTINED   rows=930  TABLE/TABLE_BANDS case=0003971-03.2023.8.16.0119 p=70
23:25:02   [430/1055] marquesadmjudicial.com.br UNKNOWN     NO_TEXT_LAYER rows=0    NONE/ case=0003971-03.2023.8.16.0119 p=2
23:25:33   [431/1055] vtladm.com.br UNKNOWN     NO_TEXT_LAYER rows=0    NONE/ case=1009827-02.2024.8.26.0576 p=21
23:25:33   [432/1055] marquesadmjudicial.com.br AJ_LIST     QUARANTINED   rows=253  TABLE/TABLE_BANDS case=0000357-17.2024.8.16.0131 p=16
23:25:33   [433/1055] vtladm.com.br AJ_LIST     OK_NO_TOTALS  rows=2    TABLE/TABLE_BANDS case=1009827-02.2024.8.26.0576 p=20
23:25:33   [434/1055] marquesadmjudicial.com.br AJ_LIST     OK_NO_TOTALS  rows=139  PROSE/PROSE case=0000357-17.2024.8.16.0131 p=2
23:25:33   [435/1055] vtladm.com.br AJ_LIST     NO_ROWS       rows=0    TABLE/TABLE_BANDS case=1009827-02.2024.8.26.0576 p=6
23:25:33   [436/1055] marquesadmjudicial.com.br AJ_LIST     QUARANTINED   rows=396  TABLE/TABLE_BANDS case=0008897-71.2025.8.16.0017 p=19
23:25:33   [437/1055] marquesadmjudicial.com.br AJ_LIST     OK_NO_TOTALS  rows=212  PROSE/PROSE case=0008897-71.2025.8.16.0017 p=2
23:25:33   [438/1055] marquesadmjudicial.com.br AJ_LIST     QUARANTINED   rows=511  TABLE/TABLE_BANDS case=0005010-98.2023.8.16.0001 p=35
23:25:33   [439/1055] marquesadmjudicial.com.br AJ_LIST     OK_NO_TOTALS  rows=417  PROSE/PROSE case=0005010-98.2023.8.16.0001 p=4
23:25:33   [440/1055] marquesadmjudicial.com.br UNKNOWN     OK_NO_TOTALS  rows=268  TABLE/TABLE_RULED case=0012245-43.2022.8.16.0069 p=12
23:25:33   [441/1055] marquesadmjudicial.com.br AJ_LIST     QUARANTINED   rows=321  TABLE/TABLE_BANDS case=0012245-43.2022.8.16.0069 p=19
23:25:33   [442/1055] vtladm.com.br ERROR WORKER_EXIT_1: pdfplumber.utils.exceptions.PdfminerException: Unexpected EOF
23:25:33   [443/1055] marquesadmjudicial.com.br AJ_LIST     QUARANTINED   rows=311  TABLE/TABLE_BANDS case=0012245-43.2022.8.16.0069 p=16
23:25:33   [444/1055] marquesadmjudicial.com.br UNKNOWN     OK_NO_TOTALS  rows=48   TABLE/TABLE_BANDS case=0044747-14.2024.8.16.0021 p=4
23:25:33   [445/1055] marquesadmjudicial.com.br UNKNOWN     OK            rows=21   TABLE/TABLE_BANDS case=0044747-14.2024.8.16.0021 p=1
23:25:33   [446/1055] vtladm.com.br AJ_LIST     NO_ROWS       rows=1    TABLE/TABLE_BANDS case=1000647-12.2025.8.26.0354 p=1
23:25:33   [447/1055] marquesadmjudicial.com.br AJ_LIST     QUARANTINED   rows=27   TABLE/TABLE_BANDS case=0044747-14.2024.8.16.0021 p=5
23:25:33   [448/1055] marquesadmjudicial.com.br AJ_LIST     OK_NO_TOTALS  rows=12   PROSE/PROSE case=0044747-14.2024.8.16.0021 p=1
23:25:33   [449/1055] marquesadmjudicial.com.br DEBTOR_LIST QUARANTINED   rows=124  TABLE/TABLE_BANDS case=0004387-24.2024.8.16.0090 p=3
23:25:33   [450/1055] marquesadmjudicial.com.br UNKNOWN     QUARANTINED   rows=14   TABLE/TABLE_BANDS case=0004387-24.2024.8.16.0090 p=2
23:25:33   [451/1055] marquesadmjudicial.com.br UNKNOWN     OK_NO_TOTALS  rows=69   TABLE/TABLE_BANDS case=0004387-24.2024.8.16.0090 p=2
23:25:33   [452/1055] vtladm.com.br ERROR WORKER_EXIT_1: pdfplumber.utils.exceptions.PdfminerException: Unexpected EOF
23:25:33   [453/1055] marquesadmjudicial.com.br UNKNOWN     OK_NO_TOTALS  rows=1    TABLE/TABLE_BANDS case=0004387-24.2024.8.16.0090 p=1
23:25:33   [454/1055] marquesadmjudicial.com.br AJ_LIST     OK            rows=49   TABLE/TABLE_BANDS case=0016033-22.2025.8.16.0017 p=5
23:25:33   [455/1055] vtladm.com.br AJ_LIST     NO_ROWS       rows=0    TABLE/TABLE_BANDS case=1000647-12.2025.8.26.0354 p=2
23:25:33   [456/1055] marquesadmjudicial.com.br UNKNOWN     NO_ROWS       rows=28   TABLE/TABLE_BANDS case=0016033-22.2025.8.16.0017 p=2
23:25:33   [457/1055] marquesadmjudicial.com.br UNKNOWN     QUARANTINED   rows=25   TABLE/TABLE_BANDS case=0016033-22.2025.8.16.0017 p=3
23:25:33   [458/1055] vtladm.com.br UNKNOWN     OK            rows=72   TABLE/TABLE_BANDS case=1057555-04.2023.8.26.0114 p=114
23:25:33   [459/1055] realbrasil.com.br QGC         OK_NO_TOTALS  rows=28   TABLE/TABLE_RULED case=0841699-85.2024.8.12.0001 p=1
23:25:33   [460/1055] marquesadmjudicial.com.br AJ_LIST     OK_NO_TOTALS  rows=26   PROSE/PROSE case=0016033-22.2025.8.16.0017 p=1
23:25:33   [461/1055] vtladm.com.br UNKNOWN     OK            rows=65   TABLE/TABLE_BANDS case=1000280-56.2023.8.26.0548 p=63
23:25:33   [462/1055] marquesadmjudicial.com.br AJ_LIST     QUARANTINED   rows=141  TABLE/TABLE_BANDS case=0029198-39.2025.8.16.0017 p=7
23:25:33   [463/1055] vtladm.com.br AJ_LIST     NO_ROWS       rows=3    TABLE/TABLE_BANDS case=1057555-04.2023.8.26.0114 p=1
23:25:33   [464/1055] realbrasil.com.br QGC         QUARANTINED   rows=40   TABLE/TABLE_RULED case=0841699-85.2024.8.12.0001 p=31
23:25:33   [465/1055] vtladm.com.br UNKNOWN     NO_TEXT_LAYER rows=0    NONE/ case=1057555-04.2023.8.26.0114 p=9
23:26:00   [466/1055] vtladm.com.br UNKNOWN     NO_TEXT_LAYER rows=0    NONE/ case=1057555-04.2023.8.26.0114 p=13
23:26:00   [467/1055] vtladm.com.br AJ_LIST     OK_NO_TOTALS  rows=1    TABLE/TABLE_BANDS case=0708109-34.2026.8.07.0016 p=6
23:26:00   [468/1055] realbrasil.com.br ERROR WORKER_EXIT_1: pdfplumber.utils.exceptions.PdfminerException: Unexpected EOF
23:26:00   [469/1055] vtladm.com.br UNKNOWN     NO_TEXT_LAYER rows=0    NONE/ case=0701237-50.2019.8.07.0015 p=3
23:26:00   [470/1055] vtladm.com.br AJ_LIST     OK_NO_TOTALS  rows=1    TABLE/TABLE_BANDS case=0033222-82.2003.8.07.0001 p=4
23:26:00   [471/1055] realbrasil.com.br DEBTOR_LIST OK_NO_TOTALS  rows=9    TABLE/TABLE_BANDS case=0016474-19.2022.8.03.0001 p=8
23:26:00   [472/1055] vtladm.com.br UNKNOWN     NO_ROWS       rows=0    TABLE/TABLE_BANDS case=1094652-46.2024.8.26.0100 p=74
23:26:00   [473/1055] realbrasil.com.br UNKNOWN     OK_NO_TOTALS  rows=84   TABLE/TABLE_BANDS case=0873220-82.2023.8.12.0001 p=2
23:26:00   [474/1055] vtladm.com.br AJ_LIST     NO_ROWS       rows=0    TABLE/TABLE_BANDS case=0704506-58.2023.8.07.0015 p=11
23:26:00   [475/1055] vtladm.com.br UNKNOWN     NO_TEXT_LAYER rows=0    NONE/ case=0712202-53.2020.8.07.0015 p=2
23:26:00   [476/1055] realbrasil.com.br AJ_LIST     OK_NO_TOTALS  rows=86   PROSE/PROSE case=0841183-02.2023.8.12.0001 p=5
23:26:00   [477/1055] ricardobiancardi.com.br AJ_LIST     OK_NO_TOTALS  rows=3    PROSE/PROSE case=5048671-58.2024.8.08.0024 p=7
23:26:00   [478/1055] ricardobiancardi.com.br DEBTOR_LIST OK_NO_TOTALS  rows=201  TABLE/TABLE_RULED case=0041309-42.2014.8.08.0024 p=9
23:26:00   [479/1055] ricardobiancardi.com.br UNKNOWN     OK_NO_TOTALS  rows=2    TABLE/TABLE_BANDS case=5048671-58.2024.8.08.0024 p=19
23:26:00   [480/1055] realbrasil.com.br QGC         OK_NO_TOTALS  rows=141  TABLE/TABLE_RULED case=0873220-82.2023.8.12.0001 p=46
23:26:00   [481/1055] ricardobiancardi.com.br QGC         QUARANTINED   rows=20   TABLE/TABLE_RULED case=5048671-58.2024.8.08.0024 p=25
23:26:00   [482/1055] ricardobiancardi.com.br QGC         OK_NO_TOTALS  rows=2    TABLE/TABLE_BANDS case=5048671-58.2024.8.08.0024 p=24
23:26:00   [483/1055] realbrasil.com.br UNKNOWN     NO_ROWS       rows=0    TABLE/TABLE_BANDS case=8054910-22.2020.8.05.0001 p=3
23:26:00   [484/1055] ricardobiancardi.com.br UNKNOWN     NO_ROWS       rows=0    TABLE/TABLE_BANDS case=5048671-58.2024.8.08.0024 p=1
23:26:00   [485/1055] realbrasil.com.br AJ_LIST     QUARANTINED   rows=40   TABLE/TABLE_RULED case=8054910-22.2020.8.05.0001 p=4
23:26:00   [486/1055] realbrasil.com.br UNKNOWN     OK_NO_TOTALS  rows=63   PROSE/PROSE case=8054910-22.2020.8.05.0001 p=3
23:26:00   [487/1055] realbrasil.com.br QGC         OK_NO_TOTALS  rows=29   PROSE/PROSE case=8054910-22.2020.8.05.0001 p=14
23:26:00   [488/1055] realbrasil.com.br AJ_LIST     NO_ROWS       rows=0    TABLE/TABLE_BANDS case=1003643-62.2016.8.26.0462 p=10
23:26:00   [489/1055] realbrasil.com.br UNKNOWN     NO_TEXT_LAYER rows=0    NONE/ case=1003643-62.2016.8.26.0462 p=16
23:26:00   [490/1055] realbrasil.com.br UNKNOWN     NO_ROWS       rows=0    TABLE/TABLE_BANDS case=1003643-62.2016.8.26.0462 p=7
23:26:00   [491/1055] realbrasil.com.br UNKNOWN     NO_ROWS       rows=0    TABLE/TABLE_BANDS case=1003643-62.2016.8.26.0462 p=8
23:26:00   [492/1055] realbrasil.com.br UNKNOWN     NO_ROWS       rows=0    TABLE/TABLE_BANDS case=1003643-62.2016.8.26.0462 p=8
23:26:00   [493/1055] realbrasil.com.br UNKNOWN     NO_ROWS       rows=0    TABLE/TABLE_BANDS case=1003643-62.2016.8.26.0462 p=8
23:26:00   [494/1055] realbrasil.com.br UNKNOWN     NO_ROWS       rows=0    TABLE/TABLE_BANDS case=1003643-62.2016.8.26.0462 p=8
23:26:00   [495/1055] realbrasil.com.br UNKNOWN     NO_ROWS       rows=0    TABLE/TABLE_BANDS case=1003643-62.2016.8.26.0462 p=7
23:26:00   [496/1055] realbrasil.com.br UNKNOWN     NO_ROWS       rows=0    TABLE/TABLE_BANDS case=1003643-62.2016.8.26.0462 p=1
23:26:00   [497/1055] realbrasil.com.br UNKNOWN     OK_NO_TOTALS  rows=117  TABLE/TABLE_RULED case=None p=3
23:26:00   [498/1055] realbrasil.com.br AJ_LIST     QUARANTINED   rows=108  TABLE/TABLE_RULED case=0800811-68.2020.8.12.0016 p=21
23:26:00   [499/1055] realbrasil.com.br DEBTOR_LIST OK_NO_TOTALS  rows=6    TABLE/TABLE_BANDS case=0800811-68.2020.8.12.0016 p=6
23:26:00   [500/1055] realbrasil.com.br UNKNOWN     OK_NO_TOTALS  rows=1930 PROSE/PROSE case=None p=27
23:26:00   [501/1055] stenius.com.br AJ_LIST     OK_NO_TOTALS  rows=45   TABLE/TABLE_BANDS case=5560721-64.2026.8.09.0120 p=6
23:26:00   [502/1055] stenius.com.br UNKNOWN     NO_TEXT_LAYER rows=0    NONE/ case=5519529-12.2020.8.09.0105 p=2
23:26:06   [503/1055] realbrasil.com.br AJ_LIST     OK_NO_TOTALS  rows=1928 TABLE/TABLE_RULED case=0010297-16.2019.8.19.0028 p=130
23:26:06   [504/1055] stenius.com.br DEBTOR_LIST OK_NO_TOTALS  rows=63   TABLE/TABLE_BANDS case=5164979-18.2026.8.09.0110 p=6
23:26:06   [505/1055] realbrasil.com.br UNKNOWN     QUARANTINED   rows=255  TABLE/TABLE_BANDS case=0002123-52.2018.8.19.0028 p=21
23:26:06   [506/1055] stenius.com.br UNKNOWN     OK_NO_TOTALS  rows=762  TABLE/TABLE_RULED case=5341375-33.2026.8.09.0049 p=35
23:26:06   [507/1055] realbrasil.com.br UNKNOWN     OK_NO_TOTALS  rows=242  TABLE/TABLE_RULED case=0010193-34.2013.8.19.0028 p=16
23:26:06   [508/1055] realbrasil.com.br UNKNOWN     OK_NO_TOTALS  rows=18   TABLE/TABLE_BANDS case=0813392-05.2016.8.12.0001 p=3
23:26:06   [509/1055] stenius.com.br UNKNOWN     OK_NO_TOTALS  rows=140  TABLE/TABLE_RULED case=6032681-62.2025.8.09.0051 p=6
23:26:06   [510/1055] realbrasil.com.br QGC         NO_ROWS       rows=0    TABLE/TABLE_BANDS case=0000707-75.2016.8.12.0105 p=1
23:26:06   [511/1055] realbrasil.com.br QGC         QUARANTINED   rows=26   TABLE/TABLE_RULED case=0841357-55.2016.8.12.0001 p=25
23:26:06   [512/1055] stenius.com.br UNKNOWN     NO_ROWS       rows=40   TABLE/TABLE_RULED case=5824011-75.2025.8.09.0097 p=4
23:26:06   [513/1055] realbrasil.com.br AJ_LIST     OK_NO_TOTALS  rows=70   TABLE/TABLE_RULED case=0841357-55.2016.8.12.0001 p=7
23:26:09   [514/1055] stenius.com.br UNKNOWN     OK_NO_TOTALS  rows=16   TABLE/TABLE_RULED case=5660592-49.2025.8.09.0105 p=2
23:26:11   [515/1055] stenius.com.br PLAN        QUARANTINED   rows=23   TABLE/TABLE_RULED case=5341375-33.2026.8.09.0049 p=35
23:26:11   [516/1055] realbrasil.com.br HOMOLOG     OK_NO_TOTALS  rows=176  TABLE/TABLE_RULED case=0002888-23.2018.8.19.0028 p=14
23:26:11   [517/1055] stenius.com.br UNKNOWN     NO_ROWS       rows=0    TABLE/TABLE_BANDS case=5677250-87.2023.8.09.0051 p=1
23:26:11   [518/1055] realbrasil.com.br UNKNOWN     OK_NO_TOTALS  rows=15   TABLE/TABLE_RULED case=0002888-23.2018.8.19.0028 p=5
23:26:11   [519/1055] stenius.com.br PLAN        QUARANTINED   rows=37   TABLE/TABLE_RULED case=5677250-87.2023.8.09.0051 p=30
23:26:11   [520/1055] realbrasil.com.br AJ_LIST     QUARANTINED   rows=105  TABLE/TABLE_RULED case=0002888-23.2018.8.19.0028 p=9
23:26:11   [521/1055] mpbadmjudicial.com.br UNKNOWN     NO_ROWS       rows=0    TABLE/TABLE_BANDS case=1030214-28.2024.8.11.0003 p=1
23:26:13   [522/1055] stenius.com.br UNKNOWN     OK_NO_TOTALS  rows=4    TABLE/TABLE_BANDS case=6032681-62.2025.8.09.0051 p=34
23:26:13   [523/1055] realbrasil.com.br UNKNOWN     OK            rows=92   TABLE/TABLE_BANDS case=0802426-35.2019.8.10.0000 p=5
23:26:24   [524/1055] mpbadmjudicial.com.br UNKNOWN     NO_TEXT_LAYER rows=0    NONE/ case=1027680-14.2024.8.11.0003 p=2
23:26:24   [525/1055] realbrasil.com.br DEBTOR_LIST OK_NO_TOTALS  rows=73   PROSE/PROSE case=0815679-24.2018.8.10.0001 p=2
23:26:24   [526/1055] stenius.com.br PLAN        NO_ROWS       rows=1    TABLE/TABLE_BANDS case=5824011-75.2025.8.09.0097 p=39
23:26:24   [527/1055] mpbadmjudicial.com.br AJ_LIST     OK_NO_TOTALS  rows=4    TABLE/TABLE_BANDS case=1027680-14.2024.8.19.0003 p=30
23:26:24   [528/1055] realbrasil.com.br QGC         OK_NO_TOTALS  rows=75   PROSE/PROSE case=0034139-97.2015.8.10.0001 p=2
23:26:24   [529/1055] mpbadmjudicial.com.br UNKNOWN     NO_ROWS       rows=0    TABLE/TABLE_BANDS case=1004237-95.2024.8.11.0015 p=6
23:26:24   [530/1055] stenius.com.br PLAN        OK_NO_TOTALS  rows=5    TABLE/TABLE_BANDS case=5660592-49.2025.8.09.0105 p=41
23:26:24   [531/1055] mpbadmjudicial.com.br UNKNOWN     NO_ROWS       rows=0    TABLE/TABLE_BANDS case=1004237-95.2024.8.11.0015 p=4
23:26:39   [532/1055] realbrasil.com.br QGC         QUARANTINED   rows=93   TABLE/TABLE_RULED case=0815679-24.2018.8.10.0001 p=104
23:26:39   [533/1055] mpbadmjudicial.com.br PLAN        QUARANTINED   rows=74   TABLE/TABLE_RULED case=1007952-96.2026.8.11.0041 p=56
23:26:39   [534/1055] stenius.com.br UNKNOWN     OK_NO_TOTALS  rows=147  TABLE/TABLE_RULED case=5264228-81.2025.8.09.0172 p=77
23:26:39   [535/1055] realbrasil.com.br UNKNOWN     QUARANTINED   rows=57   TABLE/TABLE_BANDS case=None p=7
23:26:39   [536/1055] stenius.com.br QGC         NO_ROWS       rows=0    TABLE/TABLE_BANDS case=5775908-92.2025.8.09.0014 p=3
23:27:01   [537/1055] mpbadmjudicial.com.br UNKNOWN     NO_TEXT_LAYER rows=0    NONE/ case=1033803-55.2025.8.11.0015 p=3
23:27:01   [538/1055] realbrasil.com.br QGC         QUARANTINED   rows=40   TABLE/TABLE_RULED case=None p=30
23:27:01   [539/1055] stenius.com.br QGC         NO_ROWS       rows=0    TABLE/TABLE_BANDS case=5775908-92.2025.8.09.0014 p=3
23:27:01   [540/1055] realbrasil.com.br AJ_LIST     OK_NO_TOTALS  rows=12   TABLE/TABLE_BANDS case=None p=2
23:27:01   [541/1055] stenius.com.br AJ_LIST     OK_NO_TOTALS  rows=31   TABLE/TABLE_RULED case=5401053-70.2026.8.09.0051 p=6
23:27:01   [542/1055] realbrasil.com.br UNKNOWN     OK_NO_TOTALS  rows=26   TABLE/TABLE_RULED case=0012812-06.2016.8.19.0068 p=1
23:27:02   [543/1055] stenius.com.br DEBTOR_LIST OK_NO_TOTALS  rows=764  TABLE/TABLE_BANDS case=5341375-33.2026.8.09.0049 p=20
23:27:02   [544/1055] stenius.com.br UNKNOWN     OK_NO_TOTALS  rows=574  TABLE/TABLE_BANDS case=5677250-87.2023.8.09.0051 p=23
23:27:02   [545/1055] realbrasil.com.br UNKNOWN     NO_ROWS       rows=0    TABLE/TABLE_BANDS case=1003074-40.2017.8.26.0296 p=10
23:27:02   [546/1055] stenius.com.br AJ_LIST     OK_NO_TOTALS  rows=532  TABLE/TABLE_RULED case=5677250-87.2023.8.09.0051 p=25
23:27:02   [547/1055] realbrasil.com.br QGC         OK_NO_TOTALS  rows=24   PROSE/PROSE case=1001363-82.2017.8.26.0301 p=2
23:27:02   [548/1055] stenius.com.br DEBTOR_LIST OK_NO_TOTALS  rows=519  TABLE/TABLE_BANDS case=6032681-62.2025.8.09.0051 p=14
23:27:02   [549/1055] realbrasil.com.br UNKNOWN     QUARANTINED   rows=1283 TABLE/TABLE_RULED case=0303781-85.2017.8.24.0011 p=61
23:27:02   [550/1055] stenius.com.br DEBTOR_LIST OK_NO_TOTALS  rows=1    PROSE/PROSE case=5824011-75.2025.8.09.0097 p=2
23:27:02   [551/1055] realbrasil.com.br QGC         QUARANTINED   rows=85   TABLE/TABLE_BANDS case=0303781-85.2017.8.24.0011 p=65
23:27:02   [552/1055] stenius.com.br DEBTOR_LIST OK_NO_TOTALS  rows=6    PROSE/PROSE case=5660592-49.2025.8.09.0105 p=14
23:27:02   [553/1055] realbrasil.com.br UNKNOWN     NO_TEXT_LAYER rows=0    NONE/ case=None p=3
23:27:02   [554/1055] stenius.com.br UNKNOWN     NO_ROWS       rows=0    TABLE/TABLE_BANDS case=5264228-81.2025.8.09.0172 p=8
23:27:02   [555/1055] realbrasil.com.br QGC         QUARANTINED   rows=10   TABLE/TABLE_BANDS case=1000201-93.2017.8.11.0002 p=13
23:27:02   [556/1055] stenius.com.br AJ_LIST     OK_NO_TOTALS  rows=12   TABLE/TABLE_RULED case=5264228-81.2025.8.09.0172 p=2
23:27:02   [557/1055] realbrasil.com.br QGC         OK_NO_TOTALS  rows=18   PROSE/PROSE case=None p=2
23:27:02   [558/1055] realbrasil.com.br UNKNOWN     OK_NO_TOTALS  rows=58   TABLE/TABLE_RULED case=1000201-93.2017.8.11.0002 p=2
23:27:02   [559/1055] realbrasil.com.br QGC         QUARANTINED   rows=68   TABLE/TABLE_RULED case=1000201-93.2017.8.11.0002 p=19
23:27:02   [560/1055] realbrasil.com.br UNKNOWN     NO_TEXT_LAYER rows=0    NONE/ case=None p=23
23:27:02   [561/1055] realbrasil.com.br PLAN        OK_NO_TOTALS  rows=33   PROSE/PROSE case=None p=4
23:27:02   [562/1055] realbrasil.com.br UNKNOWN     NO_ROWS       rows=0    TABLE/TABLE_BANDS case=0800158-20.2017.8.12.0033 p=19
23:27:02   [563/1055] realbrasil.com.br QGC         QUARANTINED   rows=60   TABLE/TABLE_RULED case=0800158-20.2017.8.12.0033 p=18
23:27:02   [564/1055] realbrasil.com.br DEBTOR_LIST OK_NO_TOTALS  rows=350  TABLE/TABLE_RULED case=0801893-91.2016.8.12.0011 p=27
23:27:02   [565/1055] realbrasil.com.br QGC         QUARANTINED   rows=44   TABLE/TABLE_RULED case=0801893-91.2016.8.12.0011 p=21
23:27:02   [566/1055] realbrasil.com.br DEBTOR_LIST OK_NO_TOTALS  rows=100  TABLE/TABLE_RULED case=0840917-59.2016.8.12.0001 p=9
23:27:02   [567/1055] realbrasil.com.br AJ_LIST     QUARANTINED   rows=111  TABLE/TABLE_RULED case=0840917-59.2016.8.12.0001 p=24
23:27:02   [568/1055] realbrasil.com.br QGC         OK_NO_TOTALS  rows=26   TABLE/TABLE_BANDS case=0840917-59.2016.8.12.0001 p=2
23:27:02   [569/1055] credibilita.com.br UNKNOWN     OK            rows=75   TABLE/TABLE_RULED case=1025706-74.2024.8.26.0309 p=4
23:27:02   [570/1055] credibilita.com.br AJ_LIST     NO_ROWS       rows=0    TABLE/TABLE_BANDS case=1025706-74.2024.8.26.0309 p=1
23:27:13   [571/1055] credibilita.com.br UNKNOWN     QUARANTINED   rows=890  TABLE/TABLE_RULED case=1025706-74.2024.8.26.0309 p=155
23:27:13   [572/1055] credibilita.com.br UNKNOWN     QUARANTINED   rows=44   TABLE/TABLE_BANDS case=5008465-92.2023.8.24.0023 p=57
23:27:13   [573/1055] credibilita.com.br AJ_LIST     NO_ROWS       rows=0    TABLE/TABLE_BANDS case=0000745-65.2017.8.16.0162 p=3
23:27:13   [574/1055] credibilita.com.br AJ_LIST     NO_ROWS       rows=0    TABLE/TABLE_BANDS case=0000745-65.2017.8.16.0162 p=3
23:27:13   [575/1055] credibilita.com.br UNKNOWN     QUARANTINED   rows=2068 PROSE/PROSE case=0000745-65.2017.8.16.0162 p=24
23:27:16   [576/1055] credibilita.com.br QGC         QUARANTINED   rows=30   TABLE/TABLE_BANDS case=0025258-69.2016.8.16.0021 p=57
23:27:40   [577/1055] credibilita.com.br UNKNOWN     QUARANTINED   rows=819  TABLE/TABLE_BANDS case=0002662-05.2024.8.16.0056 p=359
23:27:40   [578/1055] credibilita.com.br UNKNOWN     NO_ROWS       rows=0    TABLE/TABLE_BANDS case=0015091-73.2022.8.16.0185 p=8
23:27:40   [579/1055] credibilita.com.br AJ_LIST     QUARANTINED   rows=7    TABLE/TABLE_BANDS case=5012487-62.2024.8.24.0023 p=41
23:27:40   [580/1055] credibilita.com.br ERROR WORKER_EXIT_1: pdfplumber.utils.exceptions.PdfminerException: Unexpected EOF
23:27:40   [581/1055] brasiltrustee.com.br UNKNOWN     NO_ROWS       rows=0    TABLE/TABLE_BANDS case=0000941-21.2012.8.26.0101 p=9
23:27:40   [582/1055] credibilita.com.br AJ_LIST     NO_ROWS       rows=0    TABLE/TABLE_BANDS case=5012487-62.2024.8.24.0023 p=2
23:27:40   [583/1055] brasiltrustee.com.br UNKNOWN     NO_ROWS       rows=0    TABLE/TABLE_BANDS case=0000941-21.2012.8.26.0101 p=8
23:27:40   [584/1055] credibilita.com.br UNKNOWN     QUARANTINED   rows=4    TABLE/TABLE_BANDS case=5012487-62.2024.8.24.0023 p=15
23:27:40   [585/1055] credibilita.com.br UNKNOWN     OK_NO_TOTALS  rows=179  PROSE/PROSE case=5012487-62.2024.8.24.0023 p=18
23:27:40   [586/1055] brasiltrustee.com.br AJ_LIST     OK_NO_TOTALS  rows=2    TABLE/TABLE_BANDS case=1046550-03.2018.8.26.0100 p=4
23:27:40   [587/1055] credibilita.com.br AJ_LIST     QUARANTINED   rows=6    TABLE/TABLE_BANDS case=5024222-97.2021.8.24.0023 p=40
23:27:40   [588/1055] brasiltrustee.com.br QGC         OK_NO_TOTALS  rows=41   TABLE/TABLE_BANDS case=1068760-43.2021.8.26.0100 p=3
23:27:40   [589/1055] credibilita.com.br AJ_LIST     QUARANTINED   rows=1264 TABLE/TABLE_BANDS case=0006015-27.2016.8.16.0026 p=27
23:27:40   [590/1055] inova-aj.com.br PLAN        NO_ROWS       rows=0    TABLE/TABLE_BANDS case=0012239-96.2021.8.19.0001 p=2
23:27:40   [591/1055] brasiltrustee.com.br QGC         OK_NO_TOTALS  rows=1    TABLE/TABLE_BANDS case=1068760-43.2021.8.26.0100 p=3
23:27:40   [592/1055] credibilita.com.br QGC         QUARANTINED   rows=1287 TABLE/TABLE_BANDS case=0006015-27.2016.8.16.0026 p=69
23:27:40   [593/1055] inova-aj.com.br UNKNOWN     OK            rows=628  TABLE/TABLE_RULED case=0055090-53.2021.8.19.0001 p=21
23:27:40   [594/1055] credibilita.com.br UNKNOWN     NO_ROWS       rows=0    TABLE/TABLE_BANDS case=0086662-30.2025.8.16.0014 p=7
23:27:40   [595/1055] brasiltrustee.com.br UNKNOWN     NO_ROWS       rows=0    TABLE/TABLE_BANDS case=0000941-21.2012.8.26.0101 p=2
23:27:40   [596/1055] credibilita.com.br AJ_LIST     OK_NO_TOTALS  rows=32   PROSE/PROSE case=1006896-09.2026.8.11.0015 p=7
23:27:40   [597/1055] inova-aj.com.br DEBTOR_LIST QUARANTINED   rows=8    TABLE/TABLE_RULED case=0055090-53.2021.8.19.0001 p=32
23:27:40   [598/1055] brasiltrustee.com.br UNKNOWN     NO_ROWS       rows=0    TABLE/TABLE_BANDS case=0000941-21.2012.8.26.0101 p=1
23:27:40   [599/1055] credibilita.com.br DEBTOR_LIST NO_ROWS       rows=0    TABLE/TABLE_BANDS case=0000630-68.2026.8.16.0149 p=2
23:27:40   [600/1055] inova-aj.com.br QGC         NO_ROWS       rows=0    TABLE/TABLE_BANDS case=0022066-39.2018.8.19.0001 p=1
23:27:40   [601/1055] credibilita.com.br DEBTOR_LIST OK_NO_TOTALS  rows=44   TABLE/TABLE_BANDS case=0009800-26.2026.8.16.0194 p=22
23:27:40   [602/1055] inova-aj.com.br QGC         NO_ROWS       rows=0    TABLE/TABLE_BANDS case=0022066-39.2018.8.19.0001 p=1
23:27:40   [603/1055] brasiltrustee.com.br QGC         QUARANTINED   rows=25   TABLE/TABLE_BANDS case=1014708-31.2016.8.26.0114 p=2
23:27:40   [604/1055] credibilita.com.br UNKNOWN     OK_NO_TOTALS  rows=2308 TABLE/TABLE_BANDS case=0003679-79.2026.8.16.0194 p=46
23:27:40   [605/1055] inova-aj.com.br DEBTOR_LIST OK_NO_TOTALS  rows=8    PROSE/PROSE case=0022066-39.2018.8.19.0001 p=2
23:27:40   [606/1055] credibilita.com.br AJ_LIST     NO_ROWS       rows=0    TABLE/TABLE_BANDS case=0003679-79.2026.8.16.0194 p=2
23:27:40   [607/1055] brasiltrustee.com.br UNKNOWN     NO_ROWS       rows=0    TABLE/TABLE_BANDS case=0000941-21.2012.8.26.0101 p=6
23:27:40   [608/1055] inova-aj.com.br UNKNOWN     NO_ROWS       rows=0    TABLE/TABLE_BANDS case=0022066-39.2018.8.19.0001 p=2
23:27:59   [609/1055] credibilita.com.br AJ_LIST     OK_NO_TOTALS  rows=2254 TABLE/TABLE_BANDS case=0003679-79.2026.8.16.0194 p=23
23:27:59   [610/1055] brasiltrustee.com.br UNKNOWN     NO_ROWS       rows=0    TABLE/TABLE_BANDS case=0000941-21.2012.8.26.0101 p=7
23:27:59   [611/1055] credibilita.com.br QGC         OK_NO_TOTALS  rows=28   TABLE/TABLE_RULED case=0021390-07.2025.5.04.0004 p=11
23:27:59   [612/1055] inova-aj.com.br AJ_LIST     OK_NO_TOTALS  rows=1    TABLE/TABLE_BANDS case=0806815-98.2025.8.19.0001 p=4
23:27:59   [613/1055] brasiltrustee.com.br UNKNOWN     NO_TEXT_LAYER rows=0    NONE/ case=0000941-21.2012.8.26.0101 p=2
23:27:59   [614/1055] credibilita.com.br AJ_LIST     OK_NO_TOTALS  rows=30   PROSE/PROSE case=5003049-91.2026.8.21.0001 p=54
23:27:59   [615/1055] inova-aj.com.br UNKNOWN     OK_NO_TOTALS  rows=82   TABLE/TABLE_RULED case=0806815-98.2025.8.19.0001 p=2
23:27:59   [616/1055] credibilita.com.br AJ_LIST     OK_NO_TOTALS  rows=8    PROSE/PROSE case=5003049-91.2026.8.21.0001 p=2
23:27:59   [617/1055] brasiltrustee.com.br QGC         OK_NO_TOTALS  rows=6    TABLE/TABLE_BANDS case=0154809-22.2012.8.26.0100 p=6
23:27:59   [618/1055] credibilita.com.br DEBTOR_LIST OK_NO_TOTALS  rows=377  PROSE/PROSE case=0001154-67.2026.8.16.0019 p=7
23:27:59   [619/1055] inova-aj.com.br UNKNOWN     OK            rows=107  TABLE/TABLE_RULED case=0806815-98.2025.8.19.0001 p=4
23:27:59   [620/1055] brasiltrustee.com.br QGC         OK_NO_TOTALS  rows=360  PROSE/PROSE case=1039187-96.2017.8.26.0100 p=3
23:27:59   [621/1055] credibilita.com.br UNKNOWN     OK_NO_TOTALS  rows=60   TABLE/TABLE_RULED case=5057720-48.2025.8.24.0023 p=2
23:27:59   [622/1055] inova-aj.com.br AJ_LIST     OK_NO_TOTALS  rows=108  PROSE/PROSE case=0949160-58.2023.8.19.0001 p=1
23:27:59   [623/1055] credibilita.com.br UNKNOWN     QUARANTINED   rows=88   TABLE/TABLE_BANDS case=0021370-77.2024.8.16.0194 p=3
23:27:59   [624/1055] inova-aj.com.br UNKNOWN     OK_NO_TOTALS  rows=112  TABLE/TABLE_RULED case=0949160-58.2023.8.19.0001 p=5
23:28:13   [625/1055] brasiltrustee.com.br UNKNOWN     NO_ROWS       rows=0    TABLE/TABLE_BANDS case=0000941-21.2012.8.26.0101 p=3
23:28:13   [626/1055] credibilita.com.br UNKNOWN     OK_NO_TOTALS  rows=48   TABLE/TABLE_BANDS case=0021370-77.2024.8.16.0194 p=3
23:28:13   [627/1055] inova-aj.com.br UNKNOWN     OK_NO_TOTALS  rows=110  TABLE/TABLE_RULED case=0949160-58.2023.8.19.0001 p=5
23:28:13   [628/1055] credibilita.com.br UNKNOWN     NO_ROWS       rows=0    TABLE/TABLE_BANDS case=0007961-95.2023.8.16.0185 p=1
23:28:13   [629/1055] brasiltrustee.com.br UNKNOWN     NO_ROWS       rows=0    TABLE/TABLE_BANDS case=0000941-21.2012.8.26.0101 p=2
23:28:13   [630/1055] inova-aj.com.br UNKNOWN     OK_NO_TOTALS  rows=1    TABLE/TABLE_BANDS case=0928454-54.2023.8.19.0001 p=4
23:28:13   [631/1055] credibilita.com.br UNKNOWN     NO_ROWS       rows=18   TABLE/TABLE_BANDS case=1025706-74.2024.8.26.0309 p=23
23:28:13   [632/1055] inova-aj.com.br AJ_LIST     QUARANTINED   rows=1    TABLE/TABLE_RULED case=0928454-54.2023.8.19.0001 p=6
23:28:13   [633/1055] brasiltrustee.com.br QGC         QUARANTINED   rows=37   TABLE/TABLE_BANDS case=1000130-26.2023.8.26.0144 p=4
23:28:13   [634/1055] credibilita.com.br UNKNOWN     NO_ROWS       rows=0    PROSE/PROSE case=1025706-74.2024.8.26.0309 p=39
23:28:13   [635/1055] rlg-aj.com.br DEBTOR_LIST QUARANTINED   rows=50   TABLE/TABLE_RULED case=5011460-76.2025.8.21.0028 p=6
23:28:13   [636/1055] credibilita.com.br AJ_LIST     OK_NO_TOTALS  rows=6    TABLE/TABLE_BANDS case=1025706-74.2024.8.26.0309 p=60
23:28:13   [637/1055] brasiltrustee.com.br UNKNOWN     NO_ROWS       rows=0    TABLE/TABLE_BANDS case=0000941-21.2012.8.26.0101 p=8
23:28:13   [638/1055] inova-aj.com.br UNKNOWN     OK_NO_TOTALS  rows=295  TABLE/TABLE_RULED case=0928454-54.2023.8.19.0001 p=10
23:28:13   [639/1055] credibilita.com.br PLAN        QUARANTINED   rows=2    TABLE/TABLE_BANDS case=5008465-92.2023.8.24.0023 p=38
23:28:16   [640/1055] rlg-aj.com.br QGC         OK_NO_TOTALS  rows=903  TABLE/TABLE_RULED case=5001743-15.2025.8.08.0024 p=17
23:28:16   [641/1055] inova-aj.com.br AJ_LIST     OK_NO_TOTALS  rows=81   PROSE/PROSE case=0873061-47.2023.8.19.0001 p=3
23:28:16   [642/1055] credibilita.com.br AJ_LIST     OK_NO_TOTALS  rows=1    TABLE/TABLE_BANDS case=5008465-92.2023.8.24.0023 p=14
23:28:16   [643/1055] brasiltrustee.com.br UNKNOWN     NO_ROWS       rows=0    TABLE/TABLE_BANDS case=0000941-21.2012.8.26.0101 p=6
23:28:16   [644/1055] rlg-aj.com.br AJ_LIST     OK_NO_TOTALS  rows=2    TABLE/TABLE_BANDS case=5001743-15.2025.8.08.0024 p=5
23:28:16   [645/1055] inova-aj.com.br AJ_LIST     OK_NO_TOTALS  rows=83   TABLE/TABLE_RULED case=0873061-47.2023.8.19.0001 p=2
23:28:16   [646/1055] brasiltrustee.com.br UNKNOWN     NO_ROWS       rows=0    TABLE/TABLE_BANDS case=0000941-21.2012.8.26.0101 p=2
23:28:21   [647/1055] rlg-aj.com.br AJ_LIST     QUARANTINED   rows=672  TABLE/TABLE_BANDS case=5001743-15.2025.8.08.0024 p=48
23:28:21   [648/1055] inova-aj.com.br AJ_LIST     OK_NO_TOTALS  rows=84   TABLE/TABLE_RULED case=0873061-47.2023.8.19.0001 p=2
23:28:21   [649/1055] inova-aj.com.br AJ_LIST     OK            rows=86   TABLE/TABLE_RULED case=0873061-47.2023.8.19.0001 p=2
23:28:21   [650/1055] brasiltrustee.com.br UNKNOWN     NO_ROWS       rows=0    TABLE/TABLE_BANDS case=0000941-21.2012.8.26.0101 p=2
23:28:21   [651/1055] inova-aj.com.br AJ_LIST     OK            rows=86   TABLE/TABLE_RULED case=0873061-47.2023.8.19.0001 p=2
23:28:30   [652/1055] rlg-aj.com.br AJ_LIST     QUARANTINED   rows=666  TABLE/TABLE_BANDS case=5001743-15.2025.8.08.0024 p=48
23:28:30   [653/1055] rlg-aj.com.br AJ_LIST     OK            rows=584  TABLE/TABLE_BANDS case=5001743-15.2025.8.08.0024 p=33
23:29:05   [654/1055] inova-aj.com.br UNKNOWN     QUARANTINED   rows=5132 TABLE/TABLE_BANDS case=0013123-93.2017.5.15.0077 p=71
23:29:05   [655/1055] rlg-aj.com.br AJ_LIST     OK_NO_TOTALS  rows=34   PROSE/PROSE case=5004799-61.2024.8.24.0019 p=289
23:29:05   [656/1055] brasiltrustee.com.br UNKNOWN     NO_TEXT_LAYER rows=0    NONE/ case=0000941-21.2012.8.26.0101 p=48
23:29:05   [657/1055] inova-aj.com.br DEBTOR_LIST QUARANTINED   rows=119  TABLE/TABLE_BANDS case=0047010-37.2020.8.19.0001 p=157
23:29:05   [658/1055] inova-aj.com.br AJ_LIST     QUARANTINED   rows=5    TABLE/TABLE_BANDS case=0047010-37.2020.8.19.0001 p=102
23:29:05   [659/1055] brasiltrustee.com.br QGC         OK_NO_TOTALS  rows=1448 PROSE/PROSE case=0035171-19.2017.8.26.0100 p=9
23:29:55   [660/1055] rlg-aj.com.br ERROR WORKER_EXIT_1: MemoryError
23:29:55   [661/1055] inova-aj.com.br AJ_LIST     NO_ROWS       rows=0    TABLE/TABLE_BANDS case=0020395-10.2020.8.19.0001 p=1
23:29:55   [662/1055] brasiltrustee.com.br DEBTOR_LIST OK_NO_TOTALS  rows=599  PROSE/PROSE case=1011783-19.2017.8.26.0602 p=6
23:29:55   [663/1055] rlg-aj.com.br DEBTOR_LIST QUARANTINED   rows=22   TABLE/TABLE_BANDS case=5005840-92.2026.8.24.0019 p=19
23:29:55   [664/1055] inova-aj.com.br AJ_LIST     NO_ROWS       rows=0    TABLE/TABLE_BANDS case=0020395-10.2020.8.19.0001 p=1
23:29:55   [665/1055] brasiltrustee.com.br QGC         OK_NO_TOTALS  rows=427  PROSE/PROSE case=1004204-09.2020.8.26.0604 p=7
23:29:55   [666/1055] inova-aj.com.br DEBTOR_LIST QUARANTINED   rows=1001 TABLE/TABLE_RULED case=0020395-10.2020.8.19.0001 p=25
23:29:55   [667/1055] inova-aj.com.br AJ_LIST     OK            rows=1006 TABLE/TABLE_RULED case=0020395-10.2020.8.19.0001 p=25
23:29:55   [668/1055] brasiltrustee.com.br AJ_LIST     OK_NO_TOTALS  rows=3    TABLE/TABLE_BANDS case=1013435-20.2015.8.26.0577 p=4
23:29:55   [669/1055] inova-aj.com.br UNKNOWN     NO_ROWS       rows=0    TABLE/TABLE_BANDS case=1116156-84.2019.8.26.0100 p=1
23:29:55   [670/1055] brasiltrustee.com.br AJ_LIST     OK_NO_TOTALS  rows=2    PROSE/PROSE case=0009773-70.2012.8.26.0577 p=3
23:29:55   [671/1055] inova-aj.com.br UNKNOWN     OK            rows=406  TABLE/TABLE_RULED case=1116156-84.2019.8.26.0100 p=53
23:29:55   [672/1055] brasiltrustee.com.br UNKNOWN     QUARANTINED   rows=133  TABLE/TABLE_BANDS case=1000012-65.2024.8.26.0354 p=5
23:29:55   [673/1055] inova-aj.com.br AJ_LIST     OK            rows=160  TABLE/TABLE_RULED case=1116156-84.2019.8.26.0100 p=5
23:29:55   [674/1055] rlg-aj.com.br ERROR WORKER_EXIT_1: pdfplumber.utils.exceptions.PdfminerException: Unexpected EOF
23:29:55   [675/1055] brasiltrustee.com.br DEBTOR_LIST NO_ROWS       rows=0    TABLE/TABLE_BANDS case=1000012-65.2024.8.26.0354 p=2
23:29:55   [676/1055] inova-aj.com.br AJ_LIST     NO_ROWS       rows=0    TABLE/TABLE_BANDS case=0194044-84.2018.8.19.0001 p=2
23:29:55   [677/1055] brasiltrustee.com.br UNKNOWN     NO_TEXT_LAYER rows=0    NONE/ case=0000941-21.2012.8.26.0101 p=4
23:29:55   [678/1055] inova-aj.com.br AJ_LIST     QUARANTINED   rows=762  TABLE/TABLE_RULED case=0194044-84.2018.8.19.0001 p=50
23:29:55   [679/1055] inova-aj.com.br DEBTOR_LIST QUARANTINED   rows=998  TABLE/TABLE_RULED case=0194044-84.2018.8.19.0001 p=24
23:29:55   [680/1055] inova-aj.com.br AJ_LIST     OK            rows=201  TABLE/TABLE_RULED case=0141112-22.2018.8.19.0001 p=10
23:29:55   [681/1055] inova-aj.com.br DEBTOR_LIST OK            rows=201  TABLE/TABLE_RULED case=0141112-22.2018.8.19.0001 p=11
23:29:55   [682/1055] rlg-aj.com.br AJ_LIST     OK_NO_TOTALS  rows=263  TABLE/TABLE_RULED case=5074883-62.2023.8.21.0001 p=5
23:29:55   [683/1055] brasiltrustee.com.br ERROR WORKER_EXIT_1: pdfplumber.utils.exceptions.PdfminerException: Unexpected EOF
23:29:55   [684/1055] rlg-aj.com.br DEBTOR_LIST OK            rows=9    TABLE/TABLE_RULED case=5008630-83.2025.8.24.0019 p=3
23:29:55   [685/1055] inova-aj.com.br UNKNOWN     NO_ROWS       rows=1    TABLE/TABLE_BANDS case=0070460-77.2018.8.19.0001 p=1
23:29:55   [686/1055] rlg-aj.com.br AJ_LIST     OK            rows=9    TABLE/TABLE_BANDS case=5008630-83.2025.8.24.0019 p=3
23:29:55   [687/1055] brasiltrustee.com.br UNKNOWN     NO_TEXT_LAYER rows=0    NONE/ case=0000941-21.2012.8.26.0101 p=25
23:29:55   [688/1055] inova-aj.com.br DEBTOR_LIST NO_ROWS       rows=0    TABLE/TABLE_BANDS case=0070460-77.2018.8.19.0001 p=47
23:29:55   [689/1055] rlg-aj.com.br UNKNOWN     QUARANTINED   rows=282  TABLE/TABLE_BANDS case=5008550-51.2025.8.08.0024 p=8
23:29:55   [690/1055] brasiltrustee.com.br UNKNOWN     NO_ROWS       rows=0    TABLE/TABLE_BANDS case=0000941-21.2012.8.26.0101 p=10
23:29:55   [691/1055] rlg-aj.com.br UNKNOWN     NO_TEXT_LAYER rows=0    NONE/ case=1074600-92.2025.8.11.0041 p=1
23:29:55   [692/1055] inova-aj.com.br AJ_LIST     NO_ROWS       rows=0    TABLE/TABLE_BANDS case=0070460-77.2018.8.19.0001 p=53
23:29:55   [693/1055] brasiltrustee.com.br QGC         OK_NO_TOTALS  rows=628  PROSE/PROSE case=1035775-55.2020.8.26.0100 p=14
23:29:55   [694/1055] rlg-aj.com.br AJ_LIST     OK_NO_TOTALS  rows=11   TABLE/TABLE_BANDS case=1074600-92.2025.8.11.0041 p=7
23:29:55   [695/1055] brasiltrustee.com.br DEBTOR_LIST OK_NO_TOTALS  rows=12   PROSE/PROSE case=1000021-46.2023.8.26.0359 p=10
23:29:55   [696/1055] inova-aj.com.br AJ_LIST     QUARANTINED   rows=1017 TABLE/TABLE_BANDS case=0289751-84.2015.8.19.0001 p=19
23:29:55   [697/1055] rlg-aj.com.br AJ_LIST     QUARANTINED   rows=50   TABLE/TABLE_RULED case=1074600-92.2025.8.11.0041 p=18
23:29:55   [698/1055] brasiltrustee.com.br QGC         OK_NO_TOTALS  rows=162  PROSE/PROSE case=1054969-12.2018.8.26.0100 p=5
23:29:55   [699/1055] inova-aj.com.br UNKNOWN     NO_ROWS       rows=1    TABLE/TABLE_BANDS case=0024643-24.2017.8.19.0001 p=1
23:29:55   [700/1055] brasiltrustee.com.br QGC         QUARANTINED   rows=4    TABLE/TABLE_BANDS case=1080989-79.2014.8.26.0100 p=2
23:29:55   [701/1055] rlg-aj.com.br UNKNOWN     QUARANTINED   rows=364  TABLE/TABLE_RULED case=5022382-25.2023.8.08.0024 p=18
23:29:55   [702/1055] brasiltrustee.com.br DEBTOR_LIST OK_NO_TOTALS  rows=68   PROSE/PROSE case=1036296-61.2019.8.26.0576 p=2
23:29:55   [703/1055] inova-aj.com.br UNKNOWN     OK_NO_TOTALS  rows=510  TABLE/TABLE_RULED case=0024643-24.2017.8.19.0001 p=14
23:29:55   [704/1055] rlg-aj.com.br UNKNOWN     NO_ROWS       rows=0    TABLE/TABLE_BANDS case=5022382-25.2023.8.08.0024 p=6
23:29:55   [705/1055] brasiltrustee.com.br QGC         NO_ROWS       rows=2    TABLE/TABLE_BANDS case=1036296-61.2019.8.26.0576 p=2
23:29:55   [706/1055] rlg-aj.com.br UNKNOWN     NO_ROWS       rows=0    TABLE/TABLE_BANDS case=5001024-38.2024.8.24.0019 p=3
23:29:55   [707/1055] brasiltrustee.com.br DEBTOR_LIST OK_NO_TOTALS  rows=161  PROSE/PROSE case=1032741-02.2020.8.26.0576 p=3
23:29:55   [708/1055] brasiltrustee.com.br QGC         OK_NO_TOTALS  rows=125  PROSE/PROSE case=1032741-02.2020.8.26.0576 p=4
23:29:55   [709/1055] rlg-aj.com.br UNKNOWN     OK_NO_TOTALS  rows=55   TABLE/TABLE_RULED case=5001024-38.2024.8.24.0019 p=6
23:29:55   [710/1055] brasiltrustee.com.br QGC         OK_NO_TOTALS  rows=48   PROSE/PROSE case=0008458-20.2020.8.26.0482 p=3
23:29:55   [711/1055] rlg-aj.com.br AJ_LIST     QUARANTINED   rows=55   TABLE/TABLE_BANDS case=5001024-38.2024.8.24.0019 p=5
23:29:56   [712/1055] inova-aj.com.br UNKNOWN     OK_NO_TOTALS  rows=1218 TABLE/TABLE_BANDS case=0024643-24.2017.8.19.0001 p=44
23:29:56   [713/1055] brasiltrustee.com.br QGC         QUARANTINED   rows=16   TABLE/TABLE_BANDS case=1012325-67.2021.8.26.0482 p=2
23:29:56   [714/1055] rlg-aj.com.br UNKNOWN     OK_NO_TOTALS  rows=39   TABLE/TABLE_BANDS case=5009149-92.2024.8.24.0019 p=4
23:29:57   [715/1055] inova-aj.com.br QGC         OK            rows=1007 TABLE/TABLE_RULED case=0024643-24.2017.8.19.0001 p=52
23:29:57   [716/1055] brasiltrustee.com.br AJ_LIST     OK_NO_TOTALS  rows=312  PROSE/PROSE case=1000506-49.2019.8.26.0565 p=4
23:29:57   [717/1055] brasiltrustee.com.br QGC         OK_NO_TOTALS  rows=4    TABLE/TABLE_BANDS case=1000506-49.2019.8.26.0565 p=1
23:29:57   [718/1055] rlg-aj.com.br UNKNOWN     OK_NO_TOTALS  rows=38   TABLE/TABLE_BANDS case=5009149-92.2024.8.24.0019 p=1
23:29:59   [719/1055] rlg-aj.com.br DEBTOR_LIST QUARANTINED   rows=11   TABLE/TABLE_BANDS case=5009149-92.2024.8.24.0019 p=6
23:29:59   [720/1055] brasiltrustee.com.br UNKNOWN     OK            rows=49   TABLE/TABLE_RULED case=0000941-21.2012.8.26.0101 p=4
23:29:59   [721/1055] brasiltrustee.com.br DEBTOR_LIST NO_ROWS       rows=5    TABLE/TABLE_BANDS case=1000238-30.2022.8.26.0390 p=2
23:29:59   [722/1055] rlg-aj.com.br UNKNOWN     NO_TEXT_LAYER rows=0    NONE/ case=0001557-75.2004.8.24.0054 p=6
23:29:59   [723/1055] brasiltrustee.com.br QGC         QUARANTINED   rows=17   TABLE/TABLE_BANDS case=1001087-02.2022.8.26.0390 p=2
23:29:59   [724/1055] brasiltrustee.com.br QGC         NO_ROWS       rows=0    TABLE/TABLE_BANDS case=1001087-02.2022.8.26.0390 p=2
23:30:26   [725/1055] rlg-aj.com.br UNKNOWN     NO_TEXT_LAYER rows=0    NONE/ case=5001743-15.2025.8.08.0024 p=26
23:30:26   [726/1055] brasiltrustee.com.br AJ_LIST     NO_ROWS       rows=20   TABLE/TABLE_BANDS case=1001790-97.2017.8.26.0101 p=16
23:30:26   [727/1055] brasiltrustee.com.br QGC         OK_NO_TOTALS  rows=8    PROSE/PROSE case=1001790-97.2017.8.26.0101 p=13
23:30:26   [728/1055] rlg-aj.com.br UNKNOWN     NO_ROWS       rows=0    TABLE/TABLE_BANDS case=5001299-84.2024.8.24.0019 p=3
23:31:10   [729/1055] inova-aj.com.br ERROR WORKER_EXIT_120: MemoryError
23:31:10   [730/1055] rlg-aj.com.br AJ_LIST     QUARANTINED   rows=15   TABLE/TABLE_RULED case=5001299-84.2024.8.24.0019 p=3
23:31:10   [731/1055] inova-aj.com.br UNKNOWN     OK_NO_TOTALS  rows=2137 TABLE/TABLE_RULED case=0287128-76.2017.8.19.0001 p=83
23:31:10   [732/1055] inova-aj.com.br AJ_LIST     NO_ROWS       rows=0    TABLE/TABLE_BANDS case=0078610-63.1989.8.19.0001 p=1
23:31:10   [733/1055] rlg-aj.com.br AJ_LIST     OK_NO_TOTALS  rows=7    PROSE/PROSE case=5004799-61.2024.8.24.0019 p=25
23:31:10   [734/1055] inova-aj.com.br UNKNOWN     OK_NO_TOTALS  rows=46   TABLE/TABLE_RULED case=0078610-63.1989.8.19.0001 p=2
23:31:10   [735/1055] rlg-aj.com.br AJ_LIST     QUARANTINED   rows=158  TABLE/TABLE_RULED case=5004799-61.2024.8.24.0019 p=20
23:31:10   [736/1055] inova-aj.com.br AJ_LIST     NO_ROWS       rows=0    TABLE/TABLE_BANDS case=0014118-50.2014.8.19.0045 p=5
23:31:10   [737/1055] rlg-aj.com.br UNKNOWN     NO_TEXT_LAYER rows=0    NONE/ case=0006899-25.1998.8.24.0039 p=3
23:31:10   [738/1055] gatekeeperaj.com.br AJ_LIST     NO_ROWS       rows=4    TABLE/TABLE_BANDS case=1016130-10.2021.8.26.0003 p=2
23:31:10   [739/1055] gatekeeperaj.com.br AJ_LIST     OK_NO_TOTALS  rows=4    TABLE/TABLE_BANDS case=0000335-78.2024.8.26.0260 p=2
23:31:10   [740/1055] inova-aj.com.br UNKNOWN     OK_NO_TOTALS  rows=98   TABLE/TABLE_RULED case=0014118-50.2014.8.19.0045 p=2
23:31:10   [741/1055] rlg-aj.com.br AJ_LIST     OK_NO_TOTALS  rows=1    TABLE/TABLE_BANDS case=5022281-22.2022.8.08.0024 p=4
23:31:10   [742/1055] gatekeeperaj.com.br AJ_LIST     NO_ROWS       rows=0    TABLE/TABLE_BANDS case=1016130-10.2021.8.26.0003 p=2
23:31:10   [743/1055] inova-aj.com.br UNKNOWN     QUARANTINED   rows=819  TABLE/TABLE_BANDS case=0014118-50.2014.8.19.0045 p=24
23:31:10   [744/1055] rlg-aj.com.br AJ_LIST     OK_NO_TOTALS  rows=1    TABLE/TABLE_BANDS case=5022281-22.2022.8.08.0024 p=3
23:31:10   [745/1055] gatekeeperaj.com.br QGC         NO_ROWS       rows=3    TABLE/TABLE_BANDS case=1016130-10.2021.8.26.0003 p=2
23:31:10   [746/1055] inova-aj.com.br QGC         OK_NO_TOTALS  rows=197  PROSE/PROSE case=0017235-66.1986.8.19.0001 p=3
23:31:10   [747/1055] gatekeeperaj.com.br QGC         QUARANTINED   rows=5    TABLE/TABLE_RULED case=0000335-78.2024.8.26.0260 p=6
23:31:10   [748/1055] inova-aj.com.br QGC         OK_NO_TOTALS  rows=2    TABLE/TABLE_BANDS case=0215119-83.1998.8.19.0001 p=1
23:31:42   [749/1055] rlg-aj.com.br ERROR WORKER_EXIT_1: SystemError: error return without exception set
23:31:42   [750/1055] gatekeeperaj.com.br QGC         OK_NO_TOTALS  rows=4    TABLE/TABLE_RULED case=1083995-84.2020.8.26.0100 p=1
23:31:42   [751/1055] gatekeeperaj.com.br UNKNOWN     OK_NO_TOTALS  rows=25   TABLE/TABLE_BANDS case=1501181-71.2016.8.26.0625 p=1
23:31:42   [752/1055] rlg-aj.com.br UNKNOWN     NO_TEXT_LAYER rows=0    NONE/ case=5092815-63.2023.8.21.0001 p=3
23:31:42   [753/1055] inova-aj.com.br AJ_LIST     OK            rows=153  TABLE/TABLE_RULED case=1076662-18.2019.8.26.0100 p=14
23:31:42   [754/1055] gatekeeperaj.com.br QGC         OK_NO_TOTALS  rows=22   TABLE/TABLE_RULED case=0000335-78.2024.8.26.0260 p=6
23:31:43   [755/1055] rlg-aj.com.br AJ_LIST     QUARANTINED   rows=1743 TABLE/TABLE_RULED case=5092815-63.2023.8.21.0001 p=24
23:31:43   [756/1055] inova-aj.com.br UNKNOWN     NO_ROWS       rows=0    PROSE/PROSE case=0029506-77.2004.8.19.0001 p=5
23:31:43   [757/1055] gatekeeperaj.com.br AJ_LIST     OK            rows=29   TABLE/TABLE_RULED case=1045338-78.2017.8.26.0100 p=4
23:31:43   [758/1055] rlg-aj.com.br QGC         QUARANTINED   rows=1324 TABLE/TABLE_RULED case=5092815-63.2023.8.21.0001 p=172
23:31:43   [759/1055] gatekeeperaj.com.br QGC         OK            rows=20   TABLE/TABLE_RULED case=1045338-78.2017.8.26.0100 p=2
23:31:43   [760/1055] rlg-aj.com.br QGC         OK_NO_TOTALS  rows=8    TABLE/TABLE_BANDS case=0000635-08.2003.8.08.0024 p=6
23:31:43   [761/1055] inova-aj.com.br UNKNOWN     NO_TEXT_LAYER rows=0    NONE/ case=0029506-77.2004.8.19.0001 p=16
23:31:43   [762/1055] gatekeeperaj.com.br AJ_LIST     OK_NO_TOTALS  rows=6243 PROSE/PROSE case=0255180-67.2007.8.26.0100 p=74
23:31:43   [763/1055] inova-aj.com.br UNKNOWN     OK_NO_TOTALS  rows=363  TABLE/TABLE_RULED case=0139448-14.2022.8.19.0001 p=18
23:31:43   [764/1055] gatekeeperaj.com.br QGC         QUARANTINED   rows=6149 TABLE/TABLE_RULED case=0255180-67.2007.8.26.0100 p=165
23:31:43   [765/1055] rlg-aj.com.br PLAN        NO_ROWS       rows=7    TABLE/TABLE_BANDS case=5011460-76.2025.8.21.0028 p=29
23:31:43   [766/1055] inova-aj.com.br QGC         OK_NO_TOTALS  rows=57   PROSE/PROSE case=0054509-78.1997.8.19.0001 p=2
23:31:43   [767/1055] gatekeeperaj.com.br QGC         OK            rows=6490 TABLE/TABLE_RULED case=0255180-67.2007.8.26.0100 p=86
23:31:43   [768/1055] rlg-aj.com.br PLAN        OK_NO_TOTALS  rows=6    TABLE/TABLE_BANDS case=5001743-15.2025.8.08.0024 p=29
23:31:43   [769/1055] inova-aj.com.br QGC         OK_NO_TOTALS  rows=95   PROSE/PROSE case=0054509-78.1997.8.19.0001 p=2
23:31:43   [770/1055] gatekeeperaj.com.br UNKNOWN     OK_NO_TOTALS  rows=5    TABLE/TABLE_BANDS case=0007113-75.2018.8.26.0001 p=1
23:31:43   [771/1055] rlg-aj.com.br AJ_LIST     OK_NO_TOTALS  rows=2    TABLE/TABLE_BANDS case=5001743-15.2025.8.08.0024 p=6
23:31:43   [772/1055] gatekeeperaj.com.br AJ_LIST     OK_NO_TOTALS  rows=6    TABLE/TABLE_BANDS case=1005079-94.2024.8.26.0100 p=4
23:31:43   [773/1055] gatekeeperaj.com.br QGC         OK_NO_TOTALS  rows=5    TABLE/TABLE_BANDS case=1005079-94.2024.8.26.0100 p=5
23:31:43   [774/1055] rlg-aj.com.br QGC         OK_NO_TOTALS  rows=32   TABLE/TABLE_RULED case=5004799-61.2024.8.24.0019 p=55
23:31:43   [775/1055] gatekeeperaj.com.br QGC         OK            rows=17   TABLE/TABLE_RULED case=1005079-94.2024.8.26.0100 p=6
23:31:43   [776/1055] cb2d.com.br UNKNOWN     NO_TEXT_LAYER rows=0    NONE/ case=5001386-56.2018.8.21.0044 p=1
23:31:43   [777/1055] rlg-aj.com.br AJ_LIST     NO_ROWS       rows=0    TABLE/TABLE_BANDS case=5004799-61.2024.8.24.0019 p=6
23:31:43   [778/1055] gatekeeperaj.com.br AJ_LIST     QUARANTINED   rows=392  PROSE/PROSE case=1006507-24.2018.8.26.0100 p=3
23:31:43   [779/1055] cb2d.com.br AJ_LIST     QUARANTINED   rows=410  TABLE/TABLE_BANDS case=5003874-98.2022.8.21.0090 p=10
23:32:01   [780/1055] gatekeeperaj.com.br AJ_LIST     QUARANTINED   rows=1913 TABLE/TABLE_BANDS case=1132347-05.2022.8.26.0100 p=109
23:32:01   [781/1055] cb2d.com.br AJ_LIST     OK_NO_TOTALS  rows=142  PROSE/PROSE case=5004592-19.2024.8.21.0028 p=3
23:32:01   [782/1055] gatekeeperaj.com.br QGC         QUARANTINED   rows=699  TABLE/TABLE_RULED case=0000335-78.2024.8.26.0260 p=37
23:32:01   [783/1055] cb2d.com.br UNKNOWN     NO_ROWS       rows=1    TABLE/TABLE_BANDS case=5021496-35.2023.8.21.0001 p=1
23:32:01   [784/1055] gatekeeperaj.com.br QGC         QUARANTINED   rows=669  TABLE/TABLE_RULED case=1132347-05.2022.8.26.0100 p=15
23:32:01   [785/1055] cb2d.com.br AJ_LIST     OK_NO_TOTALS  rows=8    TABLE/TABLE_BANDS case=5021496-35.2023.8.21.0001 p=8
23:32:01   [786/1055] gatekeeperaj.com.br QGC         OK_NO_TOTALS  rows=8    TABLE/TABLE_RULED case=0000335-78.2024.8.26.0260 p=3
23:32:01   [787/1055] cb2d.com.br AJ_LIST     OK_NO_TOTALS  rows=223  PROSE/PROSE case=5007435-75.2024.8.21.0021 p=4
23:32:01   [788/1055] gatekeeperaj.com.br DEBTOR_LIST NO_ROWS       rows=4    TABLE/TABLE_BANDS case=1090375-65.2016.8.26.0100 p=2
23:32:01   [789/1055] cb2d.com.br AJ_LIST     OK_NO_TOTALS  rows=1041 PROSE/PROSE case=5007531-46.2021.8.21.0005 p=9
23:32:01   [790/1055] gatekeeperaj.com.br QGC         QUARANTINED   rows=9    TABLE/TABLE_RULED case=0000335-78.2024.8.26.0260 p=6
23:32:01   [791/1055] rlg-aj.com.br ERROR WORKER_EXIT_1: pdfplumber.utils.exceptions.PdfminerException: Unexpected EOF
23:32:01   [792/1055] cb2d.com.br AJ_LIST     QUARANTINED   rows=219  TABLE/TABLE_BANDS case=5013238-95.2023.8.24.0019 p=6
23:32:01   [793/1055] gatekeeperaj.com.br QGC         OK            rows=3    TABLE/TABLE_RULED case=0000335-78.2024.8.26.0260 p=3
23:32:01   [794/1055] cb2d.com.br AJ_LIST     OK_NO_TOTALS  rows=20   TABLE/TABLE_BANDS case=5000152-26.2023.8.21.0121 p=3
23:32:01   [795/1055] gatekeeperaj.com.br AJ_LIST     OK_NO_TOTALS  rows=1    PROSE/PROSE case=5308338-84.2023.8.13.0024 p=2
23:32:01   [796/1055] rlg-aj.com.br AJ_LIST     NO_ROWS       rows=3    TABLE/TABLE_BANDS case=5074883-62.2023.8.21.0001 p=2
23:32:01   [797/1055] gatekeeperaj.com.br AJ_LIST     NO_ROWS       rows=4    TABLE/TABLE_BANDS case=1026537-46.2019.8.26.0100 p=6
23:32:01   [798/1055] gatekeeperaj.com.br AJ_LIST     OK_NO_TOTALS  rows=2    TABLE/TABLE_BANDS case=1048631-46.2023.8.26.0100 p=2
23:32:01   [799/1055] rlg-aj.com.br PLAN        NO_ROWS       rows=0    TABLE/TABLE_BANDS case=5074883-62.2023.8.21.0001 p=27
23:32:01   [800/1055] cb2d.com.br AJ_LIST     OK_NO_TOTALS  rows=9    TABLE/TABLE_BANDS case=5001013-67.2017.8.21.0009 p=1
23:32:01   [801/1055] gatekeeperaj.com.br QGC         OK_NO_TOTALS  rows=12   TABLE/TABLE_RULED case=0000335-78.2024.8.26.0260 p=7
23:32:01   [802/1055] rlg-aj.com.br AJ_LIST     OK_NO_TOTALS  rows=15   TABLE/TABLE_BANDS case=5074883-62.2023.8.21.0001 p=10
23:32:01   [803/1055] gatekeeperaj.com.br QGC         OK_NO_TOTALS  rows=47   TABLE/TABLE_RULED case=0000335-78.2024.8.26.0260 p=6
23:32:01   [804/1055] cb2d.com.br AJ_LIST     QUARANTINED   rows=14   TABLE/TABLE_BANDS case=5009369-87.2022.8.21.0005 p=2
23:32:01   [805/1055] cb2d.com.br UNKNOWN     NO_TEXT_LAYER rows=0    NONE/ case=5009369-87.2022.8.21.0005 p=2
23:32:01   [806/1055] gatekeeperaj.com.br ERROR WORKER_EXIT_1: pdfplumber.utils.exceptions.PdfminerException: Unexpected EOF
23:32:01   [807/1055] rlg-aj.com.br PLAN        QUARANTINED   rows=42   TABLE/TABLE_BANDS case=5008630-83.2025.8.24.0019 p=79
23:32:01   [808/1055] rlg-aj.com.br PLAN        OK_NO_TOTALS  rows=3    TABLE/TABLE_RULED case=5008630-83.2025.8.24.0019 p=35
23:32:01   [809/1055] gatekeeperaj.com.br QGC         QUARANTINED   rows=670  TABLE/TABLE_RULED case=0000335-78.2024.8.26.0260 p=48
23:32:01   [810/1055] rlg-aj.com.br UNKNOWN     QUARANTINED   rows=5    TABLE/TABLE_BANDS case=5008550-51.2025.8.08.0024 p=40
23:32:01   [811/1055] gatekeeperaj.com.br AJ_LIST     NO_ROWS       rows=2    TABLE/TABLE_BANDS case=0000335-78.2024.8.26.0260 p=1
23:32:07   [812/1055] gatekeeperaj.com.br UNKNOWN     QUARANTINED   rows=857  TABLE/TABLE_RULED case=0000335-78.2024.8.26.0260 p=11
23:32:07   [813/1055] rlg-aj.com.br UNKNOWN     QUARANTINED   rows=5    TABLE/TABLE_BANDS case=5008550-51.2025.8.08.0024 p=42
23:32:10   [814/1055] gatekeeperaj.com.br QGC         OK_NO_TOTALS  rows=944  TABLE/TABLE_RULED case=0000335-78.2024.8.26.0260 p=21
23:32:10   [815/1055] rlg-aj.com.br PLAN        OK_NO_TOTALS  rows=11   TABLE/TABLE_BANDS case=5008550-51.2025.8.08.0024 p=10
23:32:11   [816/1055] gatekeeperaj.com.br QGC         OK_NO_TOTALS  rows=1001 TABLE/TABLE_RULED case=0000335-78.2024.8.26.0260 p=15
23:32:11   [817/1055] gatekeeperaj.com.br AJ_LIST     OK_NO_TOTALS  rows=23   PROSE/PROSE case=1110501-63.2021.8.26.0100 p=2
23:32:45   [818/1055] rlg-aj.com.br UNKNOWN     OK_NO_TOTALS  rows=67   TABLE/TABLE_BANDS case=1074600-92.2025.8.11.0041 p=78
23:32:45   [819/1055] gatekeeperaj.com.br AJ_LIST     OK_NO_TOTALS  rows=50   PROSE/PROSE case=1110501-63.2021.8.26.0100 p=2
23:32:45   [820/1055] gatekeeperaj.com.br AJ_LIST     OK_NO_TOTALS  rows=27   TABLE/TABLE_RULED case=1110501-63.2021.8.26.0100 p=2
23:32:45   [821/1055] rlg-aj.com.br PLAN        QUARANTINED   rows=6    TABLE/TABLE_BANDS case=5022382-25.2023.8.08.0024 p=34
23:32:45   [822/1055] gatekeeperaj.com.br AJ_LIST     QUARANTINED   rows=54   TABLE/TABLE_RULED case=0000335-78.2024.8.26.0260 p=2
23:32:45   [823/1055] rlg-aj.com.br PLAN        NO_ROWS       rows=1    TABLE/TABLE_BANDS case=5022382-25.2023.8.08.0024 p=4
23:32:45   [824/1055] cb2d.com.br ERROR WORKER_EXIT_1: pdfplumber.utils.exceptions.PdfminerException: Unexpected EOF
23:32:45   [825/1055] gatekeeperaj.com.br QGC         QUARANTINED   rows=44   TABLE/TABLE_RULED case=0000335-78.2024.8.26.0260 p=10
23:32:45   [826/1055] rlg-aj.com.br PLAN        NO_ROWS       rows=0    TABLE/TABLE_BANDS case=5022382-25.2023.8.08.0024 p=4
23:32:45   [827/1055] gatekeeperaj.com.br QGC         QUARANTINED   rows=65   TABLE/TABLE_RULED case=0000335-78.2024.8.26.0260 p=12
23:32:45   [828/1055] rlg-aj.com.br PLAN        NO_ROWS       rows=0    TABLE/TABLE_BANDS case=5022382-25.2023.8.08.0024 p=2
23:32:45   [829/1055] gatekeeperaj.com.br UNKNOWN     NO_ROWS       rows=0    TABLE/TABLE_BANDS case=0834048-17.1998.8.26.0100 p=8
23:32:45   [830/1055] cb2d.com.br AJ_LIST     NO_ROWS       rows=7    TABLE/TABLE_BANDS case=5043834-42.2019.8.21.0001 p=1
23:32:45   [831/1055] gatekeeperaj.com.br QGC         OK_NO_TOTALS  rows=28   TABLE/TABLE_RULED case=0834048-17.1998.8.26.0100 p=2
23:32:45   [832/1055] gatekeeperaj.com.br UNKNOWN     OK_NO_TOTALS  rows=52   TABLE/TABLE_RULED case=0000335-78.2024.8.26.0260 p=9
23:32:45   [833/1055] cb2d.com.br AJ_LIST     NO_ROWS       rows=14   TABLE/TABLE_BANDS case=5016123-91.2021.8.21.0001 p=1
23:32:45   [834/1055] gatekeeperaj.com.br AJ_LIST     NO_ROWS       rows=0    TABLE/TABLE_BANDS case=1134120-17.2024.8.26.0100 p=2
23:32:45   [835/1055] cb2d.com.br QGC         OK_NO_TOTALS  rows=4    PROSE/PROSE case=5021069-77.2019.8.21.0001 p=1
23:32:45   [836/1055] gatekeeperaj.com.br QGC         OK_NO_TOTALS  rows=63   TABLE/TABLE_RULED case=0000335-78.2024.8.26.0260 p=8
23:32:45   [837/1055] cb2d.com.br AJ_LIST     OK_NO_TOTALS  rows=4    PROSE/PROSE case=0004986-18.2023.8.16.0083 p=2
23:32:45   [838/1055] cb2d.com.br QGC         NO_ROWS       rows=7    TABLE/TABLE_BANDS case=0000001-29.1994.8.24.0041 p=3
23:32:45   [839/1055] gatekeeperaj.com.br ERROR WORKER_EXIT_1: pdfplumber.utils.exceptions.PdfminerException: Unexpected EOF
23:32:45   [840/1055] cb2d.com.br UNKNOWN     NO_ROWS       rows=10   TABLE/TABLE_BANDS case=5001395-52.2021.8.21.0128 p=4
23:32:45   [841/1055] cb2d.com.br AJ_LIST     QUARANTINED   rows=14   TABLE/TABLE_BANDS case=5001395-52.2021.8.21.0128 p=2
23:32:45   [842/1055] gatekeeperaj.com.br QGC         OK_NO_TOTALS  rows=73   TABLE/TABLE_RULED case=0000335-78.2024.8.26.0260 p=8
23:32:45   [843/1055] cb2d.com.br QGC         QUARANTINED   rows=8    TABLE/TABLE_BANDS case=0154367-27.2017.8.21.0001 p=4
23:32:45   [844/1055] gatekeeperaj.com.br UNKNOWN     NO_ROWS       rows=0    TABLE/TABLE_BANDS case=0000335-78.2024.8.26.0260 p=8
23:32:45   [845/1055] cb2d.com.br QGC         NO_ROWS       rows=4    TABLE/TABLE_BANDS case=5119022-07.2020.8.21.0001 p=1
23:32:45   [846/1055] gatekeeperaj.com.br QGC         OK_NO_TOTALS  rows=152  TABLE/TABLE_RULED case=0832522-59.1991.8.26.0100 p=3
23:32:45   [847/1055] cb2d.com.br AJ_LIST     OK_NO_TOTALS  rows=228  PROSE/PROSE case=5003408-08.2023.8.24.0019 p=4
23:32:45   [848/1055] gatekeeperaj.com.br UNKNOWN     OK_NO_TOTALS  rows=80   TABLE/TABLE_RULED case=0000335-78.2024.8.26.0260 p=3
23:32:45   [849/1055] cb2d.com.br AJ_LIST     OK_NO_TOTALS  rows=2    TABLE/TABLE_BANDS case=5134453-76.2023.8.21.0001 p=2
23:32:45   [850/1055] gatekeeperaj.com.br QGC         OK_NO_TOTALS  rows=29   TABLE/TABLE_RULED case=0000335-78.2024.8.26.0260 p=6
23:32:45   [851/1055] cb2d.com.br UNKNOWN     NO_ROWS       rows=0    TABLE/TABLE_BANDS case=5023283-70.2021.8.21.0001 p=2
23:32:45   [852/1055] gatekeeperaj.com.br AJ_LIST     OK_NO_TOTALS  rows=24   PROSE/PROSE case=1029618-48.2025.8.26.0114 p=3
23:32:45   [853/1055] credibilita.com.br UNKNOWN     NO_ROWS       rows=22   TABLE/TABLE_BANDS case=0025258-69.2016.8.16.0021 p=28
23:32:45   [854/1055] gatekeeperaj.com.br QGC         QUARANTINED   rows=2    TABLE/TABLE_BANDS case=0000335-78.2024.8.26.0260 p=3
23:32:45   [855/1055] cb2d.com.br AJ_LIST     OK_NO_TOTALS  rows=10   PROSE/PROSE case=5000080-63.2023.8.21.0016 p=2
23:32:45   [856/1055] gatekeeperaj.com.br AJ_LIST     OK_NO_TOTALS  rows=1    PROSE/PROSE case=1000146-58.2024.8.26.0430 p=2
23:32:45   [857/1055] cb2d.com.br AJ_LIST     OK_NO_TOTALS  rows=18   PROSE/PROSE case=5000846-68.2020.8.21.0066 p=3
23:32:45   [858/1055] gatekeeperaj.com.br QGC         OK_NO_TOTALS  rows=7    TABLE/TABLE_BANDS case=0000335-78.2024.8.26.0260 p=4
23:32:45   [859/1055] cb2d.com.br QGC         OK_NO_TOTALS  rows=18   PROSE/PROSE case=5000846-68.2020.8.21.0066 p=2
23:32:45   [860/1055] gatekeeperaj.com.br QGC         OK_NO_TOTALS  rows=3    TABLE/TABLE_RULED case=0000335-78.2024.8.26.0260 p=2
23:32:45   [861/1055] cb2d.com.br QGC         OK_NO_TOTALS  rows=18   PROSE/PROSE case=5000846-68.2020.8.21.0066 p=3
23:32:45   [862/1055] gatekeeperaj.com.br QGC         QUARANTINED   rows=42   TABLE/TABLE_BANDS case=0000335-78.2024.8.26.0260 p=7
23:32:45   [863/1055] cb2d.com.br QGC         OK_NO_TOTALS  rows=18   PROSE/PROSE case=5000846-68.2020.8.21.0066 p=2
23:32:45   [864/1055] gatekeeperaj.com.br QGC         OK            rows=29   TABLE/TABLE_RULED case=0604226-98.1997.8.26.0100 p=3
23:32:45   [865/1055] cb2d.com.br UNKNOWN     NO_ROWS       rows=0    TABLE/TABLE_BANDS case=5000949-63.2025.8.24.0536 p=2
23:32:45   [866/1055] cb2d.com.br UNKNOWN     NO_ROWS       rows=0    TABLE/TABLE_BANDS case=5032410-66.2020.8.21.0001 p=2
23:32:45   [867/1055] cb2d.com.br QGC         OK_NO_TOTALS  rows=116  PROSE/PROSE case=5128887-20.2021.8.21.0001 p=1
23:32:45   [868/1055] cb2d.com.br AJ_LIST     OK_NO_TOTALS  rows=161  PROSE/PROSE case=5037362-88.2020.8.21.0001 p=1
23:32:45   [869/1055] cb2d.com.br UNKNOWN     NO_ROWS       rows=0    TABLE/TABLE_BANDS case=0000004-79.1977.8.24.0008 p=3
23:32:45   [870/1055] cb2d.com.br UNKNOWN     OK_NO_TOTALS  rows=81   TABLE/TABLE_BANDS case=5056287-30.2023.8.21.0001 p=2
23:32:45   [871/1055] cb2d.com.br AJ_LIST     NO_ROWS       rows=1    TABLE/TABLE_BANDS case=5008570-61.2019.8.21.0001 p=1
23:32:45   [872/1055] cb2d.com.br AJ_LIST     NO_ROWS       rows=11   TABLE/TABLE_BANDS case=0244241-57.2016.8.21.0001 p=1
23:32:45   [873/1055] cb2d.com.br UNKNOWN     NO_TEXT_LAYER rows=0    NONE/ case=5001568-23.2016.8.21.0073 p=3
23:32:45   [874/1055] acfb.com.br UNKNOWN     OK_NO_TOTALS  rows=50   TABLE/TABLE_RULED case=4077687-05.2025.8.26.0100 p=6
23:32:45   [875/1055] acfb.com.br AJ_LIST     OK_NO_TOTALS  rows=193  TABLE/TABLE_RULED case=1024993-78.2019.8.26.0405 p=11
23:32:45   [876/1055] acfb.com.br AJ_LIST     NO_ROWS       rows=0    TABLE/TABLE_BANDS case=1024993-78.2019.8.26.0405 p=1
23:32:45   [877/1055] acfb.com.br AJ_LIST     NO_ROWS       rows=0    TABLE/TABLE_BANDS case=1097437-54.2019.8.26.0100 p=7
23:32:45   [878/1055] acfb.com.br AJ_LIST     NO_ROWS       rows=1    TABLE/TABLE_BANDS case=1097437-54.2019.8.26.0100 p=4
23:32:45   [879/1055] acfb.com.br UNKNOWN     NO_TEXT_LAYER rows=0    NONE/ case=1049020-41.2017.8.26.0100 p=17
23:32:45   [880/1055] acfb.com.br QGC         OK_NO_TOTALS  rows=38   TABLE/TABLE_BANDS case=1049020-41.2017.8.26.0100 p=13
23:32:45   [881/1055] acfb.com.br AJ_LIST     OK_NO_TOTALS  rows=7    PROSE/PROSE case=1049020-41.2017.8.26.0100 p=3
23:33:23   [882/1055] ajruiz.com.br ERROR WORKER_EXIT_1: pdfplumber.utils.exceptions.PdfminerException
23:33:23   [883/1055] ajruiz.com.br ERROR WORKER_EXIT_1: pdfplumber.utils.exceptions.PdfminerException
23:33:23   [884/1055] ajruiz.com.br ERROR WORKER_EXIT_1: pdfplumber.utils.exceptions.PdfminerException
23:33:23   [885/1055] ajruiz.com.br UNKNOWN     OK_NO_TOTALS  rows=6    TABLE/TABLE_RULED case=0000148-67.1996.8.24.0079 p=3
23:33:23   [886/1055] ajruiz.com.br HOMOLOG     NO_ROWS       rows=0    TABLE/TABLE_BANDS case=1101292-31.2025.8.26.0100 p=1
23:33:23   [887/1055] ajruiz.com.br UNKNOWN     OK_NO_TOTALS  rows=10   TABLE/TABLE_RULED case=0000148-67.1996.8.24.0079 p=4
23:33:23   [888/1055] ajruiz.com.br HOMOLOG     NO_ROWS       rows=0    TABLE/TABLE_BANDS case=1101292-31.2025.8.26.0100 p=3
23:33:23   [889/1055] cb2d.com.br ERROR WORKER_EXIT_1: pdfplumber.utils.exceptions.PdfminerException: Unexpected EOF
23:33:23   [890/1055] ajruiz.com.br UNKNOWN     OK_NO_TOTALS  rows=184  TABLE/TABLE_RULED case=4000455-34.2026.8.26.0373 p=8
23:33:23   [891/1055] ajruiz.com.br UNKNOWN     NO_ROWS       rows=0    TABLE/TABLE_BANDS case=0000148-67.1996.8.24.0079 p=2
23:33:23   [892/1055] ativosajce.com.br UNKNOWN     NO_ROWS       rows=0    TABLE/TABLE_BANDS case=4080577-14.2025.8.26.0100 p=4
23:33:23   [893/1055] ativosajce.com.br DEBTOR_LIST QUARANTINED   rows=65   TABLE/TABLE_RULED case=4087055-04.2026.8.26.0100 p=7
23:33:23   [894/1055] cb2d.com.br UNKNOWN     NO_ROWS       rows=1    TABLE/TABLE_BANDS case=5033887-56.2022.8.21.0001 p=1
23:33:23   [895/1055] ajruiz.com.br HOMOLOG     OK_NO_TOTALS  rows=15   PROSE/PROSE case=5055017-47.2025.8.24.0023 p=2
23:33:23   [896/1055] ativosajce.com.br UNKNOWN     OK_NO_TOTALS  rows=21   TABLE/TABLE_RULED case=4039082-53.2026.8.26.0100 p=2
23:33:23   [897/1055] cb2d.com.br AJ_LIST     NO_ROWS       rows=3    TABLE/TABLE_BANDS case=5033887-56.2022.8.21.0001 p=1
23:33:23   [898/1055] ajruiz.com.br UNKNOWN     QUARANTINED   rows=334  TABLE/TABLE_RULED case=0000148-67.1996.8.24.0079 p=6
23:33:23   [899/1055] cb2d.com.br UNKNOWN     NO_ROWS       rows=0    TABLE/TABLE_BANDS case=5000103-57.2006.8.21.0031 p=1
23:33:23   [900/1055] ativosajce.com.br AJ_LIST     NO_ROWS       rows=4    TABLE/TABLE_BANDS case=4054599-35.2025.8.26.0100 p=2
23:33:23   [901/1055] ajruiz.com.br QGC         QUARANTINED   rows=20   TABLE/TABLE_RULED case=1147368-84.2023.8.26.0100 p=5
23:33:23   [902/1055] cb2d.com.br AJ_LIST     OK_NO_TOTALS  rows=43   PROSE/PROSE case=5217536-87.2023.8.21.0001 p=2
23:33:23   [903/1055] ajruiz.com.br AJ_LIST     NO_ROWS       rows=0    TABLE/TABLE_BANDS case=1147368-84.2023.8.26.0100 p=1
23:33:23   [904/1055] ativosajce.com.br AJ_LIST     QUARANTINED   rows=771  TABLE/TABLE_BANDS case=4054599-35.2025.8.26.0100 p=31
23:33:23   [905/1055] cb2d.com.br AJ_LIST     OK_NO_TOTALS  rows=44   PROSE/PROSE case=0103934-53.2016.8.21.0001 p=2
23:33:23   [906/1055] ativosajce.com.br DEBTOR_LIST NO_ROWS       rows=0    TABLE/TABLE_BANDS case=4054599-35.2025.8.26.0100 p=3
23:33:23   [907/1055] ajruiz.com.br DEBTOR_LIST NO_ROWS       rows=0    TABLE/TABLE_BANDS case=1056683-07.2018.8.26.0100 p=1
23:33:23   [908/1055] cb2d.com.br AJ_LIST     OK_NO_TOTALS  rows=43   PROSE/PROSE case=0296812-39.2015.8.21.0001 p=1
23:33:25   [909/1055] ajruiz.com.br AJ_LIST     QUARANTINED   rows=881  TABLE/TABLE_RULED case=1056683-07.2018.8.26.0100 p=38
23:33:25   [910/1055] cb2d.com.br AJ_LIST     OK_NO_TOTALS  rows=18   PROSE/PROSE case=5268801-31.2023.8.21.0001 p=2
23:33:25   [911/1055] ativosajce.com.br UNKNOWN     OK_NO_TOTALS  rows=735  TABLE/TABLE_RULED case=4054599-35.2025.8.26.0100 p=11
23:33:25   [912/1055] cb2d.com.br AJ_LIST     QUARANTINED   rows=20   TABLE/TABLE_BANDS case=5108608-76.2022.8.21.0001 p=2
23:33:25   [913/1055] ativosajce.com.br AJ_LIST     NO_ROWS       rows=0    TABLE/TABLE_BANDS case=1000400-31.2025.8.26.0354 p=2
23:33:25   [914/1055] ajruiz.com.br AJ_LIST     OK_NO_TOTALS  rows=17   TABLE/TABLE_BANDS case=1056683-07.2018.8.26.0100 p=20
23:33:25   [915/1055] ativosajce.com.br AJ_LIST     QUARANTINED   rows=80   TABLE/TABLE_BANDS case=1000400-31.2025.8.26.0354 p=13
23:33:25   [916/1055] ativosajce.com.br AJ_LIST     NO_ROWS       rows=0    TABLE/TABLE_BANDS case=1000400-31.2025.8.26.0354 p=2
23:33:25   [917/1055] cb2d.com.br UNKNOWN     NO_TEXT_LAYER rows=0    NONE/ case=0000070-34.2000.8.24.0079 p=3
23:33:25   [918/1055] cb2d.com.br AJ_LIST     QUARANTINED   rows=14   TABLE/TABLE_BANDS case=5001449-68.2023.8.21.0024 p=2
23:33:31   [919/1055] ativosajce.com.br UNKNOWN     NO_TEXT_LAYER rows=0    NONE/ case=1000400-31.2025.8.26.0354 p=3
23:33:31   [920/1055] cb2d.com.br AJ_LIST     OK_NO_TOTALS  rows=873  PROSE/PROSE case=5188654-52.2022.8.21.0001 p=9
23:33:31   [921/1055] ativosajce.com.br UNKNOWN     NO_ROWS       rows=34   TABLE/TABLE_RULED case=1000400-31.2025.8.26.0354 p=1
23:33:32   [922/1055] cb2d.com.br AJ_LIST     OK_NO_TOTALS  rows=50   PROSE/PROSE case=5072041-17.2020.8.21.0001 p=1
23:33:32   [923/1055] ativosajce.com.br AJ_LIST     QUARANTINED   rows=239  TABLE/TABLE_RULED case=1000278-43.2024.8.26.0260 p=48
23:33:32   [924/1055] cb2d.com.br AJ_LIST     OK_NO_TOTALS  rows=69   PROSE/PROSE case=5072041-17.2020.8.21.0001 p=3
23:33:32   [925/1055] ajruiz.com.br UNKNOWN     OK            rows=81   TABLE/TABLE_RULED case=5012743-51.2023.8.24.0019 p=2
23:33:32   [926/1055] cb2d.com.br AJ_LIST     OK_NO_TOTALS  rows=6    TABLE/TABLE_BANDS case=5005973-42.2023.8.24.0019 p=2
23:33:36   [927/1055] ativosajce.com.br AJ_LIST     QUARANTINED   rows=79   TABLE/TABLE_RULED case=1000278-43.2024.8.26.0260 p=23
23:33:36   [928/1055] cb2d.com.br AJ_LIST     OK_NO_TOTALS  rows=5    PROSE/PROSE case=5001016-22.2017.8.21.0009 p=2
23:33:36   [929/1055] ajruiz.com.br UNKNOWN     OK            rows=82   TABLE/TABLE_RULED case=5012743-51.2023.8.24.0019 p=2
23:33:36   [930/1055] ativosajce.com.br AJ_LIST     NO_ROWS       rows=0    TABLE/TABLE_BANDS case=1000278-43.2024.8.26.0260 p=2
23:33:36   [931/1055] recuperasolucoes.com AJ_LIST     QUARANTINED   rows=20   PROSE/PROSE case=0085817-92.2023.8.17.2001 p=3
23:33:36   [932/1055] cb2d.com.br QGC         OK_NO_TOTALS  rows=9    TABLE/TABLE_BANDS case=0000007-32.1977.8.24.0041 p=2
23:33:36   [933/1055] ajruiz.com.br QGC         OK_NO_TOTALS  rows=53   PROSE/PROSE case=0000148-67.1996.8.24.0079 p=2
23:33:46   [934/1055] ativosajce.com.br AJ_LIST     QUARANTINED   rows=129  TABLE/TABLE_BANDS case=1000278-43.2024.8.26.0260 p=3
23:33:47   [935/1055] ajruiz.com.br UNKNOWN     QUARANTINED   rows=271  TABLE/TABLE_BANDS case=0000148-67.1996.8.24.0079 p=20
23:33:47   [936/1055] recuperasolucoes.com DEBTOR_LIST OK            rows=51   PROSE/PROSE case=0001639-09.2026.8.17.2810 p=14
23:33:47   [937/1055] ajruiz.com.br QGC         QUARANTINED   rows=102  TABLE/TABLE_RULED case=5008793-34.2023.8.24.0019 p=2
23:33:47   [938/1055] ativosajce.com.br QGC         QUARANTINED   rows=427  TABLE/TABLE_RULED case=1010468-75.2015.8.26.0100 p=19
23:33:47   [939/1055] ajruiz.com.br QGC         QUARANTINED   rows=103  TABLE/TABLE_RULED case=5008793-34.2023.8.24.0019 p=2
23:33:47   [940/1055] recuperasolucoes.com UNKNOWN     QUARANTINED   rows=345  PROSE/PROSE case=0002325-43.2026.8.17.2990 p=10
23:33:47   [941/1055] ajruiz.com.br UNKNOWN     NO_ROWS       rows=0    TABLE/TABLE_BANDS case=0000148-67.1996.8.24.0079 p=8
23:33:47   [942/1055] recuperasolucoes.com DEBTOR_LIST QUARANTINED   rows=133  PROSE/PROSE case=0009971-62.2026.8.17.2810 p=5
23:33:47   [943/1055] cb2d.com.br AJ_LIST     OK_NO_TOTALS  rows=34   PROSE/PROSE case=5127763-65.2022.8.21.0001 p=2
23:33:47   [944/1055] ajruiz.com.br UNKNOWN     NO_ROWS       rows=0    TABLE/TABLE_BANDS case=0000148-67.1996.8.24.0079 p=4
23:33:47   [945/1055] cb2d.com.br AJ_LIST     OK_NO_TOTALS  rows=80   PROSE/PROSE case=5127763-65.2022.8.21.0001 p=2
23:33:47   [946/1055] recuperasolucoes.com AJ_LIST     OK_NO_TOTALS  rows=4    TABLE/TABLE_BANDS case=0011144-26.2026.8.17.2001 p=5
23:33:47   [947/1055] ajruiz.com.br AJ_LIST     OK            rows=206  TABLE/TABLE_BANDS case=1004824-39.2019.8.26.0286 p=6
23:33:47   [948/1055] ativosajce.com.br AJ_LIST     QUARANTINED   rows=13   TABLE/TABLE_BANDS case=1010468-75.2015.8.26.0100 p=47
23:33:47   [949/1055] cb2d.com.br QGC         NO_ROWS       rows=1    TABLE/TABLE_BANDS case=5127763-65.2022.8.21.0001 p=1
23:33:47   [950/1055] ajruiz.com.br QGC         OK            rows=198  TABLE/TABLE_BANDS case=1004824-39.2019.8.26.0286 p=5
23:33:47   [951/1055] ativosajce.com.br AJ_LIST     NO_ROWS       rows=0    TABLE/TABLE_BANDS case=4000064-73.2025.8.26.0354 p=2
23:33:47   [952/1055] cb2d.com.br AJ_LIST     OK_NO_TOTALS  rows=153  PROSE/PROSE case=5000333-25.2024.8.24.0536 p=3
23:34:10   [953/1055] ajruiz.com.br UNKNOWN     NO_TEXT_LAYER rows=0    NONE/ case=0000148-67.1996.8.24.0079 p=13
23:34:10   [954/1055] recuperasolucoes.com UNKNOWN     QUARANTINED   rows=26   TABLE/TABLE_BANDS case=0068535-07.2024.8.17.2001 p=26
23:34:10   [955/1055] ajruiz.com.br AJ_LIST     OK_NO_TOTALS  rows=52   TABLE/TABLE_BANDS case=4000167-23.2025.8.26.0373 p=8
23:34:10   [956/1055] ativosajce.com.br UNKNOWN     OK_NO_TOTALS  rows=150  TABLE/TABLE_BANDS case=0010727-38.2021.5.15.0002 p=11
23:34:10   [957/1055] bbsadvogados.com.br AJ_LIST     QUARANTINED   rows=114  TABLE/TABLE_RULED case=0103400-72.2024.8.16.0000 p=4
23:34:10   [958/1055] ajruiz.com.br AJ_LIST     QUARANTINED   rows=16   TABLE/TABLE_BANDS case=4000167-23.2025.8.26.0373 p=2
23:34:10   [959/1055] bbsadvogados.com.br AJ_LIST     OK_NO_TOTALS  rows=93   TABLE/TABLE_BANDS case=0016951-30.2019.8.16.0019 p=2
23:34:10   [960/1055] ativosajce.com.br UNKNOWN     NO_ROWS       rows=0    TABLE/TABLE_BANDS case=1000117-72.2020.8.26.0260 p=1
23:34:18   [961/1055] ajruiz.com.br DEBTOR_LIST QUARANTINED   rows=2399 TABLE/TABLE_RULED case=0000148-67.1996.8.24.0079 p=44
23:34:18   [962/1055] bbsadvogados.com.br AJ_LIST     OK_NO_TOTALS  rows=28   TABLE/TABLE_BANDS case=5028800-87.2023.8.24.0038 p=2
23:34:18   [963/1055] ativosajce.com.br AJ_LIST     OK_NO_TOTALS  rows=57   PROSE/PROSE case=1500553-79.2019.8.26.0010 p=2
23:34:42   [964/1055] ajruiz.com.br ERROR WORKER_EXIT_1: pdfplumber.utils.exceptions.PdfminerException
23:34:42   [965/1055] bbsadvogados.com.br AJ_LIST     QUARANTINED   rows=40   TABLE/TABLE_BANDS case=5028800-87.2023.8.24.0038 p=2
23:34:42   [966/1055] ajruiz.com.br AJ_LIST     QUARANTINED   rows=2400 TABLE/TABLE_BANDS case=1039842-97.2019.8.26.0100 p=38
23:34:42   [967/1055] bbsadvogados.com.br AJ_LIST     OK_NO_TOTALS  rows=822  TABLE/TABLE_BANDS case=0033736-15.2023.8.16.0185 p=42
23:34:42   [968/1055] ativosajce.com.br AJ_LIST     OK_NO_TOTALS  rows=63   PROSE/PROSE case=1000117-72.2020.8.26.0260 p=26
23:34:42   [969/1055] ajruiz.com.br QGC         NO_ROWS       rows=11   TABLE/TABLE_BANDS case=1039842-97.2019.8.26.0100 p=46
23:34:42   [970/1055] bbsadvogados.com.br AJ_LIST     OK_NO_TOTALS  rows=822  TABLE/TABLE_BANDS case=0033736-15.2023.8.16.0185 p=42
23:34:42   [971/1055] ativosajce.com.br AJ_LIST     OK_NO_TOTALS  rows=2    TABLE/TABLE_BANDS case=1520723-97.2019.8.26.0228 p=5
23:34:42   [972/1055] bbsadvogados.com.br AJ_LIST     OK_NO_TOTALS  rows=197  TABLE/TABLE_BANDS case=1087395-33.2025.8.26.0100 p=14
23:34:42   [973/1055] ativosajce.com.br AJ_LIST     OK_NO_TOTALS  rows=61   TABLE/TABLE_RULED case=1000117-72.2020.8.26.0260 p=4
23:34:42   [974/1055] bbsadvogados.com.br UNKNOWN     NO_TEXT_LAYER rows=0    NONE/ case=5003861-41.2020.8.24.0008 p=3
23:34:42   [975/1055] ajruiz.com.br DEBTOR_LIST QUARANTINED   rows=15   TABLE/TABLE_BANDS case=1039842-97.2019.8.26.0100 p=57
23:34:42   [976/1055] bbsadvogados.com.br AJ_LIST     QUARANTINED   rows=18   TABLE/TABLE_RULED case=1036403-05.2024.8.26.0100 p=9
23:34:42   [977/1055] ativosajce.com.br AJ_LIST     QUARANTINED   rows=12   TABLE/TABLE_BANDS case=1000166-31.2025.8.26.0554 p=8
23:34:42   [978/1055] ajruiz.com.br UNKNOWN     NO_TEXT_LAYER rows=0    NONE/ case=0000148-67.1996.8.24.0079 p=17
23:34:42   [979/1055] bbsadvogados.com.br AJ_LIST     OK            rows=4    TABLE/TABLE_RULED case=1036403-05.2024.8.26.0100 p=2
23:34:42   [980/1055] ativosajce.com.br DEBTOR_LIST NO_ROWS       rows=1    TABLE/TABLE_BANDS case=1000174-17.2025.8.26.0260 p=1
23:34:42   [981/1055] ajruiz.com.br UNKNOWN     NO_TEXT_LAYER rows=0    NONE/ case=0000148-67.1996.8.24.0079 p=14
23:34:42   [982/1055] bbsadvogados.com.br UNKNOWN     OK_NO_TOTALS  rows=225  TABLE/TABLE_BANDS case=0034729-42.2021.8.16.0019 p=5
23:34:58   [983/1055] recuperasolucoes.com UNKNOWN     OK_NO_TOTALS  rows=769  TABLE/TABLE_BANDS case=0133628-14.2024.8.17.2001 p=153
23:34:58   [984/1055] ativosajce.com.br UNKNOWN     OK_NO_TOTALS  rows=17   TABLE/TABLE_BANDS case=1000166-31.2025.8.26.0554 p=4
23:34:58   [985/1055] bbsadvogados.com.br AJ_LIST     OK_NO_TOTALS  rows=10   TABLE/TABLE_BANDS case=0003232-89.2024.8.16.0185 p=2
23:34:58   [986/1055] bbsadvogados.com.br UNKNOWN     OK_NO_TOTALS  rows=1    TABLE/TABLE_BANDS case=1010519-70.2024.8.26.0068 p=8
23:34:58   [987/1055] ativosajce.com.br AJ_LIST     NO_ROWS       rows=2    TABLE/TABLE_BANDS case=1001174-80.2024.8.26.0359 p=3
23:34:58   [988/1055] ajruiz.com.br UNKNOWN     NO_TEXT_LAYER rows=0    NONE/ case=0000148-67.1996.8.24.0079 p=7
23:34:58   [989/1055] recuperasolucoes.com UNKNOWN     OK_NO_TOTALS  rows=3    TABLE/TABLE_BANDS case=0085817-92.2023.8.17.2001 p=20
23:34:58   [990/1055] bbsadvogados.com.br AJ_LIST     NO_ROWS       rows=0    TABLE/TABLE_BANDS case=0016951-30.2019.8.16.0019 p=4
23:34:58   [991/1055] ativosajce.com.br AJ_LIST     NO_ROWS       rows=2    TABLE/TABLE_BANDS case=1001174-80.2024.8.26.0359 p=3
23:34:58   [992/1055] bbsadvogados.com.br AJ_LIST     NO_ROWS       rows=0    TABLE/TABLE_BANDS case=0046880-92.2025.8.16.0021 p=5
23:34:58   [993/1055] bbsadvogados.com.br AJ_LIST     OK_NO_TOTALS  rows=2    TABLE/TABLE_BANDS case=5014445-78.2023.8.24.0036 p=17
23:34:58   [994/1055] ativosajce.com.br AJ_LIST     QUARANTINED   rows=43   TABLE/TABLE_BANDS case=1001174-80.2024.8.26.0359 p=11
23:34:58   [995/1055] ajruiz.com.br UNKNOWN     QUARANTINED   rows=501  TABLE/TABLE_RULED case=4002059-56.2025.8.26.0408 p=24
23:34:58   [996/1055] ativosajce.com.br UNKNOWN     NO_ROWS       rows=0    TABLE/TABLE_BANDS case=1001174-80.2024.8.26.0359 p=1
23:34:58   [997/1055] ajruiz.com.br QGC         QUARANTINED   rows=302  TABLE/TABLE_RULED case=4000332-28.2026.8.26.0408 p=7
23:34:58   [998/1055] ativosajce.com.br UNKNOWN     OK_NO_TOTALS  rows=31   TABLE/TABLE_RULED case=1001174-80.2024.8.26.0359 p=5
23:35:26   [999/1055] bbsadvogados.com.br UNKNOWN     NO_TEXT_LAYER rows=0    NONE/ case=5003861-41.2020.8.24.0008 p=12
23:35:26   [1000/1055] ajruiz.com.br UNKNOWN     NO_ROWS       rows=0    TABLE/TABLE_BANDS case=4000332-28.2026.8.26.0408 p=2
23:35:26   [1001/1055] ativosajce.com.br QGC         NO_ROWS       rows=0    TABLE/TABLE_BANDS case=1000197-12.2025.8.26.0373 p=4
23:35:26   [1002/1055] bbsadvogados.com.br UNKNOWN     NO_ROWS       rows=0    TABLE/TABLE_BANDS case=1036403-05.2024.8.26.0100 p=8
23:35:26   [1003/1055] ajruiz.com.br QGC         QUARANTINED   rows=135  TABLE/TABLE_RULED case=0000148-67.1996.8.24.0079 p=11
23:35:26   [1004/1055] bbsadvogados.com.br AJ_LIST     NO_ROWS       rows=0    TABLE/TABLE_BANDS case=0003232-89.2024.8.16.0185 p=2
23:35:26   [1005/1055] ajruiz.com.br AJ_LIST     OK_NO_TOTALS  rows=9    PROSE/PROSE case=1059824-39.2015.8.26.0100 p=2
23:35:26   [1006/1055] ativosajce.com.br UNKNOWN     NO_ROWS       rows=0    TABLE/TABLE_BANDS case=1000197-12.2025.8.26.0373 p=3
23:35:26   [1007/1055] ajruiz.com.br AJ_LIST     OK_NO_TOTALS  rows=9    PROSE/PROSE case=1059817-42.2018.8.26.0100 p=2
23:35:26   [1008/1055] ativosajce.com.br UNKNOWN     NO_ROWS       rows=0    TABLE/TABLE_BANDS case=1000197-12.2025.8.26.0373 p=4
23:35:26   [1009/1055] ativosajce.com.br AJ_LIST     QUARANTINED   rows=153  TABLE/TABLE_BANDS case=1000197-12.2025.8.26.0373 p=11
23:35:26   [1010/1055] ajruiz.com.br AJ_LIST     QUARANTINED   rows=50   TABLE/TABLE_RULED case=1059817-42.2018.8.26.0100 p=16
23:35:26   [1011/1055] ativosajce.com.br DEBTOR_LIST NO_ROWS       rows=0    TABLE/TABLE_BANDS case=1000040-39.2025.8.26.0373 p=1
23:35:26   [1012/1055] ativosajce.com.br QGC         NO_ROWS       rows=138  TABLE/TABLE_RULED case=1000197-12.2025.8.26.0373 p=6
23:35:26   [1013/1055] ajruiz.com.br UNKNOWN     OK            rows=317  TABLE/TABLE_RULED case=0020255-24.2020.5.04.0104 p=9
23:35:29   [1014/1055] recuperasolucoes.com UNKNOWN     OK_NO_TOTALS  rows=372  TABLE/TABLE_RULED case=0002325-43.2026.8.17.2990 p=405
23:35:29   [1015/1055] ativosajce.com.br AJ_LIST     NO_ROWS       rows=0    TABLE/TABLE_BANDS case=1000119-75.2025.8.26.0354 p=2
23:35:29   [1016/1055] ajruiz.com.br AJ_LIST     OK_NO_TOTALS  rows=194  TABLE/TABLE_RULED case=0000148-67.1996.8.24.0079 p=3
23:35:29   [1017/1055] ativosajce.com.br AJ_LIST     NO_ROWS       rows=0    TABLE/TABLE_BANDS case=1000119-75.2025.8.26.0354 p=4
23:35:29   [1018/1055] ajruiz.com.br AJ_LIST     QUARANTINED   rows=5    TABLE/TABLE_BANDS case=1001781-65.2025.8.26.0260 p=2
23:35:29   [1019/1055] ativosajce.com.br AJ_LIST     QUARANTINED   rows=121  TABLE/TABLE_BANDS case=1000119-75.2025.8.26.0354 p=11
23:35:29   [1020/1055] ajruiz.com.br DEBTOR_LIST OK_NO_TOTALS  rows=12   PROSE/PROSE case=1029567-94.2016.8.26.0100 p=2
23:35:29   [1021/1055] ativosajce.com.br DEBTOR_LIST NO_ROWS       rows=1    TABLE/TABLE_BANDS case=1000119-75.2025.8.26.0354 p=1
23:35:29   [1022/1055] ajruiz.com.br UNKNOWN     NO_ROWS       rows=0    TABLE/TABLE_BANDS case=0000148-67.1996.8.24.0079 p=1
23:35:29   [1023/1055] recuperasolucoes.com UNKNOWN     QUARANTINED   rows=489  TABLE/TABLE_RULED case=0009971-62.2026.8.17.2810 p=100
23:35:29   [1024/1055] ativosajce.com.br UNKNOWN     OK_NO_TOTALS  rows=365  TABLE/TABLE_BANDS case=1000119-75.2025.8.26.0354 p=9
23:35:29   [1025/1055] ajruiz.com.br UNKNOWN     OK_NO_TOTALS  rows=260  TABLE/TABLE_RULED case=0000148-67.1996.8.24.0079 p=24
23:35:29   [1026/1055] ajruiz.com.br QGC         QUARANTINED   rows=299  TABLE/TABLE_RULED case=1000203-38.2023.8.26.0260 p=20
23:35:29   [1027/1055] ativosajce.com.br AJ_LIST     QUARANTINED   rows=524  TABLE/TABLE_BANDS case=1189223-09.2024.8.26.0100 p=7
23:35:29   [1028/1055] ajruiz.com.br AJ_LIST     QUARANTINED   rows=28   TABLE/TABLE_BANDS case=1000203-38.2023.8.26.0260 p=3
23:35:29   [1029/1055] ativosajce.com.br QGC         OK_NO_TOTALS  rows=9    TABLE/TABLE_BANDS case=0324544-58.2009.8.26.0100 p=2
23:35:29   [1030/1055] ajruiz.com.br QGC         QUARANTINED   rows=18   TABLE/TABLE_RULED case=1000203-38.2023.8.26.0260 p=12
23:35:29   [1031/1055] recuperasolucoes.com AJ_LIST     OK_NO_TOTALS  rows=57   TABLE/TABLE_RULED case=0001776-49.2023.8.17.2760 p=67
23:35:37   [1032/1055] ajruiz.com.br UNKNOWN     OK_NO_TOTALS  rows=902  TABLE/TABLE_RULED case=0000148-67.1996.8.24.0079 p=16
23:35:37   [1033/1055] ativosajce.com.br AJ_LIST     QUARANTINED   rows=547  TABLE/TABLE_BANDS case=1189223-09.2024.8.26.0100 p=19
23:35:37   [1034/1055] ajruiz.com.br UNKNOWN     OK_NO_TOTALS  rows=232  TABLE/TABLE_RULED case=0000148-67.1996.8.24.0079 p=4
23:35:37   [1035/1055] ativosajce.com.br AJ_LIST     NO_ROWS       rows=2    TABLE/TABLE_BANDS case=1152761-87.2023.8.26.0100 p=1
23:35:37   [1036/1055] recuperasolucoes.com DEBTOR_LIST QUARANTINED   rows=20   PROSE/PROSE case=0068535-07.2024.8.17.2001 p=5
23:35:37   [1037/1055] ajruiz.com.br UNKNOWN     QUARANTINED   rows=540  TABLE/TABLE_RULED case=4027947-44.2026.8.26.0100 p=15
23:35:38   [1038/1055] ativosajce.com.br AJ_LIST     OK_NO_TOTALS  rows=4    TABLE/TABLE_BANDS case=0827308-77.1997.8.26.0100 p=2
23:35:38   [1039/1055] recuperasolucoes.com AJ_LIST     QUARANTINED   rows=20   PROSE/PROSE case=0068535-07.2024.8.17.2001 p=20
23:35:56   [1040/1055] ativosajce.com.br UNKNOWN     OK_NO_TOTALS  rows=1994 TABLE/TABLE_BANDS case=1189223-09.2024.8.26.0100 p=26
23:35:56   [1041/1055] recuperasolucoes.com AJ_LIST     QUARANTINED   rows=20   PROSE/PROSE case=0068535-07.2024.8.17.2001 p=3
23:35:56   [1042/1055] ativosajce.com.br AJ_LIST     QUARANTINED   rows=175  TABLE/TABLE_RULED case=1002360-47.2024.8.26.0260 p=5
23:35:56   [1043/1055] ativosajce.com.br QGC         OK_NO_TOTALS  rows=171  PROSE/PROSE case=1000386-43.2022.8.26.0260 p=2
23:35:56   [1044/1055] recuperasolucoes.com DEBTOR_LIST OK            rows=356  PROSE/PROSE case=0133628-14.2024.8.17.2001 p=10
23:35:56   [1045/1055] ativosajce.com.br QGC         QUARANTINED   rows=194  TABLE/TABLE_RULED case=1000386-43.2022.8.26.0260 p=18
23:35:56   [1046/1055] recuperasolucoes.com AJ_LIST     OK            rows=345  PROSE/PROSE case=0133628-14.2024.8.17.2001 p=8
23:35:56   [1047/1055] ativosajce.com.br AJ_LIST     QUARANTINED   rows=19   TABLE/TABLE_BANDS case=1025532-14.2021.8.26.0554 p=5
23:35:56   [1048/1055] recuperasolucoes.com DEBTOR_LIST QUARANTINED   rows=19   PROSE/PROSE case=0085817-92.2023.8.17.2001 p=5
23:35:56   [1049/1055] ativosajce.com.br AJ_LIST     NO_ROWS       rows=0    TABLE/TABLE_BANDS case=1000386-43.2022.8.26.0260 p=1
23:35:56   [1050/1055] recuperasolucoes.com AJ_LIST     QUARANTINED   rows=20   PROSE/PROSE case=0085817-92.2023.8.17.2001 p=20
23:36:47   [1051/1055] ativosajce.com.br ERROR WORKER_EXIT_1: pdfplumber.utils.exceptions.PdfminerException
23:36:47   [1052/1055] ativosajce.com.br QGC         OK_NO_TOTALS  rows=14   PROSE/PROSE case=1117901-31.2021.8.26.0100 p=3
23:36:47   [1053/1055] ativosajce.com.br UNKNOWN     QUARANTINED   rows=812  TABLE/TABLE_RULED case=1000386-43.2022.8.26.0260 p=48
23:36:47   [1054/1055] ativosajce.com.br UNKNOWN     NO_TEXT_LAYER rows=0    NONE/ case=1000386-43.2022.8.26.0260 p=7
23:36:47   [1055/1055] ativosajce.com.br AJ_LIST     NO_ROWS       rows=1    TABLE/TABLE_BANDS case=1000016-39.2023.8.26.0354 p=2
23:36:47 ingest: {'ERROR': 34, 'OK_NO_TOTALS': 408, 'QUARANTINED': 260, 'NO_TEXT_LAYER': 66, 'OK': 71, 'NO_ROWS': 216}
23:36:48 targets: 1042 at/above R$200k · 301 pooling (100–200k) · 4098 below · 488 exact dupes skipped · 383 cases
23:36:48 enrich: 909 companies to look up (throttled)
23:37:04   enrich 25/909  hit=25 miss=0
23:37:21   enrich 50/909  hit=50 miss=0
23:37:38   enrich 75/909  hit=75 miss=0
23:37:56   enrich 100/909  hit=100 miss=0
23:38:13   enrich 125/909  hit=125 miss=0
23:38:31   enrich 150/909  hit=150 miss=0
23:38:48   enrich 175/909  hit=175 miss=0
23:39:06   enrich 200/909  hit=200 miss=0
23:39:23   enrich 225/909  hit=225 miss=0
23:39:41   enrich 250/909  hit=250 miss=0
23:39:58   enrich 275/909  hit=275 miss=0
23:40:16   enrich 300/909  hit=300 miss=0
23:40:33   enrich 325/909  hit=325 miss=0
23:40:51   enrich 350/909  hit=350 miss=0
23:41:08   enrich 375/909  hit=375 miss=0
23:41:26   enrich 400/909  hit=400 miss=0
23:41:43   enrich 425/909  hit=425 miss=0
23:42:01   enrich 450/909  hit=450 miss=0
23:42:18   enrich 475/909  hit=475 miss=0
23:42:36   enrich 500/909  hit=500 miss=0
23:42:53   enrich 525/909  hit=525 miss=0
23:43:11   enrich 550/909  hit=550 miss=0
23:43:29   enrich 575/909  hit=575 miss=0
23:43:46   enrich 600/909  hit=600 miss=0
23:44:04   enrich 625/909  hit=625 miss=0
23:44:21   enrich 650/909  hit=650 miss=0
23:44:39   enrich 675/909  hit=675 miss=0
23:44:56   enrich 700/909  hit=700 miss=0
23:45:14   enrich 725/909  hit=725 miss=0
23:45:31   enrich 750/909  hit=750 miss=0
23:45:49   enrich 775/909  hit=775 miss=0
23:46:06   enrich 800/909  hit=800 miss=0
23:46:24   enrich 825/909  hit=825 miss=0
23:46:41   enrich 850/909  hit=850 miss=0
23:46:59   enrich 875/909  hit=875 miss=0
23:47:16   enrich 900/909  hit=900 miss=0
23:47:23 enrich done: hit=909 miss=0
23:47:26 xlsx: {'floor': 542, 'pool': 224, 'docs': 1199, 'cases': 534, 'needs_cnpj': 981, 'diff_rows': 124} → /home/user/Anteparo/data/out/ANTEPARO_call_sheet.xlsx
23:47:26 diff vs Drive sheet: {'CHANGED': 4, 'SAME': 7, 'NOT_IN_NEW_RUN': 113}
23:47:27 report.md written
23:47:27 PHASE 1 DONE
