cnpj_basico,razao_social,natureza_juridica,porte,situacao_cadastral,cnae_principal,uf,municipio,phone,email,is_bank,is_public,is_inactive,rfb_source,rfb_fetched_at,extracted_at,extracted_by
00000000,BANCO DO BRASIL SA,2038,DEMAIS,02,6422100,DF,BRASILIA,6134939002,,1,0,0,minhareceita,2026-09-03T23:42:08Z,2026-09-03T23:42:08Z,enrich
00029372,GE HEALTHCARE DO BRASIL COMERCIO E SERVICOS PARA EQUIPAMENTOS MEDICO-HOSPITALARES LTDA,2062,DEMAIS,02,4664800,SP,SAO PAULO,1130678181,,0,0,0,minhareceita,2026-09-03T23:40:10Z,2026-09-03T23:40:10Z,enrich
00052803,PEDREIRA ARAGUAIA LTDA,2062,DEMAIS,02,810099,GO,APARECIDA DE GOIANIA,6232848484,,0,0,0,minhareceita,2026-09-04T00:06:19Z,2026-09-04T00:06:19Z,enrich
00056013,LA GESTAO LTDA.,2062,DEMAIS,02,6810202,MG,BELO HORIZONTE,3132711471,,0,0,0,minhareceita,2026-09-03T23:45:41Z,2026-09-03T23:45:41Z,enrich
00073757,GETTI QUIMICA LTDA,2062,DEMAIS,02,2099199,RS,NOVO HAMBURGO,5135533355,,0,0,0,minhareceita,2026-09-03T23:41:44Z,2026-09-03T23:41:44Z,enrich
00153282,CESDE INDUSTRIA E COMERCIO DE ELETRODOMESTICOS LTDA,2062,DEMAIS,02,2759799,CE,MARANGUAPE,8540113800,,0,0,0,minhareceita,2026-09-03T23:41:59Z,2026-09-03T23:41:59Z,enrich
00199741,"DH ADMINISTRACAO, PARTICIPACOES E EMPREENDIMENTOS LTDA",2062,EMPRESA DE PEQUENO PORTE,02,6463800,MG,OURO BRANCO,3196386001,,1,0,0,minhareceita,2026-09-03T23:46:18Z,2026-09-03T23:46:18Z,enrich
00210633,UNIPETRO NOVA ANDRADINA DISTRIBUIDORA DE PETROLEO LTDA,2062,DEMAIS,02,4681802,MS,NOVA ANDRADINA,1139904090,,0,0,0,minhareceita,2026-09-03T23:40:00Z,2026-09-03T23:40:00Z,enrich
00266662,TRANSPORTADORA FILINHO DE BOM JARDIM LTDA,2062,DEMAIS,04,4930202,RJ,SAO GONCALO,1141410061,,0,0,1,minhareceita,2026-09-03T23:47:06Z,2026-09-03T23:47:06Z,enrich
00303732,INDUSTRIA DE MOVEIS NOTAVEL LTDA,2062,DEMAIS,02,3101200,PR,AMPERE,4635472565,,0,0,0,minhareceita,2026-09-03T23:44:58Z,2026-09-03T23:44:58Z,enrich
00327501,"GUAIANAS - TRANSPORTES, MINERACAO, TRATAMENTO E REFINO DE OLEO LTDA",2062,DEMAIS,02,4930202,PR,NOVA ESPERANCA,4432522688,,0,0,0,minhareceita,2026-09-03T23:41:06Z,2026-09-03T23:41:06Z,enrich
00331788,AIR LIQUIDE BRASIL LTDA,2062,DEMAIS,02,2014200,SP,SAO PAULO,1155098300,,0,0,0,minhareceita,2026-09-03T23:42:24Z,2026-09-03T23:42:24Z,enrich
00360305,CAIXA ECONOMICA FEDERAL,2011,DEMAIS,02,6423900,DF,BRASILIA,0040040104,,1,0,0,minhareceita,2026-09-03T23:44:37Z,2026-09-03T23:44:37Z,enrich
00399857,COMPANHIA DE DESENVOLVIMENTO DOS VALES DO SAO FRANCISCO E DO PARNAIBA,2011,DEMAIS,02,8411600,DF,BRASILIA,,,0,0,0,minhareceita,2026-09-03T23:41:41Z,2026-09-03T23:41:41Z,enrich
00417145,DISCOMED COMERCIO DE PRODUTOS HOSPITALARES LTDA,2062,DEMAIS,02,4645101,RS,PORTO ALEGRE,,,0,0,0,minhareceita,2026-09-03T23:38:51Z,2026-09-03T23:38:51Z,enrich
00466591,COBB-VANTRESS BRASIL LTDA,2062,DEMAIS,02,155502,SP,GUAPIACU,,,0,0,0,minhareceita,2026-09-03T23:41:07Z,2026-09-03T23:41:07Z,enrich
00474698,CAMINERO INDUSTRIA E COMERCIO DE OLEOS LTDA,2062,DEMAIS,02,1043100,SP,BARIRI,1436629499,,0,0,0,minhareceita,2026-09-03T23:39:00Z,2026-09-03T23:39:00Z,enrich
00474973,ESCRITORIO CENTRAL DE ARRECADACAO E DISTRIBUICAO ECAD,3999,DEMAIS,02,9493600,RJ,RIO DE JANEIRO,2135058500,,0,0,0,minhareceita,2026-09-03T23:41:23Z,2026-09-03T23:41:23Z,enrich
00677858,ARTE NATIVA PRODUTOS NATURAIS LTDA,2062,DEMAIS,02,1099607,MG,SAO JOSE DA LAPA,3131915426,,0,0,0,minhareceita,2026-09-03T23:46:41Z,2026-09-03T23:46:41Z,enrich
00714387,BRASMO INDUSTRIA E COMERCIO LTDA,2062,DEMAIS,02,3292202,SC,CHAPECO,4933223628,,0,0,0,minhareceita,2026-09-03T23:41:37Z,2026-09-03T23:41:37Z,enrich
00732684,G G VESTUARIO PROFISSIONAL LTDA,2062,DEMAIS,02,1412601,SC,VIDEIRA,4935662700,,0,0,0,minhareceita,2026-09-03T23:44:52Z,2026-09-03T23:44:52Z,enrich
00749526,SUPERFINE STEEL ACOS INOXIDAVEIS LTDA,2062,DEMAIS,02,2424501,SP,SANTA BARBARA D'OESTE,1131298590,,0,0,0,minhareceita,2026-09-03T23:40:46Z,2026-09-03T23:40:46Z,enrich
00763251,RAFITEC SOLUCOES EM PLASTICOS LTDA,2062,DEMAIS,02,1313800,SC,XAXIM,4933538383,,0,0,0,minhareceita,2026-09-03T23:39:46Z,2026-09-03T23:39:46Z,enrich
00774265,GSA GAMA SUCOS E ALIMENTOS LTDA.,2062,DEMAIS,02,1094500,GO,APARECIDA DE GOIANIA,6240066400,,0,0,0,minhareceita,2026-09-03T23:45:18Z,2026-09-03T23:45:18Z,enrich
00795423,BANCO SEMEAR S.A.,2054,DEMAIS,02,6422100,MG,BELO HORIZONTE,3135168000,,1,0,0,minhareceita,2026-09-03T23:36:59Z,2026-09-03T23:36:59Z,enrich
00802235,FIRST S/A,2054,DEMAIS,02,4689399,SP,SAO PAULO,1150548110,,0,0,0,minhareceita,2026-09-03T23:37:18Z,2026-09-03T23:37:18Z,enrich
00831373,LOUIS DREYFUS COMPANY SUCOS S.A,2054,DEMAIS,02,1033301,SP,SAO PAULO,1130397160,,0,0,0,minhareceita,2026-09-03T23:37:06Z,2026-09-03T23:37:06Z,enrich
00856973,E B COMERCIO DE PRODUTOS E SERVICOS NUTRICIONAIS S/A,2054,DEMAIS,04,4771702,ES,VILA VELHA,2835229755,,0,0,1,minhareceita,2026-09-03T23:46:21Z,2026-09-03T23:46:21Z,enrich
00872615,CPF COMERCIAL DE PARAFUSOS E FERRAGENS LTDA,2062,EMPRESA DE PEQUENO PORTE,02,2592601,SE,ARACAJU,7940090101,,0,0,0,minhareceita,2026-09-04T00:06:34Z,2026-09-04T00:06:34Z,enrich
00912882,GRUPO K1 S.A.,2054,DEMAIS,02,3101200,RS,TUPANDI,5136358800,,0,0,0,minhareceita,2026-09-03T23:41:26Z,2026-09-03T23:41:26Z,enrich
00939873,BRUSINOX INDUSTRIA COMERCIO MAQUINAS EQUIPAMENTOS LTDA.,2062,DEMAIS,02,2829199,SC,BRUSQUE,4733514500,,0,0,0,minhareceita,2026-09-03T23:39:40Z,2026-09-03T23:39:40Z,enrich
00974731,FRANGOS PIONEIRO INDUSTRIA E COMERCIO DE ALIMENTOS LTDA,2062,DEMAIS,02,1013901,PR,JOAQUIM TAVORA,4335598000,,0,0,0,minhareceita,2026-09-03T23:41:10Z,2026-09-03T23:41:10Z,enrich
00993264,INTEGRADA COOPERATIVA AGROINDUSTRIAL,2143,DEMAIS,02,4623199,PR,LONDRINA,4332947000,,0,0,0,minhareceita,2026-09-03T23:44:47Z,2026-09-03T23:44:47Z,enrich
01080512,SALESFORCE TECNOLOGIA LTDA,2062,DEMAIS,02,6202300,SP,SAO PAULO,1121103141,,0,0,0,minhareceita,2026-09-03T23:37:48Z,2026-09-03T23:37:48Z,enrich
01144076,MAB - SP SERVICOS ADMINISTRATIVOS LTDA,2062,EMPRESA DE PEQUENO PORTE,02,8211300,SP,BARUERI,1144361775,,0,0,0,minhareceita,2026-09-03T23:42:55Z,2026-09-03T23:42:55Z,enrich
01249612,FUNDO DE PROMOCOES COLETIVAS DO MARINGA PARK SHOPPING CENTER,3999,DEMAIS,02,9430800,PR,MARINGA,,,0,0,0,minhareceita,2026-09-03T23:44:30Z,2026-09-03T23:44:30Z,enrich
01257995,GOIASMINAS INDUSTRIA DE LATICINIOS LTDA,2062,DEMAIS,02,1052000,GO,CORUMBAIBA,6434477500,,0,0,0,minhareceita,2026-09-03T23:43:18Z,2026-09-03T23:43:18Z,enrich
01358125,WORLD BLUE INDUSTRIA E COMERCIO DE CONFECCOES LTDA,2062,DEMAIS,02,1412601,SC,BRUSQUE,000000000000,,0,0,0,minhareceita,2026-09-03T23:40:59Z,2026-09-03T23:40:59Z,enrich
01397886,ACOS LONGOS DO NORDESTE LTDA,2062,DEMAIS,02,2599399,CE,EUSEBIO,8531173000,,0,0,0,minhareceita,2026-09-03T23:46:30Z,2026-09-03T23:46:30Z,enrich
01424397,FAN STORE ENTRETENIMENTO S.A,2054,DEMAIS,02,1340501,SP,BARRA BONITA,1436042024,,0,0,0,minhareceita,2026-09-03T23:40:14Z,2026-09-03T23:40:14Z,enrich
01440590,FRESENIUS MEDICAL CARE LTDA,2062,DEMAIS,02,2121101,SP,JAGUARIUNA,1938479700,,0,0,0,minhareceita,2026-09-03T23:37:03Z,2026-09-03T23:37:03Z,enrich
01449930,SIEMENS HEALTHCARE DIAGNOSTICOS LTDA.,2062,DEMAIS,02,4645101,SP,SAO PAULO,1145857350,,0,0,0,minhareceita,2026-09-03T23:41:31Z,2026-09-03T23:41:31Z,enrich
01466091,CIAPETRO DISTRIBUIDORA DE COMBUSTIVEIS LTDA,2062,DEMAIS,02,4681801,PR,CIANORTE,4436196400,,0,0,0,minhareceita,2026-09-03T23:40:30Z,2026-09-03T23:40:30Z,enrich
01489979,PROSPERE SECURITIZADORA S.A.,2054,DEMAIS,02,6492100,PR,LONDRINA,4396823443,,1,0,0,minhareceita,2026-09-03T23:38:26Z,2026-09-03T23:38:26Z,enrich
01494867,P.U. ESPUMAS DO BRASIL LTDA,2062,DEMAIS,02,4684299,SP,SAO PAULO,1134881904,,0,0,0,minhareceita,2026-09-03T23:38:43Z,2026-09-03T23:38:43Z,enrich
01536085,PNEULANDIA COMERCIAL LTDA,2062,DEMAIS,02,4530705,GO,GOIANIA,,,0,0,0,minhareceita,2026-09-03T23:45:31Z,2026-09-03T23:45:31Z,enrich
01608488,HOHL MAQUINAS AGRICOLAS LTDA,2062,DEMAIS,02,8211300,GO,GOIANIA,6231426515,,0,0,0,minhareceita,2026-09-03T23:38:58Z,2026-09-03T23:38:58Z,enrich
01618965,R M PORTO CONSULTORIA E REPRESENTACOES LTDA,2062,EMPRESA DE PEQUENO PORTE,02,4618499,SP,SANTANA DE PARNAIBA,1141544470,,0,0,0,minhareceita,2026-09-03T23:46:01Z,2026-09-03T23:46:01Z,enrich
01631022,VIANMAQ EQUIPAMENTOS LTDA,2062,DEMAIS,02,4669999,PR,CAMPO LARGO,4135552161,,0,0,0,minhareceita,2026-09-03T23:37:53Z,2026-09-03T23:37:53Z,enrich
01637593,ENORD ENGENHARIA LTDA,2062,DEMAIS,02,4120400,AL,MACEIO,8233361991,,0,0,0,minhareceita,2026-09-03T23:44:38Z,2026-09-03T23:44:38Z,enrich
01637668,SAO LUIS ADMINISTRADORA DE SHOPPING CENTER LTDA,2062,DEMAIS,02,6822600,MA,SAO LUIS,9833133760,,0,0,0,minhareceita,2026-09-03T23:41:50Z,2026-09-03T23:41:50Z,enrich
01637895,VOTORANTIM CIMENTOS S.A.,2046,DEMAIS,02,2320600,SP,SAO PAULO,4133885292,,0,0,0,minhareceita,2026-09-03T23:44:28Z,2026-09-03T23:44:28Z,enrich
01644931,A.S.E. DISTRIBUICAO LTDA.,2062,MICRO EMPRESA,02,8219999,GO,ANAPOLIS,6233114130,,0,0,0,minhareceita,2026-09-03T23:42:48Z,2026-09-03T23:42:48Z,enrich
01682147,AVENORTE AVICOLA CIANORTE LTDA,2062,DEMAIS,02,1012101,PR,CIANORTE,4436195544,,0,0,0,minhareceita,2026-09-03T23:45:37Z,2026-09-03T23:45:37Z,enrich
01701201,KIRTON BANK S.A. - BANCO MULTIPLO,2054,DEMAIS,02,6422100,SP,OSASCO,1136843884,,1,0,0,minhareceita,2026-09-03T23:40:38Z,2026-09-03T23:40:38Z,enrich
01789121,ALBAUGH AGRO BRASIL LTDA.,2062,DEMAIS,02,2051700,SP,SAO PAULO,1130764243,,0,0,0,minhareceita,2026-09-03T23:37:12Z,2026-09-03T23:37:12Z,enrich
01790923,TERRAMAQ PECAS E SERVICOS LTDA,2062,EMPRESA DE PEQUENO PORTE,02,4661300,PE,RECIFE,08132228756,,0,0,0,minhareceita,2026-09-03T23:39:15Z,2026-09-03T23:39:15Z,enrich
01791741,ASFALTOS NORDESTE LTDA,2062,DEMAIS,02,2073800,CE,MARACANAU,8533112811,,0,0,0,minhareceita,2026-09-03T23:40:49Z,2026-09-03T23:40:49Z,enrich
01792254,L. J. MOVEIS LTDA,2062,DEMAIS,02,3101200,MG,SAO GERALDO,3234060153,,0,0,0,minhareceita,2026-09-03T23:44:17Z,2026-09-03T23:44:17Z,enrich
01802541,TUBOARTE INDUSTRIA E COMERCIO LTDA,2062,DEMAIS,02,3101200,CE,JAGUARIBE,8835228300,,0,0,0,minhareceita,2026-09-03T23:40:50Z,2026-09-03T23:40:50Z,enrich
01838723,BRF S.A.,2046,DEMAIS,02,1012101,SC,ITAJAI,4732494100,,0,0,0,minhareceita,2026-09-03T23:46:43Z,2026-09-03T23:46:43Z,enrich
01849036,PROTEC PRODUTOS AGRICOLAS LTDA,2062,DEMAIS,02,4683400,MG,UBERLANDIA,3432567400,,0,0,0,minhareceita,2026-09-03T23:46:46Z,2026-09-03T23:46:46Z,enrich
01858973,AIRELA INDUSTRIA FARMACEUTICA LTDA,2062,DEMAIS,02,2121101,SC,PEDRAS GRANDES,4836590304,,0,0,0,minhareceita,2026-09-03T23:42:04Z,2026-09-03T23:42:04Z,enrich
01911761,NATIVA PRODUTOS AGRICOLAS LTDA,2062,DEMAIS,02,4683400,PR,PATO BRANCO,4632202442,,0,0,0,minhareceita,2026-09-03T23:42:41Z,2026-09-03T23:42:41Z,enrich
01999744,CALHAFORTE LTDA,2062,DEMAIS,02,2593400,SP,SAO PAULO,1129158834,,0,0,0,minhareceita,2026-09-03T23:46:45Z,2026-09-03T23:46:45Z,enrich
02003402,ADM DO BRASIL LTDA,2062,DEMAIS,02,4623199,ES,VITORIA,1151853500,,0,0,0,minhareceita,2026-09-03T23:38:18Z,2026-09-03T23:38:18Z,enrich
02017233,PROGER-COMERCIO IMPORTACAO E EXPORTACAO LTDA,2062,EMPRESA DE PEQUENO PORTE,02,4645101,RS,PORTO ALEGRE,5196064995,,0,0,0,minhareceita,2026-09-03T23:41:52Z,2026-09-03T23:41:52Z,enrich
02036483,CONTINENTAL DO BRASIL PRODUTOS AUTOMOTIVOS LTDA,2062,DEMAIS,08,2943300,SP,VARZEA PAULISTA,1145968153,,0,0,1,minhareceita,2026-09-03T23:40:03Z,2026-09-03T23:40:03Z,enrich
02038232,BANCO COOPERATIVO SICOOB S.A.,2054,DEMAIS,02,6424701,DF,BRASILIA,6132175200,,1,0,0,minhareceita,2026-09-03T23:41:27Z,2026-09-03T23:41:27Z,enrich
02077618,COOPERATIVA AGROINDUSTRIAL DOS PRODUTORES RURAIS DO SUDOESTE GOIANO,2143,DEMAIS,02,4692300,GO,RIO VERDE,6436111500,,0,0,0,minhareceita,2026-09-03T23:44:44Z,2026-09-03T23:44:44Z,enrich
02089969,LATICINIOS BELA VISTA S.A.,2054,DEMAIS,02,1052000,GO,GOIANIA,6239468300,,0,0,0,minhareceita,2026-09-03T23:47:11Z,2026-09-03T23:47:11Z,enrich
02134825,ASSOCIACAO DOS AGROPECUARISTAS CABRITOS DA FLORESTA,3999,DEMAIS,04,9499500,PE,FLORESTA,8799043333,,0,0,1,minhareceita,2026-09-03T23:37:10Z,2026-09-03T23:37:10Z,enrich
02135888,PRODUSI METALURGICA LTDA,2062,DEMAIS,02,2599399,PR,LONDRINA,4333738800,,0,0,0,minhareceita,2026-09-03T23:41:59Z,2026-09-03T23:41:59Z,enrich
02149075,SOLUS PECAS AGRICOLAS LTDA,2062,EMPRESA DE PEQUENO PORTE,02,2833000,PR,PATO BRANCO,0462241289,,0,0,0,minhareceita,2026-09-03T23:39:51Z,2026-09-03T23:39:51Z,enrich
02162259,MWM - TUPY DO BRASIL LTDA.,2062,DEMAIS,02,8211300,SP,SAO PAULO,1138823200,,0,0,0,minhareceita,2026-09-03T23:43:52Z,2026-09-03T23:43:52Z,enrich
02212918,BELCAR CAMINHOES E MAQUINAS LTDA,2062,DEMAIS,02,4511104,GO,GOIANIA,6232399600,,0,0,0,minhareceita,2026-09-03T23:43:05Z,2026-09-03T23:43:05Z,enrich
02271463,CROMEX S/A,2054,DEMAIS,02,2229302,SP,SAO PAULO,1121315408,,0,0,0,minhareceita,2026-09-03T23:46:24Z,2026-09-03T23:46:24Z,enrich
02274615,USECAR LOCADORA DE VEICULOS S/A,2054,DEMAIS,02,7711000,MG,BELO HORIZONTE,3140011408,,0,0,0,minhareceita,2026-09-03T23:42:28Z,2026-09-03T23:42:28Z,enrich
02282709,COOPERATIVA DE CREDITO DE LIVRE ADMISSAO DO CENTRO NORTE BRASILEIRO,2143,DEMAIS,02,6424703,GO,ANAPOLIS,6233113810,,1,0,0,minhareceita,2026-09-03T23:38:18Z,2026-09-03T23:38:18Z,enrich
02286479,LOCALIZA FLEET S.A.,2046,DEMAIS,02,7711000,MG,BELO HORIZONTE,3123237160,,0,0,0,minhareceita,2026-09-03T23:47:22Z,2026-09-03T23:47:22Z,enrich
02291660,L D NUNES,2135,EMPRESA DE PEQUENO PORTE,02,1013902,RN,MACAIBA,,,0,0,0,minhareceita,2026-09-03T23:41:54Z,2026-09-03T23:41:54Z,enrich
02339308,GPS EMPREENDIMENTOS LTDA - EM RECUPERACAO JUDICIAL,2062,EMPRESA DE PEQUENO PORTE,02,4120400,AL,MACEIO,8233771300,,0,0,0,minhareceita,2026-09-03T23:43:37Z,2026-09-03T23:43:37Z,enrich
02377798,ICCAP IMPLEMENTOS RODOVIARIOS LTDA,2062,DEMAIS,02,4511105,MS,CAMPO GRANDE,6733452200,,0,0,0,minhareceita,2026-09-03T23:45:26Z,2026-09-03T23:45:26Z,enrich
02410500,SUECA ROLAMENTOS E SOLUCOES INDUSTRIAIS LTDA,2062,DEMAIS,02,4663000,RS,PORTO ALEGRE,5133378477,,0,0,0,minhareceita,2026-09-03T23:40:19Z,2026-09-03T23:40:19Z,enrich
02429547,JOMHEDICA NORTE PRODUTOS MEDICOS HOSPITALARES LTDA,2062,DEMAIS,02,4773300,RS,PORTO ALEGRE,5121080900,,0,0,0,minhareceita,2026-09-03T23:45:39Z,2026-09-03T23:45:39Z,enrich
02435301,SIAGRI SISTEMAS DE GESTAO LTDA,2062,DEMAIS,02,6202300,GO,RIO VERDE,6436201550,,0,0,0,minhareceita,2026-09-03T23:45:33Z,2026-09-03T23:45:33Z,enrich
02456955,NATULAB LABORATORIO S.A,2054,DEMAIS,02,2121101,BA,SANTO ANTONIO DE JESUS,7533115555,,0,0,0,minhareceita,2026-09-03T23:38:48Z,2026-09-03T23:38:48Z,enrich
02494715,COOPERATIVA UNIMED CENTRAL DE COOPERATIVAS UNIMED DO RIO GRANDE DO SUL LTDA,2143,DEMAIS,02,4645101,RS,CANOAS,5134626400,,0,0,0,minhareceita,2026-09-03T23:40:11Z,2026-09-03T23:40:11Z,enrich
02501297,PHARLAB INDUSTRIA FARMACEUTICA S.A,2054,DEMAIS,02,2121101,MG,LAGOA DA PRATA,3732619090,,0,0,0,minhareceita,2026-09-03T23:41:01Z,2026-09-03T23:41:01Z,enrich
02513526,CICLO CAIRU LTDA,2062,DEMAIS,02,4541202,RO,PIMENTA BUENO,6934510500,,0,0,0,minhareceita,2026-09-03T23:43:31Z,2026-09-03T23:43:31Z,enrich
02513991,DE HEUS INDUSTRIA E COMERCIO DE NUTRICAO ANIMAL LTDA,2062,DEMAIS,02,1066000,SP,RIO CLARO,1930467109,,0,0,0,minhareceita,2026-09-03T23:43:35Z,2026-09-03T23:43:35Z,enrich
02520829,DIMASTER - COMERCIO DE PRODUTOS HOSPITALARES LTDA.,2062,DEMAIS,02,4644301,RS,BARAO DE COTEGIPE,5435232600,,0,0,0,minhareceita,2026-09-03T23:43:55Z,2026-09-03T23:43:55Z,enrich
02524216,ALFANI CONFECCOES E COMERCIO LTDA - EM RECUPERACAO JUDICIAL,2062,DEMAIS,02,4781400,PE,RECIFE,8134198550,,0,0,0,minhareceita,2026-09-03T23:37:52Z,2026-09-03T23:37:52Z,enrich
02525961,HEMOPROT INDUSTRIA E COMERCIO DE PRODUTOS FRIGORIFICOS LTDA,2062,DEMAIS,02,1013902,MS,MUNDO NOVO,6792126719,,0,0,0,minhareceita,2026-09-03T23:41:50Z,2026-09-03T23:41:50Z,enrich
02535864,VR BENEFICIOS E SERVICOS DE PROCESSAMENTO INSTITUICAO DE PAGAMENTO S.A.,2054,DEMAIS,02,8299702,SP,SAO PAULO,1141344100,,0,0,0,minhareceita,2026-09-03T23:37:59Z,2026-09-03T23:37:59Z,enrich
02553526,JGM EMPREENDIMENTOS E PARTICIPACOES LTDA,2062,DEMAIS,02,6462000,SC,JARAGUA DO SUL,0473710099,,1,0,0,minhareceita,2026-09-03T23:37:08Z,2026-09-03T23:37:08Z,enrich
02558157,TELEFONICA BRASIL S.A.,2046,DEMAIS,02,6120599,SP,SAO PAULO,1134304532,,0,0,0,minhareceita,2026-09-03T23:42:22Z,2026-09-03T23:42:22Z,enrich
02565876,HUESKER LTDA,2062,DEMAIS,02,4679604,SP,SAO JOSE DOS CAMPOS,1239039300,,0,0,0,minhareceita,2026-09-03T23:41:33Z,2026-09-03T23:41:33Z,enrich
02576794,ACOPLATION ANDAIMES LTDA EM RECUPERACAO JUDICIAL,2062,DEMAIS,02,7112000,MG,BALDIM,3130362975,,0,0,0,minhareceita,2026-09-03T23:41:57Z,2026-09-03T23:41:57Z,enrich
02588815,BELLOTA BRASIL LTDA,2062,DEMAIS,02,2833000,SC,INDAIAL,4733018030,,0,0,0,minhareceita,2026-09-03T23:38:46Z,2026-09-03T23:38:46Z,enrich
02624729,MADETEC MOVEIS LTDA,2062,DEMAIS,02,3101200,PR,ARAPONGAS,4333031800,,0,0,0,minhareceita,2026-09-03T23:43:58Z,2026-09-03T23:43:58Z,enrich
02635522,JALLES MACHADO S.A.,2046,DEMAIS,02,1071600,GO,GOIANESIA,6333899000,,0,0,0,minhareceita,2026-09-03T23:45:24Z,2026-09-03T23:45:24Z,enrich
02676351,SOAGRO - SOCIEDADE AGRO-PECUARIA LTDA,2062,DEMAIS,02,4683400,GO,RIO VERDE,6421014000,,0,0,0,minhareceita,2026-09-03T23:43:13Z,2026-09-03T23:43:13Z,enrich
02694691,CANADA LOCADORA DE EQUIPAMENTOS LIMITADA,2062,EMPRESA DE PEQUENO PORTE,02,2869100,MG,NOVA LIMA,3135894500,,0,0,0,minhareceita,2026-09-03T23:44:14Z,2026-09-03T23:44:14Z,enrich
02709992,CRISTAL ALIMENTOS LTDA,2062,DEMAIS,02,1061901,GO,APARECIDA DE GOIANIA,6232269064,,0,0,0,minhareceita,2026-09-03T23:43:11Z,2026-09-03T23:43:11Z,enrich
02721927,POLIMAN INDUSTRIA E COMERCIO DE MOVEIS LTDA,2062,DEMAIS,02,3101200,PR,ARAPONGAS,4332768600,,0,0,0,minhareceita,2026-09-03T23:44:21Z,2026-09-03T23:44:21Z,enrich
02748323,OLINDA INDUSTRIA E COMERCIO DE COLCHOES LTDA,2062,DEMAIS,02,3104700,PE,OLINDA,8121285000,,0,0,0,minhareceita,2026-09-03T23:38:28Z,2026-09-03T23:38:28Z,enrich
02770062,EPHOXAL DO BRASIL INDUSTRIA E COMERCIO LTDA,2062,DEMAIS,02,2032100,SP,EMBU DAS ARTES,1141389347,,0,0,0,minhareceita,2026-09-03T23:39:12Z,2026-09-03T23:39:12Z,enrich
02802419,MERCOFRICON S/A,2054,DEMAIS,02,2823200,PE,PAULISTA,8121215047,,0,0,0,minhareceita,2026-09-03T23:40:01Z,2026-09-03T23:40:01Z,enrich
02905110,GR SERVICOS E ALIMENTACAO LTDA.,2062,DEMAIS,02,5620101,SP,SAO PAULO,1121353000,,0,0,0,minhareceita,2026-09-03T23:42:46Z,2026-09-03T23:42:46Z,enrich
02914460,SEARA ALIMENTOS LTDA,2062,DEMAIS,02,4634601,SC,ITAJAI,4733447424,,0,0,0,minhareceita,2026-09-03T23:44:30Z,2026-09-03T23:44:30Z,enrich
02916265,JBS S/A,2046,DEMAIS,02,1011201,SP,SAO PAULO,1131444000,,0,0,0,minhareceita,2026-09-03T23:46:43Z,2026-09-03T23:46:43Z,enrich
02924249,RANCHEIRO S.A.,2054,DEMAIS,02,1092900,GO,ANAPOLIS,6240158955,,0,0,0,minhareceita,2026-09-03T23:42:29Z,2026-09-03T23:42:29Z,enrich
02932074,HYPERA S.A.,2046,DEMAIS,02,4644301,SP,SAO PAULO,6238788150,,0,0,0,minhareceita,2026-09-03T23:36:55Z,2026-09-03T23:36:55Z,enrich
02948030,ESMALTEC S/A,2054,DEMAIS,02,2751100,CE,FORTALEZA,8534668540,,0,0,0,minhareceita,2026-09-03T23:38:10Z,2026-09-03T23:38:10Z,enrich
02965637,VEJA SERVICOS LTDA,2062,MICRO EMPRESA,02,8211300,CE,FORTALEZA,8532234964,,0,0,0,minhareceita,2026-09-03T23:39:36Z,2026-09-03T23:39:36Z,enrich
03070981,CONDOMINIO DO ASPEN PARK SHOPPING CENTER II,3085,DEMAIS,02,8112500,PR,MARINGA,4433662037,,0,0,0,minhareceita,2026-09-03T23:40:56Z,2026-09-03T23:40:56Z,enrich
03071894,VALGROUP AM INDUSTRIA DE MASTERBATCH LTDA.,2062,DEMAIS,02,2222600,AM,MANAUS,1221244400,,0,0,0,minhareceita,2026-09-04T00:06:30Z,2026-09-04T00:06:30Z,enrich
03076832,FLEXIVEL INDUSTRIA E COMERCIO LTDA,2062,DEMAIS,02,2099199,SC,JARAGUA DO SUL,4732701900,,0,0,0,minhareceita,2026-09-03T23:38:03Z,2026-09-03T23:38:03Z,enrich
03106170,JCS BRASIL ELETRODOMESTICOS LTDA,2062,DEMAIS,08,4649401,SC,BALNEARIO DE PICARRAS,4732245000,,0,0,1,minhareceita,2026-09-03T23:39:39Z,2026-09-03T23:39:39Z,enrich
03119889,FERRONORTE INDUSTRIAL LTDA,2062,DEMAIS,02,2424502,PI,TERESINA,8632154950,,0,0,0,minhareceita,2026-09-03T23:38:48Z,2026-09-03T23:38:48Z,enrich
03143730,SECRETARIA EXECUTIVA DE ESPORTE E LAZER,1023,DEMAIS,02,9319199,PA,BELEM,9132012300,,0,1,0,minhareceita,2026-09-03T23:42:06Z,2026-09-03T23:42:06Z,enrich
03161388,MASTERSENSE INGREDIENTES ALIMENTICIOS LTDA,2062,DEMAIS,02,4639701,SP,JUNDIAI,1131093108,,0,0,0,minhareceita,2026-09-03T23:46:37Z,2026-09-03T23:46:37Z,enrich
03178007,JULE INDUSTRIA TEXTIL LTDA,2062,DEMAIS,08,1330800,RJ,PETROPOLIS,2421039000,,0,0,1,minhareceita,2026-09-03T23:41:01Z,2026-09-03T23:41:01Z,enrich
03202987,BANDEIRA FACTORING FOMENTO COMERCIAL LTDA,2062,MICRO EMPRESA,04,6491300,PE,JABOATAO DOS GUARARAPES,8133274486,,1,0,1,minhareceita,2026-09-03T23:44:35Z,2026-09-03T23:44:35Z,enrich
03213075,LEGGETT & PLATT DO BRASIL LTDA,2062,DEMAIS,02,2599399,MG,CAMANDUCAIA,1148946027,,0,0,0,minhareceita,2026-09-03T23:38:47Z,2026-09-03T23:38:47Z,enrich
03237583,COPA ENERGIA S.A.,2054,DEMAIS,02,4682600,SP,SAO PAULO,1155054077,,0,0,0,minhareceita,2026-09-03T23:37:16Z,2026-09-03T23:37:16Z,enrich
03266537,TRANS FALLS LTDA,2062,DEMAIS,02,4930202,PR,FOZ DO IGUACU,4535262997,,0,0,0,minhareceita,2026-09-03T23:42:07Z,2026-09-03T23:42:07Z,enrich
03303563,PERSONAL FIF - CLASSE DE INVESTIMENTO MULTIMERCADO - RESP LIMITADA,2224,DEMAIS,02,6470101,SP,OSASCO,1136845122,,1,0,0,minhareceita,2026-09-03T23:40:07Z,2026-09-03T23:40:07Z,enrich
03308250,TAMPAS PLASTICAS MECESA S/A,2054,DEMAIS,08,4686902,SP,SAO PAULO,3537295484,,0,0,1,minhareceita,2026-09-03T23:39:50Z,2026-09-03T23:39:50Z,enrich
03380763,REFRESCOS BANDEIRANTES INDUSTRIA E COMERCIO LTDA,2062,DEMAIS,02,1122401,SP,SAO PAULO,1155021200,,0,0,0,minhareceita,2026-09-03T23:39:25Z,2026-09-03T23:39:25Z,enrich
03387396,SAO SALVADOR ALIMENTOS S/A,2054,DEMAIS,02,1012101,GO,ITABERAI,6233757000,,0,0,0,minhareceita,2026-09-03T23:41:11Z,2026-09-03T23:41:11Z,enrich
03403794,FIACAO ITABAIANA LTDA,2062,DEMAIS,02,1311100,SE,RIBEIROPOLIS,,,0,0,0,minhareceita,2026-09-03T23:46:02Z,2026-09-03T23:46:02Z,enrich
03413865,QUINTAL TEXTIL AMERICANA LTDA,2062,EMPRESA DE PEQUENO PORTE,02,1351100,SP,AMERICANA,1930123083,,0,0,0,minhareceita,2026-09-03T23:43:00Z,2026-09-03T23:43:00Z,enrich
03442526,"ADAR INDUSTRIA , COMERCIO IMPORTACAO E EXPORTACAO LTDA",2062,DEMAIS,02,1359600,MS,TRES LAGOAS,6721058300,,0,0,0,minhareceita,2026-09-03T23:45:02Z,2026-09-03T23:45:02Z,enrich
03485572,GEOLAB INDUSTRIA FARMACEUTICA S/A,2054,DEMAIS,02,2121101,GO,ANAPOLIS,6240154000,,0,0,0,minhareceita,2026-09-03T23:38:27Z,2026-09-03T23:38:27Z,enrich
03498812,EBEG EMBALAGENS E DESCARTAVEIS LTDA,2062,DEMAIS,02,1731100,SP,RIBEIRAO PRETO,1635123000,,0,0,0,minhareceita,2026-09-03T23:44:02Z,2026-09-03T23:44:02Z,enrich
03519135,GREE ELECTRIC APPLIANCES DO BRASIL LTDA.,2062,DEMAIS,02,2824102,AM,MANAUS,9221236900,,0,0,0,minhareceita,2026-09-03T23:37:05Z,2026-09-03T23:37:05Z,enrich
03584906,AGENCIA DE FOMENTO DO PARANA S.A.,2038,DEMAIS,02,6434400,PR,CURITIBA,4132357564,,1,0,0,minhareceita,2026-09-03T23:45:26Z,2026-09-03T23:45:26Z,enrich
03609434,AEROMECANICA LTDA,2062,DEMAIS,02,3316301,PR,CURITIBA,4138883200,,0,0,0,minhareceita,2026-09-03T23:44:22Z,2026-09-03T23:44:22Z,enrich
03613421,PETRONAS LUBRIFICANTES BRASIL S.A,2054,DEMAIS,02,1922599,MG,CONTAGEM,3135069100,,0,0,0,minhareceita,2026-09-03T23:45:33Z,2026-09-03T23:45:33Z,enrich
03645772,DOCK TECNOLOGIA S.A.,2054,DEMAIS,02,7020400,SP,BARUERI,1138891800,,0,0,0,minhareceita,2026-09-03T23:42:51Z,2026-09-03T23:42:51Z,enrich
03727941,CITROTEC INDUSTRIA E COMERCIO LTDA,2062,DEMAIS,02,2862300,SP,ARARAQUARA,1633039796,,0,0,0,minhareceita,2026-09-03T23:39:48Z,2026-09-03T23:39:48Z,enrich
03784035,QUAKER TEXTIL DO BRASIL LTDA.,2062,DEMAIS,02,4689399,SP,SAO PAULO,1132843355,,0,0,0,minhareceita,2026-09-03T23:41:13Z,2026-09-03T23:41:13Z,enrich
03785066,REAL DISTRIBUIDORA E LOGISTICA LTDA,2062,DEMAIS,02,4693100,GO,APARECIDA DE GOIANIA,6232500500,,0,0,0,minhareceita,2026-09-03T23:45:20Z,2026-09-03T23:45:20Z,enrich
03801328,FRIGO SUINOS SOL NASCENTE LTDA,2062,DEMAIS,02,1012103,GO,GOIANIA,6232366311,,0,0,0,minhareceita,2026-09-03T23:45:12Z,2026-09-03T23:45:12Z,enrich
03838932,SERGIFIL INDUSTRIA TEXTIL LTDA,2062,DEMAIS,02,1311100,SE,ARACAJU,7933018548,,0,0,0,minhareceita,2026-09-03T23:45:54Z,2026-09-03T23:45:54Z,enrich
03881423,"SOCINAL S.A. - CREDITO, FINANCIAMENTO E INVESTIMENTO",2054,DEMAIS,02,6436100,RJ,ARARUAMA,2226655786,,1,0,0,minhareceita,2026-09-03T23:46:32Z,2026-09-03T23:46:32Z,enrich
03882840,RBG PRODUTOS THERAPEUTICOS S/A,2054,DEMAIS,02,4645101,RS,PORTO ALEGRE,5133823350,,0,0,0,minhareceita,2026-09-03T23:40:29Z,2026-09-03T23:40:29Z,enrich
03902129,COPASUL COOPERATIVA AGRICOLA SUL MATOGROSSENSE,2143,DEMAIS,02,4622200,MS,NAVIRAI,6734091234,,0,0,0,minhareceita,2026-09-03T23:45:44Z,2026-09-03T23:45:44Z,enrich
03946067,GDM SEMENTES LTDA,2062,DEMAIS,08,141501,PR,CURITIBA,3438182000,,0,0,1,minhareceita,2026-09-03T23:43:07Z,2026-09-03T23:43:07Z,enrich
03971957,BORTOLLOTI INDUSTRIA E COMERCIO DE MOVEIS LTDA,2062,DEMAIS,02,3101200,PR,ARAPONGAS,4332749900,,0,0,0,minhareceita,2026-09-03T23:46:26Z,2026-09-03T23:46:26Z,enrich
03981899,JF PASQUA CONDUTORES ELETRICOS LTDA,2062,DEMAIS,02,2443100,MG,GUAXUPE,3535596789,,0,0,0,minhareceita,2026-09-03T23:37:32Z,2026-09-03T23:37:32Z,enrich
04088208,SEM PARAR INSTITUICAO DE PAGAMENTO LTDA,2062,DEMAIS,02,8299799,SP,SAO PAULO,1145732300,,0,0,0,minhareceita,2026-09-03T23:39:46Z,2026-09-03T23:39:46Z,enrich
04125812,MORELATE DISTRIBUIDORA DE AUTO PECAS LTDA,2062,DEMAIS,02,4530701,SP,BARUERI,1152397651,,0,0,0,minhareceita,2026-09-03T23:44:50Z,2026-09-03T23:44:50Z,enrich
04136367,FMC QUIMICA DO BRASIL LTDA.,2062,DEMAIS,02,4623109,SP,CAMPINAS,1920424500,,0,0,0,minhareceita,2026-09-03T23:38:32Z,2026-09-03T23:38:32Z,enrich
04196935,GOLDEN DISTRIBUIDORA LTDA.,2062,DEMAIS,02,4686901,ES,SERRA,1136466600,,0,0,0,minhareceita,2026-09-03T23:43:08Z,2026-09-03T23:43:08Z,enrich
04205560,TRADE PACK COMERCIAL LTDA,2062,DEMAIS,02,4686902,SP,ITAPECERICA DA SERRA,1146671382,,0,0,0,minhareceita,2026-09-03T23:44:48Z,2026-09-03T23:44:48Z,enrich
04214651,PACKDUQUE INDUSTRIA DE PLASTICOS LTDA,2062,DEMAIS,02,8219999,SP,VALINHOS,1138817400,,0,0,0,minhareceita,2026-09-03T23:43:22Z,2026-09-03T23:43:22Z,enrich
04215366,WA INDUSTRIA E COMERCIO LTDA,2062,DEMAIS,02,4930202,SC,CHAPECO,4991128888,,0,0,0,minhareceita,2026-09-03T23:44:51Z,2026-09-03T23:44:51Z,enrich
04222931,CLIMAZON INDUSTRIAL LTDA,2062,DEMAIS,02,2824102,AM,MANAUS,5134779873,,0,0,0,minhareceita,2026-09-03T23:47:09Z,2026-09-03T23:47:09Z,enrich
04230984,STARSPRINGS DO BRASIL LTDA.,2062,DEMAIS,02,2592601,PR,ARAUCARIA,4132047000,,0,0,0,minhareceita,2026-09-03T23:43:04Z,2026-09-03T23:43:04Z,enrich
04250224,MAGGI ADMINISTRADORA DE CONSORCIOS LTDA,2062,DEMAIS,02,6493000,SP,ITU,01140230001,,1,0,0,minhareceita,2026-09-03T23:40:28Z,2026-09-03T23:40:28Z,enrich
04253854,ROSINA ALIMENTOS LTDA,2062,DEMAIS,02,1061901,RS,SERTAO SANTANA,,,0,0,0,minhareceita,2026-09-03T23:40:31Z,2026-09-03T23:40:31Z,enrich
04273385,CONFECCOES ALTA MODA LTDA,2062,DEMAIS,02,1412601,SP,SAO PAULO,1126980111,,0,0,0,minhareceita,2026-09-03T23:40:27Z,2026-09-03T23:40:27Z,enrich
04301024,CALOI NORTE SA,2054,DEMAIS,02,3092000,AM,MANAUS,9236170100,,0,0,0,minhareceita,2026-09-03T23:43:49Z,2026-09-03T23:43:49Z,enrich
04307650,ONCO PROD DISTRIBUIDORA DE PRODUTOS HOSPITALARES E ONCOLOGICOS LTDA.,2062,DEMAIS,02,8211300,SP,SAO PAULO,1150535613,,0,0,0,minhareceita,2026-09-03T23:44:54Z,2026-09-03T23:44:54Z,enrich
04310390,APC DO BRASIL LTDA.,2062,DEMAIS,02,1013902,SC,CHAPECO,4933313882,,0,0,0,minhareceita,2026-09-03T23:44:09Z,2026-09-03T23:44:09Z,enrich
04327273,LT QUIMICA LTDA,2062,DEMAIS,02,4689399,RS,ESTANCIA VELHA,5135616000,,0,0,0,minhareceita,2026-09-03T23:43:54Z,2026-09-03T23:43:54Z,enrich
04335788,CEREALISTA SANTO EXPEDITO LTDA,2062,DEMAIS,02,4623199,PR,BARRACAO,4936440679,,0,0,0,minhareceita,2026-09-03T23:41:55Z,2026-09-03T23:41:55Z,enrich
04368898,COPEL DISTRIBUICAO S.A.,2054,DEMAIS,02,3514000,PR,CURITIBA,4133314141,,0,0,0,minhareceita,2026-09-03T23:45:34Z,2026-09-03T23:45:34Z,enrich
04390556,TECNOGRES REVESTIMENTOS CERAMICOS LTDA EM RECUPERACAO JUDICIAL,2062,DEMAIS,02,2342701,BA,DIAS D'AVILA,7121049300,,0,0,0,minhareceita,2026-09-03T23:46:12Z,2026-09-03T23:46:12Z,enrich
04422548,LAPONIA SUDESTE LTDA.,2062,DEMAIS,02,4511104,SP,ITU,1140269800,,0,0,0,minhareceita,2026-09-03T23:42:38Z,2026-09-03T23:42:38Z,enrich
04431548,PMSM PUBLICIDADE E COMUNICACAO LTDA,2062,DEMAIS,02,7319099,RJ,NITEROI,2137132606,,0,0,0,minhareceita,2026-09-03T23:42:09Z,2026-09-03T23:42:09Z,enrich
04432327,INCOFIOS INDUSTRIA E COMERCIO DE FIOS LTDA,2062,DEMAIS,02,1311100,SC,INDAIAL,4733778000,,0,0,0,minhareceita,2026-09-03T23:42:21Z,2026-09-03T23:42:21Z,enrich
04454667,VEREDA ALIMENTOS LTDA,2062,DEMAIS,02,1011201,GO,GOIANESIA,6281479122,,0,0,0,minhareceita,2026-09-03T23:40:23Z,2026-09-03T23:40:23Z,enrich
04496698,INCENOR INDUSTRIA CERAMICA DO NORDESTE LTDA EM RECUPERACAO JUDICIAL,2062,DEMAIS,02,2342701,BA,DIAS D'AVILA,7121049300,,0,0,0,minhareceita,2026-09-03T23:45:30Z,2026-09-03T23:45:30Z,enrich
04523745,PLANEF CONSULTORIA E PLANEJAMENTO LTDA,2062,DEMAIS,02,7020400,RS,CAXIAS DO SUL,5435380789,,0,0,0,minhareceita,2026-09-03T23:45:28Z,2026-09-03T23:45:28Z,enrich
04544165,COOPERATIVA DE CREDITO DE LIVRE ADMISSAO DO VALE MADEIRA-MAMORE - SICOOB PORTOCREDI,2143,DEMAIS,08,6424703,RO,PORTO VELHO,6932251666,,1,0,1,minhareceita,2026-09-03T23:46:29Z,2026-09-03T23:46:29Z,enrich
04547784,ALPHA MOTION DO BRASIL LTDA,2062,DEMAIS,02,3102100,MS,APARECIDA DO TABOADO,6735659100,,0,0,0,minhareceita,2026-09-03T23:39:19Z,2026-09-03T23:39:19Z,enrich
04591114,NUTRANE NUTRICAO ANIMAL LTDA,2062,DEMAIS,02,1066000,PE,PESQUEIRA,8738353486,,0,0,0,minhareceita,2026-09-03T23:44:25Z,2026-09-03T23:44:25Z,enrich
04603630,INDUSTRIA E COMERCIO DE CARNES E DERIVADOS BOI BRASIL LTDA - EM RECUPERACAO JUDICIAL,2062,DEMAIS,02,1011201,GO,APARECIDA DE GOIANIA,2733009000,,0,0,0,minhareceita,2026-09-03T23:42:26Z,2026-09-03T23:42:26Z,enrich
04647810,URTIGAO COMERCIO REPRESENTACOES E TRANSPORTES LTDA,2062,DEMAIS,02,4611700,MS,CAARAPO,6734230045,,0,0,0,minhareceita,2026-09-03T23:42:25Z,2026-09-03T23:42:25Z,enrich
04661871,D. G. OLIVEIRA MONTAGENS INDUSTRIAIS LTDA,2062,MICRO EMPRESA,04,7120100,SP,COSMOPOLIS,1978114661,,0,0,1,minhareceita,2026-09-03T23:38:40Z,2026-09-03T23:38:40Z,enrich
04686964,MECMETAL INDUSTRIA E COMERCIO DE TRANSFORMADORES LTDA,2062,EMPRESA DE PEQUENO PORTE,02,2710402,SC,INDAIAL,4730399330,,0,0,0,minhareceita,2026-09-03T23:39:04Z,2026-09-03T23:39:04Z,enrich
04712017,CEREAL OURO SEMENTES LTDA,2062,DEMAIS,02,141501,GO,RIO VERDE,6421016200,,0,0,0,minhareceita,2026-09-03T23:40:57Z,2026-09-03T23:40:57Z,enrich
04756153,GFE EQUIPAMENTOS ELETRICOS LTDA,2062,EMPRESA DE PEQUENO PORTE,02,2710402,SC,INDAIAL,4730399330,,0,0,0,minhareceita,2026-09-03T23:39:21Z,2026-09-03T23:39:21Z,enrich
04810290,PIERP COMERCIALIZADORA DE ENERGIA S/A,2054,DEMAIS,02,3513100,PR,CURITIBA,4130211100,,0,0,0,minhareceita,2026-09-03T23:45:54Z,2026-09-03T23:45:54Z,enrich
04868412,AUTO POSTO PRA FRENTE BRASIL LTDA,2062,DEMAIS,02,4731800,PR,CASCAVEL,4533332000,,0,0,0,minhareceita,2026-09-03T23:43:20Z,2026-09-03T23:43:20Z,enrich
04902979,BANCO DA AMAZONIA SA,2038,DEMAIS,02,6421200,PA,BELEM,9140083316,,1,0,0,minhareceita,2026-09-03T23:38:07Z,2026-09-03T23:38:07Z,enrich
04904042,SIRI COMERCIO E SERVICOS LTDA.,2062,DEMAIS,02,4652400,SP,SAO PAULO,1130531611,,0,0,0,minhareceita,2026-09-03T23:41:56Z,2026-09-03T23:41:56Z,enrich
04954155,ALUMINIO SAO JOSE LTDA.,2062,DEMAIS,02,4672900,SC,SAO JOSE,4821066600,,0,0,0,minhareceita,2026-09-03T23:40:34Z,2026-09-03T23:40:34Z,enrich
05000896,MAQENGE - INDUSTRIA METALURGICA LTDA,2062,DEMAIS,02,2829199,RS,CAXIAS DO SUL,5435353050,,0,0,0,minhareceita,2026-09-03T23:44:31Z,2026-09-03T23:44:31Z,enrich
05013050,JBT MAREL BRASIL LTDA,2062,DEMAIS,02,2862300,SP,CAMPINAS,1633012050,,0,0,0,minhareceita,2026-09-03T23:38:49Z,2026-09-03T23:38:49Z,enrich
05039208,COOPERATIVA DE PRODUTORES DE GRAOS DO ALTO URUGUAI LTDA,2143,DEMAIS,02,4632001,RS,ESTACAO,5499834616,,0,0,0,minhareceita,2026-09-03T23:41:47Z,2026-09-03T23:41:47Z,enrich
05044984,LEGRAND PHARMA INDUSTRIA FARMACEUTICA LTDA,2062,DEMAIS,02,2121101,SP,HORTOLANDIA,1938879800,,0,0,0,minhareceita,2026-09-03T23:37:20Z,2026-09-03T23:37:20Z,enrich
05052443,PLASKEM EMBALAGENS LTDA,2062,DEMAIS,02,2222600,BA,LAURO DE FREITAS,7131860354,,0,0,0,minhareceita,2026-09-03T23:42:58Z,2026-09-03T23:42:58Z,enrich
05056082,COMERCIO E EXPORTACAO DE CEREAIS RIO ELIAS LTDA.,2062,DEMAIS,02,4632001,PR,BOM SUCESSO DO SUL,4632341344,,0,0,0,minhareceita,2026-09-03T23:38:34Z,2026-09-03T23:38:34Z,enrich
05113942,SALUX - INFORMATIZACAO EM SAUDE S.A.,2054,DEMAIS,02,6202300,RS,PORTO ALEGRE,5130210055,,0,0,0,minhareceita,2026-09-03T23:43:19Z,2026-09-03T23:43:19Z,enrich
05117268,MLOG ARMAZEM GERAL LTDA.,2062,DEMAIS,02,5211701,SP,RIO CLARO,1921119156,,0,0,0,minhareceita,2026-09-03T23:45:19Z,2026-09-03T23:45:19Z,enrich
05119723,SPORT CLUBE URBANISMO LTDA,2062,DEMAIS,02,4120400,RN,EXTREMOZ,8430157888,,0,0,0,minhareceita,2026-09-03T23:44:33Z,2026-09-03T23:44:33Z,enrich
05134355,"SANTIN - EQUIPAMENTOS, TRANSPORTES, IMPORTACAO E EXPORTACAO LTDA",2062,DEMAIS,02,4930202,SP,AMERICO BRASILIENSE,1633939999,,0,0,0,minhareceita,2026-09-03T23:40:40Z,2026-09-03T23:40:40Z,enrich
05216859,BIOBASE INDUSTRIA E COMERCIO LTDA,2062,DEMAIS,02,3250705,MG,POUSO ALEGRE,3534277000,,0,0,0,minhareceita,2026-09-03T23:40:38Z,2026-09-03T23:40:38Z,enrich
05236060,ALCATEC PRODUTOS SINTETICOS LTDA,2062,DEMAIS,02,1323500,BA,TERRA NOVA,4133741046,,0,0,0,minhareceita,2026-09-03T23:41:41Z,2026-09-03T23:41:41Z,enrich
05293491,ENGEMON - ENGENHARIA E CONSTRUCOES LTDA,2062,DEMAIS,02,4120400,SP,SANTO ANDRE,1144681659,,0,0,0,minhareceita,2026-09-03T23:45:36Z,2026-09-03T23:45:36Z,enrich
05307607,INDUSTRIA DE MOVEIS TUBULARES LTDA,2062,DEMAIS,02,3102100,SE,NOSSA SENHORA DA GLORIA,7934111053,,0,0,0,minhareceita,2026-09-03T23:46:11Z,2026-09-03T23:46:11Z,enrich
05378317,CRISTAL MASTER INDUSTRIA E COMERCIO LTDA,2062,DEMAIS,02,2229399,SC,JOINVILLE,4734515030,,0,0,0,minhareceita,2026-09-03T23:41:45Z,2026-09-03T23:41:45Z,enrich
05382997,NEWMAQ ELETRODOMESTICOS LTDA,2062,DEMAIS,02,2751100,SP,LIMEIRA,1931131100,,0,0,0,minhareceita,2026-09-03T23:44:34Z,2026-09-03T23:44:34Z,enrich
05399071,NORTEBAG INDUSTRIA DE EMBALAGENS S.A.,2054,DEMAIS,02,1359600,AM,MANAUS,9233966621,,0,0,0,minhareceita,2026-09-03T23:37:35Z,2026-09-03T23:37:35Z,enrich
05399862,ATIVA EMPREENDIMENTOS LTDA,2062,DEMAIS,02,4120400,AL,MACEIO,8233168570,,0,0,0,minhareceita,2026-09-03T23:40:33Z,2026-09-03T23:40:33Z,enrich
05429994,VEGETAL AGRONEGOCIOS LTDA,2062,DEMAIS,02,4683400,DF,BRASILIA,6132348485,,0,0,0,minhareceita,2026-09-03T23:37:54Z,2026-09-03T23:37:54Z,enrich
05448784,FUTURA CAMINHOES E MAQUINAS LTDA,2062,DEMAIS,02,4511104,GO,ANAPOLIS,6233119600,,0,0,0,minhareceita,2026-09-03T23:45:24Z,2026-09-03T23:45:24Z,enrich
05469350,BRASILVA CONSTRUCAO LTDA,2062,EMPRESA DE PEQUENO PORTE,04,4744002,MG,ITABIRITO,3135613399,,0,0,1,minhareceita,2026-09-03T23:45:40Z,2026-09-03T23:45:40Z,enrich
05489186,TORA EMPREENDIMENTOS E CONSTRUCOES LTDA,2062,MICRO EMPRESA,04,4744099,MG,BETIM,3125712033,,0,0,1,minhareceita,2026-09-03T23:43:14Z,2026-09-03T23:43:14Z,enrich
05522796,PARANAGRAN INDUSTRIA E COMERCIO DE FERTILIZANTES LTDA,2062,DEMAIS,02,2013402,PR,ALMIRANTE TAMANDARE,4138745000,,0,0,0,minhareceita,2026-09-03T23:46:53Z,2026-09-03T23:46:53Z,enrich
05528196,COOPERATIVA AGROINDUSTRIAL TRADICAO,2143,DEMAIS,02,4683400,PR,PATO BRANCO,4632202000,,0,0,0,minhareceita,2026-09-03T23:39:31Z,2026-09-03T23:39:31Z,enrich
05554669,SRJ INDUSTRIA COMERCIO E EXPORTACAO DE CONFECCOES LTDA,2062,DEMAIS,02,1412601,PE,CARUARU,,,0,0,0,minhareceita,2026-09-03T23:38:17Z,2026-09-03T23:38:17Z,enrich
05571228,FERTILIZANTES TOCANTINS S.A,2054,DEMAIS,02,2013402,TO,PORTO NACIONAL,6234146300,,0,0,0,minhareceita,2026-09-03T23:38:21Z,2026-09-03T23:38:21Z,enrich
05603186,MEGATEAM CONSULTORIA LTDA,2240,DEMAIS,02,7490104,MG,BELO HORIZONTE,3199824747,,0,0,0,minhareceita,2026-09-03T23:42:46Z,2026-09-03T23:42:46Z,enrich
05607230,IPESA DO BRASIL COMERCIO DE PRODUTOS PLASTICOS LTDA,2062,DEMAIS,02,4689399,SP,SAO PAULO,1155242877,,0,0,0,minhareceita,2026-09-03T23:37:19Z,2026-09-03T23:37:19Z,enrich
05659785,MARE CIMENTO LTDA,2062,DEMAIS,08,2320600,SP,SANTANA DE PARNAIBA,1141618600,,0,0,1,minhareceita,2026-09-03T23:38:57Z,2026-09-03T23:38:57Z,enrich
05690271,LEIFIL MOVEIS LTDA,2062,DEMAIS,02,3101200,MG,RODEIRO,,,0,0,0,minhareceita,2026-09-03T23:46:08Z,2026-09-03T23:46:08Z,enrich
05696101,AGROQUIMICA BRASINHA LTDA,2062,DEMAIS,02,1013902,PR,NOVA ESPERANCA,4430453700,,0,0,0,minhareceita,2026-09-03T23:39:11Z,2026-09-03T23:39:11Z,enrich
05701847,MOMENTIVE PERFORMANCE MATERIALS INDUSTRIA DE SILICONES LTDA,2062,DEMAIS,02,2093200,SP,ITATIBA,1151284222,,0,0,0,minhareceita,2026-09-03T23:43:17Z,2026-09-03T23:43:17Z,enrich
05703610,ALLEGORIA COMERCIAL LTDA,2062,DEMAIS,02,4641901,MG,BELO HORIZONTE,3138898020,,0,0,0,minhareceita,2026-09-03T23:46:38Z,2026-09-03T23:46:38Z,enrich
05784234,M.K. GALONE CONFECCOES E COMERCIO DE ROUPAS LTDA,2062,DEMAIS,02,1412601,SP,SAO PAULO,1172139030,,0,0,0,minhareceita,2026-09-03T23:37:50Z,2026-09-03T23:37:50Z,enrich
05855974,BASTON INDUSTRIA DE AEROSSOIS LTDA,2062,DEMAIS,02,2099199,PR,PALMEIRA,4232528120,,0,0,0,minhareceita,2026-09-03T23:37:14Z,2026-09-03T23:37:14Z,enrich
05858780,ITW PPF BRASIL ADESIVOS LTDA.,2062,DEMAIS,02,2091600,SP,VALINHOS,1921387643,,0,0,0,minhareceita,2026-09-03T23:40:17Z,2026-09-03T23:40:17Z,enrich
05860157,EPE - PRODUTOS AGROPECUARIOS LTDA,2062,DEMAIS,02,4692300,PE,GARANHUNS,8134653775,,0,0,0,minhareceita,2026-09-03T23:41:48Z,2026-09-03T23:41:48Z,enrich
05936089,LEV TERMOPLASTICOS LTDA,2062,DEMAIS,02,2219600,MG,PARA DE MINAS,3732310200,,0,0,0,minhareceita,2026-09-04T00:06:27Z,2026-09-04T00:06:27Z,enrich
05949989,REISTAR INDUSTRIA E COMERCIO DE ELETRONICOS LTDA EM RECUPERACAO JUDICIAL,2062,DEMAIS,02,2640000,BA,CAMACARI,7192490015,,0,0,0,minhareceita,2026-09-03T23:44:16Z,2026-09-03T23:44:16Z,enrich
05960621,MEDICOM MEDICAMENTOS ESPECIAIS LTDA,2062,DEMAIS,02,4771701,RS,PORTO ALEGRE,5196051484,,0,0,0,minhareceita,2026-09-03T23:46:52Z,2026-09-03T23:46:52Z,enrich
06003366,PREMOLFORT FABRICACAO E COMERCIO DE PRE-MOLDADOS LTDA,2062,MICRO EMPRESA,02,2330301,PR,PATO BRANCO,4632244852,,0,0,0,minhareceita,2026-09-03T23:44:58Z,2026-09-03T23:44:58Z,enrich
06007513,PRO SHOWS COMERCIO DE ELETRO ELETRONICOS S.A.,2054,DEMAIS,02,4649402,RS,CANOAS,5130348100,,0,0,0,minhareceita,2026-09-03T23:44:27Z,2026-09-03T23:44:27Z,enrich
06043050,BB ADMINISTRADORA DE CONSORCIOS S.A.,2054,DEMAIS,02,6493000,DF,BRASILIA,6134939002,,1,0,0,minhareceita,2026-09-03T23:38:57Z,2026-09-03T23:38:57Z,enrich
06089521,LINK COMERCIAL IMPORTADORA E EXPORTADORA LTDA,2062,DEMAIS,02,4689399,SC,POMERODE,4797123161,,0,0,0,minhareceita,2026-09-03T23:40:26Z,2026-09-03T23:40:26Z,enrich
06099229,ASSUPERO ENSINO SUPERIOR LTDA.,2062,DEMAIS,02,8531700,SP,SAO PAULO,1131703700,,0,0,0,minhareceita,2026-09-03T23:45:16Z,2026-09-03T23:45:16Z,enrich
06106005,STOCK MED S/A EM RECUPERACAO JUDICIAL,2054,DEMAIS,02,4644301,RS,SANTA CRUZ DO SUL,5137151296,,0,0,0,minhareceita,2026-09-03T23:46:19Z,2026-09-03T23:46:19Z,enrich
06222722,LOGIKA DISTRIBUIDORA DE COSMETICOS LTDA,2062,DEMAIS,02,4646001,PR,SAO JOSE DOS PINHAIS,4133752000,,0,0,0,minhareceita,2026-09-03T23:42:20Z,2026-09-03T23:42:20Z,enrich
06232484,MTSUL CONSTRUCOES LTDA,2062,DEMAIS,02,4211101,MT,CUIABA,6536674388,,0,0,0,minhareceita,2026-09-03T23:44:54Z,2026-09-03T23:44:54Z,enrich
06284974,AGROFIELD ASSESSORIA ADMINISTRATIVA LTDA,2062,DEMAIS,02,7490104,PE,RECIFE,8133391977,,0,0,0,minhareceita,2026-09-03T23:37:26Z,2026-09-03T23:37:26Z,enrich
06294126,SOMA/RS PRODUTOS HOSPITALARES LTDA.,2062,DEMAIS,02,4645101,RS,ELDORADO DO SUL,5133479000,,0,0,0,minhareceita,2026-09-03T23:39:11Z,2026-09-03T23:39:11Z,enrich
06314327,JC DISTRIBUICAO LOGISTICA IMPORTACAO E EXPORTACAO DE PRODUTOS INDUSTRIALIZADOS S/A,2054,DEMAIS,02,7020400,GO,APARECIDA DE GOIANIA,6232409500,,0,0,0,minhareceita,2026-09-03T23:44:26Z,2026-09-03T23:44:26Z,enrich
06353241,SOMAVE AGROINDUSTRIAL LTDA,2062,DEMAIS,02,1012101,PR,CIDADE GAUCHA,4436755000,,0,0,0,minhareceita,2026-09-03T23:44:32Z,2026-09-03T23:44:32Z,enrich
06517387,FUNDACAO UNIVERSIDADE FEDERAL DO PIAUI,1139,DEMAIS,02,8531700,PI,TERESINA,8632155584,,0,1,0,minhareceita,2026-09-03T23:47:21Z,2026-09-03T23:47:21Z,enrich
06936357,INTER TELECOM - COMERCIO E LOCACAO DE EQUIPAMENTOS DE COMUNICACAO LTDA,2062,DEMAIS,02,4752100,SP,SAO CAETANO DO SUL,1142211746,,0,0,0,minhareceita,2026-09-03T23:39:13Z,2026-09-03T23:39:13Z,enrich
06957870,FOZBRASIL COMERCIO IMPORTACAO E EXPORTACAO LTDA,2062,DEMAIS,02,4632003,PR,FOZ DO IGUACU,4530276122,,0,0,0,minhareceita,2026-09-03T23:44:35Z,2026-09-03T23:44:35Z,enrich
06974793,CAVALO MARINHO COMBUSTIVEIS PERNAMBUCO LTDA,2062,DEMAIS,02,4681802,PE,JABOATAO DOS GUARARAPES,8131065102,,0,0,0,minhareceita,2026-09-03T23:47:04Z,2026-09-03T23:47:04Z,enrich
06990590,GOOGLE BRASIL INTERNET LTDA.,2062,DEMAIS,02,6319400,SP,SAO PAULO,1123958400,,0,0,0,minhareceita,2026-09-03T23:43:58Z,2026-09-03T23:43:58Z,enrich
07019308,BRITANIA ELETRONICOS S.A.,2054,DEMAIS,02,4649402,SC,JOINVILLE,4132187700,,0,0,0,minhareceita,2026-09-03T23:44:29Z,2026-09-03T23:44:29Z,enrich
07046865,RIVER REFRIGERANTES LTDA,2062,DEMAIS,02,1122401,MA,IMPERATRIZ,9935261061,,0,0,0,minhareceita,2026-09-03T23:45:08Z,2026-09-03T23:45:08Z,enrich
07094272,NOVA TRIGO RESINAS TERMOPLASTICAS LTDA.,2062,DEMAIS,02,4684299,SP,SAO BERNARDO DO CAMPO,1144241553,,0,0,0,minhareceita,2026-09-04T00:06:28Z,2026-09-04T00:06:28Z,enrich
07108742,LIFECOR COMERCIO DE PRODUTOS HOSPITALARES LTDA,2062,DEMAIS,02,4645101,RS,PORTO ALEGRE,5132194026,,0,0,0,minhareceita,2026-09-03T23:41:19Z,2026-09-03T23:41:19Z,enrich
07120505,VERTICE CONSTRUTORA E INCORPORADORA LTDA,2062,DEMAIS,02,4110700,SC,CHAPECO,4933221111,,0,0,0,minhareceita,2026-09-03T23:40:37Z,2026-09-03T23:40:37Z,enrich
07153791,RENTALBRAS LOCACAO DE BENS MOVEIS PARA CONSTRUCAO CIVIL LTDA,2062,DEMAIS,02,7732201,SP,CAMPINAS,1932270373,,0,0,0,minhareceita,2026-09-03T23:42:32Z,2026-09-03T23:42:32Z,enrich
07159913,MULTISAUDE FARMACEUTICA E NUTRICIONAL S/A,2054,DEMAIS,02,2121101,PE,GOIANA,4136795858,,0,0,0,minhareceita,2026-09-03T23:38:54Z,2026-09-03T23:38:54Z,enrich
07174869,FTI CONSULTORIA LTDA,2062,DEMAIS,02,7020400,SP,SAO PAULO,1131507000,,0,0,0,minhareceita,2026-09-03T23:42:49Z,2026-09-03T23:42:49Z,enrich
07175357,TERRA NOVA AGROINDUSTRIA LTDA,2062,DEMAIS,02,1061901,MT,VARZEA GRANDE,6536829494,,0,0,0,minhareceita,2026-09-03T23:39:44Z,2026-09-03T23:39:44Z,enrich
07206989,UZ3 INDUSTRIA TEXTIL LTDA,2062,DEMAIS,02,1412601,SC,INDAIAL,4721232500,,0,0,0,minhareceita,2026-09-03T23:44:12Z,2026-09-03T23:44:12Z,enrich
07207996,BANCO BRADESCO FINANCIAMENTOS S.A.,2054,DEMAIS,02,6422100,SP,OSASCO,1155067717,,1,0,0,minhareceita,2026-09-03T23:37:23Z,2026-09-03T23:37:23Z,enrich
07220874,COMPANHIA DE ALIMENTOS DO NORDESTE CIALNE,2054,DEMAIS,02,155502,CE,FORTALEZA,8534772700,,0,0,0,minhareceita,2026-09-03T23:46:16Z,2026-09-03T23:46:16Z,enrich
07237373,BANCO DO NORDESTE DO BRASIL SA,2038,DEMAIS,02,6422100,CE,FORTALEZA,8532993000,,1,0,0,minhareceita,2026-09-03T23:37:49Z,2026-09-03T23:37:49Z,enrich
07243854,EVERTON FPS INDUSTRIA E COMERCIO DE PECAS LTDA,2062,EMPRESA DE PEQUENO PORTE,02,2869100,SP,COTIA,1135258700,,0,0,0,minhareceita,2026-09-03T23:40:24Z,2026-09-03T23:40:24Z,enrich
07253654,HEDGE INVESTMENTS DISTRIBUIDORA DE TITULOS E VALORES MOBILIARIOS LTDA.,2062,DEMAIS,02,6612602,SP,SAO PAULO,1131244100,,1,0,0,minhareceita,2026-09-03T23:45:22Z,2026-09-03T23:45:22Z,enrich
07310843,IKINHA INDUSTRIA TEXTIL LTDA,2062,DEMAIS,02,1330800,RJ,PETROPOLIS,2421039003,,0,0,0,minhareceita,2026-09-03T23:47:12Z,2026-09-03T23:47:12Z,enrich
07358761,GERDAU ACOS LONGOS S.A.,2054,DEMAIS,02,2423702,RJ,RIO DE JANEIRO,1130946600,,0,0,0,minhareceita,2026-09-03T23:38:56Z,2026-09-03T23:38:56Z,enrich
07378783,CERAMICA SERRA AZUL LTDA,2062,DEMAIS,02,2342701,SE,NOSSA SENHORA DO SOCORRO,7932131483,,0,0,0,minhareceita,2026-09-03T23:41:38Z,2026-09-03T23:41:38Z,enrich
07426908,TRUST - IMPORTACAO E EXPORTACAO LTDA,2062,DEMAIS,02,4693100,SC,ITAJAI,4734058300,,0,0,0,minhareceita,2026-09-03T23:40:48Z,2026-09-03T23:40:48Z,enrich
07446039,RM REVESTIMENTOS MONOLITICOS LTDA,2062,DEMAIS,02,2330305,SP,GUARAREMA,1121644300,,0,0,0,minhareceita,2026-09-03T23:44:51Z,2026-09-03T23:44:51Z,enrich
07450604,BANK OF CHINA (BRASIL) BANCO MULTIPLO S/A,2054,DEMAIS,02,6422100,SP,SAO PAULO,1121739000,,1,0,0,minhareceita,2026-09-03T23:36:51Z,2026-09-03T23:36:51Z,enrich
07465648,MRJ COMERCIO DE CONFECCOES LTDA,2062,MICRO EMPRESA,02,1412601,PE,CARUARU,8137191225,,0,0,0,minhareceita,2026-09-03T23:47:01Z,2026-09-03T23:47:01Z,enrich
07478963,ECOPNEUS COMERCIO DE PNEUMATICOS E SERVICOS LTDA,2062,DEMAIS,02,4530702,PA,BARCARENA,,,0,0,0,minhareceita,2026-09-03T23:43:12Z,2026-09-03T23:43:12Z,enrich
07523790,TRC TERMINAL RETROPORTUARIO DE CONTAINERS & LOGISTICA LTDA,2062,DEMAIS,04,4930202,PE,IPOJUCA,8135511557,,0,0,1,minhareceita,2026-09-03T23:43:56Z,2026-09-03T23:43:56Z,enrich
07546521,STA - DISTRIBUIDORA DE ALIMENTOS LTDA,2062,DEMAIS,02,4632002,GO,APARECIDA DE GOIANIA,6232879764,,0,0,0,minhareceita,2026-09-03T23:45:35Z,2026-09-03T23:45:35Z,enrich
07563820,AGROVISP IMPORTADORA EXPORTADORA E SERVICOS LTDA,2062,DEMAIS,02,4689301,SP,SAO PAULO,1155555555,,0,0,0,minhareceita,2026-09-04T00:06:38Z,2026-09-04T00:06:38Z,enrich
07651282,BECK ACOS MANUFATURADOS LTDA,2062,DEMAIS,02,2511000,MG,VESPASIANO,3188966044,,0,0,0,minhareceita,2026-09-03T23:38:29Z,2026-09-03T23:38:29Z,enrich
07666567,MK BR S.A,2054,DEMAIS,02,2759799,BA,CONCEICAO DO JACUIPE,1135814125,,0,0,0,minhareceita,2026-09-03T23:41:25Z,2026-09-03T23:41:25Z,enrich
07671092,TBM - TEXTIL BEZERRA DE MENEZES S/A,2054,DEMAIS,02,1311100,CE,FORTALEZA,8540129140,,0,0,0,minhareceita,2026-09-03T23:41:06Z,2026-09-03T23:41:06Z,enrich
07707650,"SANTANDER SOCIEDADE DE CREDITO, FINANCIAMENTO E INVESTIMENTO S.A.",2054,DEMAIS,02,6436100,SP,SAO PAULO,1140043535,,1,0,0,minhareceita,2026-09-03T23:44:53Z,2026-09-03T23:44:53Z,enrich
07728073,REDE BRASIL DISTRIBUICAO E LOGISTICA LTDA,2062,DEMAIS,02,8219999,SP,SAO PAULO,1132276438,,0,0,0,minhareceita,2026-09-03T23:45:01Z,2026-09-03T23:45:01Z,enrich
07735144,ADLIPPERT DO BRASIL INDUSTRIA E COMERCIO DE PRODUTOS QUIMICOS LTDA,2062,DEMAIS,02,2061400,RS,BOM RETIRO DO SUL,5135926656,,0,0,0,minhareceita,2026-09-03T23:46:11Z,2026-09-03T23:46:11Z,enrich
07746756,PORTOLOG TRANSPORTES LTDA,2062,DEMAIS,02,4930201,SC,ITAJAI,4733440990,,0,0,0,minhareceita,2026-09-03T23:40:47Z,2026-09-03T23:40:47Z,enrich
07752236,MEDILAR IMPORTACAO E DISTRIBUICAO DE PRODUTOS MEDICO HOSPITALARES S/A,2054,DEMAIS,02,4644301,RS,VERA CRUZ,5137187600,,0,0,0,minhareceita,2026-09-03T23:42:11Z,2026-09-03T23:42:11Z,enrich
07777160,DRILLTEC GROSSBOHR UND UMWELTTECHNIK GMBH,2216,DEMAIS,03,8888888,EX,EXTERIOR,000000000000,,0,0,1,minhareceita,2026-09-03T23:38:27Z,2026-09-03T23:38:27Z,enrich
07788670,MAX TERMOPLASTICOS LTDA.,2062,DEMAIS,02,2031200,MG,NOVA SERRANA,3732264990,,0,0,0,minhareceita,2026-09-04T00:06:34Z,2026-09-04T00:06:34Z,enrich
07790530,SH INDUSTRIA TEXTIL LTDA.,2062,DEMAIS,02,1330800,RJ,PETROPOLIS,2421039003,,0,0,0,minhareceita,2026-09-03T23:40:05Z,2026-09-03T23:40:05Z,enrich
07851247,AGROINDUSTRIAL IRMAOS DALLA COSTA S.A,2054,DEMAIS,02,1012101,SP,RANCHARIA,1832656500,,0,0,0,minhareceita,2026-09-03T23:40:47Z,2026-09-03T23:40:47Z,enrich
07863618,TEXDECOR COMERCIO DE DECORACOES LTDA,2062,DEMAIS,02,4641901,SP,SAO PAULO,9999999999,,0,0,0,minhareceita,2026-09-03T23:45:25Z,2026-09-03T23:45:25Z,enrich
07911181,TOTALCLEAN - COMERCIO DE PRODUTOS DE HIGIENE E LIMPEZA LTDA,2062,MICRO EMPRESA,02,4649408,RS,PELOTAS,5384020212,,0,0,0,minhareceita,2026-09-03T23:40:28Z,2026-09-03T23:40:28Z,enrich
07941752,MIXTEL DISTRIBUIDORA LTDA FALIDO,2062,DEMAIS,02,4652400,PR,CURITIBA,4130991900,,0,0,0,minhareceita,2026-09-03T23:46:22Z,2026-09-03T23:46:22Z,enrich
07944839,PAMPARAFIA-INDUSTRIA E COMERCIO DE EMBALAGENS LTDA,2062,DEMAIS,02,1323500,RS,PORTO ALEGRE,5132491877,,0,0,0,minhareceita,2026-09-03T23:39:10Z,2026-09-03T23:39:10Z,enrich
07954091,MERCK SHARP & DOHME SAUDE ANIMAL LTDA,2062,DEMAIS,02,2122000,SP,CRUZEIRO,1151897700,,0,0,0,minhareceita,2026-09-03T23:40:40Z,2026-09-03T23:40:40Z,enrich
07976147,MOVIDA LOCACAO DE VEICULOS S.A.,2054,DEMAIS,02,7711000,SP,SAO PAULO,1123777000,,0,0,0,minhareceita,2026-09-03T23:44:57Z,2026-09-03T23:44:57Z,enrich
08047566,ANTONIO MIACHON PALHARES,4120,DEMAIS,02,131800,SP,PIRASSUNUNGA,1935627553,,0,0,0,minhareceita,2026-09-03T23:47:08Z,2026-09-03T23:47:08Z,enrich
08048078,CCP - INDUSTRIA E COMERCIO DE COMPOSTOS DE PVC LTDA,2062,DEMAIS,02,2031200,SC,ARAQUARI,4734474800,,0,0,0,minhareceita,2026-09-04T00:06:24Z,2026-09-04T00:06:24Z,enrich
08057194,TITO LIVIO CORREA,2135,DEMAIS,04,4399102,RJ,RIO DE JANEIRO,,,0,0,1,minhareceita,2026-09-03T23:38:22Z,2026-09-03T23:38:22Z,enrich
08078241,CAMPO BOM INSUMOS AGRICOLAS LTDA,2062,DEMAIS,02,4683400,GO,JATAI,6436362178,,0,0,0,minhareceita,2026-09-03T23:40:10Z,2026-09-03T23:40:10Z,enrich
08188564,BRAVO PRODUTOS QUIMICOS E REPRESENTACOES LTDA,2062,EMPRESA DE PEQUENO PORTE,02,2099199,RS,NOVO HAMBURGO,5136351080,,0,0,0,minhareceita,2026-09-03T23:46:06Z,2026-09-03T23:46:06Z,enrich
08215002,"MAYA, PADILHA E DUARTE PINTO ADVOGADOS ASSOCIADOS",2232,MICRO EMPRESA,02,6911701,AL,MACEIO,8232212990,,0,0,0,minhareceita,2026-09-03T23:44:47Z,2026-09-03T23:44:47Z,enrich
08226396,CG LOCACAO DE GUINDASTES LTDA.,2062,DEMAIS,02,7732201,SP,SAO PAULO,1169163000,,0,0,0,minhareceita,2026-09-03T23:40:06Z,2026-09-03T23:40:06Z,enrich
08228146,PARVI LOCADORA S.A,2054,DEMAIS,02,7711000,PE,RECIFE,8132566100,,0,0,0,minhareceita,2026-09-03T23:42:39Z,2026-09-03T23:42:39Z,enrich
08259544,TOPICO LOCACOES DE GALPOES E EQUIPAMENTOS PARA INDUSTRIAS S.A,2046,DEMAIS,02,7739003,SP,EMBU DAS ARTES,1147851200,,0,0,0,minhareceita,2026-09-04T00:06:23Z,2026-09-04T00:06:23Z,enrich
08285103,ALTO DA BARRA DE SAO MIGUEL EMPREENDIMENTO IMOBILIARIO SPE LTDA,2062,DEMAIS,02,4120400,AL,MACEIO,8230239700,,0,0,0,minhareceita,2026-09-03T23:46:33Z,2026-09-03T23:46:33Z,enrich
08307549,"ALTOMAX COMERCIO DE MEIAS E COBERTORES, IMPORTACAO E EXPORTACAO LTDA",2062,DEMAIS,02,4641902,PR,FOZ DO IGUACU,4535745322,,0,0,0,minhareceita,2026-09-03T23:41:18Z,2026-09-03T23:41:18Z,enrich
08336783,CELESC DISTRIBUICAO S.A,2038,DEMAIS,02,3514000,SC,FLORIANOPOLIS,4832315000,,0,0,0,minhareceita,2026-09-03T23:45:00Z,2026-09-03T23:45:00Z,enrich
08395185,USINA AURORA ACUCAR E ALCOOL LTDA,2062,DEMAIS,02,1931400,MS,CAMPO GRANDE,6734451305,,0,0,0,minhareceita,2026-09-03T23:46:58Z,2026-09-03T23:46:58Z,enrich
08439087,CAEL ATACADO LTDA,2062,DEMAIS,02,4649499,PE,CARUARU,8137225599,,0,0,0,minhareceita,2026-09-03T23:41:08Z,2026-09-03T23:41:08Z,enrich
08450794,PEDRA DA MATA EMPREENDIMENTOS IMOBILIARIOS LTDA - FALIDO,2062,DEMAIS,04,4399199,SP,CAMPINAS,1937874800,,0,0,1,minhareceita,2026-09-03T23:39:16Z,2026-09-03T23:39:16Z,enrich
08464282,WAL CONSULTORIA AERONAUTICA LTDA,2240,DEMAIS,02,7490199,MG,BELO HORIZONTE,3125364813,,0,0,0,minhareceita,2026-09-03T23:44:19Z,2026-09-03T23:44:19Z,enrich
08467115,COMPANHIA ESTADUAL DE DISTRIBUICAO DE ENERGIA ELETRICA - CEEE-D,2046,DEMAIS,02,3514000,RS,PORTO ALEGRE,9832178000,,0,0,0,minhareceita,2026-09-03T23:36:54Z,2026-09-03T23:36:54Z,enrich
08509682,NAZCA DISTRIBUIDORA DE COSMETICOS LTDA,2062,DEMAIS,02,4646001,SP,DIADEMA,1140616000,,0,0,0,minhareceita,2026-09-03T23:39:29Z,2026-09-03T23:39:29Z,enrich
08516950,EMPRESA DE TERMOPLASTICOS DO NORDESTE ETENO LTDA,2062,DEMAIS,02,2031200,PE,RECIFE,8133422323,,0,0,0,minhareceita,2026-09-04T00:06:27Z,2026-09-04T00:06:27Z,enrich
08529013,POROS ENGENHARIA LTDA,2062,DEMAIS,08,7112000,SP,CAMPINAS,1932510591,,0,0,1,minhareceita,2026-09-03T23:37:39Z,2026-09-03T23:37:39Z,enrich
08578161,"ENGASTE PROJETOS, CONSTRUCOES E INCORPORACOES LTDA",2062,EMPRESA DE PEQUENO PORTE,02,7112000,SC,CONCORDIA,4934259203,,0,0,0,minhareceita,2026-09-03T23:42:14Z,2026-09-03T23:42:14Z,enrich
08582585,SUPRA EMBALAGENS LTDA,2062,DEMAIS,02,2222600,PR,GUARAPUAVA,4236277722,,0,0,0,minhareceita,2026-09-03T23:40:35Z,2026-09-03T23:40:35Z,enrich
08584931,RADICAL STYLE INDUSTRIA E COMERCIO DE CONFECCOES LTDA,2062,DEMAIS,02,1412601,SC,TIJUCAS,4733551000,,0,0,0,minhareceita,2026-09-03T23:44:15Z,2026-09-03T23:44:15Z,enrich
08627082,DANTAS CONFECCOES E COMERCIO LTDA - EM RECUPERACAO JUDICIAL,2062,DEMAIS,02,4781400,PE,RECIFE,8134198550,,0,0,0,minhareceita,2026-09-03T23:43:03Z,2026-09-03T23:43:03Z,enrich
08670431,TOTAL LIGHT EX BR DO BRASIL INDUSTRIA DE COMPONENTES ELETRO-MECANICOS LTDA,2062,DEMAIS,02,2740602,RJ,CAMPOS DOS GOYTACAZES,2126870950,,0,0,0,minhareceita,2026-09-03T23:45:55Z,2026-09-03T23:45:55Z,enrich
08718921,T & T COMERCIO E REPRESENTACAO LTDA,2062,DEMAIS,02,4930202,GO,APARECIDA DE GOIANIA,6232596518,,0,0,0,minhareceita,2026-09-03T23:44:12Z,2026-09-03T23:44:12Z,enrich
08725154,WAM-MED DISTRIBUIDORA DE MEDICAMENTOS LTDA,2062,DEMAIS,02,4644301,RS,ENCANTADO,5137514180,,0,0,0,minhareceita,2026-09-03T23:47:18Z,2026-09-03T23:47:18Z,enrich
08767736,DELTA NAVEGACAO E SERVICOS LTDA.,2062,DEMAIS,02,7719501,SP,PRESIDENTE EPITACIO,1832811036,,0,0,0,minhareceita,2026-09-03T23:46:29Z,2026-09-03T23:46:29Z,enrich
08785522,DIVINA INDUSTRIA DE COURO LTDA - EM RECUPERACAO JUDICIAL,2062,DEMAIS,02,1531901,PE,FLORESTA,8194113643,,0,0,0,minhareceita,2026-09-03T23:37:50Z,2026-09-03T23:37:50Z,enrich
08810422,GUARARAPES PAINEIS S/A,2054,DEMAIS,02,1621800,SC,CACADOR,4130991414,,0,0,0,minhareceita,2026-09-03T23:43:48Z,2026-09-03T23:43:48Z,enrich
08829450,"FRIOCENTER PESCADOS INDUSTRIA E COMERCIO, IMPORTACAO E EXPORTACAO LTDA - EM RECUPERACAO JUDICIAL",2062,DEMAIS,02,1020102,GO,APARECIDA DE GOIANIA,6232363300,,0,0,0,minhareceita,2026-09-03T23:46:13Z,2026-09-03T23:46:13Z,enrich
08862530,TIGRE MATERIAIS E SOLUCOES PARA CONSTRUCAO LTDA.,2062,DEMAIS,02,2223400,SC,JOINVILLE,4734415172,,0,0,0,minhareceita,2026-09-03T23:44:55Z,2026-09-03T23:44:55Z,enrich
08886407,MINERAX - MINERACAO XAMBIOA LTDA,2062,DEMAIS,02,810004,TO,XAMBIOA,6334158500,,0,0,0,minhareceita,2026-09-03T23:39:32Z,2026-09-03T23:39:32Z,enrich
08888040,CP COMERCIAL S/A,2054,DEMAIS,02,4530702,SC,ITAJAI,4730462550,,0,0,0,minhareceita,2026-09-03T23:47:02Z,2026-09-03T23:47:02Z,enrich
08928243,DAX MERCANTIL SECURITIZADORA S/A,2054,DEMAIS,02,6492100,SC,JARAGUA DO SUL,4784236458,,1,0,0,minhareceita,2026-09-03T23:40:42Z,2026-09-03T23:40:42Z,enrich
08934225,VENTISOL NORDESTE INDUSTRIA E COMERCIO DE VENTILADORES LTDA,2062,DEMAIS,02,2759799,PE,VITORIA DE SANTO ANTAO,8135231169,,0,0,0,minhareceita,2026-09-03T23:42:34Z,2026-09-03T23:42:34Z,enrich
08953848,CONFECCOES TENDENZA LTDA,2062,DEMAIS,02,1412601,SP,LINDOIA,1938989266,,0,0,0,minhareceita,2026-09-03T23:40:44Z,2026-09-03T23:40:44Z,enrich
08981590,OGAN SERVICOS ADMINISTRATIVOS LTDA,2062,DEMAIS,02,8211300,SP,SAO BERNARDO DO CAMPO,1150617968,,0,0,0,minhareceita,2026-09-04T00:06:29Z,2026-09-04T00:06:29Z,enrich
08992890,MAXLIFT LOCADORA DE EQUIPAMENTOS LTDA.,2062,DEMAIS,02,7739099,SP,SAO PAULO,1141914480,,0,0,0,minhareceita,2026-09-03T23:38:01Z,2026-09-03T23:38:01Z,enrich
09036221,"DC COMERCIO, REPRESENTACOES, INVESTIMENTOS E PARTICIPACOES LTDA.",2062,DEMAIS,02,6810202,PE,RECIFE,8130328400,,0,0,0,minhareceita,2026-09-03T23:37:12Z,2026-09-03T23:37:12Z,enrich
09056763,SIND EMP ENT CULT RECR ASSIS SOC ORIEN FORM PROF EST PE,3131,DEMAIS,02,9420100,PE,RECIFE,,,0,0,0,minhareceita,2026-09-03T23:46:04Z,2026-09-03T23:46:04Z,enrich
09123654,COMPANHIA DE AGUA E ESGOTOS DA PARAIBA CAGEPA,2038,DEMAIS,02,3600601,PB,JOAO PESSOA,8332181200,,0,0,0,minhareceita,2026-09-03T23:37:45Z,2026-09-03T23:37:45Z,enrich
09135789,BARITECH BRASIL REVESTIMENTOS LTDA,2062,DEMAIS,04,4330405,SP,SANTO ANDRE,1144226788,,0,0,1,minhareceita,2026-09-03T23:37:01Z,2026-09-03T23:37:01Z,enrich
09220921,NOVA PIRAMIDAL THERMOPLASTICS LTDA,2062,DEMAIS,02,4684201,SP,SAO PAULO,1132252400,,0,0,0,minhareceita,2026-09-03T23:46:27Z,2026-09-03T23:46:27Z,enrich
09236766,JOAO DE DEUS TRANSPORTES E COMERCIO LTDA,2062,MICRO EMPRESA,02,4930201,MG,BELO HORIZONTE,3134173964,,0,0,0,minhareceita,2026-09-03T23:41:20Z,2026-09-03T23:41:20Z,enrich
09260643,RECORD PARTICIPACOES LTDA,2062,DEMAIS,02,4110700,AL,MACEIO,8231776500,,0,0,0,minhareceita,2026-09-03T23:44:05Z,2026-09-03T23:44:05Z,enrich
09263012,FUNDO DE INVESTIMENTO EM DIREITOS CREDITORIOS NAO-PADRONIZADOS NPL I,2224,DEMAIS,08,6470101,SP,SAO PAULO,1138421122,,1,0,1,minhareceita,2026-09-03T23:42:02Z,2026-09-03T23:42:02Z,enrich
09301100,BNC - BIBE CONSULTORIA LTDA,2062,DEMAIS,08,4399199,SP,PAULINIA,1938742437,,0,0,1,minhareceita,2026-09-03T23:42:44Z,2026-09-03T23:42:44Z,enrich
09357838,MIOLO WINE GROUP VITIVINICULTURA S.A.,2054,DEMAIS,02,1112700,RS,BENTO GONCALVES,5421021500,,0,0,0,minhareceita,2026-09-03T23:44:42Z,2026-09-03T23:44:42Z,enrich
09373468,USINA DE VENDAS SOLUCOES COMERCIAIS EM DISTRIBUICAO LTDA EM RECUPERACAO JUDICIAL,2062,DEMAIS,02,4652400,SP,SAO PAULO,1141790001,,0,0,0,minhareceita,2026-09-03T23:44:02Z,2026-09-03T23:44:02Z,enrich
09402999,TABLEROS IND. E COM. DE PAINEIS LTDA,2062,DEMAIS,02,1621800,PR,PALMAS,4632638500,,0,0,0,minhareceita,2026-09-03T23:37:07Z,2026-09-03T23:37:07Z,enrich
09422727,GALVANI ENGENHARIA E PARTICIPACOES LTDA,2062,DEMAIS,02,4213800,SP,PAULINIA,1938449900,,0,0,0,minhareceita,2026-09-03T23:38:02Z,2026-09-03T23:38:02Z,enrich
09454490,LOTEX TEXTIL LTDA,2062,MICRO EMPRESA,02,1359600,SC,JARAGUA DO SUL,4730550027,,0,0,0,minhareceita,2026-09-03T23:41:20Z,2026-09-03T23:41:20Z,enrich
09454803,CONSTRUMARTHI CONSTRUTORA LIMITADA,2062,MICRO EMPRESA,08,4120400,MG,CORONEL FABRICIANO,3138411881,,0,0,1,minhareceita,2026-09-03T23:44:00Z,2026-09-03T23:44:00Z,enrich
09483773,FOKUS GOIAS DISTRIBUICAO E LOGISTICA LTDA,2062,DEMAIS,02,4639701,GO,APARECIDA DE GOIANIA,6232193000,,0,0,0,minhareceita,2026-09-03T23:45:21Z,2026-09-03T23:45:21Z,enrich
09536120,SEMPRE AGTECH LTDA,2062,DEMAIS,02,141501,SC,CHAPECO,4934418200,,0,0,0,minhareceita,2026-09-03T23:38:20Z,2026-09-03T23:38:20Z,enrich
09576849,COOPERATIVA DE CREDITO DE LIVRE ADMISSAO DE CERES E RIALMA LTDA,2143,DEMAIS,02,6424703,GO,CERES,6284214097,,1,0,0,minhareceita,2026-09-03T23:41:10Z,2026-09-03T23:41:10Z,enrich
09665178,MULTIPLAX INDUSTRIA E COMERCIO DE PLASTICOS LTDA,2062,DEMAIS,02,4684201,CE,FORTALEZA,8532262437,,0,0,0,minhareceita,2026-09-04T00:06:40Z,2026-09-04T00:06:40Z,enrich
10159120,INDUSTRIA E COMERCIO DE FARINHA JAGUA LTDA.,2062,DEMAIS,02,1066000,PR,JAGUAPITA,4332728038,,0,0,0,minhareceita,2026-09-03T23:42:15Z,2026-09-03T23:42:15Z,enrich
10212986,ICONE SC COMERCIAL IMPORTADORA E EXPORTADORA LTDA,2062,DEMAIS,02,4642701,SC,POMERODE,4733873236,,0,0,0,minhareceita,2026-09-03T23:45:32Z,2026-09-03T23:45:32Z,enrich
10249419,CARGILL BIOENERGIA LTDA.,2062,DEMAIS,02,6462000,SP,SAO PAULO,6499999415,,1,0,0,minhareceita,2026-09-03T23:37:40Z,2026-09-03T23:37:40Z,enrich
10264586,2B ADMINISTRACAO E NEGOCIOS LTDA,2062,DEMAIS,04,7490104,SP,SAO PAULO,1131060800,,0,0,1,minhareceita,2026-09-03T23:41:48Z,2026-09-03T23:41:48Z,enrich
10288920,CAIRU INDUSTRIA DE BICICLETAS LTDA,2062,DEMAIS,02,3092000,RO,PIMENTA BUENO,6934510500,,0,0,0,minhareceita,2026-09-03T23:40:13Z,2026-09-03T23:40:13Z,enrich
10320422,COMERCIAL FERRONORTE LTDA,2062,DEMAIS,02,4744001,PI,TERESINA,8632151869,,0,0,0,minhareceita,2026-09-03T23:46:14Z,2026-09-03T23:46:14Z,enrich
10345462,OMRON HEALTHCARE BRASIL COMERCIO E DISTRIBUICAO DE PRODUTOS MEDICOS LTDA,2062,DEMAIS,02,4664800,SP,SAO PAULO,1131493046,,0,0,0,minhareceita,2026-09-03T23:39:16Z,2026-09-03T23:39:16Z,enrich
10394384,MMB SPORTS PARTICIPACOES LTDA,2240,MICRO EMPRESA,02,7319099,RJ,RIO DE JANEIRO,2197118264,,0,0,0,minhareceita,2026-09-03T23:40:12Z,2026-09-03T23:40:12Z,enrich
10409614,ALTA - AMERICA LATINA TECNOLOGIA AGRICOLA LTDA.,2062,DEMAIS,02,4683400,PR,CURITIBA,4130719000,,0,0,0,minhareceita,2026-09-03T23:40:59Z,2026-09-03T23:40:59Z,enrich
10424098,INDUSTRIA DE CONFECCOES K-DU LTDA,2062,DEMAIS,02,1412601,PR,SANTO ANTONIO DO SUDOESTE,4635631792,,0,0,0,minhareceita,2026-09-03T23:39:38Z,2026-09-03T23:39:38Z,enrich
10431349,GBF NEGOCIOS IMOBILIARIOS LTDA,2062,DEMAIS,02,6810201,MT,CUIABA,6536458000,,0,0,0,minhareceita,2026-09-03T23:41:04Z,2026-09-03T23:41:04Z,enrich
10485559,TRITEX INDUSTRIA TEXTIL LTDA,2062,DEMAIS,04,1311100,SE,NOSSA SENHORA DO SOCORRO,7981075860,,0,0,1,minhareceita,2026-09-03T23:45:50Z,2026-09-03T23:45:50Z,enrich
10505803,LOROTTI EMPREENDIMENTOS IMOBILIARIOS LTDA,2062,DEMAIS,02,4120400,DF,BRASILIA,6133664288,,0,0,0,minhareceita,2026-09-03T23:37:51Z,2026-09-03T23:37:51Z,enrich
10509915,MINERACAO AURORA LTDA,2062,DEMAIS,02,810099,PE,JABOATAO DOS GUARARAPES,8139724964,,0,0,0,minhareceita,2026-09-03T23:37:17Z,2026-09-03T23:37:17Z,enrich
10543501,VLS VIACAO LITORAL SUL LTDA,2062,DEMAIS,02,4921301,SE,ESTANCIA,7935221751,,0,0,0,minhareceita,2026-09-03T23:45:09Z,2026-09-03T23:45:09Z,enrich
10588595,SANOFI MEDLEY FARMACEUTICA LTDA,2062,DEMAIS,08,2121101,SP,ITAPEVI,1137596138,,0,0,1,minhareceita,2026-09-03T23:37:58Z,2026-09-03T23:37:58Z,enrich
10681801,IRMAOS GARCIA HORTIFRUTIGRANJEIROS,2062,DEMAIS,02,4633801,GO,GOIANIA,6235229105,,0,0,0,minhareceita,2026-09-03T23:46:34Z,2026-09-03T23:46:34Z,enrich
10721377,GERAES SERVICE LTDA,2062,MICRO EMPRESA,04,4213800,MG,CORONEL FABRICIANO,3138423717,,0,0,1,minhareceita,2026-09-04T00:06:20Z,2026-09-04T00:06:20Z,enrich
10758022,I. F. DOS SANTOS & CIA LTDA,2062,DEMAIS,02,3101200,PE,JOAO ALFREDO,8196491169,,0,0,0,minhareceita,2026-09-03T23:42:48Z,2026-09-03T23:42:48Z,enrich
10775286,CATAO CONFECCOES LTDA - EM RECUPERACAO JUDICIAL,2062,DEMAIS,02,4781400,PE,RECIFE,000000000000,,0,0,0,minhareceita,2026-09-03T23:37:29Z,2026-09-03T23:37:29Z,enrich
10793428,FAIRFAX BRASIL SEGUROS CORPORATIVOS SA,2054,DEMAIS,02,6512000,SP,SAO PAULO,1130413023,,1,0,0,minhareceita,2026-09-03T23:37:45Z,2026-09-03T23:37:45Z,enrich
10811586,TETO PLANEJAMENTO E INCORPORACOES LTDA,2062,DEMAIS,02,4120400,AL,MACEIO,8233137983,,0,0,0,minhareceita,2026-09-03T23:44:09Z,2026-09-03T23:44:09Z,enrich
10821493,BARRETO E SILVA ADVOGADOS,2232,DEMAIS,02,6911701,MG,BELO HORIZONTE,3131942600,,0,0,0,minhareceita,2026-09-04T00:06:35Z,2026-09-04T00:06:35Z,enrich
10824074,ANELO SURGICAL COMERCIO DE PRODUTOS HOSPITALARES LTDA,2062,DEMAIS,02,4773300,RS,PORTO ALEGRE,5130199200,,0,0,0,minhareceita,2026-09-03T23:46:23Z,2026-09-03T23:46:23Z,enrich
10835932,COMPANHIA ENERGETICA DE PERNAMBUCO,2046,DEMAIS,02,3514000,PE,RECIFE,8132175226,,0,0,0,minhareceita,2026-09-03T23:40:21Z,2026-09-03T23:40:21Z,enrich
10885321,WEG LINHARES EQUIPAMENTOS ELETRICOS S/A,2054,DEMAIS,02,2710403,ES,LINHARES,2730481714,,0,0,0,minhareceita,2026-09-03T23:44:26Z,2026-09-03T23:44:26Z,enrich
10912900,RIO VERMELHO DISTRIBUICAO DE ALIMENTOS LTDA,2062,DEMAIS,02,4639701,DF,BRASILIA,6233103592,,0,0,0,minhareceita,2026-09-03T23:45:43Z,2026-09-03T23:45:43Z,enrich
10917212,CEREAIS FORMIGUENSE LTDA,2062,MICRO EMPRESA,02,4930202,RS,GETULIO VARGAS,5433412170,,0,0,0,minhareceita,2026-09-03T23:40:54Z,2026-09-03T23:40:54Z,enrich
10925045,OPTIMUM CONSULTORIA EM GESTAO PUBLICA E EMPRESARIAL LTDA,2062,MICRO EMPRESA,02,7020400,PB,CAMPINA GRANDE,8399750001,,0,0,0,minhareceita,2026-09-03T23:43:11Z,2026-09-03T23:43:11Z,enrich
10948651,SPRINGER CARRIER LTDA,2062,DEMAIS,02,2824102,RS,CANOAS,5134779593,,0,0,0,minhareceita,2026-09-03T23:46:48Z,2026-09-03T23:46:48Z,enrich
10956258,FEDERACAO PERNAMBUCANA DE FUTEBOL,3999,DEMAIS,02,9319101,PE,RECIFE,,,0,0,0,minhareceita,2026-09-03T23:37:22Z,2026-09-03T23:37:22Z,enrich
10962529,CALMAP INDUSTRIA DE CALCARIO LTDA,2062,DEMAIS,02,891600,PA,SAO GERALDO DO ARAGUAIA,8530820505,,0,0,0,minhareceita,2026-09-03T23:40:52Z,2026-09-03T23:40:52Z,enrich
11025734,MANNES TRANSPORTES LTDA,2062,DEMAIS,04,4930202,SC,GUARAMIRIM,4732741400,,0,0,1,minhareceita,2026-09-03T23:43:43Z,2026-09-03T23:43:43Z,enrich
11065453,COBREMACK INDUSTRIA DE CONDUTORES ELETRICOS LIMITADA EM RECUPERACAO JUDICIAL EM RECUPERACAO JUDICIAL,2062,DEMAIS,02,2733300,BA,LAURO DE FREITAS,1141565531,,0,0,0,minhareceita,2026-09-03T23:40:32Z,2026-09-03T23:40:32Z,enrich
11069316,TUBOS TIGRE-ADS DO BRASIL LIMITADA,2062,DEMAIS,02,2223400,SP,RIO CLARO,1983420006,,0,0,0,minhareceita,2026-09-03T23:39:44Z,2026-09-03T23:39:44Z,enrich
11198594,TRISOFT MANTAS DE POLIESTER LTDA.,2062,DEMAIS,02,1351100,SP,ITAPEVI,1141437900,,0,0,0,minhareceita,2026-09-03T23:41:29Z,2026-09-03T23:41:29Z,enrich
11207104,CONSORCIO CONDUTO-EGESA,2151,DEMAIS,02,4663000,PE,IPOJUCA,8139742770,,0,0,0,minhareceita,2026-09-03T23:45:03Z,2026-09-03T23:45:03Z,enrich
11225183,GSV MONTAGENS INDUSTRIAIS LTDA,2062,DEMAIS,02,2511000,GO,GOIANESIA,6233536092,,0,0,0,minhareceita,2026-09-03T23:40:53Z,2026-09-03T23:40:53Z,enrich
11229328,PISOCOM - CONSTRUCOES E COMERCIO LTDA,2062,MICRO EMPRESA,04,4399103,PE,PETROLINA,7436118357,,0,0,1,minhareceita,2026-09-03T23:43:50Z,2026-09-03T23:43:50Z,enrich
11230832,PLASTICOS TANGARA LTDA,2062,DEMAIS,02,4689399,SC,TANGARA,4935321511,,0,0,0,minhareceita,2026-09-03T23:39:18Z,2026-09-03T23:39:18Z,enrich
11263858,OUROMED SERVICO MOVEL DE SAUDE LTDA,2062,EMPRESA DE PEQUENO PORTE,02,8622400,MG,BELO HORIZONTE,3121282020,,0,0,0,minhareceita,2026-09-03T23:45:11Z,2026-09-03T23:45:11Z,enrich
11283356,PHILCO ELETRONICOS SA,2054,DEMAIS,02,6463800,PR,CURITIBA,4132187700,,1,0,0,minhareceita,2026-09-03T23:46:17Z,2026-09-03T23:46:17Z,enrich
11287642,APIUNA COMERCIAL TEXTIL LTDA.,2062,DEMAIS,02,4689399,SC,APIUNA,4733531558,,0,0,0,minhareceita,2026-09-03T23:46:01Z,2026-09-03T23:46:01Z,enrich
11303092,KLT PARTICIPACOES SA,2054,DEMAIS,02,6462000,SC,ITAJAI,4730628301,,1,0,0,minhareceita,2026-09-03T23:36:56Z,2026-09-03T23:36:56Z,enrich
11324540,J. CONFORT FABRICACAO DE MOVEIS E ESTOFADOS LTDA,2062,DEMAIS,02,3101200,PE,JOAO ALFREDO,8136281296,,0,0,0,minhareceita,2026-09-03T23:42:50Z,2026-09-03T23:42:50Z,enrich
11341399,RUHRPUMPEN DO BRASIL INDUSTRIA E COMERCIO DE BOMBAS HIDRAULICAS LTDA.,2062,DEMAIS,08,4669901,SP,SAO PAULO,1137998175,,0,0,1,minhareceita,2026-09-03T23:46:00Z,2026-09-03T23:46:00Z,enrich
11385941,TITAN PNEUS DO BRASIL LTDA,2062,DEMAIS,02,2211100,SP,SAO PAULO,1121777360,,0,0,0,minhareceita,2026-09-03T23:37:21Z,2026-09-03T23:37:21Z,enrich
11417016,SCANIA BANCO S.A.,2054,DEMAIS,02,6431000,SP,SAO BERNARDO DO CAMPO,1132140820,,1,0,0,minhareceita,2026-09-03T23:38:03Z,2026-09-03T23:38:03Z,enrich
11436813,ADLIM-TERCEIRIZACAO EM SERVICOS LTDA - EM RECUPERACAO JUDICIAL,2062,DEMAIS,02,7830200,PE,BEZERROS,,,0,0,0,minhareceita,2026-09-03T23:36:56Z,2026-09-03T23:36:56Z,enrich
11486977,ENVTECH DO BRASIL DESCONTAMINACOES INDUSTRIAIS LTDA,2062,DEMAIS,02,3314799,RJ,PETROPOLIS,3184477021,,0,0,0,minhareceita,2026-09-03T23:37:14Z,2026-09-03T23:37:14Z,enrich
11504852,NOVA S.R.M. ADMINISTRACAO DE RECURSOS E FINANCAS S/A,2054,DEMAIS,02,6630400,SP,SAO PAULO,1133342100,,1,0,0,minhareceita,2026-09-03T23:40:00Z,2026-09-03T23:40:00Z,enrich
11507489,BFC FUNDO DE INVESTIMENTO EM DIREITOS CREDITORIOS,2224,DEMAIS,02,6470101,SP,SAO PAULO,1128273500,,1,0,0,minhareceita,2026-09-03T23:39:54Z,2026-09-03T23:39:54Z,enrich
11516792,BRANDT SOLUCOES EM AGRICULTURA LTDA,2062,DEMAIS,02,2013402,PR,CAMBE,4333452323,,0,0,0,minhareceita,2026-09-03T23:43:02Z,2026-09-03T23:43:02Z,enrich
11516861,AGUIA SERVICOS DE VIGILANCIA LTDA - EM RECUPERACAO JUDICIAL,2062,DEMAIS,02,8011101,PE,RECIFE,8132526115,,0,0,0,minhareceita,2026-09-03T23:37:05Z,2026-09-03T23:37:05Z,enrich
11581339,BMP SOCIEDADE DE CREDITO AO MICROEMPREENDEDOR E A EMPRESA DE PEQUENO PORTE LTDA,2062,DEMAIS,02,6437900,SP,SAO PAULO,1138109313,,1,0,0,minhareceita,2026-09-03T23:38:29Z,2026-09-03T23:38:29Z,enrich
11647586,NICSA FORNECIMENTO DE MATERIAIS ELETRICOS S.A.,2054,DEMAIS,08,4673700,RJ,RIO DE JANEIRO,2132825037,,0,0,1,minhareceita,2026-09-04T00:06:42Z,2026-09-04T00:06:42Z,enrich
11679253,ITABOX INDUSTRIA E COMERCIO DE MOVEIS DE MADEIRA LTDA,2062,DEMAIS,02,3101200,SP,ITAPETININGA,1437112222,,0,0,0,minhareceita,2026-09-03T23:41:21Z,2026-09-03T23:41:21Z,enrich
11730935,MASTER HIGIMED COMERCIAL DE PRODUTOS DE HIGIENIZACAO E HOSPITALARES LTDA,2062,DEMAIS,02,4649408,SP,SAO PAULO,1139962467,,0,0,0,minhareceita,2026-09-03T23:46:59Z,2026-09-03T23:46:59Z,enrich
11841434,LIBER EMPREENDIMENTOS IMOBILIARIOS LTDA,2062,DEMAIS,02,6810201,PE,RECIFE,8132526115,,0,0,0,minhareceita,2026-09-03T23:41:16Z,2026-09-03T23:41:16Z,enrich
12032271,JMS LOCACAO DE MAQUINAS E EQUIPAMENTOS LTDA,2062,MICRO EMPRESA,04,7719599,MG,UBERABA,3488246991,,0,0,1,minhareceita,2026-09-03T23:43:40Z,2026-09-03T23:43:40Z,enrich
12066015,SERVI SAN VIGILANCIA E TRANSPORTE DE VALORES LTDA - EM RECUPERACAO JUDICIAL,2062,DEMAIS,02,8011101,PI,TERESINA,8621071418,,0,0,0,minhareceita,2026-09-03T23:46:35Z,2026-09-03T23:46:35Z,enrich
12067326,PRIORI SEMENTES E DEFENSIVOS AGRICOLAS LTDA,2062,DEMAIS,02,5211701,GO,JATAI,6436362641,,0,0,0,minhareceita,2026-09-03T23:41:27Z,2026-09-03T23:41:27Z,enrich
12073848,JC SOCCER TALENTS MARKETING ESPORTIVO LTDA,2062,DEMAIS,02,7490105,RJ,RIO DE JANEIRO,2139708940,,0,0,0,minhareceita,2026-09-03T23:45:38Z,2026-09-03T23:45:38Z,enrich
12090641,RONAN RODRIGUES DOS SANTOS,2135,MICRO EMPRESA,08,5611201,SE,PROPRIA,,,0,0,1,minhareceita,2026-09-03T23:41:57Z,2026-09-03T23:41:57Z,enrich
12095666,UNIDADE REVENDEDORA DE BEBIDAS LTDA,2062,DEMAIS,02,4635402,GO,PORANGATU,6284558905,,0,0,0,minhareceita,2026-09-03T23:41:46Z,2026-09-03T23:41:46Z,enrich
12107667,JRS EMPREENDIMENTOS IMOBILIARIOS LTDA,2062,DEMAIS,02,6463800,MT,VARZEA GRANDE,6533882518,,1,0,0,minhareceita,2026-09-03T23:40:09Z,2026-09-03T23:40:09Z,enrich
12141105,IJB INDUSTRIA E COMERCIO DE MATERIAIS DE CONSTRUCAO LTDA.,2062,DEMAIS,08,2391501,SP,SANTANA DE PARNAIBA,1126082200,,0,0,1,minhareceita,2026-09-03T23:45:12Z,2026-09-03T23:45:12Z,enrich
12144737,CREDIT BRASIL FUNDO DE INVESTIMENTO EM DIREITOS CREDITORIOS MULTISSETORIAL MASTER - EM LIQUIDACAO,2224,DEMAIS,02,6470101,SP,SAO PAULO,4130740909,,1,0,0,minhareceita,2026-09-03T23:40:51Z,2026-09-03T23:40:51Z,enrich
12163083,100PORCENTO SOLUCOES CONSULTORIA EM GESTAO EMPRESARIAL LTDA,2062,MICRO EMPRESA,08,7020400,PE,RECIFE,8133227091,,0,0,1,minhareceita,2026-09-03T23:40:08Z,2026-09-03T23:40:08Z,enrich
12222798,C.H.F. ONE PARTICIPACOES LTDA,2062,DEMAIS,02,6462000,SP,SAO PAULO,1120876740,,1,0,0,minhareceita,2026-09-03T23:42:27Z,2026-09-03T23:42:27Z,enrich
12272084,EQUATORIAL ALAGOAS DISTRIBUIDORA DE ENERGIA S.A.,2054,DEMAIS,02,3514000,AL,MACEIO,000000000000,,0,0,0,minhareceita,2026-09-03T23:40:41Z,2026-09-03T23:40:41Z,enrich
12286944,CONSTRUTORA HUMBERTO LOBO LTDA EM RECUPERACAO JUDICIAL,2062,DEMAIS,02,4120400,AL,MACEIO,8232413599,,0,0,0,minhareceita,2026-09-03T23:43:39Z,2026-09-03T23:43:39Z,enrich
12301881,GYNNOX IROS COMERCIO E INDUSTRIA LTDA,2062,EMPRESA DE PEQUENO PORTE,02,1629301,GO,GOIANIA,6285976863,,0,0,0,minhareceita,2026-09-03T23:45:27Z,2026-09-03T23:45:27Z,enrich
12417429,COMERCIAL DE ALIMENTOS NO. 10 LTDA.,2062,DEMAIS,02,4639701,PR,ALMIRANTE TAMANDARE,4136574565,,0,0,0,minhareceita,2026-09-03T23:46:28Z,2026-09-03T23:46:28Z,enrich
12420164,CM HOSPITALAR S.A.,2046,DEMAIS,02,4644301,SP,RIBEIRAO PRETO,4733218450,,0,0,0,minhareceita,2026-09-03T23:43:27Z,2026-09-03T23:43:27Z,enrich
12442737,UNIMED MACEIO COOPERATIVA DE TRABALHO MEDICO,2143,DEMAIS,02,6550200,AL,MACEIO,8221211600,,1,0,0,minhareceita,2026-09-03T23:37:43Z,2026-09-03T23:37:43Z,enrich
12447077,BRASIL ASFALTOS LTDA,2062,DEMAIS,02,2399199,BA,CANDEIAS,7131182100,,0,0,0,minhareceita,2026-09-03T23:37:21Z,2026-09-03T23:37:21Z,enrich
12459961,SALUS COMERCIO DE PRODUTOS DE SAUDE E NUTRICAO ANIMAL S.A.,2054,DEMAIS,02,1066000,SP,SANTO ANTONIO DE POSSE,1938677700,,0,0,0,minhareceita,2026-09-03T23:46:08Z,2026-09-03T23:46:08Z,enrich
12554601,"ANJUU IMPORTACAO, EXPORTACAO E COMERCIO DE CONFECCOES LTDA",2062,DEMAIS,02,4642701,SC,ARAQUARI,1120816261,,0,0,0,minhareceita,2026-09-03T23:41:02Z,2026-09-03T23:41:02Z,enrich
12556552,FAMETAL FABRICACAO ESQUADRIAS METALICAS LTDA,2062,EMPRESA DE PEQUENO PORTE,04,2542000,PR,CURITIBA,4130168548,,0,0,1,minhareceita,2026-09-03T23:43:16Z,2026-09-03T23:43:16Z,enrich
12613484,POTENCIAL AGRO S/A,2054,DEMAIS,02,1932200,PR,LAPA,4131633000,,0,0,0,minhareceita,2026-09-03T23:44:04Z,2026-09-03T23:44:04Z,enrich
12656690,DISTRITO DE IRRIGACAO DO PERIMETRO SENADOR NILO COELHO,3999,DEMAIS,02,9430800,PE,PETROLINA,8739863565,,0,0,0,minhareceita,2026-09-03T23:43:13Z,2026-09-03T23:43:13Z,enrich
12692416,VALVITALIA SPA,2216,DEMAIS,02,6462000,EX,EXTERIOR,000000000000,,1,0,0,minhareceita,2026-09-03T23:39:05Z,2026-09-03T23:39:05Z,enrich
12721248,ENGETELA COMERCIO E SERVICOS LTDA,2062,DEMAIS,02,4744099,MG,TRES PONTAS,3532652599,,0,0,0,minhareceita,2026-09-03T23:45:59Z,2026-09-03T23:45:59Z,enrich
12749549,MTC INCORPORACOES IMOBILIARIAS LTDA,2062,DEMAIS,02,4110700,RS,CAXIAS DO SUL,5430281551,,0,0,0,minhareceita,2026-09-03T23:42:43Z,2026-09-03T23:42:43Z,enrich
12863297,"LOGOMAR COMERCIO, IMPORTACAO E EXPORTACAO LTDA",2062,DEMAIS,02,4684201,SC,ITAJAI,4733499700,,0,0,0,minhareceita,2026-09-03T23:43:25Z,2026-09-03T23:43:25Z,enrich
12889035,INOVAMED HOSPITALAR LTDA,2062,DEMAIS,02,4644301,RS,ERECHIM,5421067930,,0,0,0,minhareceita,2026-09-03T23:39:37Z,2026-09-03T23:39:37Z,enrich
12927088,"CIA DO JEANS INDUSTRIA, COMERCIO E IMPORTACAO S/A",2054,DEMAIS,02,1412601,ES,COLATINA,3134125001,,0,0,0,minhareceita,2026-09-03T23:40:45Z,2026-09-03T23:40:45Z,enrich
12995199,TECNOPLAST S.A - INDUSTRIA E COMERCIO DE PLASTICOS,2054,DEMAIS,02,1313800,PR,CURITIBA,4133328383,,0,0,0,minhareceita,2026-09-03T23:43:41Z,2026-09-03T23:43:41Z,enrich
13177802,SAFEGOLD GERENCIAMENTO DE CAPITAL LTDA,2062,DEMAIS,02,7020400,PR,CURITIBA,4135008044,,0,0,0,minhareceita,2026-09-03T23:44:23Z,2026-09-03T23:44:23Z,enrich
13217111,CC TELHAS LTDA,2062,EMPRESA DE PEQUENO PORTE,02,4744099,PE,IPOJUCA,8135512989,,0,0,0,minhareceita,2026-09-03T23:41:55Z,2026-09-03T23:41:55Z,enrich
13241077,PREMIERSEG INDUSTRIA E COMERCIO LTDA,2062,EMPRESA DE PEQUENO PORTE,02,3292202,SP,GUARULHOS,1129372732,,0,0,0,minhareceita,2026-09-03T23:41:03Z,2026-09-03T23:41:03Z,enrich
13259183,MONFORTE ALIMENTOS LTDA,2062,DEMAIS,02,4634601,SP,TUPA,1434415037,,0,0,0,minhareceita,2026-09-03T23:41:53Z,2026-09-03T23:41:53Z,enrich
13333090,NIPRO MEDICAL CORPORATION PRODUTOS MEDICOS LTDA.,2062,DEMAIS,02,4645101,SP,SAO PAULO,1136430555,,0,0,0,minhareceita,2026-09-03T23:39:35Z,2026-09-03T23:39:35Z,enrich
13465659,SPRINT TEXTIL COMERCIAL LTDA,2062,DEMAIS,08,1323500,SP,AMERICANA,1934729400,,0,0,1,minhareceita,2026-09-03T23:46:55Z,2026-09-03T23:46:55Z,enrich
13477127,PORTAL DO AEROPORTO LOGISTICA LTDA,2062,DEMAIS,02,6810202,PR,SAO JOSE DOS PINHAIS,4131344003,,0,0,0,minhareceita,2026-09-03T23:39:55Z,2026-09-03T23:39:55Z,enrich
13478113,PACK BIG BAG INDUSTRIA DE EMBALAGENS LTDA,2062,DEMAIS,02,1359600,SP,CASA BRANCA,1936712600,,0,0,0,minhareceita,2026-09-03T23:46:51Z,2026-09-03T23:46:51Z,enrich
13499112,EMPREENDIMENTOS IMOBILIARIOS VILLA LOBOS II LTDA,2062,DEMAIS,08,4110700,SP,SEBASTIANOPOLIS DO SUL,1734268130,,0,0,1,minhareceita,2026-09-03T23:43:36Z,2026-09-03T23:43:36Z,enrich
13518309,BELL - BRASIL ENGENHARIA E LOCACOES LTDA.,2062,DEMAIS,08,7732201,SP,OSASCO,1150814800,,0,0,1,minhareceita,2026-09-03T23:38:59Z,2026-09-03T23:38:59Z,enrich
13620193,PAX BRAZIL AGROINDUSTRIA LTDA,2062,DEMAIS,02,4639701,SP,SAO PAULO,1136287656,,0,0,0,minhareceita,2026-09-03T23:39:53Z,2026-09-03T23:39:53Z,enrich
13726078,CAUANA INDUSTRIA COMERCIO E REPRESENTACOES LTDA,2062,MICRO EMPRESA,02,1412601,MG,NOVA LIMA,3125810599,,0,0,0,minhareceita,2026-09-03T23:42:00Z,2026-09-03T23:42:00Z,enrich
13829957,BRASQUIMICA PRODUTOS ASFALTICOS LTDA,2062,DEMAIS,02,4684299,BA,SALVADOR,7131182100,,0,0,0,minhareceita,2026-09-03T23:37:42Z,2026-09-03T23:37:42Z,enrich
13884068,"UNICHARM DO BRASIL INDUSTRIA E COMERCIO DE PRODUTOS DE HIGIENE LTDA.,",2062,DEMAIS,02,1742701,SP,JAGUARIUNA,1933703249,,0,0,0,minhareceita,2026-09-03T23:43:57Z,2026-09-03T23:43:57Z,enrich
13967029,SILVA E LIMA SERVICOS TERCEIRIZADOS LTDA,2062,DEMAIS,04,4930202,AL,MARECHAL DEODORO,8233771895,,0,0,1,minhareceita,2026-09-04T00:06:41Z,2026-09-04T00:06:41Z,enrich
14014246,INCENHA TRANSPORTES LTDA - EM RECUPERACAO JUDICIAL,2062,DEMAIS,02,4930203,PR,UMUARAMA,4436233166,,0,0,0,minhareceita,2026-09-03T23:47:12Z,2026-09-03T23:47:12Z,enrich
14177238,G & F ASSESSORIA CONSULTORIA EMPREENDIMENTOS E PARTICIPACOES LTDA,2062,DEMAIS,02,6462000,SC,FLORIANOPOLIS,4891882618,,1,0,0,minhareceita,2026-09-03T23:38:11Z,2026-09-03T23:38:11Z,enrich
14263981,MG6 INVESTIMENTOS LTDA,2062,DEMAIS,08,8219999,SP,SANTANA DE PARNAIBA,1141980095,,0,0,1,minhareceita,2026-09-03T23:37:17Z,2026-09-03T23:37:17Z,enrich
14325185,PROTEGO BRASIL VALVULAS E CORTA CHAMAS LTDA,2062,DEMAIS,02,2813500,RJ,RIO DE JANEIRO,2121125700,,0,0,0,minhareceita,2026-09-03T23:38:25Z,2026-09-03T23:38:25Z,enrich
14492564,POLYEXCEL INDUSTRIA E COMERCIO DE COMPOSTOS POLIMERICOS LTDA,2062,DEMAIS,02,2229302,SP,BARUERI,1141616775,,0,0,0,minhareceita,2026-09-03T23:42:13Z,2026-09-03T23:42:13Z,enrich
14492954,COLE LOG IMPORTACAO E EXPORTACAO ARMAZENAGEM TRANSPORTES E LOGISTICA LTDA,2062,DEMAIS,04,4930202,SP,SAO PAULO,1147896656,,0,0,1,minhareceita,2026-09-03T23:46:57Z,2026-09-03T23:46:57Z,enrich
14547859,PLANALTO COMERCIO DE COMBUSTIVEIS E LUBRIFICANTES LTDA,2062,DEMAIS,02,4731800,PB,SANTA RITA,8399843530,,0,0,0,minhareceita,2026-09-03T23:47:23Z,2026-09-03T23:47:23Z,enrich
14723388,BR CONSORCIOS ADMINISTRADORA DE CONSORCIOS LTDA,2062,DEMAIS,02,6493000,PR,LONDRINA,4333777400,,1,0,0,minhareceita,2026-09-03T23:41:32Z,2026-09-03T23:41:32Z,enrich
14724478,M.C. ARRUDA ADMINISTRADORA DE BENS S.A.,2054,DEMAIS,02,6822600,PE,RECIFE,8133142110,,0,0,0,minhareceita,2026-09-03T23:47:05Z,2026-09-03T23:47:05Z,enrich
14774074,COELHO PROCESSAMENTOS DE DADOS LTDA,2062,MICRO EMPRESA,02,4930201,GO,GOIANESIA,6233899200,,0,0,0,minhareceita,2026-09-03T23:46:36Z,2026-09-03T23:46:36Z,enrich
14898243,CONSENCO EDIFICACOES E INCORPORACOES TUCCI CAVALCANTE LTDA,2062,DEMAIS,02,4120400,AL,MACEIO,8233558557,,0,0,0,minhareceita,2026-09-03T23:44:23Z,2026-09-03T23:44:23Z,enrich
15102098,COMPANHIA VALENCA INDUSTRIAL,2054,DEMAIS,02,1321900,BA,VALENCA,7536433188,,0,0,0,minhareceita,2026-09-03T23:44:16Z,2026-09-03T23:44:16Z,enrich
15107246,MUCAMBO S/A,2054,DEMAIS,08,2219600,BA,ILHEUS,7321013700,,0,0,1,minhareceita,2026-09-03T23:46:31Z,2026-09-03T23:46:31Z,enrich
15114366,BANCO BOCOM BBM S.A.,2054,DEMAIS,02,6422100,BA,SALVADOR,7132432666,,1,0,0,minhareceita,2026-09-03T23:39:25Z,2026-09-03T23:39:25Z,enrich
15129010,CIMAR - CIMENTOS DO MARANHAO S.A.,2054,DEMAIS,02,2320600,MA,SAO LUIS,1123602033,,0,0,0,minhareceita,2026-09-03T23:40:15Z,2026-09-03T23:40:15Z,enrich
15419865,SUPREME SOCIEDADE INCORPORADORA SPE LTDA,2062,DEMAIS,04,4110700,SP,TAUBATE,1296507339,,0,0,1,minhareceita,2026-09-03T23:42:23Z,2026-09-03T23:42:23Z,enrich
15626673,NORTESUL COMERCIAL AGRICOLA LTDA EM RECUPERACAO JUDICIAL,2062,DEMAIS,02,4623199,TO,PALMAS,6336024239,,0,0,0,minhareceita,2026-09-03T23:37:27Z,2026-09-03T23:37:27Z,enrich
15640226,EMPREENDIMENTO IMOBILIARIO IB GATTO SPE LTDA - EM RECUPERACAO JUDICIAL,2062,DEMAIS,02,4120400,AL,MACEIO,8211111111,,0,0,0,minhareceita,2026-09-03T23:43:48Z,2026-09-03T23:43:48Z,enrich
15660513,TRESBOMM COMERCIO E EXPORTACAO DE GRAOS LTDA EM RECUPERACAO JUDICIAL,2062,DEMAIS,02,4623199,PR,PALOTINA,4436491240,,0,0,0,minhareceita,2026-09-03T23:38:06Z,2026-09-03T23:38:06Z,enrich
16005431,LATICINIOS J L LTDA,2062,DEMAIS,02,1052000,GO,ORIZONA,,,0,0,0,minhareceita,2026-09-03T23:45:50Z,2026-09-03T23:45:50Z,enrich
16404287,SUZANO S.A.,2046,DEMAIS,02,1710900,BA,SALVADOR,1136365000,,0,0,0,minhareceita,2026-09-03T23:37:30Z,2026-09-03T23:37:30Z,enrich
16620321,ALBUQUERQUE SOCCER ATIVIDADES ESPORTIVAS LTDA,2062,DEMAIS,02,9319101,PE,OLINDA,8199941904,,0,0,0,minhareceita,2026-09-03T23:42:42Z,2026-09-03T23:42:42Z,enrich
16629296,CASA NOVA EMPREENDIMENTOS IMOBILIARIOS LTDA,2062,DEMAIS,02,4120400,PE,OLINDA,8192678720,,0,0,0,minhareceita,2026-09-03T23:43:25Z,2026-09-03T23:43:25Z,enrich
16693500,VFS SISTEMA ELETRONICO DE ALARME LTDA,2062,DEMAIS,02,7739099,PE,RECIFE,8134239384,,0,0,0,minhareceita,2026-09-03T23:47:07Z,2026-09-03T23:47:07Z,enrich
16727386,RIOPAR PARTICIPACOES S.A.,2054,DEMAIS,02,6463800,RJ,RIO DE JANEIRO,2130131415,,1,0,0,minhareceita,2026-09-03T23:44:13Z,2026-09-03T23:44:13Z,enrich
16820052,PRIMA FOODS S.A.,2054,DEMAIS,02,1011201,MG,ARAGUARI,3421082200,,0,0,0,minhareceita,2026-09-03T23:43:18Z,2026-09-03T23:43:18Z,enrich
16849231,ITAMBE MINAS COMERCIO E DISTRIBUICAO DE ALIMENTOS LTDA,2062,DEMAIS,02,1052000,MG,BELO HORIZONTE,3121263700,,0,0,0,minhareceita,2026-09-03T23:45:45Z,2026-09-03T23:45:45Z,enrich
16887969,JRP GESTAO DE ATIVOS LTDA,2062,DEMAIS,02,6463800,PR,CURITIBA,4135141000,,1,0,0,minhareceita,2026-09-03T23:44:46Z,2026-09-03T23:44:46Z,enrich
16978251,RAVATO DISTRIBUIDORA DE COMBUSTIVEIS LTDA,2062,DEMAIS,02,4681801,PR,SAO MATEUS DO SUL,4235202100,,0,0,0,minhareceita,2026-09-03T23:42:01Z,2026-09-03T23:42:01Z,enrich
16987597,ALLOXY ESPECIALIDADES QUIMICAS LTDA,2062,DEMAIS,02,4684299,PR,SAO JOSE DOS PINHAIS,4133830233,,0,0,0,minhareceita,2026-09-03T23:45:56Z,2026-09-03T23:45:56Z,enrich
17115437,LABORATORIO GLOBO SA,2054,DEMAIS,02,2121101,MG,SAO JOSE DA LAPA,3136233500,,0,0,0,minhareceita,2026-09-03T23:44:10Z,2026-09-03T23:44:10Z,enrich
17159229,LABORATORIO TEUTO BRASILEIRO S/A,2054,DEMAIS,02,2121101,GO,ANAPOLIS,6233102000,,0,0,0,minhareceita,2026-09-03T23:39:14Z,2026-09-03T23:39:14Z,enrich
17184037,BANCO MERCANTIL DO BRASIL SA,2046,DEMAIS,02,6422100,MG,BELO HORIZONTE,3130575342,,1,0,0,minhareceita,2026-09-03T23:43:23Z,2026-09-03T23:43:23Z,enrich
17186172,ALGAR AVIATION TAXI AEREO S/A,2054,DEMAIS,02,5112901,MG,UBERLANDIA,3425894663,,0,0,0,minhareceita,2026-09-03T23:40:26Z,2026-09-03T23:40:26Z,enrich
17192451,BANCO ITAUCARD S.A.,2054,DEMAIS,02,6431000,SP,SAO PAULO,1130034828,,1,0,0,minhareceita,2026-09-03T23:43:32Z,2026-09-03T23:43:32Z,enrich
17205148,MAID OLEOS E GORDURAS LTDA,2062,DEMAIS,02,3299099,PR,PARANACITY,4498680056,,0,0,0,minhareceita,2026-09-03T23:41:31Z,2026-09-03T23:41:31Z,enrich
17312448,TRACBEL SA,2054,DEMAIS,02,4662100,MG,CONTAGEM,3121041800,,0,0,0,minhareceita,2026-09-03T23:39:53Z,2026-09-03T23:39:53Z,enrich
17417928,VENTISOL DA AMAZONIA INDUSTRIA DE APARELHOS ELETRICOS LTDA,2062,DEMAIS,02,2824101,AM,MANAUS,9230291000,,0,0,0,minhareceita,2026-09-03T23:38:15Z,2026-09-03T23:38:15Z,enrich
17467515,CAFE TRES CORACOES S.A,2054,DEMAIS,02,1081302,MG,SANTA LUZIA,8540065525,,0,0,0,minhareceita,2026-09-03T23:45:17Z,2026-09-03T23:45:17Z,enrich
17469701,ARCELORMITTAL BRASIL S.A.,2054,DEMAIS,02,2423702,MG,BELO HORIZONTE,3132191485,,0,0,0,minhareceita,2026-09-03T23:44:03Z,2026-09-03T23:44:03Z,enrich
17531314,CRISTAL GLASS INDUSTRIA DE VIDROS LTDA,2062,DEMAIS,02,2311700,PR,SAO JOSE DOS PINHAIS,4130208428,,0,0,0,minhareceita,2026-09-03T23:44:56Z,2026-09-03T23:44:56Z,enrich
17799898,POLYBRAS - POLIMEROS BRASILEIROS LTDA,2062,EMPRESA DE PEQUENO PORTE,02,3832700,RN,MOSSORO,8496142641,,0,0,0,minhareceita,2026-09-04T00:06:31Z,2026-09-04T00:06:31Z,enrich
17875154,MEDQUIMICA INDUSTRIA FARMACEUTICA LTDA.,2062,DEMAIS,02,2121101,MG,JUIZ DE FORA,3221014000,,0,0,0,minhareceita,2026-09-03T23:39:49Z,2026-09-03T23:39:49Z,enrich
17958615,BCR - COMERCIO E DISTRIBUICAO DE IMPLANTES CIRURGICOS LTDA.,2062,DEMAIS,02,4645101,RS,PORTO ALEGRE,5133348589,,0,0,0,minhareceita,2026-09-03T23:43:47Z,2026-09-03T23:43:47Z,enrich
17986477,TRR PEGORARO LTDA,2062,DEMAIS,02,4681802,MS,COXIM,6732919200,,0,0,0,minhareceita,2026-09-03T23:42:06Z,2026-09-03T23:42:06Z,enrich
18299911,VALE REAL EMPREENDIMENTO IMOBILIARIO LTDA,2062,DEMAIS,08,6822600,AL,ARAPIRACA,8233261325,,0,0,1,minhareceita,2026-09-03T23:42:16Z,2026-09-03T23:42:16Z,enrich
18304707,INDUSTRIA DE MOVEIS NESHER LTDA,2062,DEMAIS,02,3101200,ES,LINHARES,2730470040,,0,0,0,minhareceita,2026-09-03T23:43:51Z,2026-09-03T23:43:51Z,enrich
18331491,CENTRO AVANCADO DE NEUROLOGIA E NEUROCIRURGIA S/S,2232,DEMAIS,02,8630599,RS,PORTO ALEGRE,5132767818,,0,0,0,minhareceita,2026-09-03T23:37:42Z,2026-09-03T23:37:42Z,enrich
18351514,"PLACE RESINAS TERMOPLASTICAS COMERCIO, IMPORTACAO E EXPORTACAO LTDA.",2062,DEMAIS,02,4684201,SP,SAO BERNARDO DO CAMPO,1149413617,,0,0,0,minhareceita,2026-09-04T00:06:39Z,2026-09-04T00:06:39Z,enrich
18373437,CROPFERT INDUSTRIA DE FERTILIZANTES E AGROQUIMICOS LTDA,2062,DEMAIS,02,2051700,PR,JANDAIA DO SUL,4331622700,,0,0,0,minhareceita,2026-09-03T23:41:17Z,2026-09-03T23:41:17Z,enrich
18459628,BAYER S.A.,2054,DEMAIS,02,2099199,SP,SAO PAULO,1156945166,,0,0,0,minhareceita,2026-09-03T23:45:45Z,2026-09-03T23:45:45Z,enrich
18488755,VALOREM SOLUCOES FINANCEIRAS S.A.,2054,DEMAIS,02,6492100,SC,JOINVILLE,4734612600,,1,0,0,minhareceita,2026-09-03T23:38:00Z,2026-09-03T23:38:00Z,enrich
18548852,TRANSNETO TRANSPORTE LTDA,2062,DEMAIS,02,4930202,PR,MARINGA,4491416545,,0,0,0,minhareceita,2026-09-03T23:41:24Z,2026-09-03T23:41:24Z,enrich
18716311,ALTO DO VALE EMPREENDIMENTO IMOBILIARIO SPE LTDA.,2062,DEMAIS,04,7112000,AL,MACEIO,8232212923,,0,0,1,minhareceita,2026-09-03T23:46:58Z,2026-09-03T23:46:58Z,enrich
18773359,AGROBRASILCHEMICAL INDUSTRIA E COMERCIO LTDA EM RECUPERACAO JUDICIAL,2062,DEMAIS,02,2062200,PR,MANDAGUARI,4499327251,,0,0,0,minhareceita,2026-09-03T23:43:24Z,2026-09-03T23:43:24Z,enrich
18871750,INVISTA LOTEADORA E INCORPORADORA LTDA,2062,MICRO EMPRESA,02,4110700,RS,HORIZONTINA,5535241044,,0,0,0,minhareceita,2026-09-03T23:37:28Z,2026-09-03T23:37:28Z,enrich
18933677,CITOL INDUSTRIA DE TRATAMENTO DE OLEO S.A.,2054,DEMAIS,02,1922599,SP,MOGI GUACU,1938064535,,0,0,0,minhareceita,2026-09-04T00:06:24Z,2026-09-04T00:06:24Z,enrich
19108689,AGROSUL INDUSTRIA AGRICOLA LTDA EM RECUPERACAO JUDICIAL,2062,DEMAIS,02,4623109,SC,GUATAMBU,4999372777,,0,0,0,minhareceita,2026-09-03T23:39:09Z,2026-09-03T23:39:09Z,enrich
19256534,IBIPORA NEGOCIOS IMOBILIARIOS S.A.,2054,DEMAIS,02,6810201,MG,NOVA LIMA,3135869418,,0,0,0,minhareceita,2026-09-03T23:36:54Z,2026-09-03T23:36:54Z,enrich
19321410,AJL - AGRONEGOCIO JOSIDITH LTDA,2062,DEMAIS,02,155505,GO,LEOPOLDO DE BULHOES,6233371133,,0,0,0,minhareceita,2026-09-03T23:46:04Z,2026-09-03T23:46:04Z,enrich
19357388,GOIAS RENDERING S/A,2054,DEMAIS,02,1013902,GO,TRINDADE,6231108309,,0,0,0,minhareceita,2026-09-03T23:39:02Z,2026-09-03T23:39:02Z,enrich
19362088,RDF CONSULTORIA EMPRESARIAL LTDA,2062,DEMAIS,02,7020400,RS,PORTO ALEGRE,5133779787,,0,0,0,minhareceita,2026-09-03T23:40:05Z,2026-09-03T23:40:05Z,enrich
19403406,MAGNUM DISTRIBUIDORA DE PNEUS S/A,2054,DEMAIS,02,4530702,PE,JABOATAO DOS GUARARAPES,8137976245,,0,0,0,minhareceita,2026-09-03T23:40:21Z,2026-09-03T23:40:21Z,enrich
19457137,BRAVI CONSUMIVEIS DE HIGIENE E DESCARTAVEIS LTDA,2062,DEMAIS,02,4649408,PE,RECIFE,8134788545,,0,0,0,minhareceita,2026-09-03T23:45:29Z,2026-09-03T23:45:29Z,enrich
19631376,MEGA PACK PLASTICOS S.A,2054,DEMAIS,02,2221800,AM,MANAUS,9233019001,,0,0,0,minhareceita,2026-09-04T00:06:22Z,2026-09-04T00:06:22Z,enrich
19684286,STONEX COMERCIO E EXPORTACAO DE COMMODITIES LTDA.,2062,DEMAIS,02,4623103,SP,CAMPINAS,1135095404,,0,0,0,minhareceita,2026-09-03T23:38:55Z,2026-09-03T23:38:55Z,enrich
19690445,KOKUSAI DENKI ELECTRIC LINEAR S/A,2054,DEMAIS,02,2631100,MG,SANTA RITA DO SAPUCAI,3534733473,,0,0,0,minhareceita,2026-09-03T23:44:43Z,2026-09-03T23:44:43Z,enrich
19709369,TRANSPORTADORA MARCAN LTDA.,2062,DEMAIS,02,4921302,PE,IGARASSU,8135430330,,0,0,0,minhareceita,2026-09-03T23:37:33Z,2026-09-03T23:37:33Z,enrich
19770372,NEOMAR ARTIGOS INFANTIS EM GERAL LTDA,2062,EMPRESA DE PEQUENO PORTE,02,4649499,PR,ARAPONGAS,4333120489,,0,0,0,minhareceita,2026-09-03T23:39:39Z,2026-09-03T23:39:39Z,enrich
19907274,BACUPARI AGROINDUSTRIA LTDA,2062,DEMAIS,02,6810201,DF,BRASILIA,6196556611,,0,0,0,minhareceita,2026-09-03T23:37:38Z,2026-09-03T23:37:38Z,enrich
19966141,PRO-COLOR QUIMICA SUL LTDA,2062,DEMAIS,02,4684201,SC,JARAGUA DO SUL,4788149733,,0,0,0,minhareceita,2026-09-03T23:42:30Z,2026-09-03T23:42:30Z,enrich
20051181,CONSTRUTORA E PEDREIRA BEIRA RIO LTDA,2062,DEMAIS,02,810099,MG,UBERABA,3433134110,,0,0,0,minhareceita,2026-09-04T00:06:33Z,2026-09-04T00:06:33Z,enrich
20120709,MTM BURGER COMERCIO DE ALIMENTOS LTDA,2062,DEMAIS,02,5611201,GO,GOIANIA,6293348515,,0,0,0,minhareceita,2026-09-03T23:39:07Z,2026-09-03T23:39:07Z,enrich
20203358,ALIRIO COMERCIO DE CONFECCOES LTDA,2062,DEMAIS,02,4642701,SC,ARAQUARI,1120816261,,0,0,0,minhareceita,2026-09-03T23:43:00Z,2026-09-03T23:43:00Z,enrich
20204300,MSN SECURITIZADORA S.A.,2054,DEMAIS,02,6492100,PR,CURITIBA,4197018862,,1,0,0,minhareceita,2026-09-03T23:38:04Z,2026-09-03T23:38:04Z,enrich
20228148,RECUPERAICRED COBRANCA E RECUPERACAO DE CREDITO LTDA,2062,EMPRESA DE PEQUENO PORTE,08,8291100,MG,GOVERNADOR VALADARES,3125236844,,0,0,1,minhareceita,2026-09-03T23:38:13Z,2026-09-03T23:38:13Z,enrich
20247322,ALLIED TECNOLOGIA S.A.,2046,DEMAIS,02,4652400,SP,JUNDIAI,1155039993,,0,0,0,minhareceita,2026-09-03T23:40:49Z,2026-09-03T23:40:49Z,enrich
20286415,DEFESA FLORESTAL LTDA,2062,DEMAIS,02,4319300,MG,VICOSA,,,0,0,0,minhareceita,2026-09-03T23:38:39Z,2026-09-03T23:38:39Z,enrich
20366728,CASA BUGRE GOIAS COMERCIO E REPRESENTACAO LTDA,2062,DEMAIS,02,4623106,GO,ANAPOLIS,6137700199,,0,0,0,minhareceita,2026-09-03T23:38:52Z,2026-09-03T23:38:52Z,enrich
20431395,NORTEAGRI COMERCIO E REPRESENTACOES DE INSUMOS AGROPECUARIOS LTDA,2062,DEMAIS,02,4692300,PA,REDENCAO,9491924705,,0,0,0,minhareceita,2026-09-03T23:39:09Z,2026-09-03T23:39:09Z,enrich
20520367,MADSON ELETROMETALURGICA LTDA,2062,DEMAIS,02,2751100,MG,BELO HORIZONTE,3121255236,,0,0,0,minhareceita,2026-09-03T23:42:45Z,2026-09-03T23:42:45Z,enrich
20611482,VESTTI INDUSTRIA DE ARTIGOS DO VESTUARIO LTDA,2062,DEMAIS,02,1412601,RJ,PETROPOLIS,2422461229,,0,0,0,minhareceita,2026-09-03T23:45:57Z,2026-09-03T23:45:57Z,enrich
20750654,GOIAS DISTRIBUIDORA DE ALIMENTOS LTDA,2062,DEMAIS,02,4691500,GO,APARECIDA DE GOIANIA,6932930496,,0,0,0,minhareceita,2026-09-03T23:43:21Z,2026-09-03T23:43:21Z,enrich
20764809,TCL-TRANSPORTES E COMERCIO LTDA,2062,DEMAIS,02,810099,MG,CONTAGEM,3135055564,,0,0,0,minhareceita,2026-09-04T00:06:41Z,2026-09-04T00:06:41Z,enrich
20791371,INTERBANK FUNDO DE INVESTIMENTO EM DIREITOS CREDITORIOS,2224,DEMAIS,02,6470101,SP,SAO PAULO,1128273500,,1,0,0,minhareceita,2026-09-03T23:38:53Z,2026-09-03T23:38:53Z,enrich
20889236,JSS SERVICOS LTDA,2062,MICRO EMPRESA,04,7319002,MG,SENADOR AMARAL,3530251978,,0,0,1,minhareceita,2026-09-03T23:37:40Z,2026-09-03T23:37:40Z,enrich
21018796,DNA SOLUCOES COMERCIO E IMPORTACAO DE PRODUTOS AGRICOLAS LTDA,2062,EMPRESA DE PEQUENO PORTE,02,4683400,PE,PETROLINA,8738647800,,0,0,0,minhareceita,2026-09-03T23:44:49Z,2026-09-03T23:44:49Z,enrich
21044682,RG COPPER INDUSTRIA E COMERCIO DE CONDUTORES ELETRICOS LTDA,2062,DEMAIS,02,2733300,SP,JARDINOPOLIS,1125075535,,0,0,0,minhareceita,2026-09-03T23:39:41Z,2026-09-03T23:39:41Z,enrich
21081976,TAIPATSB FUNDO DE INVESTIMENTO EM DIREITOS CREDITORIOS MULTISSETORIAL,2224,DEMAIS,02,6470101,SP,SAO PAULO,1128273500,,1,0,0,minhareceita,2026-09-03T23:41:03Z,2026-09-03T23:41:03Z,enrich
21132562,MOJ CONSULTORIA E NEGOCIOS S/A,2054,DEMAIS,02,5911199,RJ,RIO DE JANEIRO,2141065038,,0,0,0,minhareceita,2026-09-03T23:38:46Z,2026-09-03T23:38:46Z,enrich
21203489,SOLUS DO BRASIL LTDA,2062,DEMAIS,02,2051700,PR,APUCARANA,4331622715,,0,0,0,minhareceita,2026-09-03T23:37:24Z,2026-09-03T23:37:24Z,enrich
21233373,TRADESTAR IMPORTACAO E EXPORTACAO LTDA,2062,DEMAIS,02,4693100,SC,GARUVA,4137719936,,0,0,0,minhareceita,2026-09-04T00:06:31Z,2026-09-04T00:06:31Z,enrich
21397569,FS FUNDO DE INVESTIMENTO EM DIREITOS CREDITORIOS NAO PADRONIZADOS,2224,DEMAIS,02,6470101,SP,SAO PAULO,1128273500,,1,0,0,minhareceita,2026-09-03T23:37:54Z,2026-09-03T23:37:54Z,enrich
21421785,PERFILAGES COMERCIO VAREJISTA E ATACADISTA DE ALUMINIO LTDA,2062,MICRO EMPRESA,02,4744001,SC,LAGES,4932250075,,0,0,0,minhareceita,2026-09-03T23:42:18Z,2026-09-03T23:42:18Z,enrich
21577893,PARADOX JEANS CONFECCOES DE ROUPAS E TECIDOS LTDA,2062,DEMAIS,02,1412601,SP,SAO PAULO,1126936106,,0,0,0,minhareceita,2026-09-03T23:39:58Z,2026-09-03T23:39:58Z,enrich
21759758,FARMAX S.A.,2054,DEMAIS,02,2063100,MG,DIVINOPOLIS,3721019696,,0,0,0,minhareceita,2026-09-03T23:38:41Z,2026-09-03T23:38:41Z,enrich
21877243,ARRUDA & MELO COMERCIO E DISTRIBUICAO DE ALIMENTOS E BEBIDAS LTDA - EM RECUPERACAO JUDICIAL,2062,DEMAIS,02,4639701,PE,RECIFE,8133142120,,0,0,0,minhareceita,2026-09-03T23:39:18Z,2026-09-03T23:39:18Z,enrich
21998451,PRO NOVA DISTRIBUIDORA E COMERCIO DE COSMETICOS LTDA,2062,DEMAIS,02,4646001,SP,JANDIRA,1147728024,,0,0,0,minhareceita,2026-09-03T23:37:33Z,2026-09-03T23:37:33Z,enrich
22261093,EMC TECNOLOGIA LTDA,2062,DEMAIS,02,7733100,MG,BELO HORIZONTE,3121212121,,0,0,0,minhareceita,2026-09-03T23:39:07Z,2026-09-03T23:39:07Z,enrich
22415372,FUNDO DE RECUPERACAO DE ATIVOS FIDC - RESPONSABILIDADE LIMITADA,2224,DEMAIS,02,6470101,SP,SAO PAULO,1135090600,,1,0,0,minhareceita,2026-09-03T23:37:37Z,2026-09-03T23:37:37Z,enrich
22962737,GAZIN ATACADO CENTRO-OESTE LTDA,2062,DEMAIS,02,4649401,GO,IPAMERI,4436638000,,0,0,0,minhareceita,2026-09-03T23:43:41Z,2026-09-03T23:43:41Z,enrich
23141884,RECYCLE BAG INDUSTRIA E SERVICOS LTDA,2062,EMPRESA DE PEQUENO PORTE,02,1359600,MG,MANHUACU,3333391000,,0,0,0,minhareceita,2026-09-03T23:38:44Z,2026-09-03T23:38:44Z,enrich
23191831,"FALCON DISTRIBUICAO, ARMAZENAMENTO E TRANSPORTES S.A.",2054,DEMAIS,02,4646002,GO,GOIANIA,1191775953,,0,0,0,minhareceita,2026-09-03T23:38:12Z,2026-09-03T23:38:12Z,enrich
23360870,ASTRA SECURITIZADORA S.A.,2054,DEMAIS,02,6492100,SP,SAO PAULO,1139957800,,1,0,0,minhareceita,2026-09-03T23:38:14Z,2026-09-03T23:38:14Z,enrich
23552212,ROCHE DIABETES CARE BRASIL LTDA,2062,DEMAIS,02,8211300,SP,SAO PAULO,1137198888,,0,0,0,minhareceita,2026-09-03T23:38:41Z,2026-09-03T23:38:41Z,enrich
23643315,DANONE LTDA,2062,DEMAIS,02,1052000,SP,SAO PAULO,3537297901,,0,0,0,minhareceita,2026-09-03T23:37:15Z,2026-09-03T23:37:15Z,enrich
23774874,STONES PISOS DE BASALTOS & GRANITOS LTDA,2062,MICRO EMPRESA,02,4789005,RS,PARAI,5496053888,,0,0,0,minhareceita,2026-09-03T23:45:52Z,2026-09-03T23:45:52Z,enrich
24058612,UNISOLDAS COMERCIAL LTDA,2062,DEMAIS,02,4789099,MG,BELO HORIZONTE,3134190800,,0,0,0,minhareceita,2026-09-03T23:47:19Z,2026-09-03T23:47:19Z,enrich
24073694,CIL - COMERCIO DE INFORMATICA LTDA,2062,DEMAIS,02,4651602,PE,RECIFE,8121212000,,0,0,0,minhareceita,2026-09-03T23:39:08Z,2026-09-03T23:39:08Z,enrich
24221282,GG ADMINISTRADORA DE BENS S/A,2054,DEMAIS,02,6810202,PR,CURITIBA,4899614240,,0,0,0,minhareceita,2026-09-03T23:42:57Z,2026-09-03T23:42:57Z,enrich
24227491,TCL SEMP INDUSTRIA E COMERCIO DE ELETROELETRONICOS S.A,2054,DEMAIS,02,2640000,AM,MANAUS,9221276333,,0,0,0,minhareceita,2026-09-03T23:41:40Z,2026-09-03T23:41:40Z,enrich
24475141,R2M DO BRASIL INDUSTRIA DE COSMETICOS LTDA,2062,DEMAIS,08,2063100,SC,CHAPECO,5436323211,,0,0,1,minhareceita,2026-09-03T23:43:39Z,2026-09-03T23:43:39Z,enrich
24649441,A X M ADMINISTRACAO E PARTICIPACOES LTDA,2062,DEMAIS,02,6810202,PR,CURITIBA,4132339848,,0,0,0,minhareceita,2026-09-03T23:42:56Z,2026-09-03T23:42:56Z,enrich
24744042,FS TATUI SECURITIZADORA S.A.,2054,DEMAIS,02,6491300,SP,TATUI,1532598100,,1,0,0,minhareceita,2026-09-03T23:42:13Z,2026-09-03T23:42:13Z,enrich
24785274,GRANELES BRASIL COMERCIAL IMPORTADORA EXPORTADORA AGRICOLA S.A EM RECUPERACAO JUDICIAL,2054,DEMAIS,02,4639701,SP,SAO PAULO,4195390828,,0,0,0,minhareceita,2026-09-03T23:37:11Z,2026-09-03T23:37:11Z,enrich
24890044,ZAPONI MAGNO E COIMBRA ADVOGADOS,2232,DEMAIS,02,6911701,DF,BRASILIA,6135447354,,0,0,0,minhareceita,2026-09-03T23:45:43Z,2026-09-03T23:45:43Z,enrich
25174218,FAGE LIMPEZA EM PREDIOS E DOMICILIOS LTDA,2062,MICRO EMPRESA,02,7711000,PR,CURITIBA,4198385985,,0,0,0,minhareceita,2026-09-03T23:47:02Z,2026-09-03T23:47:02Z,enrich
25326661,S P DATA SERVICO DE PROCESSAMENTO DE DADOS LIMITADA,2062,DEMAIS,02,6203100,MG,CONTAGEM,3133992500,,0,0,0,minhareceita,2026-09-03T23:47:21Z,2026-09-03T23:47:21Z,enrich
25331521,ITATIAIA ELETRO E MOVEIS S/A,2054,DEMAIS,02,3102100,MG,UBA,3235391200,,0,0,0,minhareceita,2026-09-03T23:39:56Z,2026-09-03T23:39:56Z,enrich
25387655,COOPERATIVA DE CREDITO CREDIVALE LTDA - SICOOB CREDIVALE,2143,DEMAIS,02,6424703,MG,TEOFILO OTONI,3335294800,,1,0,0,minhareceita,2026-09-03T23:43:38Z,2026-09-03T23:43:38Z,enrich
25760786,MADEMARQUES MOVEIS LTDA,2062,DEMAIS,02,3101200,MG,UBA,3235392300,,0,0,0,minhareceita,2026-09-03T23:45:19Z,2026-09-03T23:45:19Z,enrich
25769266,ARCOM S/A,2054,DEMAIS,02,4693100,MG,UBERLANDIA,3432184000,,0,0,0,minhareceita,2026-09-03T23:47:14Z,2026-09-03T23:47:14Z,enrich
26233064,MICROVET-MICROBIOLOGIA VETERINARIA ESPECIAL LTDA,2062,DEMAIS,02,2122000,MG,VICOSA,3138912551,,0,0,0,minhareceita,2026-09-03T23:41:15Z,2026-09-03T23:41:15Z,enrich
26401815,GREEN PLACE COMERCIO E DISTRIBUICAO LTDA,2062,DEMAIS,02,4683400,SP,SAO PAULO,1123722376,,0,0,0,minhareceita,2026-09-03T23:41:09Z,2026-09-03T23:41:09Z,enrich
26419229,DREYMOOR BRASIL COMERCIO DE FERTILIZANTES LTDA,2062,DEMAIS,02,4683400,PR,CURITIBA,4132096613,,0,0,0,minhareceita,2026-09-03T23:37:03Z,2026-09-03T23:37:03Z,enrich
26489103,INVISTA III FUNDO DE INVESTIMENTO EM DIREITOS CREDITORIOS - RESPONSABILIDADE LIMITADA,2224,DEMAIS,02,6470101,PR,CURITIBA,4131227300,,1,0,0,minhareceita,2026-09-03T23:40:18Z,2026-09-03T23:40:18Z,enrich
26506898,TREVISO FUNDO DE INVESTIMENTO EM DIREITOS CREDITORIOS,2224,DEMAIS,02,6470101,SP,SAO PAULO,1128273500,,1,0,0,minhareceita,2026-09-03T23:40:17Z,2026-09-03T23:40:17Z,enrich
26524480,ARVAC INDUSTRIA E COMERCIO DE COMPRESSORES E BOMBAS LTDA,2062,DEMAIS,02,2814301,SP,SAO PAULO,1156838920,,0,0,0,minhareceita,2026-09-03T23:47:00Z,2026-09-03T23:47:00Z,enrich
26910194,A2 COMERCIO ATACADISTA DE ELETRONICOS LTDA,2062,DEMAIS,02,4649402,PB,CAMPINA GRANDE,8738483000,,0,0,0,minhareceita,2026-09-03T23:39:52Z,2026-09-03T23:39:52Z,enrich
27093558,"MILLS LOCACAO, SERVICOS E LOGISTICA S.A.",2046,DEMAIS,02,7739099,SP,SAO PAULO,2139248700,,0,0,0,minhareceita,2026-09-04T00:06:36Z,2026-09-04T00:06:36Z,enrich
27703265,BEM BOM PESCADOS LTDA,2062,DEMAIS,02,4634603,GO,GOIANESIA,6281150283,,0,0,0,minhareceita,2026-09-03T23:39:17Z,2026-09-03T23:39:17Z,enrich
28055164,YF 04 ESPORTES LTDA,2062,DEMAIS,02,7490105,SP,SAO CAETANO DO SUL,1142312022,,0,0,0,minhareceita,2026-09-03T23:46:55Z,2026-09-03T23:46:55Z,enrich
28109395,AGROCERES PIC SUINOS LTDA,2062,DEMAIS,02,154700,SP,RIO CLARO,1935268500,,0,0,0,minhareceita,2026-09-03T23:39:23Z,2026-09-03T23:39:23Z,enrich
28151363,COMPANHIA ESPIRITO SANTENSE DE SANEAMENTO CESAN,2038,DEMAIS,02,3600601,ES,VITORIA,2721275005,,0,0,0,minhareceita,2026-09-03T23:42:02Z,2026-09-03T23:42:02Z,enrich
28152650,EDP ESPIRITO SANTO DISTRIBUICAO DE ENERGIA S.A.,2046,DEMAIS,02,3514000,ES,VITORIA,1121855199,,0,0,0,minhareceita,2026-09-03T23:39:43Z,2026-09-03T23:39:43Z,enrich
28168597,MAVICEL ADMINISTRADORA DE BENS PROPRIOS LTDA,2062,DEMAIS,02,6810202,SC,CONCORDIA,4934421116,,0,0,0,minhareceita,2026-09-03T23:46:09Z,2026-09-03T23:46:09Z,enrich
28195667,BANCO ABC BRASIL S.A.,2046,DEMAIS,02,6422100,SP,SAO PAULO,1131702000,,1,0,0,minhareceita,2026-09-03T23:36:58Z,2026-09-03T23:36:58Z,enrich
28485746,DOCELAR MOVEIS LTDA,2062,DEMAIS,02,3101200,ES,LINHARES,2733726868,,0,0,0,minhareceita,2026-09-03T23:41:45Z,2026-09-03T23:41:45Z,enrich
28517628,BANCO PACCAR S.A.,2054,DEMAIS,02,6431000,PR,PONTA GROSSA,4231229218,,1,0,0,minhareceita,2026-09-03T23:42:53Z,2026-09-03T23:42:53Z,enrich
28622744,AGROCERES MULTIMIX NUTRICAO ANIMAL LTDA,2062,DEMAIS,02,1066000,SP,RIO CLARO,1935268500,,0,0,0,minhareceita,2026-09-03T23:39:00Z,2026-09-03T23:39:00Z,enrich
28809368,GJM INDUSTRIA DE COUROS LTDA,2062,DEMAIS,02,1510600,BA,ALAGOINHAS,7532212769,,0,0,0,minhareceita,2026-09-03T23:42:18Z,2026-09-03T23:42:18Z,enrich
28929686,PELOZATO HENRIQUE SOCIEDADE INDIVIDUAL DE ADVOCACIA,2240,DEMAIS,02,6911701,SP,BARUERI,1121984677,,0,0,0,minhareceita,2026-09-03T23:43:45Z,2026-09-03T23:43:45Z,enrich
29067113,POLIMIX CONCRETO LTDA,2062,DEMAIS,02,8211300,SP,SANTANA DE PARNAIBA,1141680300,,0,0,0,minhareceita,2026-09-03T23:41:34Z,2026-09-03T23:41:34Z,enrich
29309127,AMIL ASSISTENCIA MEDICA INTERNACIONAL S.A.,2054,DEMAIS,02,6550200,SP,SAO PAULO,2138051000,,1,0,0,minhareceita,2026-09-03T23:37:38Z,2026-09-03T23:37:38Z,enrich
29341643,SPC BRASIL S.A.,2054,DEMAIS,02,6319400,SP,BARUERI,1135496800,,0,0,0,minhareceita,2026-09-03T23:36:57Z,2026-09-03T23:36:57Z,enrich
29588019,COMARY INDUSTRIA DE BEBIDAS LTDA,2062,DEMAIS,02,1112700,RJ,TERESOPOLIS,2121524014,,0,0,0,minhareceita,2026-09-03T23:41:43Z,2026-09-03T23:41:43Z,enrich
29652131,AGRO INDUSTRIA NUTRIHORTO LTDA,2062,DEMAIS,02,3839499,SP,MONTE MOR,1931991270,,0,0,0,minhareceita,2026-09-03T23:38:24Z,2026-09-03T23:38:24Z,enrich
29736901,PETROSTAR COMBUSTIVEIS LTDA,2062,DEMAIS,02,4681802,PE,CABO DE SANTO AGOSTINHO,8191974902,,0,0,0,minhareceita,2026-09-03T23:46:36Z,2026-09-03T23:46:36Z,enrich
29958527,TOP50 LOCADORA DE EQUIPAMENTOS LTDA,2062,DEMAIS,02,7732201,SP,GUARULHOS,1131165050,,0,0,0,minhareceita,2026-09-03T23:41:17Z,2026-09-03T23:41:17Z,enrich
30080657,RSG GESTAO DE ATIVOS LTDA,2062,DEMAIS,02,7740300,SC,ITAJAI,4732486000,,0,0,0,minhareceita,2026-09-03T23:39:59Z,2026-09-03T23:39:59Z,enrich
30177427,DXS GESTAO E CONSULTORIA EMPRESARIAL LTDA,2062,DEMAIS,02,6204000,SP,SAO PAULO,1141148566,,0,0,0,minhareceita,2026-09-03T23:44:07Z,2026-09-03T23:44:07Z,enrich
30222814,VITAMEDIC INDUSTRIA FARMACEUTICA LTDA,2062,DEMAIS,02,2121101,GO,ANAPOLIS,6239026100,,0,0,0,minhareceita,2026-09-03T23:43:29Z,2026-09-03T23:43:29Z,enrich
30278428,L'OREAL BRASIL COMERCIAL DE COSMETICOS LTDA,2062,DEMAIS,02,4646001,RJ,RIO DE JANEIRO,2145059616,,0,0,0,minhareceita,2026-09-03T23:37:28Z,2026-09-03T23:37:28Z,enrich
30351359,FOR PARTICIPACOES SOCIAIS LTDA,2062,DEMAIS,02,6462000,RS,ERECHIM,5421071000,,1,0,0,minhareceita,2026-09-03T23:37:47Z,2026-09-03T23:37:47Z,enrich
30494410,A3AGRO COMERCIAL AGRICOLA LTDA,2062,DEMAIS,02,4661300,BA,LUIS EDUARDO MAGALHAES,9996420648,,0,0,0,minhareceita,2026-09-03T23:41:13Z,2026-09-03T23:41:13Z,enrich
30693851,OLEONEX INDUSTRIA E COMERCIO LTDA,2062,DEMAIS,02,1041400,PR,ASTORGA,4499318388,,0,0,0,minhareceita,2026-09-03T23:46:42Z,2026-09-03T23:46:42Z,enrich
30746945,A.C.P. INDUSTRIA DE MOVEIS LTDA,2062,DEMAIS,02,3101200,ES,LINHARES,2733710538,,0,0,0,minhareceita,2026-09-03T23:44:40Z,2026-09-03T23:44:40Z,enrich
30886033,SABER MORAR ADMINISTRADORA DE BENS IMOVEIS LTDA,2240,EMPRESA DE PEQUENO PORTE,02,6810202,RJ,RIO DE JANEIRO,2124676984,,0,0,0,minhareceita,2026-09-03T23:45:53Z,2026-09-03T23:45:53Z,enrich
31158176,BBR AGRO SUPLEMENTOS LTDA EM RECUPERACAO JUDICIAL,2062,DEMAIS,02,1013902,PR,APUCARANA,4331220376,,0,0,0,minhareceita,2026-09-03T23:38:50Z,2026-09-03T23:38:50Z,enrich
31281962,CROMO INDUSTRIA QUIMICA S.A.,2054,DEMAIS,02,2099199,RS,ESTRELA,1141308138,,0,0,0,minhareceita,2026-09-03T23:38:05Z,2026-09-03T23:38:05Z,enrich
31443324,TRUCKPAG MEIOS DE PAGAMENTO S/A,2054,DEMAIS,02,7490104,SP,SANTANA DE PARNAIBA,4532298773,,0,0,0,minhareceita,2026-09-03T23:39:24Z,2026-09-03T23:39:24Z,enrich
31872495,BANCO C6 S.A.,2054,DEMAIS,02,6422100,SP,SAO PAULO,1128326000,,1,0,0,minhareceita,2026-09-03T23:38:16Z,2026-09-03T23:38:16Z,enrich
31873195,IOS INDUSTRIA E COMERCIO DE MOVEIS LTDA,2062,DEMAIS,02,3102100,PE,PAULISTA,8188667072,,0,0,0,minhareceita,2026-09-03T23:47:15Z,2026-09-03T23:47:15Z,enrich
32126501,PESCADO CENTRAL LTDA,2062,DEMAIS,02,1020102,MG,IPIACU,3432930600,,0,0,0,minhareceita,2026-09-03T23:39:51Z,2026-09-03T23:39:51Z,enrich
32184798,CREATIVE PROPAGANDA E MARKETING LTDA,2062,MICRO EMPRESA,02,7319099,RJ,RIO DE JANEIRO,2132958800,,0,0,0,minhareceita,2026-09-03T23:39:35Z,2026-09-03T23:39:35Z,enrich
32193199,GCD ADMINISTRADORA DE CARTOES DE CREDITO LTDA,2062,DEMAIS,02,6619399,PE,RECIFE,8130328400,,1,0,0,minhareceita,2026-09-03T23:37:31Z,2026-09-03T23:37:31Z,enrich
32416264,MAXX COMERCIO FABRICACAO E REPRESENTACAO LTDA,2062,DEMAIS,04,1066000,GO,APARECIDA DE GOIANIA,6436216771,,0,0,1,minhareceita,2026-09-03T23:39:01Z,2026-09-03T23:39:01Z,enrich
32522072,ZET CAPITAL TECNOLOGIA DE ATIVOS E FOMENTO LTDA,2062,DEMAIS,02,6491300,RS,PELOTAS,5391700404,,1,0,0,minhareceita,2026-09-03T23:40:03Z,2026-09-03T23:40:03Z,enrich
32847622,INDUSTRIA E COMERCIO DE PRODUTOS AGRICOLAS NEWFERT LTDA,2062,EMPRESA DE PEQUENO PORTE,02,2013402,MG,PIRAJUBA,4541020950,,0,0,0,minhareceita,2026-09-03T23:39:28Z,2026-09-03T23:39:28Z,enrich
32851823,SERRINHA AMBIENTAL TRANSPORTES LTDA,2062,DEMAIS,02,4930202,SC,CHAPECO,4999144317,,0,0,0,minhareceita,2026-09-03T23:37:35Z,2026-09-03T23:37:35Z,enrich
32902452,TREVO ALIMENTOS LTDA,2062,EMPRESA DE PEQUENO PORTE,02,1011201,GO,ITAUCU,6232955359,,0,0,0,minhareceita,2026-09-03T23:42:12Z,2026-09-03T23:42:12Z,enrich
33000167,PETROLEO BRASILEIRO S A PETROBRAS,2038,DEMAIS,02,600001,RJ,RIO DE JANEIRO,2121660000,,0,0,0,minhareceita,2026-09-03T23:36:49Z,2026-09-03T23:36:49Z,enrich
33069766,COMPANHIA BRASILEIRA DE PETROLEO IPIRANGA,2054,DEMAIS,08,4681801,RJ,RIO DE JANEIRO,,,0,0,1,minhareceita,2026-09-03T23:47:05Z,2026-09-03T23:47:05Z,enrich
33124959,BANCO RURAL S.A - EM LIQUIDACAO EXTRAJUDICIAL,2054,DEMAIS,02,6422100,MG,BELO HORIZONTE,3121265207,,1,0,0,minhareceita,2026-09-03T23:37:52Z,2026-09-03T23:37:52Z,enrich
33150053,ACOTUBO SOLUCOES EM ACOS LTDA,2062,DEMAIS,02,4685100,SP,GUARULHOS,1124132000,,0,0,0,minhareceita,2026-09-03T23:42:47Z,2026-09-03T23:42:47Z,enrich
33157312,IFOOD BENEFICIOS E SERVICOS LTDA.,2062,DEMAIS,02,8299702,SP,OSASCO,1136343360,,0,0,0,minhareceita,2026-09-03T23:40:45Z,2026-09-03T23:40:45Z,enrich
33173097,CELLERA FARMACEUTICA S.A.,2054,DEMAIS,08,2121101,SP,SAO PAULO,01169102311,,0,0,1,minhareceita,2026-09-03T23:42:27Z,2026-09-03T23:42:27Z,enrich
33204165,DISTRIBUIDORA DE FERROS E ACO B E R LTDA,2062,DEMAIS,02,4672900,TO,ARAGUAINA,6334162636,,0,0,0,minhareceita,2026-09-03T23:45:51Z,2026-09-03T23:45:51Z,enrich
33233778,TAG INDUSTRIA E LAMINACAO LTDA,2062,DEMAIS,02,7490199,SP,SAO PAULO,1144634833,,0,0,0,minhareceita,2026-09-03T22:31:00Z,2026-09-03T23:36:52Z,enrich
33250713,H STRATTNER E CIA LTDA,2062,DEMAIS,02,4645101,RJ,RIO DE JANEIRO,2121211300,,0,0,0,minhareceita,2026-09-03T23:47:03Z,2026-09-03T23:47:03Z,enrich
33284522,BOSCH HOME COMFORT DO BRASIL LTDA,2062,DEMAIS,02,8211300,AM,MANAUS,9233015000,,0,0,0,minhareceita,2026-09-03T23:37:31Z,2026-09-03T23:37:31Z,enrich
33337122,IPIRANGA PRODUTOS DE PETROLEO S.A.,2054,DEMAIS,02,4681801,RJ,RIO DE JANEIRO,2125745858,,0,0,0,minhareceita,2026-09-03T23:40:54Z,2026-09-03T23:40:54Z,enrich
33408105,GREENPHARMA QUIMICA E FARMACEUTICA EM RECUPERACAO JUDICIAL LTDA,2062,DEMAIS,02,2121101,GO,ANAPOLIS,6233106400,,0,0,0,minhareceita,2026-09-03T23:46:47Z,2026-09-03T23:46:47Z,enrich
33449007,EMPRESA BRASILEIRA DE BENEFICIOS E PAGAMENTOS INSTITUICAO DE PAGAMENTO LTDA,2062,DEMAIS,02,8299702,SP,SAO PAULO,1199999999,,0,0,0,minhareceita,2026-09-03T23:42:16Z,2026-09-03T23:42:16Z,enrich
33453598,RAIZEN S.A.,2046,DEMAIS,02,4681801,RJ,RIO DE JANEIRO,1934238000,,0,0,0,minhareceita,2026-09-03T23:38:08Z,2026-09-03T23:38:08Z,enrich
33467572,TEKNO S.A. INDUSTRIA E COMERCIO,2046,DEMAIS,02,2599399,SP,GUARATINGUETA,1231285096,,0,0,0,minhareceita,2026-09-03T23:47:13Z,2026-09-03T23:47:13Z,enrich
33479023,BANCO CITIBANK S A,2054,DEMAIS,02,6422100,SP,SAO PAULO,1140090000,,1,0,0,minhareceita,2026-09-03T23:41:12Z,2026-09-03T23:41:12Z,enrich
33647553,FLUMINENSE FOOTBALL CLUB,3999,DEMAIS,02,9312300,RJ,RIO DE JANEIRO,,,0,0,0,minhareceita,2026-09-03T23:42:42Z,2026-09-03T23:42:42Z,enrich
33676928,PARQUE DAS ESTRELAS EMPREENDIMENTOS IMOBILIARIOS LTDA,2062,DEMAIS,02,6810201,GO,GOIANESIA,6292556106,,0,0,0,minhareceita,2026-09-03T23:38:35Z,2026-09-03T23:38:35Z,enrich
33700394,UNIBANCO-UNIAO DE BANCOS BRASILEIROS S.A.,2054,DEMAIS,08,6422100,SP,SAO PAULO,01130974322,,1,0,1,minhareceita,2026-09-03T23:45:58Z,2026-09-03T23:45:58Z,enrich
33721490,METAL CREDIT SECURITIZADORA S.A.,2054,DEMAIS,02,6492100,SP,SAO PAULO,4132444560,,1,0,0,minhareceita,2026-09-03T23:37:46Z,2026-09-03T23:37:46Z,enrich
33779449,GF INDUSTRIA DE CONFECCOES LTDA,2062,DEMAIS,02,1412601,CE,FORTALEZA,8589000655,,0,0,0,minhareceita,2026-09-03T23:47:14Z,2026-09-03T23:47:14Z,enrich
33845322,A GERADORA ALUGUEL DE MAQUINAS S.A.,2054,DEMAIS,02,7739099,BA,SALVADOR,7134182600,,0,0,0,minhareceita,2026-09-03T23:37:47Z,2026-09-03T23:37:47Z,enrich
34230979,SUPERMIX CONCRETO S/A,2054,DEMAIS,02,4299599,MG,BELO HORIZONTE,,,0,0,0,minhareceita,2026-09-03T23:41:15Z,2026-09-03T23:41:15Z,enrich
34250750,CERES INVESTIMENTOS E CONSULTORIA LTDA,2062,DEMAIS,02,6612605,MG,UBERABA,3433110140,,1,0,0,minhareceita,2026-09-03T23:47:16Z,2026-09-03T23:47:16Z,enrich
34274233,VIBRA ENERGIA S.A,2046,DEMAIS,02,4681801,RJ,RIO DE JANEIRO,2123543151,,0,0,0,minhareceita,2026-09-03T23:41:35Z,2026-09-03T23:41:35Z,enrich
34337707,BMP SOCIEDADE DE CREDITO DIRETO S.A,2054,DEMAIS,02,6499999,SP,SAO PAULO,1138109313,,1,0,0,minhareceita,2026-09-03T23:43:07Z,2026-09-03T23:43:07Z,enrich
34590184,STONE SOCIEDADE DE CREDITO DIRETO S.A.,2054,DEMAIS,02,6499999,SP,SAO PAULO,1135686318,,1,0,0,minhareceita,2026-09-03T23:37:00Z,2026-09-03T23:37:00Z,enrich
34635991,BIORESULT AGRONEGOCIOS LTDA,2062,DEMAIS,02,2013401,PR,TOLEDO,4541020950,,0,0,0,minhareceita,2026-09-03T23:42:09Z,2026-09-03T23:42:09Z,enrich
34799162,BOCOM BBM CORPORATE CREDIT FIF - CLASSE DE INVESTIMENTO RF CRED PRIV - RESP LIMITADA,2224,DEMAIS,02,6470101,SP,OSASCO,1136845122,,1,0,0,minhareceita,2026-09-03T23:39:23Z,2026-09-03T23:39:23Z,enrich
34799393,BOCOM BBM CORPORATE CREDIT HIGH YIELD FIF - CLASSE DE INVESTIMENTO MULT CRED PRIV - RESP LIMITADA,2224,DEMAIS,02,6470101,SP,OSASCO,1136845122,,1,0,0,minhareceita,2026-09-03T23:37:04Z,2026-09-03T23:37:04Z,enrich
35260058,JAIME MANUEL DA CAMARA FIALHO FERNANDES,2135,MICRO EMPRESA,02,7020400,AL,SAO LUIS DO QUITUNDE,,,0,0,0,minhareceita,2026-09-03T23:44:45Z,2026-09-03T23:44:45Z,enrich
35473014,TELEFONICA CLOUD E TECNOLOGIA DO BRASIL S.A.,2046,DEMAIS,02,6204000,SP,SANTANA DE PARNAIBA,1134302145,,0,0,0,minhareceita,2026-09-03T23:40:36Z,2026-09-03T23:40:36Z,enrich
35474405,MDG INDUSTRIA E COMERCIO DE PLASTICOS LTDA,2062,DEMAIS,02,2222600,AM,MANAUS,9231998840,,0,0,0,minhareceita,2026-09-03T23:43:42Z,2026-09-03T23:43:42Z,enrich
35820448,WHITE MARTINS GASES INDUSTRIAIS LTDA,2062,DEMAIS,02,7020400,RJ,RIO DE JANEIRO,2132799000,,0,0,0,minhareceita,2026-09-03T23:38:55Z,2026-09-03T23:38:55Z,enrich
35997345,HOSPIDROGAS COMERCIO DE PRODUTOS HOSPITALARES LTDA,2062,DEMAIS,02,4644301,ES,VILA VELHA,2732291000,,0,0,0,minhareceita,2026-09-03T23:46:51Z,2026-09-03T23:46:51Z,enrich
36213950,PRAJA SECURITIZADORA DE CREDITOS S.A.,2054,DEMAIS,02,6492100,SP,SAO PAULO,1110900375,,1,0,0,minhareceita,2026-09-03T23:43:30Z,2026-09-03T23:43:30Z,enrich
36343960,PANAN - INDUSTRIA DE MADEIRAS E MOVEIS LTDA,2062,DEMAIS,02,3101200,ES,LINHARES,,,0,0,0,minhareceita,2026-09-03T23:45:15Z,2026-09-03T23:45:15Z,enrich
36398527,CIMOL - COMERCIO E INDUSTRIA DE MOVEIS LTDA,2062,DEMAIS,02,3101200,ES,LINHARES,2733726161,,0,0,0,minhareceita,2026-09-03T23:46:25Z,2026-09-03T23:46:25Z,enrich
36635483,THUNDER TOOLS COMERCIO DE MATERIAIS PARA CONSTRUCAO LTDA,2062,EMPRESA DE PEQUENO PORTE,02,4679699,SP,DIADEMA,1129374916,,0,0,0,minhareceita,2026-09-03T23:39:14Z,2026-09-03T23:39:14Z,enrich
36854495,FRONTEIRA COMERCIO E REPRESENTACAO DE PRODUTOS AGROPECUARIOS LTDA,2062,DEMAIS,02,4692300,GO,RIO VERDE,1154000021,,0,0,0,minhareceita,2026-09-03T23:38:15Z,2026-09-03T23:38:15Z,enrich
37031044,CHARRUA COMERCIAL AGRICOLA LTDA,2062,DEMAIS,02,4683400,GO,FORMOSA,5433112615,,0,0,0,minhareceita,2026-09-03T23:40:07Z,2026-09-03T23:40:07Z,enrich
37350519,MASUT COMBUSTIVEIS LTDA,2062,DEMAIS,02,4681802,GO,SENADOR CANEDO,6233219100,,0,0,0,minhareceita,2026-09-03T23:43:37Z,2026-09-03T23:43:37Z,enrich
37594825,MMR INDUSTRIA E COMERCIO DE PRODUTOS QUIMICOS LTDA,2062,DEMAIS,02,2093200,SC,CRICIUMA,4899439766,,0,0,0,minhareceita,2026-09-03T23:45:13Z,2026-09-03T23:45:13Z,enrich
37779652,INOVA DISTRIBUIDORA DE PRODUTOS QUIMICOS LTDA,2062,DEMAIS,08,4637103,SP,GUARULHOS,1151730491,,0,0,1,minhareceita,2026-09-04T00:06:25Z,2026-09-04T00:06:25Z,enrich
37880206,"CORA SOCIEDADE DE CREDITO, FINANCIAMENTO E INVESTIMENTO S.A.",2054,DEMAIS,02,6436100,SP,SAO PAULO,1147650757,,1,0,0,minhareceita,2026-09-04T00:06:38Z,2026-09-04T00:06:38Z,enrich
38081947,AGROFOODS BRASIL ALIMENTO S/A,2054,DEMAIS,02,1041400,SP,ORLANDIA,1638209004,,0,0,0,minhareceita,2026-09-04T00:06:22Z,2026-09-04T00:06:22Z,enrich
38443576,UNI REFRIGERACAO BRASIL LTDA,2062,DEMAIS,02,4669999,SP,SAO PAULO,1995334299,,0,0,0,minhareceita,2026-09-03T23:45:29Z,2026-09-03T23:45:29Z,enrich
38542932,TCIL MOVEIS LTDA,2062,DEMAIS,02,3101200,MG,UBA,3235397400,,0,0,0,minhareceita,2026-09-03T23:45:57Z,2026-09-03T23:45:57Z,enrich
38725768,ARAUJO FONTES PARTICIPACOES LTDA.,2062,DEMAIS,02,6462000,MG,BELO HORIZONTE,3121036000,,1,0,0,minhareceita,2026-09-03T23:37:02Z,2026-09-03T23:37:02Z,enrich
38733545,"SOTIN SOLUCOES TECNICAS, INDUSTRIA E COMERCIO LTDA",2062,DEMAIS,02,2599399,SP,JUNDIAI,1144968888,,0,0,0,minhareceita,2026-09-03T23:40:31Z,2026-09-03T23:40:31Z,enrich
39362161,EJF COBRANCAS LTDA,2062,MICRO EMPRESA,02,8291100,SC,BLUMENAU,4791521952,,0,0,0,minhareceita,2026-09-03T23:40:56Z,2026-09-03T23:40:56Z,enrich
39452556,MAXINUTRI SUPLEMENTOS NUTRICIONAIS LTDA,2062,DEMAIS,02,1099699,PR,ARAPONGAS,4332745262,,0,0,0,minhareceita,2026-09-03T23:40:16Z,2026-09-03T23:40:16Z,enrich
39593526,CERAMICA CAPRI LTDA,2062,DEMAIS,02,2342701,SE,NOSSA SENHORA DO SOCORRO,7932568258,,0,0,0,minhareceita,2026-09-03T23:46:49Z,2026-09-03T23:46:49Z,enrich
40072614,FX CAPITAL E SECURITIZACOES S.A.,2054,DEMAIS,02,6492100,RS,CAXIAS DO SUL,5430677591,,1,0,0,minhareceita,2026-09-03T23:39:37Z,2026-09-03T23:39:37Z,enrich
40422448,COOPERATIVA DE TRABALHO EM SAUDE E QUALIDADE - NUCLEO SAUDE PERNAMBUCO,2143,DEMAIS,02,8650001,PE,RECIFE,7999845042,,0,0,0,minhareceita,2026-09-03T23:42:11Z,2026-09-03T23:42:11Z,enrich
40693000,CL BRASIL ALIMENTOS LTDA,2062,EMPRESA DE PEQUENO PORTE,02,4711302,GO,GOIANESIA,6281150283,,0,0,0,minhareceita,2026-09-03T23:44:36Z,2026-09-03T23:44:36Z,enrich
40777556,LICHT COMERCIO IMPORTACAO E EXPORTACAO LTDA,2062,DEMAIS,02,8211300,SP,RIBEIRAO PRETO,1127242007,,0,0,0,minhareceita,2026-09-04T00:06:20Z,2026-09-04T00:06:20Z,enrich
40809085,FDC TRANSPORTES DE CARGAS LTDA,2062,MICRO EMPRESA,02,4930202,SP,CORDEIROPOLIS,7191333008,,0,0,0,minhareceita,2026-09-03T23:44:59Z,2026-09-03T23:44:59Z,enrich
40887838,MOVEIS SAO CARLOS LTDA,2062,DEMAIS,02,3101200,PE,AFOGADOS DA INGAZEIRA,8738381279,,0,0,0,minhareceita,2026-09-03T23:39:49Z,2026-09-03T23:39:49Z,enrich
40887879,MAGNO MOVEIS LTDA,2062,DEMAIS,02,3101200,PE,AFOGADOS DA INGAZEIRA,8799080035,,0,0,0,minhareceita,2026-09-03T23:42:58Z,2026-09-03T23:42:58Z,enrich
40910399,NNC NORTE E NORDESTE COMMODITIES LTDA,2062,DEMAIS,02,4632001,MA,BALSAS,3732719801,,0,0,0,minhareceita,2026-09-03T23:37:56Z,2026-09-03T23:37:56Z,enrich
41024712,SARAIVA EQUIPAMENTOS LTDA,2062,DEMAIS,02,5212500,PE,RECIFE,,,0,0,0,minhareceita,2026-09-03T23:41:22Z,2026-09-03T23:41:22Z,enrich
41182665,AVLA SEGUROS BRASIL S.A.,2054,DEMAIS,02,6512000,SP,SAO PAULO,1128297676,,1,0,0,minhareceita,2026-09-03T23:42:34Z,2026-09-03T23:42:34Z,enrich
41324359,COMERCIO RACOES BEM BOM LTDA,2062,DEMAIS,02,1066000,GO,GOIANESIA,6233899200,,0,0,0,minhareceita,2026-09-03T23:37:25Z,2026-09-03T23:37:25Z,enrich
41687757,GUINDASTES TRIANGULO LTDA,2062,DEMAIS,02,7739099,MG,UBERLANDIA,,,0,0,0,minhareceita,2026-09-03T23:41:51Z,2026-09-03T23:41:51Z,enrich
41767148,GONZALEZ COMERCIO DE MADEIRAS E FERRAGENS LTDA,2062,DEMAIS,08,4744002,SP,SOROCABA,1158135150,,0,0,1,minhareceita,2026-09-03T23:43:16Z,2026-09-03T23:43:16Z,enrich
41796508,ADLIM TERCEIRIZACAO DE MAO DE OBRA LTDA,2062,EMPRESA DE PEQUENO PORTE,02,7820500,PE,RECIFE,8132526115,,0,0,0,minhareceita,2026-09-03T23:46:10Z,2026-09-03T23:46:10Z,enrich
42150391,BRASKEM S.A,2046,DEMAIS,02,2021500,BA,CAMACARI,7135047100,,0,0,0,minhareceita,2026-09-04T00:06:37Z,2026-09-04T00:06:37Z,enrich
42281485,TRIMAK ENGENHARIA E COMERCIO S/A,2054,DEMAIS,02,4669999,RJ,RIO DE JANEIRO,,,0,0,0,minhareceita,2026-09-03T23:46:20Z,2026-09-03T23:46:20Z,enrich
42470088,GEOQUEST BRASIL LTDA,2062,DEMAIS,02,4299599,RJ,RIO DE JANEIRO,2122337353,,0,0,0,minhareceita,2026-09-03T23:44:05Z,2026-09-03T23:44:05Z,enrich
42605322,OPHIR FUNDO DE INVESTIMENTO EM DIREITOS CREDITORIOS,2224,DEMAIS,02,6470101,SP,SAO PAULO,1128273500,,1,0,0,minhareceita,2026-09-03T23:41:39Z,2026-09-03T23:41:39Z,enrich
42723848,"BARU SOCIEDADE DE CREDITO, FINANCIAMENTO E INVESTIMENTO S/A",2054,DEMAIS,02,6436100,RS,PORTO ALEGRE,5193837496,,1,0,0,minhareceita,2026-09-03T23:43:46Z,2026-09-03T23:43:46Z,enrich
43026198,TERTO TRANSPORTES LTDA,2062,DEMAIS,02,4930202,PR,APUCARANA,4391877904,,0,0,0,minhareceita,2026-09-03T23:43:33Z,2026-09-03T23:43:33Z,enrich
43214055,MARTINS COMERCIO E SERVICOS DE DISTRIBUICAO S/A,2054,DEMAIS,02,4693100,MG,UBERLANDIA,3432181500,,0,0,0,minhareceita,2026-09-03T23:42:23Z,2026-09-03T23:42:23Z,enrich
43237254,TECELAGEM JOLITEX LTDA,2062,DEMAIS,02,1311100,SP,AMERICANA,,,0,0,0,minhareceita,2026-09-03T23:38:31Z,2026-09-03T23:38:31Z,enrich
43296808,JPOL DISTRIBUIDORA DE PLASTICO LTDA,2062,DEMAIS,02,4684201,SP,SAO PAULO,1135148710,,0,0,0,minhareceita,2026-09-04T00:06:36Z,2026-09-04T00:06:36Z,enrich
43342153,TEXMAR CONFECCOES E MALHAS LTDA,2062,DEMAIS,02,1412601,SP,SAO PAULO,1126962020,,0,0,0,minhareceita,2026-09-03T23:42:31Z,2026-09-03T23:42:31Z,enrich
43464332,IRON COMEX LTDA,2062,DEMAIS,02,4693100,PE,RECIFE,8197078484,,0,0,0,minhareceita,2026-09-03T23:42:17Z,2026-09-03T23:42:17Z,enrich
43587344,B S DISTRIBUIDORA DE PRODUTOS DE HIGIENE LTDA,2062,DEMAIS,02,4646001,SP,SAO PAULO,1151035350,,0,0,0,minhareceita,2026-09-03T23:38:32Z,2026-09-03T23:38:32Z,enrich
43631191,BRANYL COMERCIO E INDUSTRIA TEXTIL LTDA,2062,DEMAIS,02,1330800,SP,CAPIVARI,1934928400,,0,0,0,minhareceita,2026-09-03T23:47:09Z,2026-09-03T23:47:09Z,enrich
43672716,CAMESA INDUSTRIA TEXTIL LTDA,2062,DEMAIS,02,1330800,SP,GUARULHOS,1124315000,,0,0,0,minhareceita,2026-09-03T23:42:25Z,2026-09-03T23:42:25Z,enrich
43718469,GSI CREOS BRASIL LTDA,2062,DEMAIS,02,4661300,SP,SAO PAULO,1132664133,,0,0,0,minhareceita,2026-09-03T23:42:30Z,2026-09-03T23:42:30Z,enrich
43876960,MACCAFERRI DO BRASIL LTDA,2062,DEMAIS,02,2599399,SP,JUNDIAI,1145255000,,0,0,0,minhareceita,2026-09-03T23:40:14Z,2026-09-03T23:40:14Z,enrich
43998509,AGAE TRANSPORTES E COMERCIO S/A,2054,DEMAIS,02,4930203,RJ,RIO DE JANEIRO,021221236632,,0,0,0,minhareceita,2026-09-03T23:42:03Z,2026-09-03T23:42:03Z,enrich
44151413,CALDEX CONEXOES E EQUIPAMENTOS LTDA,2062,DEMAIS,02,2599399,SP,DIADEMA,1140612799,,0,0,0,minhareceita,2026-09-03T23:42:32Z,2026-09-03T23:42:32Z,enrich
44246528,ASK CRIOS PRODUTOS QUIMICOS DO BRASIL LTDA,2062,DEMAIS,02,2032100,SP,RIO CLARO,1999539805,,0,0,0,minhareceita,2026-09-03T23:38:09Z,2026-09-03T23:38:09Z,enrich
44412435,TESSIN INDUSTRIA E COMERCIO LTDA,2062,DEMAIS,02,2610800,SP,SUZANO,1147483922,,0,0,0,minhareceita,2026-09-03T23:40:35Z,2026-09-03T23:40:35Z,enrich
44649812,NOTRE DAME INTERMEDICA SAUDE S.A.,2054,DEMAIS,02,6550200,SP,SAO PAULO,1131552000,,1,0,0,minhareceita,2026-09-03T23:45:17Z,2026-09-03T23:45:17Z,enrich
44705774,SOMAPAY SOCIEDADE DE CREDITO DIRETO S.A.,2054,DEMAIS,02,6499999,CE,FORTALEZA,8532156650,,1,0,0,minhareceita,2026-09-03T23:45:05Z,2026-09-03T23:45:05Z,enrich
45010717,POLIERG INDUSTRIA E COMERCIO LTDA,2062,DEMAIS,02,2223400,SP,SAO PAULO,1122197700,,0,0,0,minhareceita,2026-09-03T23:46:06Z,2026-09-03T23:46:06Z,enrich
45437547,"SAFRA SOCIEDADE DE CREDITO, FINANCIAMENTO E INVESTIMENTO S.A.",2054,DEMAIS,02,6436100,SP,SAO PAULO,1131757575,,1,0,0,minhareceita,2026-09-03T23:44:40Z,2026-09-03T23:44:40Z,enrich
45597546,NG CASH SOCIEDADE DE CREDITO DIRETO S.A.,2054,DEMAIS,02,6499999,SP,SAO PAULO,2120429975,,1,0,0,minhareceita,2026-09-03T23:45:23Z,2026-09-03T23:45:23Z,enrich
45736131,UNIDAS LOCADORA S.A.,2054,DEMAIS,02,7711000,MG,BELO HORIZONTE,3133191500,,0,0,0,minhareceita,2026-09-03T23:45:14Z,2026-09-03T23:45:14Z,enrich
45741898,TRAVESSIA SECURITIZADORA DE CREDITOS MERCANTIS XXV S.A.,2054,DEMAIS,02,6492100,SP,SAO PAULO,1141158700,,1,0,0,minhareceita,2026-09-03T23:36:48Z,2026-09-03T23:36:48Z,enrich
45990181,ROBERT BOSCH LIMITADA,2062,DEMAIS,02,2941700,SP,CAMPINAS,1921031954,,0,0,0,minhareceita,2026-09-03T23:41:00Z,2026-09-03T23:41:00Z,enrich
45992062,GERMED FARMACEUTICA LTDA,2062,DEMAIS,02,2121101,SP,HORTOLANDIA,1938879800,,0,0,0,minhareceita,2026-09-03T23:38:36Z,2026-09-03T23:38:36Z,enrich
46167507,3- PLASTIC SOLUCOES EM COMERCIO DE POLIMEROS LTDA,2062,DEMAIS,02,4684201,SP,AMERICANA,1981231209,,0,0,0,minhareceita,2026-09-04T00:06:29Z,2026-09-04T00:06:29Z,enrich
46281898,VC DISTRIBUIDORA DE MATERIAIS DE CONSTRUCAO LTDA,2062,MICRO EMPRESA,02,4679699,SP,CORDEIROPOLIS,7191333008,,0,0,0,minhareceita,2026-09-03T23:46:40Z,2026-09-03T23:46:40Z,enrich
46377727,CAEDU COMERCIO VAREJISTA DE ARTIGOS DO VESTUARIO SA,2054,DEMAIS,02,4781400,SP,SAO PAULO,1134692300,,0,0,0,minhareceita,2026-09-03T23:47:07Z,2026-09-03T23:47:07Z,enrich
46395687,BAHIANA DISTRIBUIDORA DE GAS LTDA,2062,DEMAIS,02,4682600,SP,SAO PAULO,1131772677,,0,0,0,minhareceita,2026-09-03T23:47:20Z,2026-09-03T23:47:20Z,enrich
46495282,HORUS DO BRASIL INDUSTRIA DE IMPLEMENTOS E PECAS AGRICOLAS LTDA,2062,EMPRESA DE PEQUENO PORTE,02,2833000,RS,SANTA ROSA,5581221378,,0,0,0,minhareceita,2026-09-03T23:42:36Z,2026-09-03T23:42:36Z,enrich
46529590,GUERREIRO INDUSTRIA COMERCIO IMPORTACAO EXPORTACAO LTDA - EM RECUPERACAO JUDICIAL,2062,DEMAIS,04,8219999,SP,AMERICANA,1934668630,,0,0,1,minhareceita,2026-09-03T23:45:46Z,2026-09-03T23:45:46Z,enrich
46542000,AMFI DIGITAL ASSETS LTDA,2062,DEMAIS,02,6462000,SP,SAO PAULO,1111111111,,1,0,0,minhareceita,2026-09-03T23:37:41Z,2026-09-03T23:37:41Z,enrich
46645768,LINHASITA INDUSTRIA DE LINHAS PARA COSER LTDA,2062,DEMAIS,02,1314600,SP,ITATIBA,1144876600,,0,0,0,minhareceita,2026-09-03T23:44:08Z,2026-09-03T23:44:08Z,enrich
46710597,FS I INDUSTRIA DE ETANOL S.A,2054,DEMAIS,02,4623199,SP,SAO PAULO,6535481500,,0,0,0,minhareceita,2026-09-03T23:41:34Z,2026-09-03T23:41:34Z,enrich
46955383,QI DISTRIBUIDORA DE TITULOS E VALORES MOBILIARIOS LTDA,2062,DEMAIS,08,6612602,SP,SAO PAULO,1126260447,,1,0,1,minhareceita,2026-09-03T23:39:57Z,2026-09-03T23:39:57Z,enrich
46991618,ALUMAQ LOCACAO E COMERCIO DE MAQUINAS DE SOLDA LTDA,2062,DEMAIS,02,4663000,SP,CAMPINAS,1937941201,,0,0,0,minhareceita,2026-09-03T23:43:55Z,2026-09-03T23:43:55Z,enrich
47180625,CTVA PROTECAO DE CULTIVOS LTDA.,2062,DEMAIS,02,7020400,SP,BARUERI,1141668122,,0,0,0,minhareceita,2026-09-03T23:42:59Z,2026-09-03T23:42:59Z,enrich
47254545,SELENE INDUSTRIA TEXTIL S A,2054,DEMAIS,02,1421500,SP,CERQUILHO,1533848888,,0,0,0,minhareceita,2026-09-03T23:43:21Z,2026-09-03T23:43:21Z,enrich
47320705,IRANY COMERCIO EXTERIOR LTDA,2062,DEMAIS,02,4632001,SC,ITAPOA,4298717035,,0,0,0,minhareceita,2026-09-03T23:37:56Z,2026-09-03T23:37:56Z,enrich
47365763,LOG GOIANIA II,3085,DEMAIS,02,8112500,GO,HIDROLANDIA,3136158248,,0,0,0,minhareceita,2026-09-03T23:40:33Z,2026-09-03T23:40:33Z,enrich
47509120,BRADESCO LEASING S.A. - ARRENDAMENTO MERCANTIL,2046,DEMAIS,02,6440900,SP,OSASCO,1136814011,,1,0,0,minhareceita,2026-09-03T23:40:52Z,2026-09-03T23:40:52Z,enrich
47747969,COLOR VISAO DO BRASIL INDUSTRIA ACRILICA LIMITADA,2062,DEMAIS,02,2751100,SP,ARACATUBA,1836318500,,0,0,0,minhareceita,2026-09-03T23:41:08Z,2026-09-03T23:41:08Z,enrich
47799028,EDENTEC INDUSTRIA E COMERCIO LTDA,2062,DEMAIS,02,1629301,SP,SOROCABA,,,0,0,0,minhareceita,2026-09-03T23:44:07Z,2026-09-03T23:44:07Z,enrich
47827332,AGRO SAFRA INDUSTRIA E COMERCIO DE ADUBOS LTDA,2062,DEMAIS,02,2013402,SP,OSASCO,01136875766,,0,0,0,minhareceita,2026-09-03T23:38:37Z,2026-09-03T23:38:37Z,enrich
47927158,ESPORTES SOUZA LTDA,2062,DEMAIS,02,7490105,SP,SAO PAULO,1168473144,,0,0,0,minhareceita,2026-09-03T23:46:54Z,2026-09-03T23:46:54Z,enrich
47959697,AMAZONAS INDUSTRIA E COMERCIO LTDA,2062,DEMAIS,02,2219600,SP,FRANCA,1631111600,,0,0,0,minhareceita,2026-09-03T23:45:31Z,2026-09-03T23:45:31Z,enrich
47964168,RODOPECAS LIMITADA,2062,DEMAIS,02,4530703,SP,SAO PAULO,1126337777,,0,0,0,minhareceita,2026-09-03T23:46:41Z,2026-09-03T23:46:41Z,enrich
48430290,ADDIANTE S.A,2054,DEMAIS,02,7719599,PR,CURITIBA,4195710152,,0,0,0,minhareceita,2026-09-03T23:37:24Z,2026-09-03T23:37:24Z,enrich
48539407,BASF SA,2054,DEMAIS,02,8211300,SP,SAO PAULO,1120392273,,0,0,0,minhareceita,2026-09-03T23:41:22Z,2026-09-03T23:41:22Z,enrich
48540421,SERVENG CIVILSAN S A EMPRESAS ASSOCIADAS DE ENGENHARIA,2054,DEMAIS,02,4211101,SP,SAO PAULO,1121423000,,0,0,0,minhareceita,2026-09-03T23:46:13Z,2026-09-03T23:46:13Z,enrich
48648869,DYSTAR INDUSTRIA E COMERCIO DE PRODUTOS QUIMICOS LTDA,2062,DEMAIS,02,8211300,SP,SAO PAULO,1155083474,,0,0,0,minhareceita,2026-09-03T23:46:50Z,2026-09-03T23:46:50Z,enrich
48703388,ASA SOCIEDADE DE CREDITO FINANCIAMENTO E INVESTIMENTO S.A.,2054,DEMAIS,02,6436100,SP,SAO PAULO,1139005236,,1,0,0,minhareceita,2026-09-03T23:38:34Z,2026-09-03T23:38:34Z,enrich
48833163,CENTENARO PNEUS LTDA,2062,DEMAIS,02,4530705,MS,CAMPO GRANDE,6733172277,,0,0,0,minhareceita,2026-09-03T23:39:58Z,2026-09-03T23:39:58Z,enrich
49418890,FIACAO ALPINA LTDA,2062,DEMAIS,02,1313800,SP,MORUNGABA,1140144104,,0,0,0,minhareceita,2026-09-03T23:44:42Z,2026-09-03T23:44:42Z,enrich
49644505,DALMOLIN CONSTRUTORA E ADMINISTRADORA DE BENS PROPRIOS LTDA,2062,MICRO EMPRESA,02,4120400,SC,CONCORDIA,4988012826,,0,0,0,minhareceita,2026-09-03T23:42:40Z,2026-09-03T23:42:40Z,enrich
49655558,SOCIEDADE EMBUENSE ADMINISTRACAO E PARTICIPACAO LTDA,2062,DEMAIS,02,6462000,SP,EMBU DAS ARTES,1146671843,,1,0,0,minhareceita,2026-09-03T23:42:10Z,2026-09-03T23:42:10Z,enrich
49698723,M CASSAB COMERCIO E INDUSTRIA LTDA,2062,DEMAIS,02,4689399,SP,SAO PAULO,1121627700,,0,0,0,minhareceita,2026-09-03T23:46:15Z,2026-09-03T23:46:15Z,enrich
49802148,MILIUM GO1 LTDA,2062,DEMAIS,02,4683400,GO,RIO VERDE,5535126744,,0,0,0,minhareceita,2026-09-03T23:39:20Z,2026-09-03T23:39:20Z,enrich
49870173,TEXTIL J SERRANO LTDA,2062,DEMAIS,02,8211300,SP,SAO PAULO,1138114300,,0,0,0,minhareceita,2026-09-03T23:42:56Z,2026-09-03T23:42:56Z,enrich
50221019,HNK BR INDUSTRIA DE BEBIDAS LTDA.,2062,DEMAIS,02,1113502,SP,ITU,1121189500,,0,0,0,minhareceita,2026-09-03T23:43:15Z,2026-09-03T23:43:15Z,enrich
50290329,CARGILL NOVOS HORIZONTES LTDA,2062,DEMAIS,02,1041400,SP,SAO PAULO,1150993311,,0,0,0,minhareceita,2026-09-03T23:43:46Z,2026-09-03T23:43:46Z,enrich
50378389,MARTINS CRUZ SOLUCOES AGRICOLAS LTDA,2062,DEMAIS,02,2833000,SP,JABOTICABAL,1632031800,,0,0,0,minhareceita,2026-09-03T23:42:39Z,2026-09-03T23:42:39Z,enrich
50479122,BTG PACTUAL LOGCP FUNDO DE INVESTIMENTO IMOBILIARIO RESPONSABILIDADE LIMITADA,2224,DEMAIS,02,6470103,RJ,RIO DE JANEIRO,2132629600,,1,0,0,minhareceita,2026-09-03T23:43:53Z,2026-09-03T23:43:53Z,enrich
50595271,BIOTRONIK COMERCIAL MEDICA LTDA.,2062,DEMAIS,02,4645101,SP,SAO PAULO,1156947755,,0,0,0,minhareceita,2026-09-03T23:38:08Z,2026-09-03T23:38:08Z,enrich
50878316,SUPER EMPORIO COSTA COMERCIO DE ALIMENTOS LTDA,2062,MICRO EMPRESA,08,4711302,GO,GOIANIA,6230921301,,0,0,1,minhareceita,2026-09-03T23:43:44Z,2026-09-03T23:43:44Z,enrich
51145521,LUIZ HENRIQUE RICCIARELLI PARTICIPACOES LTDA,2062,DEMAIS,02,6463800,SP,SAO PAULO,1123651427,,1,0,0,minhareceita,2026-09-03T23:40:55Z,2026-09-03T23:40:55Z,enrich
51186412,RAFAEL VERCELLI PARTICIPACOES LTDA,2062,DEMAIS,02,6463800,SP,SAO PAULO,1123651427,,1,0,0,minhareceita,2026-09-03T23:43:09Z,2026-09-03T23:43:09Z,enrich
51254159,KARINA PLASTICOS LTDA,2062,DEMAIS,02,2031200,SP,GUARULHOS,1124408477,,0,0,0,minhareceita,2026-09-03T23:38:43Z,2026-09-03T23:38:43Z,enrich
51270299,R.C.O. CAPITAL E INVESTIMENTOS LTDA,2062,EMPRESA DE PEQUENO PORTE,02,1081302,GO,RIALMA,6293948256,,0,0,0,minhareceita,2026-09-03T23:45:05Z,2026-09-03T23:45:05Z,enrich
51473709,LOURENCO MALULY PARTICIPACOES LTDA,2062,DEMAIS,02,6463800,SP,SAO PAULO,1123651427,,1,0,0,minhareceita,2026-09-03T23:43:23Z,2026-09-03T23:43:23Z,enrich
51536795,SANTIAGO & CINTRA IMPORTACAO E EXPORTACAO LTDA,2062,DEMAIS,08,4669999,SP,SAO PAULO,1639658220,,0,0,1,minhareceita,2026-09-03T23:42:19Z,2026-09-03T23:42:19Z,enrich
52068491,SULPECAS COMERCIO E REPRESENTACOES LTDA,2062,DEMAIS,02,4662100,SP,SAO PAULO,1138299900,,0,0,0,minhareceita,2026-09-03T23:46:07Z,2026-09-03T23:46:07Z,enrich
52311347,BALDAN IMPLEMENTOS AGRICOLAS S A,2054,DEMAIS,02,2833000,SP,MATAO,1632216500,,0,0,0,minhareceita,2026-09-03T23:37:34Z,2026-09-03T23:37:34Z,enrich
53113791,TOTVS S.A.,2046,DEMAIS,02,6201501,SP,SAO PAULO,1140040015,,0,0,0,minhareceita,2026-09-03T23:41:52Z,2026-09-03T23:41:52Z,enrich
53359089,AUSTEX INDUSTRIA E COMERCIO LTDA,2062,DEMAIS,02,1354500,SP,SAO PAULO,1121672112,,0,0,0,minhareceita,2026-09-03T23:44:28Z,2026-09-03T23:44:28Z,enrich
53877627,DOW BRASIL SUDESTE INDUSTRIAL LTDA.,2062,DEMAIS,02,2031200,SP,SAO PAULO,1151889184,,0,0,0,minhareceita,2026-09-03T23:39:30Z,2026-09-03T23:39:30Z,enrich
53943098,BRACELL SP CELULOSE LTDA,2062,DEMAIS,02,1710900,SP,LENCOIS PAULISTA,1432695100,,0,0,0,minhareceita,2026-09-03T23:37:55Z,2026-09-03T23:37:55Z,enrich
54289830,DOREMUS ALIMENTOS LTDA,2062,DEMAIS,02,1099699,SP,GUARULHOS,1124363333,,0,0,0,minhareceita,2026-09-03T23:43:53Z,2026-09-03T23:43:53Z,enrich
54366547,COOPERATIVA DOS PLANTADORES DE CANA DO ESTADO SAO PAULO,2143,DEMAIS,02,4683400,SP,PIRACICABA,1934012200,,0,0,0,minhareceita,2026-09-03T23:37:19Z,2026-09-03T23:37:19Z,enrich
54386933,PIRASA VEICULOS LTDA,2062,DEMAIS,02,4511104,SP,PIRACICABA,1921054111,,0,0,0,minhareceita,2026-09-03T23:45:08Z,2026-09-03T23:45:08Z,enrich
54429345,AURIQUIMICA LTDA,2062,DEMAIS,02,4684299,SP,SAO PAULO,1120665600,,0,0,0,minhareceita,2026-09-04T00:06:32Z,2026-09-04T00:06:32Z,enrich
54516661,JOHNSON & JOHNSON DO BRASIL INDUSTRIA E COMERCIO DE PRODUTOS PARA SAUDE LTDA.,2062,DEMAIS,02,3250701,SP,SAO PAULO,1127881332,,0,0,0,minhareceita,2026-09-03T23:43:05Z,2026-09-03T23:43:05Z,enrich
55364111,"MAPOL COMERCIO, IMPORTACAO E EXPORTACAO LTDA",2062,DEMAIS,02,4649404,SP,SAO PAULO,1155811553,,0,0,0,minhareceita,2026-09-03T23:45:59Z,2026-09-03T23:45:59Z,enrich
56228356,CRBS S/A,2054,DEMAIS,02,4635402,SP,JAGUARIUNA,1933135680,,0,0,0,minhareceita,2026-09-03T23:42:44Z,2026-09-03T23:42:44Z,enrich
56643018,EUCATEX S A INDUSTRIA E COMERCIO,2046,DEMAIS,02,1621800,SP,SAO PAULO,1130492427,,0,0,0,minhareceita,2026-09-03T23:38:50Z,2026-09-03T23:38:50Z,enrich
56819477,KTY ENGENHARIA LIMITADA,2062,DEMAIS,04,7112000,SP,SAO PAULO,1130447274,,0,0,1,minhareceita,2026-09-03T23:40:12Z,2026-09-03T23:40:12Z,enrich
57378542,IOSEI PARTICIPACOES LTDA,2062,DEMAIS,02,8640205,GO,GOIANIA,6291280209,,0,0,0,minhareceita,2026-09-03T23:43:59Z,2026-09-03T23:43:59Z,enrich
57497539,BRIDGESTONE DO BRASIL INDUSTRIA E COMERCIO LTDA.,2062,DEMAIS,02,2211100,SP,SANTO ANDRE,1136361012,,0,0,0,minhareceita,2026-09-03T23:40:02Z,2026-09-03T23:40:02Z,enrich
57507378,EMS S/A,2054,DEMAIS,08,2121101,SP,SAO BERNARDO DO CAMPO,1938879800,,0,0,1,minhareceita,2026-09-03T23:37:00Z,2026-09-03T23:37:00Z,enrich
57576274,KSPG AUTOMOTIVE BRAZIL LTDA.,2062,DEMAIS,02,2941700,SP,NOVA ODESSA,1934669842,,0,0,0,minhareceita,2026-09-03T23:40:19Z,2026-09-03T23:40:19Z,enrich
57764763,LOXAM DO BRASIL SA,2054,DEMAIS,02,7732201,SP,SAO JOSE DOS CAMPOS,1239327799,,0,0,0,minhareceita,2026-09-03T23:46:44Z,2026-09-03T23:46:44Z,enrich
58099458,AT PLAN ASSISTENCIA TECNICA PLANEJ E MONTAGENS LTDA,2062,DEMAIS,02,3314707,SP,SANTANA DE PARNAIBA,1138379673,,0,0,0,minhareceita,2026-09-03T23:39:30Z,2026-09-03T23:39:30Z,enrich
58160789,BANCO SAFRA S A,2054,DEMAIS,02,6422100,SP,SAO PAULO,1131757575,,1,0,0,minhareceita,2026-09-03T23:38:10Z,2026-09-03T23:38:10Z,enrich
58616418,BANCO FIBRA SA,2054,DEMAIS,02,6422100,SP,SAO PAULO,1138476943,,1,0,0,minhareceita,2026-09-03T23:36:53Z,2026-09-03T23:36:53Z,enrich
58831348,W.J.A. DO BRASIL INDUSTRIA E COMERCIO LTDA,2062,DEMAIS,02,1359600,SP,SAO PAULO,1134881388,,0,0,0,minhareceita,2026-09-03T23:45:48Z,2026-09-03T23:45:48Z,enrich
58994179,DIAGSOM UNIDADE INTEGRADA DE DIAGNOSTICO LTDA,2062,DEMAIS,04,8690999,SP,SOROCABA,1532128311,,0,0,1,minhareceita,2026-09-03T23:46:18Z,2026-09-03T23:46:18Z,enrich
59105999,WHIRLPOOL S.A,2046,DEMAIS,02,2751100,SP,SAO PAULO,1135661431,,0,0,0,minhareceita,2026-09-03T23:39:22Z,2026-09-03T23:39:22Z,enrich
59109165,BANCO VOLKSWAGEN S.A.,2054,DEMAIS,02,6431000,SP,SAO PAULO,,,1,0,0,minhareceita,2026-09-03T23:47:17Z,2026-09-03T23:47:17Z,enrich
59128553,STRATURA ASFALTOS LTDA.,2062,DEMAIS,02,8211300,SP,SAO PAULO,1135134260,,0,0,0,minhareceita,2026-09-03T23:38:13Z,2026-09-03T23:38:13Z,enrich
59274316,ALPHA MARKTEC MATERIAIS ELETRICOS LTDA,2062,DEMAIS,02,4673700,SP,SAO PAULO,1127823200,,0,0,0,minhareceita,2026-09-03T23:42:04Z,2026-09-03T23:42:04Z,enrich
59438325,BANCO BRADESCO CARTOES S.A.,2054,DEMAIS,08,6422100,SP,OSASCO,1136845122,,1,0,1,minhareceita,2026-09-03T23:38:25Z,2026-09-03T23:38:25Z,enrich
59588111,BANCO VOTORANTIM S.A.,2054,DEMAIS,02,6422100,SP,SAO PAULO,1151712672,,1,0,0,minhareceita,2026-09-03T23:36:52Z,2026-09-03T23:36:52Z,enrich
59650556,MACOM INSTRUMENTAL CIRURGICO INDUSTRIA LTDA,2062,DEMAIS,02,3250701,SP,GUARULHOS,1124314636,,0,0,0,minhareceita,2026-09-03T23:47:00Z,2026-09-03T23:47:00Z,enrich
59717553,GRUPO MULTILASER S.A.,2046,DEMAIS,02,2622100,SP,SAO PAULO,1136168600,,0,0,0,minhareceita,2026-09-03T23:38:42Z,2026-09-03T23:38:42Z,enrich
59850115,"VENTUROSO, VALENTINI & CIA LTDA",2062,DEMAIS,02,2815102,SP,SAO JOAQUIM DA BARRA,1638101704,,0,0,0,minhareceita,2026-09-03T23:38:36Z,2026-09-03T23:38:36Z,enrich
59926162,BRASCHEMICAL REPRESENTACOES LTDA,2062,DEMAIS,08,4612500,SP,SAO PAULO,1155853671,,0,0,1,minhareceita,2026-09-04T00:06:21Z,2026-09-04T00:06:21Z,enrich
59981829,RODOBENS S.A.,2046,DEMAIS,02,6462000,SP,SAO JOSE DO RIO PRETO,1721363666,,1,0,0,minhareceita,2026-09-03T23:37:07Z,2026-09-03T23:37:07Z,enrich
60182904,TEXTILNOVA FIACAO LTDA EM RECUPERACAO JUDICIAL,2062,DEMAIS,02,1311100,MG,GUAXUPE,3535515921,,0,0,0,minhareceita,2026-09-03T23:43:32Z,2026-09-03T23:43:32Z,enrich
60498706,CARGILL AGRICOLA S A,2054,DEMAIS,02,1042200,SP,SAO PAULO,1150993311,,0,0,0,minhareceita,2026-09-03T23:39:42Z,2026-09-03T23:39:42Z,enrich
60499977,SOCIEDADE ALFA LTDA,2062,DEMAIS,02,4669999,SP,SAO PAULO,1133208550,,0,0,0,minhareceita,2026-09-03T23:46:27Z,2026-09-03T23:46:27Z,enrich
60500246,GOODYEAR DO BRASIL PRODUTOS DE BORRACHA LTDA,2062,DEMAIS,02,2211100,SP,SANTA BARBARA D'OESTE,1128184128,,0,0,0,minhareceita,2026-09-03T23:39:27Z,2026-09-03T23:39:27Z,enrich
60701190,ITAU UNIBANCO S.A.,2054,DEMAIS,02,6421200,SP,SAO PAULO,1130034828,,1,0,0,minhareceita,2026-09-03T23:40:25Z,2026-09-03T23:40:25Z,enrich
60746948,BANCO BRADESCO S.A.,2046,DEMAIS,02,6422100,SP,OSASCO,1136845122,,1,0,0,minhareceita,2026-09-03T23:36:50Z,2026-09-03T23:36:50Z,enrich
60752763,IRMAOS D AGOSTO LTDA,2062,DEMAIS,02,8211300,SP,SAO PAULO,1140325923,,0,0,0,minhareceita,2026-09-03T23:43:51Z,2026-09-03T23:43:51Z,enrich
60770336,BANCO ALFA DE INVESTIMENTO S.A.,2054,DEMAIS,02,6432800,SP,SAO PAULO,1131757575,,1,0,0,minhareceita,2026-09-03T23:37:09Z,2026-09-03T23:37:09Z,enrich
60846599,IBRAME INDUSTRIA BRASILEIRA DE METAIS S/A,2054,DEMAIS,02,4693100,ES,VITORIA,4721010049,,0,0,0,minhareceita,2026-09-03T23:38:53Z,2026-09-03T23:38:53Z,enrich
60874724,INDUSTRIA QUIMICA ANASTACIO S A,2054,DEMAIS,02,2029100,SP,SAO PAULO,1121336600,,0,0,0,minhareceita,2026-09-04T00:06:26Z,2026-09-04T00:06:26Z,enrich
60889128,BANCO SOFISA S.A.,2054,DEMAIS,02,6422100,SP,SAO PAULO,1131765500,,1,0,0,minhareceita,2026-09-03T23:38:20Z,2026-09-03T23:38:20Z,enrich
60933017,TECFLUX LTDA.,2062,DEMAIS,02,4663000,SP,CARAPICUIBA,1121996965,,0,0,0,minhareceita,2026-09-03T23:42:53Z,2026-09-03T23:42:53Z,enrich
61074506,BELGO BEKAERT ARAMES LTDA,2062,DEMAIS,02,2424501,MG,CONTAGEM,3133292400,,0,0,0,minhareceita,2026-09-03T23:41:58Z,2026-09-03T23:41:58Z,enrich
61086336,PHILIPS DO BRASIL LTDA,2062,DEMAIS,02,8211300,SP,BARUERI,1199999999,,0,0,0,minhareceita,2026-09-03T23:44:56Z,2026-09-03T23:44:56Z,enrich
61088894,CAMBUCI S/A,2046,DEMAIS,02,1529700,SP,SAO PAULO,1147139500,,0,0,0,minhareceita,2026-09-03T23:38:33Z,2026-09-03T23:38:33Z,enrich
61150348,COMPANHIA NITRO QUIMICA BRASILEIRA,2054,DEMAIS,02,2019399,SP,SAO PAULO,1122463214,,0,0,0,minhareceita,2026-09-03T23:38:38Z,2026-09-03T23:38:38Z,enrich
61196119,GIANNINI S/A EM RECUPERACAO JUDICIAL,2054,DEMAIS,02,3220500,SP,SALTO,000000000000,,0,0,0,minhareceita,2026-09-03T23:41:05Z,2026-09-03T23:41:05Z,enrich
61286647,SANDOZ DO BRASIL INDUSTRIA FARMACEUTICA LTDA.,2062,DEMAIS,02,2121101,PR,CAMBE,4331748000,,0,0,0,minhareceita,2026-09-03T23:37:13Z,2026-09-03T23:37:13Z,enrich
61328191,IZZO INSTRUMENTOS MUSICAIS LTDA,2062,DEMAIS,02,3220500,SP,OSASCO,1137970100,,0,0,0,minhareceita,2026-09-03T23:46:22Z,2026-09-03T23:46:22Z,enrich
61352050,ITM LATIN AMERICA INDUSTRIA DE PECAS PARA TRATORES LTDA.,2062,DEMAIS,02,2949299,SP,ATIBAIA,1144177700,,0,0,0,minhareceita,2026-09-03T23:38:06Z,2026-09-03T23:38:06Z,enrich
61409892,COMPANHIA BRASILEIRA DE ALUMINIO,2046,DEMAIS,02,2441501,SP,SAO PAULO,4133885204,,0,0,0,minhareceita,2026-09-03T23:46:39Z,2026-09-03T23:46:39Z,enrich
61432506,SINGER DO BRASIL INDUSTRIA E COMERCIO LTDA,2062,DEMAIS,02,4649401,SP,INDAIATUBA,1921074669,,0,0,0,minhareceita,2026-09-03T23:45:06Z,2026-09-03T23:45:06Z,enrich
61550141,YELUM SEGUROS S.A,2054,DEMAIS,02,6512000,SP,SAO PAULO,1126634200,,1,0,0,minhareceita,2026-09-03T23:43:34Z,2026-09-03T23:43:34Z,enrich
61615191,MISTRAS SOUTH AMERICA COMERCIO E SERVICOS LTDA,2062,DEMAIS,02,7120100,SP,SAO PAULO,1120618626,,0,0,0,minhareceita,2026-09-03T23:37:26Z,2026-09-03T23:37:26Z,enrich
61750345,SOCIEDADE ESPORTIVA PALMEIRAS,3999,DEMAIS,02,9312300,SP,SAO PAULO,1138746500,,0,0,0,minhareceita,2026-09-03T23:38:30Z,2026-09-03T23:38:30Z,enrich
61773646,GRAXARIA BB LTDA,2062,DEMAIS,02,1013902,GO,NIQUELANDIA,6281150283,,0,0,0,minhareceita,2026-09-03T23:42:37Z,2026-09-03T23:42:37Z,enrich
61863130,LAHUMAN INDUSTRIA E COMERCIO DE PLASTICOS LIMITADA,2062,DEMAIS,02,1323500,SP,SUMARE,1938039090,,0,0,0,minhareceita,2026-09-03T23:46:03Z,2026-09-03T23:46:03Z,enrich
61902722,SPORT CLUB CORINTHIANS PAULISTA,3999,DEMAIS,02,9312300,SP,SAO PAULO,,,0,0,0,minhareceita,2026-09-03T23:37:57Z,2026-09-03T23:37:57Z,enrich
62063177,SAFRA LEASING S.A. ARRENDAMENTO MERCANTIL,2054,DEMAIS,02,6440900,SP,SAO PAULO,1131757575,,1,0,0,minhareceita,2026-09-03T23:38:23Z,2026-09-03T23:38:23Z,enrich
62143847,DACARTO INDUSTRIA E COMERCIO DE PLASTICOS LTDA,2062,DEMAIS,02,2229399,SP,OSASCO,1136589459,,0,0,0,minhareceita,2026-09-03T23:38:39Z,2026-09-03T23:38:39Z,enrich
62173620,SERASA S.A.,2054,DEMAIS,02,7020400,SP,SAO PAULO,1128479061,,0,0,0,minhareceita,2026-09-03T23:43:26Z,2026-09-03T23:43:26Z,enrich
62227509,QUANTIQ DISTRIBUIDORA LTDA,2062,DEMAIS,02,4684299,SP,SAO PAULO,1121959235,,0,0,0,minhareceita,2026-09-03T23:46:56Z,2026-09-03T23:46:56Z,enrich
62232889,BANCO DAYCOVAL S.A.,2046,DEMAIS,02,6422100,SP,SAO PAULO,1131380500,,1,0,0,minhareceita,2026-09-03T23:39:06Z,2026-09-03T23:39:06Z,enrich
62255682,PPE FIOS ESMALTADOS S.A,2054,DEMAIS,02,2733300,SP,CERQUILHO,1533849000,,0,0,0,minhareceita,2026-09-03T23:45:52Z,2026-09-03T23:45:52Z,enrich
62859128,EMBALARTE EMBALAGENS LTDA,2062,MICRO EMPRESA,02,4686902,GO,GOIANIA,6239203700,,0,0,0,minhareceita,2026-09-03T23:44:18Z,2026-09-03T23:44:18Z,enrich
63310411,TRES CORACOES ALIMENTOS S.A.,2054,DEMAIS,02,1081302,CE,EUSEBIO,0640065500,,0,0,0,minhareceita,2026-09-03T23:45:10Z,2026-09-03T23:45:10Z,enrich
63699839,WHIRLPOOL ELETRODOMESTICOS AM S.A.,2054,DEMAIS,08,2824102,AM,MANAUS,9233018585,,0,0,1,minhareceita,2026-09-03T23:41:24Z,2026-09-03T23:41:24Z,enrich
65697260,REPOM INSTITUICAO DE PAGAMENTO HUSA S.A,2054,DEMAIS,02,6311900,SP,SAO PAULO,1141911161,,0,0,0,minhareceita,2026-09-03T23:39:26Z,2026-09-03T23:39:26Z,enrich
65947236,WGM SISTEMAS IMPORTACAO E EXPORTACAO LTDA,2062,DEMAIS,02,2862300,SP,BARUERI,1138382823,,0,0,0,minhareceita,2026-09-03T23:44:00Z,2026-09-03T23:44:00Z,enrich
66471517,DPC DISTRIBUIDOR ATACADISTA S/A,2054,DEMAIS,02,4646002,MG,CARATINGA,3333290000,,0,0,0,minhareceita,2026-09-03T23:44:20Z,2026-09-03T23:44:20Z,enrich
67070268,"ROLAND BRASIL IMPORTACAO, EXPORTACAO, COMERCIO, REPRESENTACAO E SERVICOS LTDA.",2062,DEMAIS,02,4649499,SP,SAO PAULO,1130877700,,0,0,0,minhareceita,2026-09-03T23:41:42Z,2026-09-03T23:41:42Z,enrich
67729178,COMERCIAL CIRURGICA RIOCLARENSE LTDA,2062,DEMAIS,02,4644301,SP,RIO CLARO,,,0,0,0,minhareceita,2026-09-03T23:39:42Z,2026-09-03T23:39:42Z,enrich
67943738,UNICAP RENOVADORA DE PNEUS LTDA,2062,DEMAIS,02,2212900,SP,NOVA ODESSA,1933413700,,0,0,0,minhareceita,2026-09-03T23:41:28Z,2026-09-03T23:41:28Z,enrich
67959015,NP BRASIL SERVICOS E PROJETOS LTDA,2062,DEMAIS,02,2222600,SP,FRANCO DA ROCHA,1144431000,,0,0,0,minhareceita,2026-09-03T23:39:45Z,2026-09-03T23:39:45Z,enrich
68755545,CTS - COMERCIO DE APARAS LTDA,2062,DEMAIS,02,3839499,RS,CANOAS,5135946983,,0,0,0,minhareceita,2026-09-03T23:39:47Z,2026-09-03T23:39:47Z,enrich
68993641,AGIS EQUIPAMENTOS E SERVICOS DE INFORMATICA LTDA.,2062,DEMAIS,02,4651601,SP,CAMPINAS,1937594592,,0,0,0,minhareceita,2026-09-03T23:45:07Z,2026-09-03T23:45:07Z,enrich
69184778,ACZ INOX COMERCIAL LTDA,2062,DEMAIS,02,4685100,SP,DIADEMA,1140611661,,0,0,0,minhareceita,2026-09-03T23:46:32Z,2026-09-03T23:46:32Z,enrich
69915536,JUAREZ DE OLIVEIRA,2135,MICRO EMPRESA,02,4789099,PE,ARCOVERDE,,,0,0,0,minhareceita,2026-09-03T23:45:38Z,2026-09-03T23:45:38Z,enrich
69975530,CONSULTAR ASSIST TEC EM DOCUMENTACAO E INFORMACAO LTDA,2062,MICRO EMPRESA,02,8219999,AL,MACEIO,8299410392,,0,0,0,minhareceita,2026-09-03T23:44:19Z,2026-09-03T23:44:19Z,enrich
70494828,DELICIOUS FISH AGROINDUSTRIA E COMERCIO DE PESCADOS LTDA,2062,DEMAIS,02,1020102,MT,SORRISO,6635841000,,0,0,0,minhareceita,2026-09-03T23:42:37Z,2026-09-03T23:42:37Z,enrich
71799001,REICHENBACH EQUIPAMENTOS INDUSTRIA E COMERCIO LTDA,2062,DEMAIS,02,2829199,SP,CARAPICUIBA,1141815054,,0,0,0,minhareceita,2026-09-03T23:38:22Z,2026-09-03T23:38:22Z,enrich
71800296,WALDMAN COMERCIO IMPORTACAO E EXPORTACAO LTDA,2062,DEMAIS,02,4649499,SP,BARUERI,1121992999,,0,0,0,minhareceita,2026-09-03T23:40:24Z,2026-09-03T23:40:24Z,enrich
72096100,MICROMAZZA INDUSTRIA DE VALVULAS LTDA,2062,DEMAIS,02,2813500,RS,VILA FLORES,5434472700,,0,0,0,minhareceita,2026-09-03T23:39:28Z,2026-09-03T23:39:28Z,enrich
72145931,SWISS RE CORPORATE SOLUTIONS BRASIL SEGUROS S.A.,2054,DEMAIS,02,6512000,SP,SAO PAULO,1130738000,,1,0,0,minhareceita,2026-09-03T23:37:10Z,2026-09-03T23:37:10Z,enrich
72891062,"MARUTECMUSIC INDUSTRIA, COMERCIO, IMPORTACAO E EXPORTACAO LTDA",2062,DEMAIS,08,4689399,SP,SAO PAULO,,,0,0,1,minhareceita,2026-09-03T23:44:39Z,2026-09-03T23:44:39Z,enrich
73174377,FARMABASE SAUDE ANIMAL LTDA,2062,DEMAIS,02,2122000,SP,JAGUARIUNA,1938379900,,0,0,0,minhareceita,2026-09-03T23:39:21Z,2026-09-03T23:39:21Z,enrich
73443863,COOPERATIVA DE CREDITO UNICRED VALE LTDA UNICRED VALE,2143,DEMAIS,02,6424703,SC,BLUMENAU,4730390202,,1,0,0,minhareceita,2026-09-03T23:37:59Z,2026-09-03T23:37:59Z,enrich
73562126,SIVIERO ALIMENTOS E SEMENTES LTDA,2062,DEMAIS,02,4639701,PR,CLEVELANDIA,4632521454,,0,0,0,minhareceita,2026-09-03T23:45:40Z,2026-09-03T23:45:40Z,enrich
75007385,AGROCETE INDUSTRIA DE FERTILIZANTES LTDA,2062,DEMAIS,02,2013402,PR,PONTA GROSSA,4232281229,,0,0,0,minhareceita,2026-09-03T23:41:43Z,2026-09-03T23:41:43Z,enrich
75069849,DEMOBILE - INDUSTRIA DE MOVEIS LTDA.,2062,DEMAIS,02,3101200,PR,ARAPONGAS,4332750100,,0,0,0,minhareceita,2026-09-03T23:44:44Z,2026-09-03T23:44:44Z,enrich
75205831,SANTOS ANDIRA INDUSTRIA DE MOVEIS LTDA,2062,DEMAIS,02,3101200,PR,ANDIRA,4335388304,,0,0,0,minhareceita,2026-09-03T23:43:28Z,2026-09-03T23:43:28Z,enrich
75293662,ALTENBURG TEXTIL S.A.,2054,DEMAIS,02,1351100,SC,BLUMENAU,4733311500,,0,0,0,minhareceita,2026-09-03T23:41:29Z,2026-09-03T23:41:29Z,enrich
75400903,MOVAL MOVEIS ARAPONGAS LTDA,2062,DEMAIS,02,3101200,PR,ARAPONGAS,,,0,0,0,minhareceita,2026-09-03T23:42:21Z,2026-09-03T23:42:21Z,enrich
75655720,SEPAC SERRADOS E PASTA DE CELULOSE LTDA,2062,DEMAIS,02,1742799,PR,MALLET,4235428000,,0,0,0,minhareceita,2026-09-03T23:44:21Z,2026-09-03T23:44:21Z,enrich
75724070,FML INCORPORADORA LTDA,2062,DEMAIS,02,4110700,PR,CURITIBA,4121692874,,0,0,0,minhareceita,2026-09-03T23:38:45Z,2026-09-03T23:38:45Z,enrich
75797118,LYNEL INDUSTRIA TEXTIL LTDA,2062,DEMAIS,02,1351100,SC,PAPANDUVA,4736532159,,0,0,0,minhareceita,2026-09-03T23:45:47Z,2026-09-03T23:45:47Z,enrich
76059997,"COOPERATIVA DE CREDITO, POUPANCA E INVESTIMENTO PROGRESSO - SICREDI PROGRESSO PR/SP",2143,DEMAIS,02,6424703,PR,TOLEDO,4532778700,,1,0,0,minhareceita,2026-09-03T23:38:01Z,2026-09-03T23:38:01Z,enrich
76483726,DM CONSTRUTORA DE OBRAS LTDA,2062,DEMAIS,02,4211101,PR,CURITIBA,4133138000,,0,0,0,minhareceita,2026-09-03T23:36:49Z,2026-09-03T23:36:49Z,enrich
76495209,IMACA LTDA,2062,DEMAIS,02,1629301,PR,CURITIBA,,,0,0,0,minhareceita,2026-09-03T23:41:36Z,2026-09-03T23:41:36Z,enrich
76568260,MADERMOVEIS INDUSTRIA E COMERCIO DE MADEIRAS LTDA,2062,DEMAIS,02,1610203,SC,XAXIM,,,0,0,0,minhareceita,2026-09-03T23:45:42Z,2026-09-03T23:45:42Z,enrich
77215606,ARAPLAC INDUSTRIA E COMERCIO DE MOVEIS LTDA,2062,DEMAIS,02,3101200,PR,ARAPONGAS,4331722355,,0,0,0,minhareceita,2026-09-03T23:44:11Z,2026-09-03T23:44:11Z,enrich
77941490,GAZIN INDUSTRIA E COMERCIO DE MOVEIS E ELETRODOMESTICOS S.A,2054,DEMAIS,02,4753900,PR,DOURADINA,4436638000,,0,0,0,minhareceita,2026-09-03T23:40:22Z,2026-09-03T23:40:22Z,enrich
77991552,PALUDETTO & CIA LTDA,2062,DEMAIS,02,3101200,PR,ARAPONGAS,4331721600,,0,0,0,minhareceita,2026-09-03T23:41:14Z,2026-09-03T23:41:14Z,enrich
78232774,"SINDICATO EMPREG EMPRESAS SEG VIGILANCIA, TRANS VALORES SEG PESSOAL ORGANICA ESC ARMADA AG TATICO E MONIT CURSO FORM ESP VIGI E SIMIL DE CURITIBA E RE",3131,DEMAIS,02,9420100,PR,CURITIBA,004103329293,,0,0,0,minhareceita,2026-09-03T23:44:37Z,2026-09-03T23:44:37Z,enrich
78242849,ATLAS INDUSTRIA DE ELETRODOMESTICOS LTDA.,2062,DEMAIS,02,2751100,PR,PATO BRANCO,4637711500,,0,0,0,minhareceita,2026-09-03T23:39:56Z,2026-09-03T23:39:56Z,enrich
79073813,P. F. TRANSPORTES E COMERCIO LTDA.,2062,DEMAIS,02,4930202,PR,MARINGA,4432662828,,0,0,0,minhareceita,2026-09-03T23:46:46Z,2026-09-03T23:46:46Z,enrich
79114450,COCAMAR COOPERATIVA AGROINDUSTRIAL,2143,DEMAIS,02,4689399,PR,MARINGA,4432213007,,0,0,0,minhareceita,2026-09-03T23:47:16Z,2026-09-03T23:47:16Z,enrich
79265617,CESUMAR - CENTRO DE ENSINO SUPERIOR DE MARINGA LTDA,2062,DEMAIS,08,8532500,PR,MARINGA,4430276360,,0,0,1,minhareceita,2026-09-03T23:37:44Z,2026-09-03T23:37:44Z,enrich
79315198,TECELAGEM VALLE LTDA,2062,DEMAIS,02,1351100,SC,BRUSQUE,4733500048,,0,0,0,minhareceita,2026-09-03T23:45:49Z,2026-09-03T23:45:49Z,enrich
79460192,KIT S PARANA-INDUSTRIA E COMERCIO DE MOVEIS LTDA,2062,DEMAIS,02,3101200,PR,ARAPONGAS,0432521633,,0,0,0,minhareceita,2026-09-03T23:43:06Z,2026-09-03T23:43:06Z,enrich
79687588,VIDEPLAST INDUSTRIA DE EMBALAGENS LTDA,2062,DEMAIS,02,2222600,SC,VIDEIRA,4935669600,,0,0,0,minhareceita,2026-09-03T23:46:15Z,2026-09-03T23:46:15Z,enrich
80415433,ROMITEX MALHAS LTDA,2062,DEMAIS,02,1412601,SC,GUARAMIRIM,4721070450,,0,0,0,minhareceita,2026-09-03T23:45:47Z,2026-09-03T23:45:47Z,enrich
80959513,CATIVA TEXTIL INDUSTRIA E COMERCIO LTDA,2062,DEMAIS,02,1412601,SC,POMERODE,4733879999,,0,0,0,minhareceita,2026-09-03T23:43:30Z,2026-09-03T23:43:30Z,enrich
81329823,SKA AUTOMACAO DE ENGENHARIAS LTDA,2062,DEMAIS,02,6203100,RS,SAO LEOPOLDO,5135912900,,0,0,0,minhareceita,2026-09-03T23:46:53Z,2026-09-03T23:46:53Z,enrich
81904948,CAEMMUN INDUSTRIA E COMERCIO DE MOVEIS LTDA,2062,DEMAIS,02,3101200,PR,ARAPONGAS,4331726300,,0,0,0,minhareceita,2026-09-03T23:45:22Z,2026-09-03T23:45:22Z,enrich
82155870,KAMYLUS MALHAS LTDA,2062,DEMAIS,02,1412601,SC,JARAGUA DO SUL,4733703366,,0,0,0,minhareceita,2026-09-03T23:44:41Z,2026-09-03T23:44:41Z,enrich
82165010,MARTINS CONFECCAO E COMERCIO DE ARTIGOS DO VESTUARIO E ACESSORIOS LTDA,2062,DEMAIS,02,1321900,SC,INDAIAL,4721232500,,0,0,0,minhareceita,2026-09-03T23:46:25Z,2026-09-03T23:46:25Z,enrich
82270281,POLIJUTA INDUSTRIA E COMERCIO DE EMBALAGENS LTDA,2062,DEMAIS,02,2222600,PR,GUARAPUAVA,4236277722,,0,0,0,minhareceita,2026-09-03T23:42:35Z,2026-09-03T23:42:35Z,enrich
82683376,MIRANTE DISTRIBUIDORA E COMERCIO LTDA,2062,DEMAIS,02,4649408,PR,CASCAVEL,4532242262,,0,0,0,minhareceita,2026-09-03T23:39:33Z,2026-09-03T23:39:33Z,enrich
82937293,AGENCIA DE FOMENTO DO ESTADO DE SANTA CATARINA S.A. - BADESC,2038,DEMAIS,02,6434400,SC,FLORIANOPOLIS,0482165000,,1,0,0,minhareceita,2026-09-03T23:46:48Z,2026-09-03T23:46:48Z,enrich
83011460,SUL BRASIL IND E COM DE ACESSORIOS PLASTICOS E METALICOS S/A,2054,DEMAIS,02,1354500,SC,CACADOR,4935611500,,0,0,0,minhareceita,2026-09-03T23:40:42Z,2026-09-03T23:40:42Z,enrich
83158824,COOPERATIVA REGIONAL AGROPECUARIA DE CAMPOS NOVOS - COPERCAMPOS,2143,DEMAIS,02,4611700,SC,CAMPOS NOVOS,4935416000,,0,0,0,minhareceita,2026-09-03T23:41:36Z,2026-09-03T23:41:36Z,enrich
83195628,PILLARES PROJETOS E CONSTRUCOES LTDA,2062,DEMAIS,02,4120400,SC,CONCORDIA,4934410655,,0,0,0,minhareceita,2026-09-03T23:39:32Z,2026-09-03T23:39:32Z,enrich
83201111,MC-JU INDUSTRIA E COMERCIO DE CONFECCOES LTDA EM RECUPERACAO JUDICIAL,2062,DEMAIS,02,1412601,SC,GUABIRUBA,4733540377,,0,0,0,minhareceita,2026-09-03T23:42:33Z,2026-09-03T23:42:33Z,enrich
83336180,NORDAL NORTE MODAL TRANSPORTES LTDA,2062,DEMAIS,02,4930202,PA,CAPANEMA,9132010000,,0,0,0,minhareceita,2026-09-03T23:45:04Z,2026-09-03T23:45:04Z,enrich
83475913,PBG S/A,2046,DEMAIS,02,2342701,SC,TIJUCAS,4832792587,,0,0,0,minhareceita,2026-09-03T23:44:49Z,2026-09-03T23:44:49Z,enrich
83610790,MEDAL METALURGICA DALLA LANA LTDA,2062,DEMAIS,02,2812700,SC,LUZERNA,4935234400,,0,0,0,minhareceita,2026-09-03T23:40:58Z,2026-09-03T23:40:58Z,enrich
84046101,BUNGE ALIMENTOS S/A,2054,DEMAIS,02,1041400,SC,GASPAR,4737032500,,0,0,0,minhareceita,2026-09-03T23:42:52Z,2026-09-03T23:42:52Z,enrich
84229624,METALURGICA FEY LTDA,2062,DEMAIS,02,2949299,SC,INDAIAL,4733017000,,0,0,0,minhareceita,2026-09-03T23:42:05Z,2026-09-03T23:42:05Z,enrich
84229889,BRANDILI TEXTIL LTDA,2062,DEMAIS,02,1412601,SC,APIUNA,4731446000,,0,0,0,minhareceita,2026-09-03T23:40:39Z,2026-09-03T23:40:39Z,enrich
84432111,URBANO AGROINDUSTRIAL LTDA,2062,DEMAIS,02,1061901,SC,JARAGUA DO SUL,4733727503,,0,0,0,minhareceita,2026-09-03T23:44:33Z,2026-09-03T23:44:33Z,enrich
84683408,DOHLER S.A.,2046,DEMAIS,02,1321900,SC,JOINVILLE,4734411666,,0,0,0,minhareceita,2026-09-03T23:43:10Z,2026-09-03T23:43:10Z,enrich
85070068,GONCALVES & TORTOLA S/A,2054,DEMAIS,02,1012101,PR,MARINGA,4432183605,,0,0,0,minhareceita,2026-09-03T23:39:03Z,2026-09-03T23:39:03Z,enrich
85335487,H J MALHAS LTDA,2062,DEMAIS,02,1340502,SC,BRUSQUE,4732510000,,0,0,0,minhareceita,2026-09-03T23:43:44Z,2026-09-03T23:43:44Z,enrich
85462471,INDUSTRIA DE CARROCERIAS METALICAS IBIPORA LTDA,2062,DEMAIS,02,2930101,PR,IBIPORA,4331785000,,0,0,0,minhareceita,2026-09-03T23:41:49Z,2026-09-03T23:41:49Z,enrich
86205416,KASPER INDUSTRIA DE MOVEIS LTDA,2062,DEMAIS,02,3101200,SC,SAO JOSE DO CEDRO,496430133,,0,0,0,minhareceita,2026-09-03T23:43:27Z,2026-09-03T23:43:27Z,enrich
86559960,RCA CONSTRUTORA LTDA EM RECUPERACAO JUDICIAL,2062,DEMAIS,02,4120400,MG,UBERABA,3433346600,,0,0,0,minhareceita,2026-09-03T23:43:02Z,2026-09-03T23:43:03Z,enrich
86765971,LAMINADOS PROGRESSO LTDA,2062,EMPRESA DE PEQUENO PORTE,02,1621800,PR,IMBITUVA,000000000000,,0,0,0,minhareceita,2026-09-03T23:44:24Z,2026-09-03T23:44:24Z,enrich
87156352,INCOTERM SOLUCOES EM MEDICAO LTDA,2062,DEMAIS,02,2651500,RS,PORTO ALEGRE,5132457112,,0,0,0,minhareceita,2026-09-03T23:40:20Z,2026-09-03T23:40:20Z,enrich
87178448,ARIPE CITRUS AGRO INDUSTRIAL LTDA.,2062,DEMAIS,02,1033301,RS,MONTENEGRO,5138831444,,0,0,0,minhareceita,2026-09-03T23:45:36Z,2026-09-03T23:45:36Z,enrich
87651345,G GOTUZZO E CIA LTDA,2062,DEMAIS,02,4645101,RS,PELOTAS,5332843000,,0,0,0,minhareceita,2026-09-03T23:44:14Z,2026-09-03T23:44:14Z,enrich
87821278,GEDOZ COMERCIO DE FERROS LTDA,2062,DEMAIS,02,4689399,RS,CAXIAS DO SUL,5440095700,,0,0,0,minhareceita,2026-09-03T23:45:01Z,2026-09-03T23:45:01Z,enrich
87827689,UNIMED SERRA GAUCHA/RS COOPERATIVA DE ASSISTENCIA A SAUDE LTDA,2143,DEMAIS,02,6550200,RS,CAXIAS DO SUL,5432203052,,1,0,0,minhareceita,2026-09-03T23:46:34Z,2026-09-03T23:46:34Z,enrich
87846796,TELASUL INDUSTRIA DE MOVEIS S.A.,2054,DEMAIS,02,3102100,RS,GARIBALDI,5434639444,,0,0,0,minhareceita,2026-09-03T23:46:20Z,2026-09-03T23:46:20Z,enrich
88065321,FCC CIENCIA DOS MATERIAIS LTDA.,2062,DEMAIS,02,2031200,RS,CAMPO BOM,5121292200,,0,0,0,minhareceita,2026-09-03T23:41:30Z,2026-09-03T23:41:30Z,enrich
88305859,NUTRIEN SOLUCOES AGRICOLAS LTDA,2062,DEMAIS,02,4683400,SP,SAO PAULO,1154000021,,0,0,0,minhareceita,2026-09-03T23:39:34Z,2026-09-03T23:39:34Z,enrich
88587357,COOPERATIVA SANTA CLARA LTDA,2143,DEMAIS,02,1052000,RS,CARLOS BARBOSA,5434618300,,0,0,0,minhareceita,2026-09-03T23:47:10Z,2026-09-03T23:47:10Z,enrich
90108283,CONTATTI COMERCIO E REPRESENTACOES LTDA,2062,DEMAIS,02,4645101,RS,PORTO ALEGRE,5121049500,,0,0,0,minhareceita,2026-09-03T23:43:01Z,2026-09-03T23:43:01Z,enrich
90251109,DIMACI MATERIAL CIRURGICO LTDA,2062,DEMAIS,02,4644301,RS,ELDORADO DO SUL,5133306111,,0,0,0,minhareceita,2026-09-03T23:39:02Z,2026-09-03T23:39:02Z,enrich
90316407,ROMAR F MANN & CIA. LTDA.,2062,DEMAIS,02,2833000,RS,INDEPENDENCIA,5535394000,,0,0,0,minhareceita,2026-09-03T23:40:43Z,2026-09-03T23:40:43Z,enrich
90400888,BANCO SANTANDER (BRASIL) S.A.,2046,DEMAIS,02,6422100,SP,SAO PAULO,1140043535,,1,0,0,minhareceita,2026-09-03T23:36:51Z,2026-09-03T23:36:51Z,enrich
91062497,MOVEIS RODIAL LTDA,2062,DEMAIS,02,3101200,RS,LAGOA VERMELHA,,,0,0,0,minhareceita,2026-09-03T23:44:06Z,2026-09-03T23:44:06Z,enrich
91830836,OLFAR S/A - ALIMENTO E ENERGIA,2054,DEMAIS,02,1069400,RS,ERECHIM,5421062600,,0,0,0,minhareceita,2026-09-03T23:41:38Z,2026-09-03T23:41:38Z,enrich
92185008,ERPLASTI INDUSTRIA E COMERCIO DE PLASTICOS LTDA,2062,DEMAIS,02,2221800,RS,MONTENEGRO,5181639936,,0,0,0,minhareceita,2026-09-03T23:42:51Z,2026-09-03T23:42:51Z,enrich
92265552,MULTILAB INDUSTRIA E COMERCIO DE PRODUTOS FARMACEUTICOS LTDA,2062,DEMAIS,02,2121101,RS,SAO JERONIMO,1938879800,,0,0,0,minhareceita,2026-09-03T23:45:10Z,2026-09-03T23:45:10Z,enrich
92306257,MV INFORMATICA NORDESTE LTDA,2062,DEMAIS,02,6202300,RS,PORTO ALEGRE,8139727028,,0,0,0,minhareceita,2026-09-03T23:42:54Z,2026-09-03T23:42:54Z,enrich
92660604,YARA BRASIL FERTILIZANTES S/A,2054,DEMAIS,02,2013402,RS,PORTO ALEGRE,5132301300,,0,0,0,minhareceita,2026-09-03T23:37:36Z,2026-09-03T23:37:36Z,enrich
92693118,BRADESCO SAUDE S/A,2054,DEMAIS,02,6520100,RJ,RIO DE JANEIRO,2125031111,,1,0,0,minhareceita,2026-09-03T23:39:04Z,2026-09-03T23:39:04Z,enrich
92802784,COMPANHIA RIOGRANDENSE DE SANEAMENTO - CORSAN,2046,DEMAIS,02,3600601,RS,PORTO ALEGRE,0512155789,,0,0,0,minhareceita,2026-09-03T23:36:58Z,2026-09-03T23:36:58Z,enrich
93378735,PROLAB COMERCIO DE PRODUTOS PARA LABORATORIOS LTDA,2062,MICRO EMPRESA,08,4645101,RS,PELOTAS,5381131889,,0,0,1,minhareceita,2026-09-03T23:46:39Z,2026-09-03T23:46:39Z,enrich
93651958,DOHLER ANTONIO PRADO LTDA,2062,DEMAIS,02,1033301,RS,ANTONIO PRADO,5432933300,,0,0,0,minhareceita,2026-09-03T23:45:03Z,2026-09-03T23:45:03Z,enrich
94516671,CIRURGICA SANTA CRUZ COM. DE PRODUTOS HOSPITALARES LTDA.,2062,DEMAIS,02,4644301,RS,SANTA CRUZ DO SUL,5121079000,,0,0,0,minhareceita,2026-09-03T23:46:05Z,2026-09-03T23:46:05Z,enrich
94813102,TRES TENTOS AGROINDUSTRIAL S/A,2046,DEMAIS,02,4632001,RS,SANTA BARBARA DO SUL,5533723700,,0,0,0,minhareceita,2026-09-03T23:38:19Z,2026-09-03T23:38:19Z,enrich
94868742,IMPROTEC COMERCIO DE MATERIAL CIRURGICO SA,2054,DEMAIS,02,4645101,RS,PORTO ALEGRE,5133614560,,0,0,0,minhareceita,2026-09-03T23:40:04Z,2026-09-03T23:40:04Z,enrich
95387569,LINEA BRASIL IND E COM DE MOVEIS LTDA,2062,DEMAIS,02,3101200,PR,ARAPONGAS,4330563780,,0,0,0,minhareceita,2026-09-03T23:44:01Z,2026-09-03T23:44:01Z,enrich
95758330,SOMAR INDUSTRIAL DE EMBALAGENS LTDA -,2062,DEMAIS,02,2222600,SC,CACADOR,,,0,0,0,minhareceita,2026-09-03T23:43:34Z,2026-09-03T23:43:34Z,enrich
96738240,RECONFLEX INDUSTRIA E COMERCIO DE COLCHOES LTDA,2062,DEMAIS,02,3104700,BA,SANTO ANTONIO DE JESUS,7533114303,,0,0,0,minhareceita,2026-09-03T23:47:19Z,2026-09-03T23:47:19Z,enrich
97467856,RODOPARANA IMPLEMENTOS RODOVIARIOS LTDA,2062,DEMAIS,02,4511105,PR,CURITIBA,4133171414,,0,0,0,minhareceita,2026-09-03T23:45:15Z,2026-09-03T23:45:15Z,enrich
98521909,VINICOLA CAMPESTRE LTDA,2062,DEMAIS,02,1112700,RS,CAMPESTRE DA SERRA,5435116050,,0,0,0,minhareceita,2026-09-03T22:31:01Z,2026-09-03T23:37:04Z,enrich
